particle_id,initial_z_m,retained_at_final_time,outlet_interval_start_s,outlet_interval_end_s,outlet_time_midpoint_s
2001,0.0215088,False,0.19999999999999998,0.3,0.25
2002,0.0187233,False,0.39999999999999997,0.5,0.44999999999999996
2003,0.0270986,False,0.09999999999999999,0.19999999999999998,0.15
2004,0.0207639,False,0.09999999999999999,0.19999999999999998,0.15
2005,0.0203443,False,0.09999999999999999,0.19999999999999998,0.15
2006,0.0186059,False,0.0,0.09999999999999999,0.049999999999999996
2007,0.0225636,False,0.09999999999999999,0.19999999999999998,0.15
2008,0.0162,False,0.0,0.09999999999999999,0.049999999999999996
2009,0.0229852,False,0.09999999999999999,0.19999999999999998,0.15
2010,0.0183484,False,0.3,0.39999999999999997,0.35
2011,0.0216273,False,0.19999999999999998,0.3,0.25
2012,0.0188215,False,0.09999999999999999,0.19999999999999998,0.15
2013,0.01864,False,1.2,1.3,1.25
2014,0.0186142,False,0.09999999999999999,0.19999999999999998,0.15
2015,0.0274263,False,0.09999999999999999,0.19999999999999998,0.15
2016,0.0297169,False,0.19999999999999998,0.3,0.25
2017,0.0294784,False,0.39999999999999997,0.5,0.44999999999999996
2018,0.019228,False,0.09999999999999999,0.19999999999999998,0.15
2019,0.0248018,False,0.19999999999999998,0.3,0.25
2020,0.0213872,False,0.09999999999999999,0.19999999999999998,0.15
2021,0.0222668,False,0.09999999999999999,0.19999999999999998,0.15
2022,0.02553,False,0.19999999999999998,0.3,0.25
2023,0.0150634,False,0.19999999999999998,0.3,0.25
2024,0.0299246,False,0.19999999999999998,0.3,0.25
2025,0.0270722,False,0.19999999999999998,0.3,0.25
2026,0.0297075,False,0.09999999999999999,0.19999999999999998,0.15
2027,0.0283866,False,0.09999999999999999,0.19999999999999998,0.15
2028,0.0255201,False,0.3,0.39999999999999997,0.35
2029,0.0224235,False,0.09999999999999999,0.19999999999999998,0.15
2030,0.0217981,False,0.09999999999999999,0.19999999999999998,0.15
2031,0.0187694,False,0.5,0.6,0.55
2032,0.0219668,False,0.09999999999999999,0.19999999999999998,0.15
2033,0.020876,False,0.3,0.39999999999999997,0.35
2034,0.0227654,False,0.09999999999999999,0.19999999999999998,0.15
2035,0.0155843,False,0.0,0.09999999999999999,0.049999999999999996
2036,0.0176626,False,0.09999999999999999,0.19999999999999998,0.15
2037,0.0188548,False,0.0,0.09999999999999999,0.049999999999999996
2038,0.0237605,False,0.19999999999999998,0.3,0.25
2039,0.0283329,False,0.09999999999999999,0.19999999999999998,0.15
2040,0.0201068,False,0.09999999999999999,0.19999999999999998,0.15
2041,0.0220684,False,0.39999999999999997,0.5,0.44999999999999996
2042,0.021767,False,0.39999999999999997,0.5,0.44999999999999996
2043,0.0160889,False,0.0,0.09999999999999999,0.049999999999999996
2044,0.0200363,False,0.19999999999999998,0.3,0.25
2045,0.0277914,False,0.19999999999999998,0.3,0.25
2046,0.0173995,False,0.09999999999999999,0.19999999999999998,0.15
2047,0.0181715,False,0.09999999999999999,0.19999999999999998,0.15
2048,0.0185667,False,0.09999999999999999,0.19999999999999998,0.15
2049,0.0237735,False,0.09999999999999999,0.19999999999999998,0.15
2050,0.0251158,False,0.3,0.39999999999999997,0.35
2051,0.0165095,False,0.09999999999999999,0.19999999999999998,0.15
2052,0.0216357,False,0.3,0.39999999999999997,0.35
2053,0.0185682,True,nan,nan,nan
2054,0.0187999,False,0.0,0.09999999999999999,0.049999999999999996
2055,0.0250441,False,0.09999999999999999,0.19999999999999998,0.15
2056,0.0285962,False,0.6,0.7,0.6499999999999999
2057,0.0280801,False,0.09999999999999999,0.19999999999999998,0.15
2058,0.0279849,False,0.19999999999999998,0.3,0.25
2059,0.0231642,False,0.09999999999999999,0.19999999999999998,0.15
2060,0.0227933,False,0.09999999999999999,0.19999999999999998,0.15
2061,0.0259545,False,0.19999999999999998,0.3,0.25
2062,0.0292264,False,0.09999999999999999,0.19999999999999998,0.15
2063,0.0253561,False,0.39999999999999997,0.5,0.44999999999999996
2064,0.0269246,False,0.09999999999999999,0.19999999999999998,0.15
2065,0.0263284,False,0.19999999999999998,0.3,0.25
2066,0.0222048,False,0.19999999999999998,0.3,0.25
2067,0.0285674,False,0.09999999999999999,0.19999999999999998,0.15
2068,0.029606,False,0.3,0.39999999999999997,0.35
2069,0.0251328,False,0.09999999999999999,0.19999999999999998,0.15
2070,0.0253797,False,0.19999999999999998,0.3,0.25
2071,0.0181874,False,0.5,0.6,0.55
2072,0.0291635,False,0.09999999999999999,0.19999999999999998,0.15
2073,0.0210119,False,0.09999999999999999,0.19999999999999998,0.15
2074,0.0205562,False,0.09999999999999999,0.19999999999999998,0.15
2075,0.0249106,False,0.5,0.6,0.55
2076,0.0240047,False,0.6,0.7,0.6499999999999999
2077,0.0173647,False,0.09999999999999999,0.19999999999999998,0.15
2078,0.0194179,False,0.09999999999999999,0.19999999999999998,0.15
2079,0.0265278,False,0.09999999999999999,0.19999999999999998,0.15
2080,0.0188892,False,0.0,0.09999999999999999,0.049999999999999996
2081,0.0163472,False,0.0,0.09999999999999999,0.049999999999999996
2082,0.0265561,False,0.3,0.39999999999999997,0.35
2083,0.0289165,False,0.19999999999999998,0.3,0.25
2084,0.021748,False,0.19999999999999998,0.3,0.25
2085,0.0167655,False,0.0,0.09999999999999999,0.049999999999999996
2086,0.0258497,False,0.09999999999999999,0.19999999999999998,0.15
2087,0.0158269,False,0.0,0.09999999999999999,0.049999999999999996
2088,0.0191059,False,0.09999999999999999,0.19999999999999998,0.15
2089,0.0245063,False,0.39999999999999997,0.5,0.44999999999999996
2090,0.0289925,False,0.19999999999999998,0.3,0.25
2091,0.016755,False,0.09999999999999999,0.19999999999999998,0.15
2092,0.0156165,False,0.09999999999999999,0.19999999999999998,0.15
2093,0.0216946,False,0.09999999999999999,0.19999999999999998,0.15
2094,0.0248539,False,0.19999999999999998,0.3,0.25
2095,0.0271264,False,0.09999999999999999,0.19999999999999998,0.15
2096,0.0196843,False,0.19999999999999998,0.3,0.25
2097,0.0236634,False,0.5,0.6,0.55
2098,0.0185709,False,0.09999999999999999,0.19999999999999998,0.15
2099,0.0161214,False,0.0,0.09999999999999999,0.049999999999999996
2100,0.0273614,False,0.19999999999999998,0.3,0.25
2101,0.0176044,False,0.0,0.09999999999999999,0.049999999999999996
2102,0.0201836,False,0.0,0.09999999999999999,0.049999999999999996
2103,0.0174567,False,0.0,0.09999999999999999,0.049999999999999996
2104,0.0172095,False,0.0,0.09999999999999999,0.049999999999999996
2105,0.024448,False,0.09999999999999999,0.19999999999999998,0.15
2106,0.0232112,False,0.19999999999999998,0.3,0.25
2107,0.0272197,False,0.6,0.7,0.6499999999999999
2108,0.0205934,False,0.0,0.09999999999999999,0.049999999999999996
2109,0.0173983,False,0.0,0.09999999999999999,0.049999999999999996
2110,0.017006,False,0.0,0.09999999999999999,0.049999999999999996
2111,0.0221518,False,0.09999999999999999,0.19999999999999998,0.15
2112,0.0207109,False,0.09999999999999999,0.19999999999999998,0.15
2113,0.0213001,False,0.09999999999999999,0.19999999999999998,0.15
2114,0.0276354,False,0.19999999999999998,0.3,0.25
2115,0.0174748,False,0.09999999999999999,0.19999999999999998,0.15
2116,0.0289934,False,0.19999999999999998,0.3,0.25
2117,0.0220707,False,0.19999999999999998,0.3,0.25
2118,0.0255649,False,0.19999999999999998,0.3,0.25
2119,0.0164803,False,0.0,0.09999999999999999,0.049999999999999996
2120,0.0163677,False,0.0,0.09999999999999999,0.049999999999999996
2121,0.0259955,False,0.09999999999999999,0.19999999999999998,0.15
2122,0.0154772,False,0.3,0.39999999999999997,0.35
2123,0.0284444,False,0.19999999999999998,0.3,0.25
2124,0.0219093,False,0.09999999999999999,0.19999999999999998,0.15
2125,0.0175068,False,0.0,0.09999999999999999,0.049999999999999996
2126,0.0275326,False,0.09999999999999999,0.19999999999999998,0.15
2127,0.0295051,False,0.09999999999999999,0.19999999999999998,0.15
2128,0.016721,False,0.3,0.39999999999999997,0.35
2129,0.0282914,False,0.09999999999999999,0.19999999999999998,0.15
2130,0.0274357,False,0.3,0.39999999999999997,0.35
2131,0.0259801,False,0.09999999999999999,0.19999999999999998,0.15
2132,0.0233288,False,0.19999999999999998,0.3,0.25
2133,0.0237172,False,0.09999999999999999,0.19999999999999998,0.15
2134,0.0156694,False,0.0,0.09999999999999999,0.049999999999999996
2135,0.01546,False,0.09999999999999999,0.19999999999999998,0.15
2136,0.0244667,False,0.19999999999999998,0.3,0.25
2137,0.0225217,False,0.09999999999999999,0.19999999999999998,0.15
2138,0.0196847,False,0.09999999999999999,0.19999999999999998,0.15
2139,0.0180534,False,0.09999999999999999,0.19999999999999998,0.15
2140,0.029311,False,0.3,0.39999999999999997,0.35
2141,0.0221471,False,0.09999999999999999,0.19999999999999998,0.15
2142,0.0235369,False,0.09999999999999999,0.19999999999999998,0.15
2143,0.0161002,False,0.0,0.09999999999999999,0.049999999999999996
2144,0.0155608,False,0.0,0.09999999999999999,0.049999999999999996
2145,0.0228393,False,0.09999999999999999,0.19999999999999998,0.15
2146,0.027239,False,0.09999999999999999,0.19999999999999998,0.15
2147,0.0213946,False,0.09999999999999999,0.19999999999999998,0.15
2148,0.0285469,False,0.6,0.7,0.6499999999999999
2149,0.0163826,False,0.19999999999999998,0.3,0.25
2150,0.0294332,False,0.19999999999999998,0.3,0.25
2151,0.0220369,False,0.19999999999999998,0.3,0.25
2152,0.0191672,False,0.09999999999999999,0.19999999999999998,0.15
2153,0.0261457,False,0.09999999999999999,0.19999999999999998,0.15
2154,0.0186547,False,0.09999999999999999,0.19999999999999998,0.15
2155,0.0289977,False,0.5,0.6,0.55
2156,0.0176033,False,0.09999999999999999,0.19999999999999998,0.15
2157,0.0293327,False,0.19999999999999998,0.3,0.25
2158,0.0260357,False,0.09999999999999999,0.19999999999999998,0.15
2159,0.0196416,False,0.39999999999999997,0.5,0.44999999999999996
2160,0.0194452,False,0.09999999999999999,0.19999999999999998,0.15
2161,0.0166132,False,0.0,0.09999999999999999,0.049999999999999996
2162,0.0262332,False,0.19999999999999998,0.3,0.25
2163,0.026189,False,0.19999999999999998,0.3,0.25
2164,0.0290446,False,0.19999999999999998,0.3,0.25
2165,0.0197228,False,0.39999999999999997,0.5,0.44999999999999996
2166,0.0224306,False,0.3,0.39999999999999997,0.35
2167,0.0255146,False,0.09999999999999999,0.19999999999999998,0.15
2168,0.023047,False,0.09999999999999999,0.19999999999999998,0.15
2169,0.0153538,False,0.0,0.09999999999999999,0.049999999999999996
2170,0.0150606,False,0.19999999999999998,0.3,0.25
2171,0.0162543,False,0.09999999999999999,0.19999999999999998,0.15
2172,0.0161627,False,0.09999999999999999,0.19999999999999998,0.15
2173,0.0191287,False,0.09999999999999999,0.19999999999999998,0.15
2174,0.022043,False,0.09999999999999999,0.19999999999999998,0.15
2175,0.0294663,False,0.7,0.7999999999999999,0.75
2176,0.0269499,False,0.09999999999999999,0.19999999999999998,0.15
2177,0.0152815,False,0.0,0.09999999999999999,0.049999999999999996
2178,0.0181099,False,0.09999999999999999,0.19999999999999998,0.15
2179,0.0197125,True,nan,nan,nan
2180,0.0175498,False,0.09999999999999999,0.19999999999999998,0.15
2181,0.018681,False,0.09999999999999999,0.19999999999999998,0.15
2182,0.0232009,False,0.09999999999999999,0.19999999999999998,0.15
2183,0.0190489,False,0.5,0.6,0.55
2184,0.0159576,True,nan,nan,nan
2185,0.0224689,False,0.3,0.39999999999999997,0.35
2186,0.0166213,True,nan,nan,nan
2187,0.0225143,False,0.09999999999999999,0.19999999999999998,0.15
2188,0.0171496,False,0.19999999999999998,0.3,0.25
2189,0.0233148,False,1.0,1.0999999999999999,1.0499999999999998
2190,0.0213714,False,0.3,0.39999999999999997,0.35
2191,0.0228478,True,nan,nan,nan
2192,0.0254971,False,0.3,0.39999999999999997,0.35
2193,0.0227211,False,0.09999999999999999,0.19999999999999998,0.15
2194,0.0231702,False,0.39999999999999997,0.5,0.44999999999999996
2195,0.0187365,True,nan,nan,nan
2196,0.022411,True,nan,nan,nan
2197,0.0256492,False,0.09999999999999999,0.19999999999999998,0.15
2198,0.0232972,False,0.09999999999999999,0.19999999999999998,0.15
2199,0.0274114,False,0.09999999999999999,0.19999999999999998,0.15
2200,0.0225798,False,0.09999999999999999,0.19999999999999998,0.15
2201,0.0234163,False,0.19999999999999998,0.3,0.25
2202,0.0225431,False,0.5,0.6,0.55
2203,0.0159405,False,0.0,0.09999999999999999,0.049999999999999996
2204,0.0226652,False,0.09999999999999999,0.19999999999999998,0.15
2205,0.0212735,False,0.6,0.7,0.6499999999999999
2206,0.0171351,False,0.09999999999999999,0.19999999999999998,0.15
2207,0.0269134,False,0.09999999999999999,0.19999999999999998,0.15
2208,0.0187925,False,0.19999999999999998,0.3,0.25
2209,0.0254111,False,0.09999999999999999,0.19999999999999998,0.15
2210,0.0258026,False,0.19999999999999998,0.3,0.25
2211,0.016846,False,0.09999999999999999,0.19999999999999998,0.15
2212,0.0243867,False,0.09999999999999999,0.19999999999999998,0.15
2213,0.0173322,False,0.39999999999999997,0.5,0.44999999999999996
2214,0.0225427,False,0.09999999999999999,0.19999999999999998,0.15
2215,0.0202039,False,0.09999999999999999,0.19999999999999998,0.15
2216,0.0194229,False,0.09999999999999999,0.19999999999999998,0.15
2217,0.0296025,False,0.19999999999999998,0.3,0.25
2218,0.0195996,False,0.5,0.6,0.55
2219,0.0232819,False,0.09999999999999999,0.19999999999999998,0.15
2220,0.0169158,False,0.0,0.09999999999999999,0.049999999999999996
2221,0.0244332,False,0.09999999999999999,0.19999999999999998,0.15
2222,0.0266052,False,0.09999999999999999,0.19999999999999998,0.15
2223,0.0214183,False,0.19999999999999998,0.3,0.25
2224,0.020517,False,0.09999999999999999,0.19999999999999998,0.15
2225,0.0281396,False,0.3,0.39999999999999997,0.35
2226,0.0286665,False,0.39999999999999997,0.5,0.44999999999999996
2227,0.0262269,False,0.09999999999999999,0.19999999999999998,0.15
2228,0.0213172,False,0.39999999999999997,0.5,0.44999999999999996
2229,0.028705,False,0.09999999999999999,0.19999999999999998,0.15
2230,0.0247747,False,0.19999999999999998,0.3,0.25
2231,0.0270328,False,0.19999999999999998,0.3,0.25
2232,0.0245633,False,0.09999999999999999,0.19999999999999998,0.15
2233,0.0262622,False,0.39999999999999997,0.5,0.44999999999999996
2234,0.02236,False,0.09999999999999999,0.19999999999999998,0.15
2235,0.0284954,False,0.19999999999999998,0.3,0.25
2236,0.0227488,False,0.09999999999999999,0.19999999999999998,0.15
2237,0.0291647,False,0.19999999999999998,0.3,0.25
2238,0.025149,False,0.3,0.39999999999999997,0.35
2239,0.0276078,False,0.09999999999999999,0.19999999999999998,0.15
2240,0.0153769,False,0.09999999999999999,0.19999999999999998,0.15
2241,0.0286572,False,0.3,0.39999999999999997,0.35
2242,0.0181294,True,nan,nan,nan
2243,0.0178066,False,0.09999999999999999,0.19999999999999998,0.15
2244,0.020574,False,0.09999999999999999,0.19999999999999998,0.15
2245,0.0266687,False,0.09999999999999999,0.19999999999999998,0.15
2246,0.0161076,False,0.09999999999999999,0.19999999999999998,0.15
2247,0.0208167,False,0.3,0.39999999999999997,0.35
2248,0.0278117,False,0.3,0.39999999999999997,0.35
2249,0.0251829,False,0.39999999999999997,0.5,0.44999999999999996
2250,0.0187899,False,0.09999999999999999,0.19999999999999998,0.15
2251,0.015133,False,0.19999999999999998,0.3,0.25
2252,0.021798,False,0.09999999999999999,0.19999999999999998,0.15
2253,0.0291567,False,0.19999999999999998,0.3,0.25
2254,0.0200212,True,nan,nan,nan
2255,0.023302,False,0.39999999999999997,0.5,0.44999999999999996
2256,0.0180155,False,0.09999999999999999,0.19999999999999998,0.15
2257,0.0179997,False,0.6,0.7,0.6499999999999999
2258,0.0191027,False,0.09999999999999999,0.19999999999999998,0.15
2259,0.0235802,False,0.5,0.6,0.55
2260,0.0154185,False,0.0,0.09999999999999999,0.049999999999999996
2261,0.0230719,False,0.09999999999999999,0.19999999999999998,0.15
2262,0.024004,False,0.09999999999999999,0.19999999999999998,0.15
2263,0.0182442,False,0.09999999999999999,0.19999999999999998,0.15
2264,0.018835,False,0.0,0.09999999999999999,0.049999999999999996
2265,0.0215748,False,0.19999999999999998,0.3,0.25
2266,0.0291192,False,0.09999999999999999,0.19999999999999998,0.15
2267,0.0223984,False,0.09999999999999999,0.19999999999999998,0.15
2268,0.0161873,False,0.0,0.09999999999999999,0.049999999999999996
2269,0.0288914,False,0.19999999999999998,0.3,0.25
2270,0.0215221,False,0.09999999999999999,0.19999999999999998,0.15
2271,0.0258188,False,0.09999999999999999,0.19999999999999998,0.15
2272,0.0289519,False,0.5,0.6,0.55
2273,0.0213299,True,nan,nan,nan
2274,0.0240335,False,0.6,0.7,0.6499999999999999
2275,0.0165668,False,0.0,0.09999999999999999,0.049999999999999996
2276,0.0152292,False,0.0,0.09999999999999999,0.049999999999999996
2277,0.0270936,False,0.09999999999999999,0.19999999999999998,0.15
2278,0.0190863,False,0.7,0.7999999999999999,0.75
2279,0.0273188,False,0.19999999999999998,0.3,0.25
2280,0.0245021,False,0.09999999999999999,0.19999999999999998,0.15
2281,0.0275074,False,0.39999999999999997,0.5,0.44999999999999996
2282,0.0208206,False,0.19999999999999998,0.3,0.25
2283,0.0212587,False,0.09999999999999999,0.19999999999999998,0.15
2284,0.0284761,False,0.19999999999999998,0.3,0.25
2285,0.0269057,False,0.09999999999999999,0.19999999999999998,0.15
2286,0.0152755,False,0.0,0.09999999999999999,0.049999999999999996
2287,0.02961,False,0.19999999999999998,0.3,0.25
2288,0.0226901,False,0.09999999999999999,0.19999999999999998,0.15
2289,0.0260616,False,0.09999999999999999,0.19999999999999998,0.15
2290,0.0176053,False,0.09999999999999999,0.19999999999999998,0.15
2291,0.0268763,False,0.09999999999999999,0.19999999999999998,0.15
2292,0.0268492,False,0.19999999999999998,0.3,0.25
2293,0.0160618,False,0.0,0.09999999999999999,0.049999999999999996
2294,0.0205166,False,0.09999999999999999,0.19999999999999998,0.15
2295,0.0215363,False,0.19999999999999998,0.3,0.25
2296,0.0205704,False,0.5,0.6,0.55
2297,0.0180994,False,0.39999999999999997,0.5,0.44999999999999996
2298,0.0198749,False,0.09999999999999999,0.19999999999999998,0.15
2299,0.0224688,False,0.39999999999999997,0.5,0.44999999999999996
2300,0.0277208,False,0.09999999999999999,0.19999999999999998,0.15
2301,0.0171443,False,0.09999999999999999,0.19999999999999998,0.15
2302,0.0216504,False,0.09999999999999999,0.19999999999999998,0.15
2303,0.0157864,False,0.09999999999999999,0.19999999999999998,0.15
2304,0.0176077,False,0.09999999999999999,0.19999999999999998,0.15
2305,0.0277215,False,0.3,0.39999999999999997,0.35
2306,0.0198551,False,0.09999999999999999,0.19999999999999998,0.15
2307,0.0179617,False,0.09999999999999999,0.19999999999999998,0.15
2308,0.0279281,False,0.19999999999999998,0.3,0.25
2309,0.0203101,False,0.09999999999999999,0.19999999999999998,0.15
2310,0.0217051,False,0.09999999999999999,0.19999999999999998,0.15
2311,0.0244286,False,0.19999999999999998,0.3,0.25
2312,0.0283119,False,0.3,0.39999999999999997,0.35
2313,0.0151431,False,0.09999999999999999,0.19999999999999998,0.15
2314,0.0159936,False,0.19999999999999998,0.3,0.25
2315,0.0183211,False,0.0,0.09999999999999999,0.049999999999999996
2316,0.0218712,False,0.7,0.7999999999999999,0.75
2317,0.0152782,False,0.09999999999999999,0.19999999999999998,0.15
2318,0.0246761,False,0.19999999999999998,0.3,0.25
2319,0.0179132,False,0.0,0.09999999999999999,0.049999999999999996
2320,0.0206947,False,0.09999999999999999,0.19999999999999998,0.15
2321,0.0218483,False,0.09999999999999999,0.19999999999999998,0.15
2322,0.0262537,False,0.09999999999999999,0.19999999999999998,0.15
2323,0.0196978,False,0.09999999999999999,0.19999999999999998,0.15
2324,0.0167775,False,0.0,0.09999999999999999,0.049999999999999996
2325,0.02288,False,0.09999999999999999,0.19999999999999998,0.15
2326,0.015397,False,0.0,0.09999999999999999,0.049999999999999996
2327,0.0202161,False,0.0,0.09999999999999999,0.049999999999999996
2328,0.0168551,False,0.0,0.09999999999999999,0.049999999999999996
2329,0.0198162,False,0.09999999999999999,0.19999999999999998,0.15
2330,0.0238395,False,0.09999999999999999,0.19999999999999998,0.15
2331,0.0193761,False,0.6,0.7,0.6499999999999999
2332,0.0277935,False,0.19999999999999998,0.3,0.25
2333,0.0291528,False,0.19999999999999998,0.3,0.25
2334,0.0298351,False,0.39999999999999997,0.5,0.44999999999999996
2335,0.0271063,False,0.09999999999999999,0.19999999999999998,0.15
2336,0.0232608,False,0.09999999999999999,0.19999999999999998,0.15
2337,0.0184569,False,0.09999999999999999,0.19999999999999998,0.15
2338,0.0155212,False,0.0,0.09999999999999999,0.049999999999999996
2339,0.0286655,False,0.7,0.7999999999999999,0.75
2340,0.0294745,False,0.3,0.39999999999999997,0.35
2341,0.029344,False,0.09999999999999999,0.19999999999999998,0.15
2342,0.0190767,False,0.09999999999999999,0.19999999999999998,0.15
2343,0.0291519,False,0.09999999999999999,0.19999999999999998,0.15
2344,0.0154824,False,0.0,0.09999999999999999,0.049999999999999996
2345,0.0256255,False,0.3,0.39999999999999997,0.35
2346,0.0280232,False,0.09999999999999999,0.19999999999999998,0.15
2347,0.0150851,False,0.09999999999999999,0.19999999999999998,0.15
2348,0.0180276,False,0.0,0.09999999999999999,0.049999999999999996
2349,0.0226479,False,0.09999999999999999,0.19999999999999998,0.15
2350,0.0187836,False,0.09999999999999999,0.19999999999999998,0.15
2351,0.029133,False,0.6,0.7,0.6499999999999999
2352,0.0295056,False,0.19999999999999998,0.3,0.25
2353,0.0237798,False,0.09999999999999999,0.19999999999999998,0.15
2354,0.0180862,False,0.09999999999999999,0.19999999999999998,0.15
2355,0.0295981,False,0.3,0.39999999999999997,0.35
2356,0.0240482,False,0.09999999999999999,0.19999999999999998,0.15
2357,0.0183207,False,0.19999999999999998,0.3,0.25
2358,0.0294152,False,0.19999999999999998,0.3,0.25
2359,0.0155889,False,0.0,0.09999999999999999,0.049999999999999996
2360,0.0278325,False,0.5,0.6,0.55
2361,0.0240584,False,0.3,0.39999999999999997,0.35
2362,0.0196713,False,0.09999999999999999,0.19999999999999998,0.15
2363,0.0241101,False,0.3,0.39999999999999997,0.35
2364,0.0188948,False,0.39999999999999997,0.5,0.44999999999999996
2365,0.0266029,False,0.09999999999999999,0.19999999999999998,0.15
2366,0.0291329,False,0.19999999999999998,0.3,0.25
2367,0.02538,False,0.19999999999999998,0.3,0.25
2368,0.0160142,False,0.0,0.09999999999999999,0.049999999999999996
2369,0.0295364,False,0.6,0.7,0.6499999999999999
2370,0.0293656,False,0.19999999999999998,0.3,0.25
2371,0.0207602,True,nan,nan,nan
2372,0.0174082,False,0.19999999999999998,0.3,0.25
2373,0.028542,False,0.19999999999999998,0.3,0.25
2374,0.0157066,False,0.19999999999999998,0.3,0.25
2375,0.0159616,False,0.0,0.09999999999999999,0.049999999999999996
2376,0.0214944,False,0.09999999999999999,0.19999999999999998,0.15
2377,0.0222955,False,0.19999999999999998,0.3,0.25
2378,0.0283658,False,0.19999999999999998,0.3,0.25
2379,0.0271197,False,0.09999999999999999,0.19999999999999998,0.15
2380,0.0289749,False,0.3,0.39999999999999997,0.35
2381,0.0234674,False,0.19999999999999998,0.3,0.25
2382,0.0209287,False,0.09999999999999999,0.19999999999999998,0.15
2383,0.0210651,False,0.19999999999999998,0.3,0.25
2384,0.0158876,False,0.0,0.09999999999999999,0.049999999999999996
2385,0.0163929,False,0.09999999999999999,0.19999999999999998,0.15
2386,0.0298703,True,nan,nan,nan
2387,0.0178114,False,0.0,0.09999999999999999,0.049999999999999996
2388,0.0181128,False,0.09999999999999999,0.19999999999999998,0.15
2389,0.0244929,False,0.09999999999999999,0.19999999999999998,0.15
2390,0.0229305,False,0.09999999999999999,0.19999999999999998,0.15
2391,0.0244471,False,0.09999999999999999,0.19999999999999998,0.15
2392,0.0231283,False,1.0999999999999999,1.2,1.15
2393,0.0293633,False,0.6,0.7,0.6499999999999999
2394,0.0291808,False,0.09999999999999999,0.19999999999999998,0.15
2395,0.025314,False,0.3,0.39999999999999997,0.35
2396,0.0276698,False,0.19999999999999998,0.3,0.25
2397,0.025085,False,0.09999999999999999,0.19999999999999998,0.15
2398,0.0292685,False,0.19999999999999998,0.3,0.25
2399,0.0249888,False,0.19999999999999998,0.3,0.25
2400,0.0152676,False,0.09999999999999999,0.19999999999999998,0.15
2401,0.0246635,False,0.3,0.39999999999999997,0.35
2402,0.0196454,False,0.19999999999999998,0.3,0.25
2403,0.0156447,False,0.0,0.09999999999999999,0.049999999999999996
2404,0.0253111,False,0.09999999999999999,0.19999999999999998,0.15
2405,0.0192407,False,0.09999999999999999,0.19999999999999998,0.15
2406,0.0251435,False,0.39999999999999997,0.5,0.44999999999999996
2407,0.02787,False,0.19999999999999998,0.3,0.25
2408,0.0200848,False,0.09999999999999999,0.19999999999999998,0.15
2409,0.0205273,False,0.39999999999999997,0.5,0.44999999999999996
2410,0.0261181,False,0.09999999999999999,0.19999999999999998,0.15
2411,0.0250307,False,0.19999999999999998,0.3,0.25
2412,0.0193835,False,0.09999999999999999,0.19999999999999998,0.15
2413,0.0272268,False,0.09999999999999999,0.19999999999999998,0.15
2414,0.0170365,False,0.0,0.09999999999999999,0.049999999999999996
2415,0.0295324,False,0.3,0.39999999999999997,0.35
2416,0.0152788,False,0.0,0.09999999999999999,0.049999999999999996
2417,0.0265532,False,0.19999999999999998,0.3,0.25
2418,0.0152261,False,0.0,0.09999999999999999,0.049999999999999996
2419,0.025745,False,0.09999999999999999,0.19999999999999998,0.15
2420,0.0216963,False,0.09999999999999999,0.19999999999999998,0.15
2421,0.0154928,False,0.0,0.09999999999999999,0.049999999999999996
2422,0.0192335,False,0.0,0.09999999999999999,0.049999999999999996
2423,0.0233247,False,0.09999999999999999,0.19999999999999998,0.15
2424,0.0222643,False,0.09999999999999999,0.19999999999999998,0.15
2425,0.0183278,False,0.0,0.09999999999999999,0.049999999999999996
2426,0.0187024,False,0.09999999999999999,0.19999999999999998,0.15
2427,0.0237359,False,0.09999999999999999,0.19999999999999998,0.15
2428,0.0162833,False,0.0,0.09999999999999999,0.049999999999999996
2429,0.0174886,False,0.09999999999999999,0.19999999999999998,0.15
2430,0.020308,False,0.0,0.09999999999999999,0.049999999999999996
2431,0.0222473,False,0.19999999999999998,0.3,0.25
2432,0.0189553,False,0.19999999999999998,0.3,0.25
2433,0.0183682,False,0.09999999999999999,0.19999999999999998,0.15
2434,0.026498,False,0.39999999999999997,0.5,0.44999999999999996
2435,0.026922,False,0.09999999999999999,0.19999999999999998,0.15
2436,0.0162712,False,0.09999999999999999,0.19999999999999998,0.15
2437,0.0298481,False,0.19999999999999998,0.3,0.25
2438,0.0203513,False,0.3,0.39999999999999997,0.35
2439,0.0221827,False,0.09999999999999999,0.19999999999999998,0.15
2440,0.028034,False,0.09999999999999999,0.19999999999999998,0.15
2441,0.0180282,False,0.0,0.09999999999999999,0.049999999999999996
2442,0.0292009,False,0.09999999999999999,0.19999999999999998,0.15
2443,0.019085,False,0.09999999999999999,0.19999999999999998,0.15
2444,0.0153391,False,0.09999999999999999,0.19999999999999998,0.15
2445,0.021409,False,0.09999999999999999,0.19999999999999998,0.15
2446,0.0176313,False,0.0,0.09999999999999999,0.049999999999999996
2447,0.0294997,False,0.19999999999999998,0.3,0.25
2448,0.0288085,False,0.09999999999999999,0.19999999999999998,0.15
2449,0.0185872,False,0.19999999999999998,0.3,0.25
2450,0.0173152,False,0.09999999999999999,0.19999999999999998,0.15
2451,0.0221133,False,0.19999999999999998,0.3,0.25
2452,0.0266107,False,0.39999999999999997,0.5,0.44999999999999996
2453,0.0244344,False,0.09999999999999999,0.19999999999999998,0.15
2454,0.0236878,False,0.09999999999999999,0.19999999999999998,0.15
2455,0.0176732,True,nan,nan,nan
2456,0.019375,False,0.3,0.39999999999999997,0.35
2457,0.0177975,False,0.09999999999999999,0.19999999999999998,0.15
2458,0.0191455,False,0.09999999999999999,0.19999999999999998,0.15
2459,0.0283946,False,0.09999999999999999,0.19999999999999998,0.15
2460,0.0232417,False,0.19999999999999998,0.3,0.25
2461,0.0257314,False,0.19999999999999998,0.3,0.25
2462,0.027591,False,0.6,0.7,0.6499999999999999
2463,0.0151505,True,nan,nan,nan
2464,0.0181528,False,0.19999999999999998,0.3,0.25
2465,0.0292196,False,0.09999999999999999,0.19999999999999998,0.15
2466,0.0188452,False,0.09999999999999999,0.19999999999999998,0.15
2467,0.0182102,False,0.09999999999999999,0.19999999999999998,0.15
2468,0.018942,False,0.19999999999999998,0.3,0.25
2469,0.0262438,False,0.09999999999999999,0.19999999999999998,0.15
2470,0.0159973,False,0.0,0.09999999999999999,0.049999999999999996
2471,0.0287629,False,0.39999999999999997,0.5,0.44999999999999996
2472,0.019443,False,0.09999999999999999,0.19999999999999998,0.15
2473,0.0298475,False,0.6,0.7,0.6499999999999999
2474,0.0190897,False,0.09999999999999999,0.19999999999999998,0.15
2475,0.0274658,False,0.5,0.6,0.55
2476,0.0165539,False,0.09999999999999999,0.19999999999999998,0.15
2477,0.0155326,False,0.3,0.39999999999999997,0.35
2478,0.0176826,False,0.3,0.39999999999999997,0.35
2479,0.027569,False,0.09999999999999999,0.19999999999999998,0.15
2480,0.0287103,False,0.39999999999999997,0.5,0.44999999999999996
2481,0.0227478,False,0.19999999999999998,0.3,0.25
2482,0.0241992,False,0.09999999999999999,0.19999999999999998,0.15
2483,0.0174476,False,0.09999999999999999,0.19999999999999998,0.15
2484,0.0292237,False,0.19999999999999998,0.3,0.25
2485,0.027468,False,0.09999999999999999,0.19999999999999998,0.15
2486,0.025941,False,0.19999999999999998,0.3,0.25
2487,0.0210876,False,0.09999999999999999,0.19999999999999998,0.15
2488,0.0291421,False,0.3,0.39999999999999997,0.35
2489,0.029286,False,0.39999999999999997,0.5,0.44999999999999996
2490,0.0255394,True,nan,nan,nan
2491,0.0229364,False,0.09999999999999999,0.19999999999999998,0.15
2492,0.0159228,False,0.0,0.09999999999999999,0.049999999999999996
2493,0.0216934,False,0.09999999999999999,0.19999999999999998,0.15
2494,0.0169281,False,0.09999999999999999,0.19999999999999998,0.15
2495,0.0223068,False,0.19999999999999998,0.3,0.25
2496,0.0265928,False,0.5,0.6,0.55
2497,0.0227506,False,0.09999999999999999,0.19999999999999998,0.15
2498,0.0249343,False,0.09999999999999999,0.19999999999999998,0.15
2499,0.0178052,False,0.0,0.09999999999999999,0.049999999999999996
2500,0.0223685,False,0.39999999999999997,0.5,0.44999999999999996
2501,0.0201943,False,0.09999999999999999,0.19999999999999998,0.15
2502,0.0260826,False,0.19999999999999998,0.3,0.25
2503,0.0266651,False,0.3,0.39999999999999997,0.35
2504,0.0173725,False,0.09999999999999999,0.19999999999999998,0.15
2505,0.02456,False,0.09999999999999999,0.19999999999999998,0.15
2506,0.0266818,True,nan,nan,nan
2507,0.0274225,False,0.19999999999999998,0.3,0.25
2508,0.0208803,False,0.09999999999999999,0.19999999999999998,0.15
2509,0.0269356,False,0.09999999999999999,0.19999999999999998,0.15
2510,0.0287773,False,1.0,1.0999999999999999,1.0499999999999998
2511,0.0236358,False,0.39999999999999997,0.5,0.44999999999999996
2512,0.024661,False,0.19999999999999998,0.3,0.25
2513,0.01739,False,0.39999999999999997,0.5,0.44999999999999996
2514,0.0197787,False,0.09999999999999999,0.19999999999999998,0.15
2515,0.0175647,False,0.5,0.6,0.55
2516,0.0253785,False,0.3,0.39999999999999997,0.35
2517,0.0256155,False,0.09999999999999999,0.19999999999999998,0.15
2518,0.0175787,False,0.0,0.09999999999999999,0.049999999999999996
2519,0.0212504,False,0.09999999999999999,0.19999999999999998,0.15
2520,0.0209957,False,0.09999999999999999,0.19999999999999998,0.15
2521,0.0190647,False,0.19999999999999998,0.3,0.25
2522,0.0154502,False,0.19999999999999998,0.3,0.25
2523,0.0171952,False,0.0,0.09999999999999999,0.049999999999999996
2524,0.0216165,False,0.19999999999999998,0.3,0.25
2525,0.0194764,False,0.0,0.09999999999999999,0.049999999999999996
2526,0.0158704,False,0.3,0.39999999999999997,0.35
2527,0.0292076,False,0.19999999999999998,0.3,0.25
2528,0.0187375,False,0.19999999999999998,0.3,0.25
2529,0.0256142,False,0.09999999999999999,0.19999999999999998,0.15
2530,0.0283832,False,0.3,0.39999999999999997,0.35
2531,0.0253263,False,0.19999999999999998,0.3,0.25
2532,0.0156558,False,0.09999999999999999,0.19999999999999998,0.15
2533,0.0169925,False,0.39999999999999997,0.5,0.44999999999999996
2534,0.0236231,False,0.09999999999999999,0.19999999999999998,0.15
2535,0.0172989,False,0.0,0.09999999999999999,0.049999999999999996
2536,0.0235764,False,0.3,0.39999999999999997,0.35
2537,0.0227343,False,0.19999999999999998,0.3,0.25
2538,0.0277093,False,0.19999999999999998,0.3,0.25
2539,0.0285132,False,0.6,0.7,0.6499999999999999
2540,0.0234899,False,0.09999999999999999,0.19999999999999998,0.15
2541,0.025936,False,0.09999999999999999,0.19999999999999998,0.15
2542,0.0272603,False,0.09999999999999999,0.19999999999999998,0.15
2543,0.025649,False,0.09999999999999999,0.19999999999999998,0.15
2544,0.0155071,False,0.0,0.09999999999999999,0.049999999999999996
2545,0.0223079,False,0.09999999999999999,0.19999999999999998,0.15
2546,0.0239584,False,0.09999999999999999,0.19999999999999998,0.15
2547,0.0245056,False,0.19999999999999998,0.3,0.25
2548,0.0206179,False,0.09999999999999999,0.19999999999999998,0.15
2549,0.0233407,False,0.3,0.39999999999999997,0.35
2550,0.0284171,False,0.09999999999999999,0.19999999999999998,0.15
2551,0.0271879,False,0.09999999999999999,0.19999999999999998,0.15
2552,0.0279834,False,0.09999999999999999,0.19999999999999998,0.15
2553,0.0153312,False,0.19999999999999998,0.3,0.25
2554,0.0292314,False,0.19999999999999998,0.3,0.25
2555,0.0156668,False,0.09999999999999999,0.19999999999999998,0.15
2556,0.0214086,False,0.09999999999999999,0.19999999999999998,0.15
2557,0.0256239,False,0.09999999999999999,0.19999999999999998,0.15
2558,0.0265107,False,0.19999999999999998,0.3,0.25
2559,0.0268177,False,0.19999999999999998,0.3,0.25
2560,0.016142,False,0.0,0.09999999999999999,0.049999999999999996
2561,0.0199191,False,1.0,1.0999999999999999,1.0499999999999998
2562,0.0156538,False,0.0,0.09999999999999999,0.049999999999999996
2563,0.0197793,False,0.09999999999999999,0.19999999999999998,0.15
2564,0.0296034,False,0.3,0.39999999999999997,0.35
2565,0.0159859,False,0.0,0.09999999999999999,0.049999999999999996
2566,0.0190263,False,0.19999999999999998,0.3,0.25
2567,0.0281188,False,0.09999999999999999,0.19999999999999998,0.15
2568,0.0247755,False,0.09999999999999999,0.19999999999999998,0.15
2569,0.0211196,False,0.19999999999999998,0.3,0.25
2570,0.0272341,False,0.09999999999999999,0.19999999999999998,0.15
2571,0.0297449,False,0.5,0.6,0.55
2572,0.0216131,False,0.19999999999999998,0.3,0.25
2573,0.0249579,False,0.09999999999999999,0.19999999999999998,0.15
2574,0.0283385,False,0.09999999999999999,0.19999999999999998,0.15
2575,0.0245491,False,0.09999999999999999,0.19999999999999998,0.15
2576,0.0236239,False,0.09999999999999999,0.19999999999999998,0.15
2577,0.0184064,True,nan,nan,nan
2578,0.0213098,False,0.19999999999999998,0.3,0.25
2579,0.0204461,False,0.09999999999999999,0.19999999999999998,0.15
2580,0.0274466,False,0.09999999999999999,0.19999999999999998,0.15
2581,0.0247995,False,0.39999999999999997,0.5,0.44999999999999996
2582,0.0180777,True,nan,nan,nan
2583,0.0183145,False,0.09999999999999999,0.19999999999999998,0.15
2584,0.019667,False,0.09999999999999999,0.19999999999999998,0.15
2585,0.0279038,False,0.09999999999999999,0.19999999999999998,0.15
2586,0.028972,False,0.09999999999999999,0.19999999999999998,0.15
2587,0.0277945,False,0.09999999999999999,0.19999999999999998,0.15
2588,0.0165297,False,0.0,0.09999999999999999,0.049999999999999996
2589,0.019617,False,0.0,0.09999999999999999,0.049999999999999996
2590,0.0206611,False,0.09999999999999999,0.19999999999999998,0.15
2591,0.0223876,True,nan,nan,nan
2592,0.0178415,False,0.09999999999999999,0.19999999999999998,0.15
2593,0.0255441,False,0.09999999999999999,0.19999999999999998,0.15
2594,0.0194635,False,0.19999999999999998,0.3,0.25
2595,0.0277778,False,0.19999999999999998,0.3,0.25
2596,0.0184262,False,0.0,0.09999999999999999,0.049999999999999996
2597,0.0278829,False,0.3,0.39999999999999997,0.35
2598,0.0297056,False,0.19999999999999998,0.3,0.25
2599,0.0231642,False,0.09999999999999999,0.19999999999999998,0.15
2600,0.0210084,False,0.6,0.7,0.6499999999999999
2601,0.0205506,False,0.6,0.7,0.6499999999999999
2602,0.0190259,False,0.19999999999999998,0.3,0.25
2603,0.0225561,False,0.09999999999999999,0.19999999999999998,0.15
2604,0.0177235,False,0.19999999999999998,0.3,0.25
2605,0.0215745,False,0.09999999999999999,0.19999999999999998,0.15
2606,0.0204328,False,0.09999999999999999,0.19999999999999998,0.15
2607,0.0170651,False,0.0,0.09999999999999999,0.049999999999999996
2608,0.0282615,False,0.6,0.7,0.6499999999999999
2609,0.0182615,False,0.0,0.09999999999999999,0.049999999999999996
2610,0.0262346,False,0.09999999999999999,0.19999999999999998,0.15
2611,0.0258536,False,0.3,0.39999999999999997,0.35
2612,0.0164422,False,0.0,0.09999999999999999,0.049999999999999996
2613,0.0296095,False,0.19999999999999998,0.3,0.25
2614,0.0243427,False,0.09999999999999999,0.19999999999999998,0.15
2615,0.0215919,False,0.09999999999999999,0.19999999999999998,0.15
2616,0.0213254,False,0.09999999999999999,0.19999999999999998,0.15
2617,0.0213557,False,0.09999999999999999,0.19999999999999998,0.15
2618,0.0161718,False,0.09999999999999999,0.19999999999999998,0.15
2619,0.0292607,False,0.19999999999999998,0.3,0.25
2620,0.0153297,False,0.0,0.09999999999999999,0.049999999999999996
2621,0.0291393,False,0.09999999999999999,0.19999999999999998,0.15
2622,0.0168947,False,0.0,0.09999999999999999,0.049999999999999996
2623,0.0287334,False,0.19999999999999998,0.3,0.25
2624,0.0275362,True,nan,nan,nan
2625,0.017086,False,0.09999999999999999,0.19999999999999998,0.15
2626,0.0227521,False,0.09999999999999999,0.19999999999999998,0.15
2627,0.0287028,False,0.5,0.6,0.55
2628,0.0257627,False,0.09999999999999999,0.19999999999999998,0.15
2629,0.0186532,False,0.09999999999999999,0.19999999999999998,0.15
2630,0.0289734,False,0.09999999999999999,0.19999999999999998,0.15
2631,0.0212989,False,0.09999999999999999,0.19999999999999998,0.15
2632,0.0200875,False,0.09999999999999999,0.19999999999999998,0.15
2633,0.0183865,False,0.09999999999999999,0.19999999999999998,0.15
2634,0.0195609,False,0.09999999999999999,0.19999999999999998,0.15
2635,0.0262185,True,nan,nan,nan
2636,0.027512,False,0.09999999999999999,0.19999999999999998,0.15
2637,0.0233601,False,0.09999999999999999,0.19999999999999998,0.15
2638,0.0274119,False,0.5,0.6,0.55
2639,0.0260061,False,0.19999999999999998,0.3,0.25
2640,0.0261449,False,0.3,0.39999999999999997,0.35
2641,0.0200208,False,0.09999999999999999,0.19999999999999998,0.15
2642,0.0224719,True,nan,nan,nan
2643,0.0232219,False,0.09999999999999999,0.19999999999999998,0.15
2644,0.0209329,False,0.09999999999999999,0.19999999999999998,0.15
2645,0.026403,False,0.09999999999999999,0.19999999999999998,0.15
2646,0.0274494,False,0.09999999999999999,0.19999999999999998,0.15
2647,0.0192884,False,0.09999999999999999,0.19999999999999998,0.15
2648,0.0186439,False,0.09999999999999999,0.19999999999999998,0.15
2649,0.0179381,False,0.09999999999999999,0.19999999999999998,0.15
2650,0.0283114,False,0.09999999999999999,0.19999999999999998,0.15
2651,0.0205341,False,0.19999999999999998,0.3,0.25
2652,0.0184256,False,0.19999999999999998,0.3,0.25
2653,0.0167226,False,0.0,0.09999999999999999,0.049999999999999996
2654,0.0177743,False,0.09999999999999999,0.19999999999999998,0.15
2655,0.0200099,False,0.19999999999999998,0.3,0.25
2656,0.017711,False,0.39999999999999997,0.5,0.44999999999999996
2657,0.0196397,False,0.09999999999999999,0.19999999999999998,0.15
2658,0.0259769,False,0.09999999999999999,0.19999999999999998,0.15
2659,0.029621,False,0.19999999999999998,0.3,0.25
2660,0.0186381,False,0.09999999999999999,0.19999999999999998,0.15
2661,0.022808,False,0.19999999999999998,0.3,0.25
2662,0.0181517,False,0.09999999999999999,0.19999999999999998,0.15
2663,0.0241396,False,0.09999999999999999,0.19999999999999998,0.15
2664,0.0187432,False,0.09999999999999999,0.19999999999999998,0.15
2665,0.0172093,False,0.0,0.09999999999999999,0.049999999999999996
2666,0.0283638,False,0.09999999999999999,0.19999999999999998,0.15
2667,0.0268544,False,0.09999999999999999,0.19999999999999998,0.15
2668,0.0212495,False,0.09999999999999999,0.19999999999999998,0.15
2669,0.0152868,False,0.0,0.09999999999999999,0.049999999999999996
2670,0.0178716,False,0.0,0.09999999999999999,0.049999999999999996
2671,0.0284304,False,0.09999999999999999,0.19999999999999998,0.15
2672,0.0232175,False,0.09999999999999999,0.19999999999999998,0.15
2673,0.020313,False,0.09999999999999999,0.19999999999999998,0.15
2674,0.0254077,False,0.7999999999999999,0.8999999999999999,0.8499999999999999
2675,0.0258006,False,0.19999999999999998,0.3,0.25
2676,0.0271845,False,0.19999999999999998,0.3,0.25
2677,0.0206116,False,0.3,0.39999999999999997,0.35
2678,0.0240223,False,0.19999999999999998,0.3,0.25
2679,0.0168651,False,0.0,0.09999999999999999,0.049999999999999996
2680,0.0221602,False,0.09999999999999999,0.19999999999999998,0.15
2681,0.0269954,False,0.39999999999999997,0.5,0.44999999999999996
2682,0.027971,False,0.3,0.39999999999999997,0.35
2683,0.0204028,False,0.19999999999999998,0.3,0.25
2684,0.0200995,False,0.39999999999999997,0.5,0.44999999999999996
2685,0.0197463,False,0.19999999999999998,0.3,0.25
2686,0.0216358,False,0.09999999999999999,0.19999999999999998,0.15
2687,0.027422,False,0.09999999999999999,0.19999999999999998,0.15
2688,0.0164592,False,0.09999999999999999,0.19999999999999998,0.15
2689,0.0221437,False,0.09999999999999999,0.19999999999999998,0.15
2690,0.0170294,False,0.09999999999999999,0.19999999999999998,0.15
2691,0.0156061,False,0.0,0.09999999999999999,0.049999999999999996
2692,0.0227391,False,0.09999999999999999,0.19999999999999998,0.15
2693,0.0257903,False,0.3,0.39999999999999997,0.35
2694,0.0154629,False,0.0,0.09999999999999999,0.049999999999999996
2695,0.0278473,False,0.09999999999999999,0.19999999999999998,0.15
2696,0.0176996,False,0.0,0.09999999999999999,0.049999999999999996
2697,0.0273797,False,0.09999999999999999,0.19999999999999998,0.15
2698,0.0228836,False,0.19999999999999998,0.3,0.25
2699,0.0243657,False,0.09999999999999999,0.19999999999999998,0.15
2700,0.0272579,False,0.3,0.39999999999999997,0.35
2701,0.0198696,False,0.09999999999999999,0.19999999999999998,0.15
2702,0.0204462,False,0.09999999999999999,0.19999999999999998,0.15
2703,0.0263261,False,0.19999999999999998,0.3,0.25
2704,0.0162691,False,0.09999999999999999,0.19999999999999998,0.15
2705,0.0226456,False,0.3,0.39999999999999997,0.35
2706,0.0247504,False,0.5,0.6,0.55
2707,0.0227193,False,0.09999999999999999,0.19999999999999998,0.15
2708,0.015833,False,0.0,0.09999999999999999,0.049999999999999996
2709,0.0267355,False,0.09999999999999999,0.19999999999999998,0.15
2710,0.0296967,False,0.19999999999999998,0.3,0.25
2711,0.0151913,False,0.19999999999999998,0.3,0.25
2712,0.0196351,False,0.6,0.7,0.6499999999999999
2713,0.0152074,False,0.0,0.09999999999999999,0.049999999999999996
2714,0.0278235,False,0.5,0.6,0.55
2715,0.0255923,False,0.09999999999999999,0.19999999999999998,0.15
2716,0.0156529,False,0.0,0.09999999999999999,0.049999999999999996
2717,0.0273738,False,0.19999999999999998,0.3,0.25
2718,0.0193616,False,0.09999999999999999,0.19999999999999998,0.15
2719,0.0281056,False,0.19999999999999998,0.3,0.25
2720,0.0157373,False,0.0,0.09999999999999999,0.049999999999999996
2721,0.0211705,False,0.19999999999999998,0.3,0.25
2722,0.0265033,False,0.6,0.7,0.6499999999999999
2723,0.0298586,False,0.19999999999999998,0.3,0.25
2724,0.0256188,False,0.09999999999999999,0.19999999999999998,0.15
2725,0.0179957,False,0.09999999999999999,0.19999999999999998,0.15
2726,0.0271722,False,0.3,0.39999999999999997,0.35
2727,0.0186548,False,0.09999999999999999,0.19999999999999998,0.15
2728,0.0273464,False,0.6,0.7,0.6499999999999999
2729,0.0208573,False,0.09999999999999999,0.19999999999999998,0.15
2730,0.0157562,False,0.3,0.39999999999999997,0.35
2731,0.0265271,False,0.19999999999999998,0.3,0.25
2732,0.0297746,False,0.19999999999999998,0.3,0.25
2733,0.0163666,False,0.09999999999999999,0.19999999999999998,0.15
2734,0.0256621,False,0.19999999999999998,0.3,0.25
2735,0.0193306,False,0.09999999999999999,0.19999999999999998,0.15
2736,0.0179481,False,0.09999999999999999,0.19999999999999998,0.15
2737,0.0218245,False,0.09999999999999999,0.19999999999999998,0.15
2738,0.0199443,False,0.09999999999999999,0.19999999999999998,0.15
2739,0.0176339,False,0.09999999999999999,0.19999999999999998,0.15
2740,0.0286283,False,0.19999999999999998,0.3,0.25
2741,0.0247899,False,0.09999999999999999,0.19999999999999998,0.15
2742,0.0232264,False,0.19999999999999998,0.3,0.25
2743,0.0164919,False,0.3,0.39999999999999997,0.35
2744,0.023086,False,0.09999999999999999,0.19999999999999998,0.15
2745,0.0251767,False,0.09999999999999999,0.19999999999999998,0.15
2746,0.0178544,False,0.0,0.09999999999999999,0.049999999999999996
2747,0.0159885,False,0.0,0.09999999999999999,0.049999999999999996
2748,0.0214219,False,0.19999999999999998,0.3,0.25
2749,0.0279573,False,0.19999999999999998,0.3,0.25
2750,0.0154874,False,0.0,0.09999999999999999,0.049999999999999996
2751,0.0247496,False,0.09999999999999999,0.19999999999999998,0.15
2752,0.0195143,False,0.09999999999999999,0.19999999999999998,0.15
2753,0.0248557,False,0.09999999999999999,0.19999999999999998,0.15
2754,0.0153336,False,0.0,0.09999999999999999,0.049999999999999996
2755,0.0158685,False,0.0,0.09999999999999999,0.049999999999999996
2756,0.0269695,False,0.19999999999999998,0.3,0.25
2757,0.0245141,False,0.19999999999999998,0.3,0.25
2758,0.0196785,True,nan,nan,nan
2759,0.0206137,False,0.19999999999999998,0.3,0.25
2760,0.0174188,False,0.39999999999999997,0.5,0.44999999999999996
2761,0.0177386,False,0.19999999999999998,0.3,0.25
2762,0.0230676,False,0.09999999999999999,0.19999999999999998,0.15
2763,0.0179798,False,0.09999999999999999,0.19999999999999998,0.15
2764,0.0296675,False,0.39999999999999997,0.5,0.44999999999999996
2765,0.0171594,False,0.09999999999999999,0.19999999999999998,0.15
2766,0.0290624,False,0.19999999999999998,0.3,0.25
2767,0.0297594,False,0.19999999999999998,0.3,0.25
2768,0.0238151,False,0.09999999999999999,0.19999999999999998,0.15
2769,0.0262533,False,0.09999999999999999,0.19999999999999998,0.15
2770,0.0174607,False,0.09999999999999999,0.19999999999999998,0.15
2771,0.0194722,False,0.09999999999999999,0.19999999999999998,0.15
2772,0.0215142,False,0.39999999999999997,0.5,0.44999999999999996
2773,0.0265535,False,0.09999999999999999,0.19999999999999998,0.15
2774,0.0253009,False,0.19999999999999998,0.3,0.25
2775,0.0160296,False,0.0,0.09999999999999999,0.049999999999999996
2776,0.0214526,False,0.09999999999999999,0.19999999999999998,0.15
2777,0.0220511,False,0.09999999999999999,0.19999999999999998,0.15
2778,0.018531,False,0.19999999999999998,0.3,0.25
2779,0.0211411,False,0.09999999999999999,0.19999999999999998,0.15
2780,0.0260164,False,0.09999999999999999,0.19999999999999998,0.15
2781,0.0185912,True,nan,nan,nan
2782,0.0218902,False,0.3,0.39999999999999997,0.35
2783,0.0239111,True,nan,nan,nan
2784,0.0168464,False,0.0,0.09999999999999999,0.049999999999999996
2785,0.0289178,False,0.19999999999999998,0.3,0.25
2786,0.0235711,False,0.19999999999999998,0.3,0.25
2787,0.0189985,False,0.09999999999999999,0.19999999999999998,0.15
2788,0.0211087,False,0.09999999999999999,0.19999999999999998,0.15
2789,0.0173026,False,0.0,0.09999999999999999,0.049999999999999996
2790,0.0219716,False,0.09999999999999999,0.19999999999999998,0.15
2791,0.020207,False,0.09999999999999999,0.19999999999999998,0.15
2792,0.0172109,False,0.19999999999999998,0.3,0.25
2793,0.0177505,False,0.09999999999999999,0.19999999999999998,0.15
2794,0.0233849,False,0.09999999999999999,0.19999999999999998,0.15
2795,0.0219149,False,0.09999999999999999,0.19999999999999998,0.15
2796,0.0251639,False,0.09999999999999999,0.19999999999999998,0.15
2797,0.0281386,False,0.39999999999999997,0.5,0.44999999999999996
2798,0.0238623,False,0.09999999999999999,0.19999999999999998,0.15
2799,0.0212114,True,nan,nan,nan
2800,0.0210285,True,nan,nan,nan
2801,0.0222998,False,0.09999999999999999,0.19999999999999998,0.15
2802,0.0295831,False,0.19999999999999998,0.3,0.25
2803,0.0235885,False,0.6,0.7,0.6499999999999999
2804,0.0257631,True,nan,nan,nan
2805,0.0233596,False,0.19999999999999998,0.3,0.25
2806,0.02504,False,0.19999999999999998,0.3,0.25
2807,0.0221835,False,0.09999999999999999,0.19999999999999998,0.15
2808,0.0224348,False,0.09999999999999999,0.19999999999999998,0.15
2809,0.0174931,False,0.0,0.09999999999999999,0.049999999999999996
2810,0.024522,False,0.39999999999999997,0.5,0.44999999999999996
2811,0.0281258,False,0.19999999999999998,0.3,0.25
2812,0.0219842,False,0.09999999999999999,0.19999999999999998,0.15
2813,0.0153783,False,0.3,0.39999999999999997,0.35
2814,0.0277786,False,0.19999999999999998,0.3,0.25
2815,0.0250435,False,0.19999999999999998,0.3,0.25
2816,0.0287785,False,0.6,0.7,0.6499999999999999
2817,0.0235387,False,0.09999999999999999,0.19999999999999998,0.15
2818,0.0286483,False,0.19999999999999998,0.3,0.25
2819,0.0186249,False,0.0,0.09999999999999999,0.049999999999999996
2820,0.02854,False,0.6,0.7,0.6499999999999999
2821,0.0222401,False,0.09999999999999999,0.19999999999999998,0.15
2822,0.0280388,False,0.3,0.39999999999999997,0.35
2823,0.0207604,False,0.3,0.39999999999999997,0.35
2824,0.0216237,False,0.09999999999999999,0.19999999999999998,0.15
2825,0.0159762,False,0.09999999999999999,0.19999999999999998,0.15
2826,0.0153723,False,0.5,0.6,0.55
2827,0.0238591,False,0.09999999999999999,0.19999999999999998,0.15
2828,0.0176535,False,0.7,0.7999999999999999,0.75
2829,0.0157791,False,0.09999999999999999,0.19999999999999998,0.15
2830,0.026301,False,0.09999999999999999,0.19999999999999998,0.15
2831,0.0262677,False,0.09999999999999999,0.19999999999999998,0.15
2832,0.0206397,False,0.09999999999999999,0.19999999999999998,0.15
2833,0.0215744,False,0.19999999999999998,0.3,0.25
2834,0.019973,False,0.09999999999999999,0.19999999999999998,0.15
2835,0.0203046,False,0.19999999999999998,0.3,0.25
2836,0.0223261,True,nan,nan,nan
2837,0.0236027,False,0.09999999999999999,0.19999999999999998,0.15
2838,0.0295423,False,0.09999999999999999,0.19999999999999998,0.15
2839,0.017239,False,0.0,0.09999999999999999,0.049999999999999996
2840,0.0207719,False,0.09999999999999999,0.19999999999999998,0.15
2841,0.024998,False,0.09999999999999999,0.19999999999999998,0.15
2842,0.018651,False,0.09999999999999999,0.19999999999999998,0.15
2843,0.0198052,False,0.09999999999999999,0.19999999999999998,0.15
2844,0.0218879,False,0.09999999999999999,0.19999999999999998,0.15
2845,0.0168226,False,0.39999999999999997,0.5,0.44999999999999996
2846,0.0217765,False,0.19999999999999998,0.3,0.25
2847,0.0178423,False,0.09999999999999999,0.19999999999999998,0.15
2848,0.0280221,False,0.39999999999999997,0.5,0.44999999999999996
2849,0.0246299,False,0.5,0.6,0.55
2850,0.0158285,False,0.09999999999999999,0.19999999999999998,0.15
2851,0.0217437,False,0.09999999999999999,0.19999999999999998,0.15
2852,0.0223177,False,0.09999999999999999,0.19999999999999998,0.15
2853,0.0241951,False,0.09999999999999999,0.19999999999999998,0.15
2854,0.0221647,False,0.09999999999999999,0.19999999999999998,0.15
2855,0.022332,False,0.09999999999999999,0.19999999999999998,0.15
2856,0.0159732,False,0.19999999999999998,0.3,0.25
2857,0.0280853,False,0.3,0.39999999999999997,0.35
2858,0.0158312,False,0.0,0.09999999999999999,0.049999999999999996
2859,0.0280328,False,0.3,0.39999999999999997,0.35
2860,0.0151487,False,0.09999999999999999,0.19999999999999998,0.15
2861,0.016814,False,0.19999999999999998,0.3,0.25
2862,0.0203964,True,nan,nan,nan
2863,0.0242383,False,0.09999999999999999,0.19999999999999998,0.15
2864,0.0256526,False,0.09999999999999999,0.19999999999999998,0.15
2865,0.02851,False,0.19999999999999998,0.3,0.25
2866,0.0173633,False,0.0,0.09999999999999999,0.049999999999999996
2867,0.0230478,False,0.3,0.39999999999999997,0.35
2868,0.0245031,False,0.3,0.39999999999999997,0.35
2869,0.0240052,False,0.19999999999999998,0.3,0.25
2870,0.0171287,False,0.19999999999999998,0.3,0.25
2871,0.0161428,False,0.09999999999999999,0.19999999999999998,0.15
2872,0.0167956,False,0.19999999999999998,0.3,0.25
2873,0.0286107,False,0.19999999999999998,0.3,0.25
2874,0.0218116,False,0.09999999999999999,0.19999999999999998,0.15
2875,0.0296007,False,0.09999999999999999,0.19999999999999998,0.15
2876,0.0207415,False,0.09999999999999999,0.19999999999999998,0.15
2877,0.016905,False,0.19999999999999998,0.3,0.25
2878,0.0159429,False,0.0,0.09999999999999999,0.049999999999999996
2879,0.0275757,False,0.19999999999999998,0.3,0.25
2880,0.0266496,False,0.09999999999999999,0.19999999999999998,0.15
2881,0.0193467,False,0.09999999999999999,0.19999999999999998,0.15
2882,0.0292608,False,0.09999999999999999,0.19999999999999998,0.15
2883,0.0176319,False,0.0,0.09999999999999999,0.049999999999999996
2884,0.0292599,False,0.3,0.39999999999999997,0.35
2885,0.0287321,False,0.19999999999999998,0.3,0.25
2886,0.0206781,False,0.19999999999999998,0.3,0.25
2887,0.0264584,False,0.09999999999999999,0.19999999999999998,0.15
2888,0.0207227,False,0.09999999999999999,0.19999999999999998,0.15
2889,0.022925,False,0.09999999999999999,0.19999999999999998,0.15
2890,0.0224686,False,0.09999999999999999,0.19999999999999998,0.15
2891,0.0251227,True,nan,nan,nan
2892,0.0284831,False,0.3,0.39999999999999997,0.35
2893,0.0241195,False,0.09999999999999999,0.19999999999999998,0.15
2894,0.0189216,False,0.09999999999999999,0.19999999999999998,0.15
2895,0.0161201,False,0.19999999999999998,0.3,0.25
2896,0.0217028,False,0.09999999999999999,0.19999999999999998,0.15
2897,0.027471,False,0.09999999999999999,0.19999999999999998,0.15
2898,0.0201078,False,0.7,0.7999999999999999,0.75
2899,0.0253523,False,0.19999999999999998,0.3,0.25
2900,0.018718,False,0.0,0.09999999999999999,0.049999999999999996
2901,0.0176432,False,0.0,0.09999999999999999,0.049999999999999996
2902,0.0192452,False,0.09999999999999999,0.19999999999999998,0.15
2903,0.0263965,False,0.09999999999999999,0.19999999999999998,0.15
2904,0.0282977,False,0.09999999999999999,0.19999999999999998,0.15
2905,0.0250005,False,0.09999999999999999,0.19999999999999998,0.15
2906,0.0226448,False,0.09999999999999999,0.19999999999999998,0.15
2907,0.0169313,False,0.0,0.09999999999999999,0.049999999999999996
2908,0.0273898,False,0.09999999999999999,0.19999999999999998,0.15
2909,0.0285826,False,0.09999999999999999,0.19999999999999998,0.15
2910,0.0298325,False,0.09999999999999999,0.19999999999999998,0.15
2911,0.0204286,False,0.09999999999999999,0.19999999999999998,0.15
2912,0.0170973,False,0.0,0.09999999999999999,0.049999999999999996
2913,0.0286077,False,0.19999999999999998,0.3,0.25
2914,0.0181783,False,0.0,0.09999999999999999,0.049999999999999996
2915,0.0293576,False,0.19999999999999998,0.3,0.25
2916,0.0232899,False,0.09999999999999999,0.19999999999999998,0.15
2917,0.0174381,False,0.09999999999999999,0.19999999999999998,0.15
2918,0.0157218,False,0.09999999999999999,0.19999999999999998,0.15
2919,0.0160596,False,0.3,0.39999999999999997,0.35
2920,0.0256307,False,0.09999999999999999,0.19999999999999998,0.15
2921,0.0262965,False,0.09999999999999999,0.19999999999999998,0.15
2922,0.0227535,False,0.09999999999999999,0.19999999999999998,0.15
2923,0.0167764,False,0.19999999999999998,0.3,0.25
2924,0.0237124,False,0.09999999999999999,0.19999999999999998,0.15
2925,0.0280109,False,0.09999999999999999,0.19999999999999998,0.15
2926,0.0263877,False,0.09999999999999999,0.19999999999999998,0.15
2927,0.0292483,False,0.3,0.39999999999999997,0.35
2928,0.029719,False,0.09999999999999999,0.19999999999999998,0.15
2929,0.0211371,False,0.09999999999999999,0.19999999999999998,0.15
2930,0.0189117,False,0.0,0.09999999999999999,0.049999999999999996
2931,0.0160706,False,0.09999999999999999,0.19999999999999998,0.15
2932,0.0242608,False,0.09999999999999999,0.19999999999999998,0.15
2933,0.0166642,False,0.09999999999999999,0.19999999999999998,0.15
2934,0.027085,False,0.5,0.6,0.55
2935,0.0166105,False,0.39999999999999997,0.5,0.44999999999999996
2936,0.0258995,False,0.19999999999999998,0.3,0.25
2937,0.0224603,False,0.09999999999999999,0.19999999999999998,0.15
2938,0.0251253,False,0.09999999999999999,0.19999999999999998,0.15
2939,0.0291891,False,0.5,0.6,0.55
2940,0.0229386,False,0.09999999999999999,0.19999999999999998,0.15
2941,0.0206166,False,0.09999999999999999,0.19999999999999998,0.15
2942,0.0189462,False,0.09999999999999999,0.19999999999999998,0.15
2943,0.0153575,False,0.09999999999999999,0.19999999999999998,0.15
2944,0.0242297,False,0.09999999999999999,0.19999999999999998,0.15
2945,0.0177976,False,0.19999999999999998,0.3,0.25
2946,0.0193246,False,0.09999999999999999,0.19999999999999998,0.15
2947,0.0277544,False,0.09999999999999999,0.19999999999999998,0.15
2948,0.0269849,False,0.09999999999999999,0.19999999999999998,0.15
2949,0.028662,False,0.09999999999999999,0.19999999999999998,0.15
2950,0.0285516,False,1.0,1.0999999999999999,1.0499999999999998
2951,0.0204704,False,0.09999999999999999,0.19999999999999998,0.15
2952,0.0210046,False,0.19999999999999998,0.3,0.25
2953,0.0172508,False,0.0,0.09999999999999999,0.049999999999999996
2954,0.0174112,True,nan,nan,nan
2955,0.0192214,False,0.09999999999999999,0.19999999999999998,0.15
2956,0.0167266,False,0.09999999999999999,0.19999999999999998,0.15
2957,0.0200319,False,0.19999999999999998,0.3,0.25
2958,0.027877,False,0.3,0.39999999999999997,0.35
2959,0.0167895,False,0.0,0.09999999999999999,0.049999999999999996
2960,0.0187042,False,0.09999999999999999,0.19999999999999998,0.15
2961,0.0158239,False,0.0,0.09999999999999999,0.049999999999999996
2962,0.0278615,False,0.19999999999999998,0.3,0.25
2963,0.0195225,False,0.09999999999999999,0.19999999999999998,0.15
2964,0.0182552,False,0.09999999999999999,0.19999999999999998,0.15
2965,0.0151347,False,0.19999999999999998,0.3,0.25
2966,0.0170778,False,0.0,0.09999999999999999,0.049999999999999996
2967,0.0244293,True,nan,nan,nan
2968,0.025092,False,0.3,0.39999999999999997,0.35
2969,0.0156932,False,0.0,0.09999999999999999,0.049999999999999996
2970,0.0195615,False,0.09999999999999999,0.19999999999999998,0.15
2971,0.0166811,False,0.09999999999999999,0.19999999999999998,0.15
2972,0.0190904,False,0.09999999999999999,0.19999999999999998,0.15
2973,0.0164578,False,0.09999999999999999,0.19999999999999998,0.15
2974,0.0214233,False,0.09999999999999999,0.19999999999999998,0.15
2975,0.0292049,False,0.19999999999999998,0.3,0.25
2976,0.0257312,False,0.3,0.39999999999999997,0.35
2977,0.0211075,False,0.09999999999999999,0.19999999999999998,0.15
2978,0.016218,False,0.0,0.09999999999999999,0.049999999999999996
2979,0.0249959,False,0.39999999999999997,0.5,0.44999999999999996
2980,0.0269746,False,0.19999999999999998,0.3,0.25
2981,0.0261933,False,0.3,0.39999999999999997,0.35
2982,0.0188777,False,0.0,0.09999999999999999,0.049999999999999996
2983,0.0156879,False,0.19999999999999998,0.3,0.25
2984,0.0188455,False,0.09999999999999999,0.19999999999999998,0.15
2985,0.0178826,False,0.09999999999999999,0.19999999999999998,0.15
2986,0.0183403,False,0.09999999999999999,0.19999999999999998,0.15
2987,0.0210036,False,0.09999999999999999,0.19999999999999998,0.15
2988,0.0221384,False,0.09999999999999999,0.19999999999999998,0.15
2989,0.023452,False,0.5,0.6,0.55
2990,0.0286982,False,0.09999999999999999,0.19999999999999998,0.15
2991,0.0292959,False,0.19999999999999998,0.3,0.25
2992,0.0253152,False,0.09999999999999999,0.19999999999999998,0.15
2993,0.0219517,True,nan,nan,nan
2994,0.0174423,False,0.09999999999999999,0.19999999999999998,0.15
2995,0.0217682,False,0.09999999999999999,0.19999999999999998,0.15
2996,0.0177724,False,0.19999999999999998,0.3,0.25
2997,0.0263192,False,0.19999999999999998,0.3,0.25
2998,0.0196462,False,0.09999999999999999,0.19999999999999998,0.15
2999,0.0160632,False,0.0,0.09999999999999999,0.049999999999999996
3000,0.0248934,False,0.39999999999999997,0.5,0.44999999999999996
3001,0.0248973,False,0.09999999999999999,0.19999999999999998,0.15
3002,0.0171563,False,0.19999999999999998,0.3,0.25
3003,0.0155979,False,0.09999999999999999,0.19999999999999998,0.15
3004,0.0269137,False,0.19999999999999998,0.3,0.25
3005,0.0236473,True,nan,nan,nan
3006,0.0231941,False,0.3,0.39999999999999997,0.35
3007,0.02674,False,0.09999999999999999,0.19999999999999998,0.15
3008,0.0278032,False,0.19999999999999998,0.3,0.25
3009,0.0246809,False,0.19999999999999998,0.3,0.25
3010,0.0214854,False,0.09999999999999999,0.19999999999999998,0.15
3011,0.0293154,False,0.19999999999999998,0.3,0.25
3012,0.0239997,False,0.09999999999999999,0.19999999999999998,0.15
3013,0.023921,False,0.19999999999999998,0.3,0.25
3014,0.0247244,False,0.09999999999999999,0.19999999999999998,0.15
3015,0.0258759,False,0.09999999999999999,0.19999999999999998,0.15
3016,0.0160757,False,0.09999999999999999,0.19999999999999998,0.15
3017,0.0153771,False,0.0,0.09999999999999999,0.049999999999999996
3018,0.0170927,False,0.09999999999999999,0.19999999999999998,0.15
3019,0.0278879,False,0.3,0.39999999999999997,0.35
3020,0.0270067,False,0.09999999999999999,0.19999999999999998,0.15
3021,0.0249426,False,0.19999999999999998,0.3,0.25
3022,0.0232075,False,0.19999999999999998,0.3,0.25
3023,0.0230191,False,0.09999999999999999,0.19999999999999998,0.15
3024,0.0250584,False,0.09999999999999999,0.19999999999999998,0.15
3025,0.0251599,False,0.09999999999999999,0.19999999999999998,0.15
3026,0.0150843,False,0.0,0.09999999999999999,0.049999999999999996
3027,0.0275791,False,0.09999999999999999,0.19999999999999998,0.15
3028,0.0231676,False,0.5,0.6,0.55
3029,0.0235015,False,0.09999999999999999,0.19999999999999998,0.15
3030,0.027257,False,0.3,0.39999999999999997,0.35
3031,0.0215272,False,0.3,0.39999999999999997,0.35
3032,0.0286018,False,0.09999999999999999,0.19999999999999998,0.15
3033,0.0197989,False,0.09999999999999999,0.19999999999999998,0.15
3034,0.0216796,False,0.3,0.39999999999999997,0.35
3035,0.0238844,False,0.09999999999999999,0.19999999999999998,0.15
3036,0.0159486,False,0.19999999999999998,0.3,0.25
3037,0.0275203,False,0.7,0.7999999999999999,0.75
3038,0.0156194,False,0.09999999999999999,0.19999999999999998,0.15
3039,0.0172517,False,0.0,0.09999999999999999,0.049999999999999996
3040,0.015591,True,nan,nan,nan
3041,0.0194996,False,0.3,0.39999999999999997,0.35
3042,0.0155378,False,0.09999999999999999,0.19999999999999998,0.15
3043,0.0260939,False,0.09999999999999999,0.19999999999999998,0.15
3044,0.0194844,False,0.3,0.39999999999999997,0.35
3045,0.0155757,False,0.09999999999999999,0.19999999999999998,0.15
3046,0.0224002,False,0.19999999999999998,0.3,0.25
3047,0.0242877,False,0.09999999999999999,0.19999999999999998,0.15
3048,0.0295742,False,0.19999999999999998,0.3,0.25
3049,0.0182201,False,0.19999999999999998,0.3,0.25
3050,0.0203603,False,0.09999999999999999,0.19999999999999998,0.15
3051,0.023354,False,0.09999999999999999,0.19999999999999998,0.15
3052,0.0179786,False,0.09999999999999999,0.19999999999999998,0.15
3053,0.0227971,False,0.09999999999999999,0.19999999999999998,0.15
3054,0.016691,False,0.0,0.09999999999999999,0.049999999999999996
3055,0.0219227,False,0.39999999999999997,0.5,0.44999999999999996
3056,0.0218358,False,0.09999999999999999,0.19999999999999998,0.15
3057,0.023942,False,0.09999999999999999,0.19999999999999998,0.15
3058,0.0154612,False,0.0,0.09999999999999999,0.049999999999999996
3059,0.0269509,False,0.09999999999999999,0.19999999999999998,0.15
3060,0.0237176,True,nan,nan,nan
3061,0.0276168,False,0.3,0.39999999999999997,0.35
3062,0.0252942,False,0.09999999999999999,0.19999999999999998,0.15
3063,0.0156424,False,0.6,0.7,0.6499999999999999
3064,0.0227238,False,0.19999999999999998,0.3,0.25
3065,0.0196981,True,nan,nan,nan
3066,0.0237668,False,0.19999999999999998,0.3,0.25
3067,0.0207549,False,0.19999999999999998,0.3,0.25
3068,0.0232276,False,0.09999999999999999,0.19999999999999998,0.15
3069,0.0250285,False,0.19999999999999998,0.3,0.25
3070,0.0240764,False,0.19999999999999998,0.3,0.25
3071,0.0152093,False,0.6,0.7,0.6499999999999999
3072,0.0209249,False,0.09999999999999999,0.19999999999999998,0.15
3073,0.0217371,False,0.09999999999999999,0.19999999999999998,0.15
3074,0.0292238,False,0.3,0.39999999999999997,0.35
3075,0.0197922,False,0.09999999999999999,0.19999999999999998,0.15
3076,0.0233388,False,0.09999999999999999,0.19999999999999998,0.15
3077,0.0268534,False,0.19999999999999998,0.3,0.25
3078,0.0232876,False,0.19999999999999998,0.3,0.25
3079,0.0259231,False,0.09999999999999999,0.19999999999999998,0.15
3080,0.019343,False,0.19999999999999998,0.3,0.25
3081,0.0165061,False,0.09999999999999999,0.19999999999999998,0.15
3082,0.0205185,False,0.3,0.39999999999999997,0.35
3083,0.0287184,False,0.19999999999999998,0.3,0.25
3084,0.0210959,False,0.09999999999999999,0.19999999999999998,0.15
3085,0.0235551,False,0.7,0.7999999999999999,0.75
3086,0.0167188,False,0.09999999999999999,0.19999999999999998,0.15
3087,0.0211142,False,0.09999999999999999,0.19999999999999998,0.15
3088,0.0200472,False,0.19999999999999998,0.3,0.25
3089,0.0246769,False,0.19999999999999998,0.3,0.25
3090,0.0161125,False,0.0,0.09999999999999999,0.049999999999999996
3091,0.029838,False,0.19999999999999998,0.3,0.25
3092,0.019422,False,0.0,0.09999999999999999,0.049999999999999996
3093,0.016437,False,0.0,0.09999999999999999,0.049999999999999996
3094,0.0182467,False,0.09999999999999999,0.19999999999999998,0.15
3095,0.0171241,False,0.3,0.39999999999999997,0.35
3096,0.0246769,False,0.19999999999999998,0.3,0.25
3097,0.0216626,False,0.5,0.6,0.55
3098,0.0221338,False,0.09999999999999999,0.19999999999999998,0.15
3099,0.0264831,False,0.09999999999999999,0.19999999999999998,0.15
3100,0.0201882,False,0.09999999999999999,0.19999999999999998,0.15
3101,0.0235094,False,0.09999999999999999,0.19999999999999998,0.15
3102,0.0173679,False,0.19999999999999998,0.3,0.25
3103,0.0291921,False,0.3,0.39999999999999997,0.35
3104,0.0171363,False,0.0,0.09999999999999999,0.049999999999999996
3105,0.019086,False,0.09999999999999999,0.19999999999999998,0.15
3106,0.0242307,False,0.19999999999999998,0.3,0.25
3107,0.0214242,False,0.09999999999999999,0.19999999999999998,0.15
3108,0.0281154,False,0.39999999999999997,0.5,0.44999999999999996
3109,0.0187458,False,0.09999999999999999,0.19999999999999998,0.15
3110,0.0292636,False,0.19999999999999998,0.3,0.25
3111,0.0154145,False,0.0,0.09999999999999999,0.049999999999999996
3112,0.0211715,False,0.0,0.09999999999999999,0.049999999999999996
3113,0.0238142,False,0.19999999999999998,0.3,0.25
3114,0.020075,False,0.09999999999999999,0.19999999999999998,0.15
3115,0.0163095,False,0.09999999999999999,0.19999999999999998,0.15
3116,0.0295732,False,0.19999999999999998,0.3,0.25
3117,0.0239138,False,0.09999999999999999,0.19999999999999998,0.15
3118,0.0252468,False,0.09999999999999999,0.19999999999999998,0.15
3119,0.0239159,False,0.19999999999999998,0.3,0.25
3120,0.0290214,False,0.09999999999999999,0.19999999999999998,0.15
3121,0.0271821,False,0.39999999999999997,0.5,0.44999999999999996
3122,0.0295707,False,0.3,0.39999999999999997,0.35
3123,0.0240342,False,0.09999999999999999,0.19999999999999998,0.15
3124,0.0168224,False,0.19999999999999998,0.3,0.25
3125,0.0251897,False,0.09999999999999999,0.19999999999999998,0.15
3126,0.0266842,False,0.19999999999999998,0.3,0.25
3127,0.0242364,False,0.09999999999999999,0.19999999999999998,0.15
3128,0.0175119,False,0.0,0.09999999999999999,0.049999999999999996
3129,0.0173739,False,0.09999999999999999,0.19999999999999998,0.15
3130,0.0271395,False,0.09999999999999999,0.19999999999999998,0.15
3131,0.0200247,False,0.09999999999999999,0.19999999999999998,0.15
3132,0.0282171,False,0.09999999999999999,0.19999999999999998,0.15
3133,0.0154584,False,0.0,0.09999999999999999,0.049999999999999996
3134,0.0207482,False,0.09999999999999999,0.19999999999999998,0.15
3135,0.0189513,False,0.09999999999999999,0.19999999999999998,0.15
3136,0.0182619,False,0.09999999999999999,0.19999999999999998,0.15
3137,0.0284582,False,0.09999999999999999,0.19999999999999998,0.15
3138,0.0157027,False,0.09999999999999999,0.19999999999999998,0.15
3139,0.0199351,True,nan,nan,nan
3140,0.0263111,False,0.09999999999999999,0.19999999999999998,0.15
3141,0.0259793,False,0.09999999999999999,0.19999999999999998,0.15
3142,0.0287723,False,0.19999999999999998,0.3,0.25
3143,0.0251356,False,0.09999999999999999,0.19999999999999998,0.15
3144,0.0185272,False,0.0,0.09999999999999999,0.049999999999999996
3145,0.0188339,False,0.19999999999999998,0.3,0.25
3146,0.0210373,False,0.09999999999999999,0.19999999999999998,0.15
3147,0.0243465,False,0.09999999999999999,0.19999999999999998,0.15
3148,0.0205886,False,0.09999999999999999,0.19999999999999998,0.15
3149,0.0211764,False,0.19999999999999998,0.3,0.25
3150,0.0183355,False,0.39999999999999997,0.5,0.44999999999999996
3151,0.0284425,False,0.19999999999999998,0.3,0.25
3152,0.022944,False,0.09999999999999999,0.19999999999999998,0.15
3153,0.0247605,False,0.19999999999999998,0.3,0.25
3154,0.0228594,False,0.09999999999999999,0.19999999999999998,0.15
3155,0.0190895,False,0.09999999999999999,0.19999999999999998,0.15
3156,0.0158135,False,0.09999999999999999,0.19999999999999998,0.15
3157,0.0211648,False,0.09999999999999999,0.19999999999999998,0.15
3158,0.0208557,False,0.09999999999999999,0.19999999999999998,0.15
3159,0.0223217,False,0.09999999999999999,0.19999999999999998,0.15
3160,0.0227648,False,0.3,0.39999999999999997,0.35
3161,0.025668,False,0.09999999999999999,0.19999999999999998,0.15
3162,0.018972,False,0.09999999999999999,0.19999999999999998,0.15
3163,0.0233841,False,0.09999999999999999,0.19999999999999998,0.15
3164,0.0254698,False,0.19999999999999998,0.3,0.25
3165,0.0262085,False,0.39999999999999997,0.5,0.44999999999999996
3166,0.0268197,False,0.09999999999999999,0.19999999999999998,0.15
3167,0.0193608,False,0.09999999999999999,0.19999999999999998,0.15
3168,0.0216194,False,0.19999999999999998,0.3,0.25
3169,0.0170837,False,0.09999999999999999,0.19999999999999998,0.15
3170,0.0251337,False,0.3,0.39999999999999997,0.35
3171,0.0183169,False,0.09999999999999999,0.19999999999999998,0.15
3172,0.0242576,False,0.19999999999999998,0.3,0.25
3173,0.0297454,False,0.19999999999999998,0.3,0.25
3174,0.0299093,False,0.19999999999999998,0.3,0.25
3175,0.0221886,False,0.09999999999999999,0.19999999999999998,0.15
3176,0.0211463,False,0.09999999999999999,0.19999999999999998,0.15
3177,0.0189927,False,0.0,0.09999999999999999,0.049999999999999996
3178,0.0286276,False,0.3,0.39999999999999997,0.35
3179,0.0260759,False,0.09999999999999999,0.19999999999999998,0.15
3180,0.0188462,False,0.19999999999999998,0.3,0.25
3181,0.022776,False,0.09999999999999999,0.19999999999999998,0.15
3182,0.0281682,False,0.19999999999999998,0.3,0.25
3183,0.0190753,False,0.09999999999999999,0.19999999999999998,0.15
3184,0.0176319,False,0.09999999999999999,0.19999999999999998,0.15
3185,0.021977,False,0.09999999999999999,0.19999999999999998,0.15
3186,0.0251057,False,0.3,0.39999999999999997,0.35
3187,0.0179775,False,0.09999999999999999,0.19999999999999998,0.15
3188,0.018769,False,0.3,0.39999999999999997,0.35
3189,0.0264005,False,0.7,0.7999999999999999,0.75
3190,0.0232087,False,0.09999999999999999,0.19999999999999998,0.15
3191,0.01935,False,0.09999999999999999,0.19999999999999998,0.15
3192,0.01769,False,0.09999999999999999,0.19999999999999998,0.15
3193,0.029916,False,0.19999999999999998,0.3,0.25
3194,0.0248141,False,0.09999999999999999,0.19999999999999998,0.15
3195,0.0216409,False,0.09999999999999999,0.19999999999999998,0.15
3196,0.0218651,False,0.3,0.39999999999999997,0.35
3197,0.0212612,False,0.09999999999999999,0.19999999999999998,0.15
3198,0.0158215,False,0.39999999999999997,0.5,0.44999999999999996
3199,0.0196653,False,0.09999999999999999,0.19999999999999998,0.15
3200,0.0226941,False,0.09999999999999999,0.19999999999999998,0.15
3201,0.0194746,False,0.09999999999999999,0.19999999999999998,0.15
3202,0.0246245,False,0.09999999999999999,0.19999999999999998,0.15
3203,0.0276537,False,0.09999999999999999,0.19999999999999998,0.15
3204,0.0171644,False,0.0,0.09999999999999999,0.049999999999999996
3205,0.0201865,False,0.09999999999999999,0.19999999999999998,0.15
3206,0.0275155,True,nan,nan,nan
3207,0.0226208,False,0.3,0.39999999999999997,0.35
3208,0.0209345,False,0.09999999999999999,0.19999999999999998,0.15
3209,0.0170614,False,0.19999999999999998,0.3,0.25
3210,0.0283072,False,0.19999999999999998,0.3,0.25
3211,0.0166519,True,nan,nan,nan
3212,0.0264611,False,0.3,0.39999999999999997,0.35
3213,0.0151773,False,0.19999999999999998,0.3,0.25
3214,0.0181226,False,0.09999999999999999,0.19999999999999998,0.15
3215,0.0221203,False,0.09999999999999999,0.19999999999999998,0.15
3216,0.0205355,False,0.09999999999999999,0.19999999999999998,0.15
3217,0.025932,False,0.19999999999999998,0.3,0.25
3218,0.0151126,False,0.19999999999999998,0.3,0.25
3219,0.028004,False,0.09999999999999999,0.19999999999999998,0.15
3220,0.0295827,False,0.3,0.39999999999999997,0.35
3221,0.0180404,False,0.0,0.09999999999999999,0.049999999999999996
3222,0.0167166,False,0.19999999999999998,0.3,0.25
3223,0.0252667,False,0.09999999999999999,0.19999999999999998,0.15
3224,0.0193295,False,0.09999999999999999,0.19999999999999998,0.15
3225,0.0197378,False,0.5,0.6,0.55
3226,0.0281561,False,0.19999999999999998,0.3,0.25
3227,0.0274516,False,0.09999999999999999,0.19999999999999998,0.15
3228,0.0294618,False,0.19999999999999998,0.3,0.25
3229,0.0167145,False,0.09999999999999999,0.19999999999999998,0.15
3230,0.019644,False,0.3,0.39999999999999997,0.35
3231,0.017985,False,0.09999999999999999,0.19999999999999998,0.15
3232,0.0191865,False,0.09999999999999999,0.19999999999999998,0.15
3233,0.0180644,False,0.09999999999999999,0.19999999999999998,0.15
3234,0.0227304,False,0.09999999999999999,0.19999999999999998,0.15
3235,0.0159595,False,0.09999999999999999,0.19999999999999998,0.15
3236,0.0236644,False,0.19999999999999998,0.3,0.25
3237,0.024085,False,0.09999999999999999,0.19999999999999998,0.15
3238,0.0285804,False,0.8999999999999999,1.0,0.95
3239,0.0160588,False,0.19999999999999998,0.3,0.25
3240,0.0271761,False,0.19999999999999998,0.3,0.25
3241,0.0202534,False,0.09999999999999999,0.19999999999999998,0.15
3242,0.0197571,False,0.09999999999999999,0.19999999999999998,0.15
3243,0.0241477,False,0.09999999999999999,0.19999999999999998,0.15
3244,0.0158633,False,0.09999999999999999,0.19999999999999998,0.15
3245,0.0235323,False,0.3,0.39999999999999997,0.35
3246,0.0286692,True,nan,nan,nan
3247,0.0222827,False,0.09999999999999999,0.19999999999999998,0.15
3248,0.027676,False,0.19999999999999998,0.3,0.25
3249,0.0243759,False,0.09999999999999999,0.19999999999999998,0.15
3250,0.0294118,False,0.09999999999999999,0.19999999999999998,0.15
3251,0.0177678,False,0.09999999999999999,0.19999999999999998,0.15
3252,0.0222229,False,0.19999999999999998,0.3,0.25
3253,0.0197582,False,0.09999999999999999,0.19999999999999998,0.15
3254,0.0264667,False,0.39999999999999997,0.5,0.44999999999999996
3255,0.021792,False,0.09999999999999999,0.19999999999999998,0.15
3256,0.0218959,False,0.09999999999999999,0.19999999999999998,0.15
3257,0.0180043,False,0.0,0.09999999999999999,0.049999999999999996
3258,0.0243438,False,0.6,0.7,0.6499999999999999
3259,0.0249514,False,0.7,0.7999999999999999,0.75
3260,0.0252368,False,0.19999999999999998,0.3,0.25
3261,0.0152397,False,0.5,0.6,0.55
3262,0.0165742,False,0.0,0.09999999999999999,0.049999999999999996
3263,0.0249744,False,0.7,0.7999999999999999,0.75
3264,0.021629,False,0.09999999999999999,0.19999999999999998,0.15
3265,0.0156347,False,0.0,0.09999999999999999,0.049999999999999996
3266,0.016804,False,0.09999999999999999,0.19999999999999998,0.15
3267,0.0176345,False,0.0,0.09999999999999999,0.049999999999999996
3268,0.0250559,False,0.09999999999999999,0.19999999999999998,0.15
3269,0.0243615,False,0.7999999999999999,0.8999999999999999,0.8499999999999999
3270,0.0265015,False,0.09999999999999999,0.19999999999999998,0.15
3271,0.0248696,False,0.09999999999999999,0.19999999999999998,0.15
3272,0.0253487,False,0.19999999999999998,0.3,0.25
3273,0.0224527,False,0.09999999999999999,0.19999999999999998,0.15
3274,0.027722,False,0.09999999999999999,0.19999999999999998,0.15
3275,0.0226242,False,0.19999999999999998,0.3,0.25
3276,0.0224333,False,0.09999999999999999,0.19999999999999998,0.15
3277,0.0267902,False,0.09999999999999999,0.19999999999999998,0.15
3278,0.0230688,False,0.09999999999999999,0.19999999999999998,0.15
3279,0.0198697,False,0.09999999999999999,0.19999999999999998,0.15
3280,0.0200047,True,nan,nan,nan
3281,0.0177184,False,0.0,0.09999999999999999,0.049999999999999996
3282,0.0260509,False,0.09999999999999999,0.19999999999999998,0.15
3283,0.0166567,False,0.09999999999999999,0.19999999999999998,0.15
3284,0.0268638,False,0.09999999999999999,0.19999999999999998,0.15
3285,0.0285661,False,0.39999999999999997,0.5,0.44999999999999996
3286,0.01527,False,0.19999999999999998,0.3,0.25
3287,0.0182416,False,0.09999999999999999,0.19999999999999998,0.15
3288,0.0225505,False,0.09999999999999999,0.19999999999999998,0.15
3289,0.0246913,False,0.09999999999999999,0.19999999999999998,0.15
3290,0.0222126,False,0.39999999999999997,0.5,0.44999999999999996
3291,0.0285135,False,0.3,0.39999999999999997,0.35
3292,0.0173886,False,0.09999999999999999,0.19999999999999998,0.15
3293,0.0176915,False,0.0,0.09999999999999999,0.049999999999999996
3294,0.0192853,False,0.09999999999999999,0.19999999999999998,0.15
3295,0.0177927,False,0.09999999999999999,0.19999999999999998,0.15
3296,0.0256058,False,0.39999999999999997,0.5,0.44999999999999996
3297,0.021633,False,0.39999999999999997,0.5,0.44999999999999996
3298,0.0288497,False,0.5,0.6,0.55
3299,0.0164376,False,0.09999999999999999,0.19999999999999998,0.15
3300,0.0269463,False,0.3,0.39999999999999997,0.35
3301,0.0207592,False,0.09999999999999999,0.19999999999999998,0.15
3302,0.0252571,False,0.09999999999999999,0.19999999999999998,0.15
3303,0.0187765,False,0.0,0.09999999999999999,0.049999999999999996
3304,0.029683,False,0.3,0.39999999999999997,0.35
3305,0.0289274,False,0.09999999999999999,0.19999999999999998,0.15
3306,0.0197826,False,0.0,0.09999999999999999,0.049999999999999996
3307,0.023184,False,0.19999999999999998,0.3,0.25
3308,0.0157921,False,0.0,0.09999999999999999,0.049999999999999996
3309,0.0295011,False,0.09999999999999999,0.19999999999999998,0.15
3310,0.0179531,False,0.09999999999999999,0.19999999999999998,0.15
3311,0.0172333,False,0.0,0.09999999999999999,0.049999999999999996
3312,0.0194448,False,0.09999999999999999,0.19999999999999998,0.15
3313,0.0160144,False,0.19999999999999998,0.3,0.25
3314,0.0165965,True,nan,nan,nan
3315,0.0157553,False,0.0,0.09999999999999999,0.049999999999999996
3316,0.026686,False,0.19999999999999998,0.3,0.25
3317,0.0201978,False,0.19999999999999998,0.3,0.25
3318,0.0188853,False,0.09999999999999999,0.19999999999999998,0.15
3319,0.0216914,False,0.09999999999999999,0.19999999999999998,0.15
3320,0.0227673,False,0.09999999999999999,0.19999999999999998,0.15
3321,0.0269138,False,0.3,0.39999999999999997,0.35
3322,0.0280878,False,0.3,0.39999999999999997,0.35
3323,0.0179006,False,0.09999999999999999,0.19999999999999998,0.15
3324,0.0205794,False,0.09999999999999999,0.19999999999999998,0.15
3325,0.0250665,False,0.09999999999999999,0.19999999999999998,0.15
3326,0.0282018,False,0.09999999999999999,0.19999999999999998,0.15
3327,0.0202739,False,0.09999999999999999,0.19999999999999998,0.15
3328,0.0296767,False,0.19999999999999998,0.3,0.25
3329,0.021369,False,0.09999999999999999,0.19999999999999998,0.15
3330,0.0273516,False,0.19999999999999998,0.3,0.25
3331,0.0203068,False,0.3,0.39999999999999997,0.35
3332,0.0222615,False,0.09999999999999999,0.19999999999999998,0.15
3333,0.0180058,False,0.09999999999999999,0.19999999999999998,0.15
3334,0.0259488,False,0.6,0.7,0.6499999999999999
3335,0.0167065,False,0.09999999999999999,0.19999999999999998,0.15
3336,0.0220189,False,0.19999999999999998,0.3,0.25
3337,0.0242666,False,0.09999999999999999,0.19999999999999998,0.15
3338,0.0218837,False,0.7999999999999999,0.8999999999999999,0.8499999999999999
3339,0.0279025,False,0.39999999999999997,0.5,0.44999999999999996
3340,0.016289,False,0.7999999999999999,0.8999999999999999,0.8499999999999999
3341,0.0290352,False,0.09999999999999999,0.19999999999999998,0.15
3342,0.0205021,False,0.09999999999999999,0.19999999999999998,0.15
3343,0.0223909,False,0.19999999999999998,0.3,0.25
3344,0.0261832,False,0.6,0.7,0.6499999999999999
3345,0.0263968,False,0.39999999999999997,0.5,0.44999999999999996
3346,0.0263647,False,0.09999999999999999,0.19999999999999998,0.15
3347,0.0245145,False,0.09999999999999999,0.19999999999999998,0.15
3348,0.0285336,False,0.09999999999999999,0.19999999999999998,0.15
3349,0.0168352,False,0.09999999999999999,0.19999999999999998,0.15
3350,0.0170277,False,0.3,0.39999999999999997,0.35
3351,0.0179487,False,0.09999999999999999,0.19999999999999998,0.15
3352,0.0297056,False,0.19999999999999998,0.3,0.25
3353,0.0267599,False,0.09999999999999999,0.19999999999999998,0.15
3354,0.027849,False,0.5,0.6,0.55
3355,0.0202709,False,0.09999999999999999,0.19999999999999998,0.15
3356,0.0190171,False,0.09999999999999999,0.19999999999999998,0.15
3357,0.0172376,False,0.0,0.09999999999999999,0.049999999999999996
3358,0.0209013,False,0.09999999999999999,0.19999999999999998,0.15
3359,0.0171008,False,0.0,0.09999999999999999,0.049999999999999996
3360,0.0222087,False,0.09999999999999999,0.19999999999999998,0.15
3361,0.0201355,False,0.3,0.39999999999999997,0.35
3362,0.0197571,False,0.09999999999999999,0.19999999999999998,0.15
3363,0.0232058,False,0.09999999999999999,0.19999999999999998,0.15
3364,0.0238903,False,0.09999999999999999,0.19999999999999998,0.15
3365,0.0249792,False,0.19999999999999998,0.3,0.25
3366,0.0242019,False,0.09999999999999999,0.19999999999999998,0.15
3367,0.0199247,False,0.09999999999999999,0.19999999999999998,0.15
3368,0.0249255,False,0.19999999999999998,0.3,0.25
3369,0.0179303,False,0.09999999999999999,0.19999999999999998,0.15
3370,0.0256795,False,0.19999999999999998,0.3,0.25
3371,0.0298038,False,0.19999999999999998,0.3,0.25
3372,0.0281947,False,0.09999999999999999,0.19999999999999998,0.15
3373,0.0210581,False,0.09999999999999999,0.19999999999999998,0.15
3374,0.018029,False,0.0,0.09999999999999999,0.049999999999999996
3375,0.0213181,False,0.19999999999999998,0.3,0.25
3376,0.0197017,False,0.09999999999999999,0.19999999999999998,0.15
3377,0.0217943,False,0.09999999999999999,0.19999999999999998,0.15
3378,0.02942,False,0.3,0.39999999999999997,0.35
3379,0.0280124,False,0.19999999999999998,0.3,0.25
3380,0.0206636,False,0.09999999999999999,0.19999999999999998,0.15
3381,0.0220183,True,nan,nan,nan
3382,0.0191903,False,0.19999999999999998,0.3,0.25
3383,0.0299115,False,0.19999999999999998,0.3,0.25
3384,0.0264001,False,0.09999999999999999,0.19999999999999998,0.15
3385,0.0231589,False,0.09999999999999999,0.19999999999999998,0.15
3386,0.0199879,False,0.09999999999999999,0.19999999999999998,0.15
3387,0.0228023,False,0.19999999999999998,0.3,0.25
3388,0.0274082,False,0.19999999999999998,0.3,0.25
3389,0.0249027,True,nan,nan,nan
3390,0.0251875,False,0.09999999999999999,0.19999999999999998,0.15
3391,0.0197196,False,0.3,0.39999999999999997,0.35
3392,0.0160275,False,0.19999999999999998,0.3,0.25
3393,0.0235503,False,0.19999999999999998,0.3,0.25
3394,0.0157524,False,0.0,0.09999999999999999,0.049999999999999996
3395,0.016056,False,0.0,0.09999999999999999,0.049999999999999996
3396,0.0168717,False,0.0,0.09999999999999999,0.049999999999999996
3397,0.0162343,False,0.3,0.39999999999999997,0.35
3398,0.0214445,False,0.09999999999999999,0.19999999999999998,0.15
3399,0.0153018,False,0.09999999999999999,0.19999999999999998,0.15
3400,0.0295644,False,0.19999999999999998,0.3,0.25
3401,0.0243478,False,0.19999999999999998,0.3,0.25
3402,0.0255092,False,0.09999999999999999,0.19999999999999998,0.15
3403,0.0162539,False,0.5,0.6,0.55
3404,0.0169279,False,0.09999999999999999,0.19999999999999998,0.15
3405,0.0238204,False,0.09999999999999999,0.19999999999999998,0.15
3406,0.0162185,False,0.0,0.09999999999999999,0.049999999999999996
3407,0.0270388,False,0.09999999999999999,0.19999999999999998,0.15
3408,0.0195836,False,0.0,0.09999999999999999,0.049999999999999996
3409,0.0249663,False,0.6,0.7,0.6499999999999999
3410,0.0192158,False,0.09999999999999999,0.19999999999999998,0.15
3411,0.0249562,False,0.19999999999999998,0.3,0.25
3412,0.0202769,False,0.19999999999999998,0.3,0.25
3413,0.0252744,False,0.19999999999999998,0.3,0.25
3414,0.0280551,False,0.3,0.39999999999999997,0.35
3415,0.0296583,False,0.7999999999999999,0.8999999999999999,0.8499999999999999
3416,0.0252369,False,0.3,0.39999999999999997,0.35
3417,0.0272348,False,0.09999999999999999,0.19999999999999998,0.15
3418,0.0253325,False,0.5,0.6,0.55
3419,0.0287584,False,0.3,0.39999999999999997,0.35
3420,0.0241695,False,0.3,0.39999999999999997,0.35
3421,0.0161902,False,0.09999999999999999,0.19999999999999998,0.15
3422,0.0164873,False,0.0,0.09999999999999999,0.049999999999999996
3423,0.0200489,False,0.09999999999999999,0.19999999999999998,0.15
3424,0.0162609,False,0.0,0.09999999999999999,0.049999999999999996
3425,0.0189581,False,0.19999999999999998,0.3,0.25
3426,0.0191855,False,0.09999999999999999,0.19999999999999998,0.15
3427,0.0199629,False,0.09999999999999999,0.19999999999999998,0.15
3428,0.023448,False,0.09999999999999999,0.19999999999999998,0.15
3429,0.0202373,False,0.19999999999999998,0.3,0.25
3430,0.0176984,False,0.0,0.09999999999999999,0.049999999999999996
3431,0.0236799,False,0.3,0.39999999999999997,0.35
3432,0.0252953,False,0.09999999999999999,0.19999999999999998,0.15
3433,0.0296093,False,0.09999999999999999,0.19999999999999998,0.15
3434,0.0226199,False,0.09999999999999999,0.19999999999999998,0.15
3435,0.0214949,False,0.39999999999999997,0.5,0.44999999999999996
3436,0.0178708,False,0.0,0.09999999999999999,0.049999999999999996
3437,0.0234482,False,0.09999999999999999,0.19999999999999998,0.15
3438,0.0207678,False,0.09999999999999999,0.19999999999999998,0.15
3439,0.0195432,False,0.09999999999999999,0.19999999999999998,0.15
3440,0.0269819,False,0.09999999999999999,0.19999999999999998,0.15
3441,0.0217562,False,0.09999999999999999,0.19999999999999998,0.15
3442,0.0220926,False,0.19999999999999998,0.3,0.25
3443,0.0194579,False,0.09999999999999999,0.19999999999999998,0.15
3444,0.0169193,False,0.0,0.09999999999999999,0.049999999999999996
3445,0.0260702,False,0.3,0.39999999999999997,0.35
3446,0.0164589,False,0.0,0.09999999999999999,0.049999999999999996
3447,0.0225021,False,0.09999999999999999,0.19999999999999998,0.15
3448,0.0196236,False,0.09999999999999999,0.19999999999999998,0.15
3449,0.0249297,False,0.19999999999999998,0.3,0.25
3450,0.0209401,False,0.09999999999999999,0.19999999999999998,0.15
3451,0.0179541,False,0.0,0.09999999999999999,0.049999999999999996
3452,0.0291282,False,0.19999999999999998,0.3,0.25
3453,0.0279152,False,0.19999999999999998,0.3,0.25
3454,0.0254621,False,0.09999999999999999,0.19999999999999998,0.15
3455,0.0163529,False,0.0,0.09999999999999999,0.049999999999999996
3456,0.0184287,True,nan,nan,nan
3457,0.0197989,False,0.09999999999999999,0.19999999999999998,0.15
3458,0.0214293,False,0.09999999999999999,0.19999999999999998,0.15
3459,0.0278485,False,0.19999999999999998,0.3,0.25
3460,0.0234801,False,0.19999999999999998,0.3,0.25
3461,0.0279907,False,0.3,0.39999999999999997,0.35
3462,0.0180915,False,0.0,0.09999999999999999,0.049999999999999996
3463,0.0184865,False,0.09999999999999999,0.19999999999999998,0.15
3464,0.0282645,False,0.09999999999999999,0.19999999999999998,0.15
3465,0.0296473,False,0.3,0.39999999999999997,0.35
3466,0.028918,False,0.39999999999999997,0.5,0.44999999999999996
3467,0.017045,False,0.09999999999999999,0.19999999999999998,0.15
3468,0.0230202,False,0.09999999999999999,0.19999999999999998,0.15
3469,0.0229015,False,0.09999999999999999,0.19999999999999998,0.15
3470,0.0263757,False,0.09999999999999999,0.19999999999999998,0.15
3471,0.0190936,False,0.09999999999999999,0.19999999999999998,0.15
3472,0.0225412,False,0.09999999999999999,0.19999999999999998,0.15
3473,0.0268378,False,0.09999999999999999,0.19999999999999998,0.15
3474,0.0197952,False,0.09999999999999999,0.19999999999999998,0.15
3475,0.0190528,False,0.09999999999999999,0.19999999999999998,0.15
3476,0.0263776,False,0.19999999999999998,0.3,0.25
3477,0.0212517,False,0.09999999999999999,0.19999999999999998,0.15
3478,0.0203051,False,0.09999999999999999,0.19999999999999998,0.15
3479,0.0162022,False,0.09999999999999999,0.19999999999999998,0.15
3480,0.0274436,False,0.09999999999999999,0.19999999999999998,0.15
3481,0.021756,False,0.09999999999999999,0.19999999999999998,0.15
3482,0.0265536,False,0.19999999999999998,0.3,0.25
3483,0.0284636,False,0.09999999999999999,0.19999999999999998,0.15
3484,0.0157289,False,0.0,0.09999999999999999,0.049999999999999996
3485,0.0215789,False,0.09999999999999999,0.19999999999999998,0.15
3486,0.0235814,False,0.09999999999999999,0.19999999999999998,0.15
3487,0.0209008,False,0.09999999999999999,0.19999999999999998,0.15
3488,0.0224792,False,0.19999999999999998,0.3,0.25
3489,0.022386,False,0.7999999999999999,0.8999999999999999,0.8499999999999999
3490,0.0294388,False,0.3,0.39999999999999997,0.35
3491,0.0229822,False,0.3,0.39999999999999997,0.35
3492,0.029837,False,0.19999999999999998,0.3,0.25
3493,0.02556,False,0.09999999999999999,0.19999999999999998,0.15
3494,0.0245208,False,0.39999999999999997,0.5,0.44999999999999996
3495,0.025139,False,0.3,0.39999999999999997,0.35
3496,0.0162005,False,0.0,0.09999999999999999,0.049999999999999996
3497,0.0189927,False,0.0,0.09999999999999999,0.049999999999999996
3498,0.0151438,False,0.09999999999999999,0.19999999999999998,0.15
3499,0.0231297,False,0.09999999999999999,0.19999999999999998,0.15
3500,0.0264858,False,0.09999999999999999,0.19999999999999998,0.15
3501,0.0285247,False,0.5,0.6,0.55
3502,0.020211,False,0.09999999999999999,0.19999999999999998,0.15
3503,0.020549,False,0.09999999999999999,0.19999999999999998,0.15
3504,0.0186571,False,0.09999999999999999,0.19999999999999998,0.15
3505,0.0299254,False,0.19999999999999998,0.3,0.25
3506,0.0153909,False,0.0,0.09999999999999999,0.049999999999999996
3507,0.0253539,False,0.19999999999999998,0.3,0.25
3508,0.0297578,False,0.19999999999999998,0.3,0.25
3509,0.0262107,False,0.09999999999999999,0.19999999999999998,0.15
3510,0.0280549,False,0.39999999999999997,0.5,0.44999999999999996
3511,0.0284753,False,0.19999999999999998,0.3,0.25
3512,0.0210731,False,0.09999999999999999,0.19999999999999998,0.15
3513,0.026174,False,0.09999999999999999,0.19999999999999998,0.15
3514,0.0257076,False,0.09999999999999999,0.19999999999999998,0.15
3515,0.0150811,False,0.0,0.09999999999999999,0.049999999999999996
3516,0.0151173,False,0.09999999999999999,0.19999999999999998,0.15
3517,0.0238227,False,0.09999999999999999,0.19999999999999998,0.15
3518,0.0262311,False,0.3,0.39999999999999997,0.35
3519,0.020953,False,1.0,1.0999999999999999,1.0499999999999998
3520,0.022066,False,0.3,0.39999999999999997,0.35
3521,0.025853,False,0.09999999999999999,0.19999999999999998,0.15
3522,0.0252451,False,0.19999999999999998,0.3,0.25
3523,0.0272068,False,0.09999999999999999,0.19999999999999998,0.15
3524,0.0167368,False,0.0,0.09999999999999999,0.049999999999999996
3525,0.0160264,False,0.19999999999999998,0.3,0.25
3526,0.0248807,False,0.19999999999999998,0.3,0.25
3527,0.0274795,False,0.3,0.39999999999999997,0.35
3528,0.0265747,False,0.09999999999999999,0.19999999999999998,0.15
3529,0.020982,False,0.09999999999999999,0.19999999999999998,0.15
3530,0.0172263,False,0.0,0.09999999999999999,0.049999999999999996
3531,0.0174398,False,0.0,0.09999999999999999,0.049999999999999996
3532,0.0230229,False,0.19999999999999998,0.3,0.25
3533,0.02874,False,0.19999999999999998,0.3,0.25
3534,0.0255902,False,0.19999999999999998,0.3,0.25
3535,0.0201459,False,0.09999999999999999,0.19999999999999998,0.15
3536,0.0260236,False,0.19999999999999998,0.3,0.25
3537,0.0222208,False,0.09999999999999999,0.19999999999999998,0.15
3538,0.019027,False,0.19999999999999998,0.3,0.25
3539,0.0235914,False,0.09999999999999999,0.19999999999999998,0.15
3540,0.0205894,False,0.09999999999999999,0.19999999999999998,0.15
3541,0.0176385,False,0.09999999999999999,0.19999999999999998,0.15
3542,0.0294349,False,0.19999999999999998,0.3,0.25
3543,0.025753,False,0.19999999999999998,0.3,0.25
3544,0.0196664,False,0.3,0.39999999999999997,0.35
3545,0.0221754,False,0.19999999999999998,0.3,0.25
3546,0.0156801,False,0.0,0.09999999999999999,0.049999999999999996
3547,0.01584,False,0.3,0.39999999999999997,0.35
3548,0.0229802,False,0.09999999999999999,0.19999999999999998,0.15
3549,0.0293514,False,0.19999999999999998,0.3,0.25
3550,0.0218787,False,0.09999999999999999,0.19999999999999998,0.15
3551,0.0260532,False,0.19999999999999998,0.3,0.25
3552,0.0226017,False,0.19999999999999998,0.3,0.25
3553,0.0207041,False,0.3,0.39999999999999997,0.35
3554,0.0208792,False,0.09999999999999999,0.19999999999999998,0.15
3555,0.0245789,False,0.09999999999999999,0.19999999999999998,0.15
3556,0.0224489,False,0.09999999999999999,0.19999999999999998,0.15
3557,0.0175755,False,0.09999999999999999,0.19999999999999998,0.15
3558,0.0194437,False,0.0,0.09999999999999999,0.049999999999999996
3559,0.0213674,False,0.09999999999999999,0.19999999999999998,0.15
3560,0.0206184,False,0.09999999999999999,0.19999999999999998,0.15
3561,0.0247074,False,0.09999999999999999,0.19999999999999998,0.15
3562,0.0218987,False,0.09999999999999999,0.19999999999999998,0.15
3563,0.0260435,False,0.19999999999999998,0.3,0.25
3564,0.0277345,False,0.09999999999999999,0.19999999999999998,0.15
3565,0.0256387,False,0.19999999999999998,0.3,0.25
3566,0.0268274,False,0.19999999999999998,0.3,0.25
3567,0.0249667,False,0.19999999999999998,0.3,0.25
3568,0.0243262,True,nan,nan,nan
3569,0.0242739,False,0.09999999999999999,0.19999999999999998,0.15
3570,0.0274999,False,0.19999999999999998,0.3,0.25
3571,0.016123,False,0.0,0.09999999999999999,0.049999999999999996
3572,0.0185406,False,0.09999999999999999,0.19999999999999998,0.15
3573,0.023738,False,0.09999999999999999,0.19999999999999998,0.15
3574,0.0269857,False,0.09999999999999999,0.19999999999999998,0.15
3575,0.0195109,False,0.09999999999999999,0.19999999999999998,0.15
3576,0.0226026,False,0.3,0.39999999999999997,0.35
3577,0.0224667,False,0.09999999999999999,0.19999999999999998,0.15
3578,0.0271391,False,0.6,0.7,0.6499999999999999
3579,0.0286374,False,0.19999999999999998,0.3,0.25
3580,0.0223216,False,0.09999999999999999,0.19999999999999998,0.15
3581,0.022437,False,0.39999999999999997,0.5,0.44999999999999996
3582,0.0167653,False,0.0,0.09999999999999999,0.049999999999999996
3583,0.0253267,True,nan,nan,nan
3584,0.0236099,False,0.09999999999999999,0.19999999999999998,0.15
3585,0.0295048,False,0.09999999999999999,0.19999999999999998,0.15
3586,0.0233137,False,0.6,0.7,0.6499999999999999
3587,0.0273381,False,0.09999999999999999,0.19999999999999998,0.15
3588,0.0164689,False,0.09999999999999999,0.19999999999999998,0.15
3589,0.0176014,False,0.09999999999999999,0.19999999999999998,0.15
3590,0.0264159,False,0.19999999999999998,0.3,0.25
3591,0.0215786,False,0.09999999999999999,0.19999999999999998,0.15
3592,0.0274177,False,0.5,0.6,0.55
3593,0.0221817,False,0.09999999999999999,0.19999999999999998,0.15
3594,0.0231571,False,0.09999999999999999,0.19999999999999998,0.15
3595,0.0178116,False,0.09999999999999999,0.19999999999999998,0.15
3596,0.0240532,False,0.19999999999999998,0.3,0.25
3597,0.0260042,False,0.09999999999999999,0.19999999999999998,0.15
3598,0.0185963,False,0.09999999999999999,0.19999999999999998,0.15
3599,0.0170968,False,0.09999999999999999,0.19999999999999998,0.15
3600,0.0291626,True,nan,nan,nan
3601,0.0287657,False,0.19999999999999998,0.3,0.25
3602,0.0202504,False,0.19999999999999998,0.3,0.25
3603,0.0287609,False,0.19999999999999998,0.3,0.25
3604,0.0243521,False,0.39999999999999997,0.5,0.44999999999999996
3605,0.0213482,False,0.09999999999999999,0.19999999999999998,0.15
3606,0.0272507,False,0.09999999999999999,0.19999999999999998,0.15
3607,0.0219139,False,0.09999999999999999,0.19999999999999998,0.15
3608,0.0211814,False,0.09999999999999999,0.19999999999999998,0.15
3609,0.0171841,False,0.09999999999999999,0.19999999999999998,0.15
3610,0.0151163,False,0.09999999999999999,0.19999999999999998,0.15
3611,0.0225414,False,0.19999999999999998,0.3,0.25
3612,0.0298219,False,0.3,0.39999999999999997,0.35
3613,0.0274723,False,0.19999999999999998,0.3,0.25
3614,0.0156533,False,0.19999999999999998,0.3,0.25
3615,0.0195002,False,0.0,0.09999999999999999,0.049999999999999996
3616,0.0179584,False,0.09999999999999999,0.19999999999999998,0.15
3617,0.0281659,False,0.5,0.6,0.55
3618,0.0222899,False,0.09999999999999999,0.19999999999999998,0.15
3619,0.0192561,False,0.19999999999999998,0.3,0.25
3620,0.0186361,False,0.19999999999999998,0.3,0.25
3621,0.0275652,False,0.09999999999999999,0.19999999999999998,0.15
3622,0.0171175,False,0.09999999999999999,0.19999999999999998,0.15
3623,0.021798,False,0.3,0.39999999999999997,0.35
3624,0.0188556,False,0.09999999999999999,0.19999999999999998,0.15
3625,0.0266439,False,0.3,0.39999999999999997,0.35
3626,0.0265421,False,0.19999999999999998,0.3,0.25
3627,0.0248209,False,0.09999999999999999,0.19999999999999998,0.15
3628,0.0209264,False,0.09999999999999999,0.19999999999999998,0.15
3629,0.0201642,False,0.19999999999999998,0.3,0.25
3630,0.022393,False,0.09999999999999999,0.19999999999999998,0.15
3631,0.0248638,False,0.3,0.39999999999999997,0.35
3632,0.021983,False,0.39999999999999997,0.5,0.44999999999999996
3633,0.019306,False,0.09999999999999999,0.19999999999999998,0.15
3634,0.0191874,False,0.09999999999999999,0.19999999999999998,0.15
3635,0.0285782,False,0.19999999999999998,0.3,0.25
3636,0.0296927,False,1.0,1.0999999999999999,1.0499999999999998
3637,0.0153826,False,0.0,0.09999999999999999,0.049999999999999996
3638,0.0289659,False,0.19999999999999998,0.3,0.25
3639,0.0295917,False,0.19999999999999998,0.3,0.25
3640,0.0187753,False,0.3,0.39999999999999997,0.35
3641,0.0162933,False,0.19999999999999998,0.3,0.25
3642,0.0281234,False,0.09999999999999999,0.19999999999999998,0.15
3643,0.0175647,False,0.09999999999999999,0.19999999999999998,0.15
3644,0.0162313,False,0.0,0.09999999999999999,0.049999999999999996
3645,0.026678,False,0.3,0.39999999999999997,0.35
3646,0.020278,False,0.09999999999999999,0.19999999999999998,0.15
3647,0.023369,False,0.09999999999999999,0.19999999999999998,0.15
3648,0.0162039,False,0.19999999999999998,0.3,0.25
3649,0.0169668,False,0.09999999999999999,0.19999999999999998,0.15
3650,0.0192587,False,0.09999999999999999,0.19999999999999998,0.15
3651,0.0279977,False,0.09999999999999999,0.19999999999999998,0.15
3652,0.0181865,False,0.09999999999999999,0.19999999999999998,0.15
3653,0.0251341,False,0.09999999999999999,0.19999999999999998,0.15
3654,0.0164103,False,0.19999999999999998,0.3,0.25
3655,0.0285234,True,nan,nan,nan
3656,0.0249863,False,0.09999999999999999,0.19999999999999998,0.15
3657,0.0285187,False,0.09999999999999999,0.19999999999999998,0.15
3658,0.0224148,False,0.09999999999999999,0.19999999999999998,0.15
3659,0.0165954,False,0.0,0.09999999999999999,0.049999999999999996
3660,0.0269218,False,0.19999999999999998,0.3,0.25
3661,0.016381,False,0.39999999999999997,0.5,0.44999999999999996
3662,0.0280362,False,0.09999999999999999,0.19999999999999998,0.15
3663,0.0199543,False,0.09999999999999999,0.19999999999999998,0.15
3664,0.0254813,False,0.6,0.7,0.6499999999999999
3665,0.0224883,False,0.3,0.39999999999999997,0.35
3666,0.0225923,False,0.09999999999999999,0.19999999999999998,0.15
3667,0.0157175,False,0.0,0.09999999999999999,0.049999999999999996
3668,0.0241986,False,0.09999999999999999,0.19999999999999998,0.15
3669,0.0274179,False,0.09999999999999999,0.19999999999999998,0.15
3670,0.0187376,False,0.19999999999999998,0.3,0.25
3671,0.023371,False,0.5,0.6,0.55
3672,0.0260388,False,0.09999999999999999,0.19999999999999998,0.15
3673,0.0278691,False,0.09999999999999999,0.19999999999999998,0.15
3674,0.0168681,False,0.19999999999999998,0.3,0.25
3675,0.0287901,False,0.19999999999999998,0.3,0.25
3676,0.0191222,False,0.0,0.09999999999999999,0.049999999999999996
3677,0.0160763,False,0.09999999999999999,0.19999999999999998,0.15
3678,0.0258986,False,0.39999999999999997,0.5,0.44999999999999996
3679,0.0288138,True,nan,nan,nan
3680,0.0156032,False,0.09999999999999999,0.19999999999999998,0.15
3681,0.0155435,False,0.0,0.09999999999999999,0.049999999999999996
3682,0.0154206,False,0.0,0.09999999999999999,0.049999999999999996
3683,0.0264778,False,0.09999999999999999,0.19999999999999998,0.15
3684,0.0268911,False,0.09999999999999999,0.19999999999999998,0.15
3685,0.0205791,False,0.09999999999999999,0.19999999999999998,0.15
3686,0.020943,False,0.19999999999999998,0.3,0.25
3687,0.0191326,False,0.6,0.7,0.6499999999999999
3688,0.0166439,False,0.0,0.09999999999999999,0.049999999999999996
3689,0.0179581,False,0.09999999999999999,0.19999999999999998,0.15
3690,0.0155888,False,0.0,0.09999999999999999,0.049999999999999996
3691,0.0224759,True,nan,nan,nan
3692,0.0202163,False,0.09999999999999999,0.19999999999999998,0.15
3693,0.0296224,False,0.3,0.39999999999999997,0.35
3694,0.0186211,False,0.09999999999999999,0.19999999999999998,0.15
3695,0.0283586,False,0.19999999999999998,0.3,0.25
3696,0.019557,False,0.19999999999999998,0.3,0.25
3697,0.0294056,False,0.3,0.39999999999999997,0.35
3698,0.0161627,False,0.09999999999999999,0.19999999999999998,0.15
3699,0.0261499,False,0.19999999999999998,0.3,0.25
3700,0.0245295,False,0.19999999999999998,0.3,0.25
3701,0.0179256,False,0.0,0.09999999999999999,0.049999999999999996
3702,0.0174671,False,0.09999999999999999,0.19999999999999998,0.15
3703,0.0293822,False,0.39999999999999997,0.5,0.44999999999999996
3704,0.0256281,False,0.09999999999999999,0.19999999999999998,0.15
3705,0.0162708,False,0.0,0.09999999999999999,0.049999999999999996
3706,0.0225904,False,0.19999999999999998,0.3,0.25
3707,0.0251345,False,0.09999999999999999,0.19999999999999998,0.15
3708,0.0190122,False,0.8999999999999999,1.0,0.95
3709,0.0254269,True,nan,nan,nan
3710,0.0250986,False,0.19999999999999998,0.3,0.25
3711,0.0285997,False,0.09999999999999999,0.19999999999999998,0.15
3712,0.0156249,False,0.0,0.09999999999999999,0.049999999999999996
3713,0.026108,False,0.19999999999999998,0.3,0.25
3714,0.0281882,False,0.3,0.39999999999999997,0.35
3715,0.0191326,False,0.0,0.09999999999999999,0.049999999999999996
3716,0.0291998,False,0.19999999999999998,0.3,0.25
3717,0.0264128,False,0.09999999999999999,0.19999999999999998,0.15
3718,0.0156124,False,0.09999999999999999,0.19999999999999998,0.15
3719,0.0259953,False,0.09999999999999999,0.19999999999999998,0.15
3720,0.0220258,False,0.5,0.6,0.55
3721,0.0241682,False,0.19999999999999998,0.3,0.25
3722,0.0291752,False,0.39999999999999997,0.5,0.44999999999999996
3723,0.0214356,False,0.09999999999999999,0.19999999999999998,0.15
3724,0.0254943,False,0.09999999999999999,0.19999999999999998,0.15
3725,0.0199342,False,0.09999999999999999,0.19999999999999998,0.15
3726,0.024183,False,0.09999999999999999,0.19999999999999998,0.15
3727,0.0269914,False,0.6,0.7,0.6499999999999999
3728,0.0166915,False,0.0,0.09999999999999999,0.049999999999999996
3729,0.017689,False,0.0,0.09999999999999999,0.049999999999999996
3730,0.0200533,False,0.09999999999999999,0.19999999999999998,0.15
3731,0.0164288,False,0.19999999999999998,0.3,0.25
3732,0.0281192,False,0.19999999999999998,0.3,0.25
3733,0.0289192,False,0.3,0.39999999999999997,0.35
3734,0.0273006,False,0.5,0.6,0.55
3735,0.0212063,False,0.09999999999999999,0.19999999999999998,0.15
3736,0.0269209,False,0.09999999999999999,0.19999999999999998,0.15
3737,0.0291089,True,nan,nan,nan
3738,0.0255778,False,0.09999999999999999,0.19999999999999998,0.15
3739,0.0262301,False,0.19999999999999998,0.3,0.25
3740,0.0215138,False,0.09999999999999999,0.19999999999999998,0.15
3741,0.0281156,False,0.19999999999999998,0.3,0.25
3742,0.0264821,False,0.09999999999999999,0.19999999999999998,0.15
3743,0.0281304,False,0.19999999999999998,0.3,0.25
3744,0.0177995,False,0.5,0.6,0.55
3745,0.0242025,False,0.19999999999999998,0.3,0.25
3746,0.0201824,False,0.09999999999999999,0.19999999999999998,0.15
3747,0.0158879,False,0.09999999999999999,0.19999999999999998,0.15
3748,0.0222457,False,0.09999999999999999,0.19999999999999998,0.15
3749,0.0192468,False,0.19999999999999998,0.3,0.25
3750,0.0175868,False,0.19999999999999998,0.3,0.25
3751,0.0231842,False,0.09999999999999999,0.19999999999999998,0.15
3752,0.0292974,False,0.3,0.39999999999999997,0.35
3753,0.0224893,False,0.09999999999999999,0.19999999999999998,0.15
3754,0.0290785,True,nan,nan,nan
3755,0.0154569,False,0.0,0.09999999999999999,0.049999999999999996
3756,0.018474,False,0.7999999999999999,0.8999999999999999,0.8499999999999999
3757,0.0200937,False,0.09999999999999999,0.19999999999999998,0.15
3758,0.0290382,False,0.3,0.39999999999999997,0.35
3759,0.0229177,False,0.09999999999999999,0.19999999999999998,0.15
3760,0.0155982,False,0.19999999999999998,0.3,0.25
3761,0.0198916,False,0.09999999999999999,0.19999999999999998,0.15
3762,0.0287474,False,0.19999999999999998,0.3,0.25
3763,0.0163729,False,0.3,0.39999999999999997,0.35
3764,0.0293151,False,0.3,0.39999999999999997,0.35
3765,0.0234509,False,0.6,0.7,0.6499999999999999
3766,0.0208741,True,nan,nan,nan
3767,0.025545,False,0.09999999999999999,0.19999999999999998,0.15
3768,0.0268319,False,0.3,0.39999999999999997,0.35
3769,0.017495,False,0.0,0.09999999999999999,0.049999999999999996
3770,0.0221183,False,0.3,0.39999999999999997,0.35
3771,0.0167327,False,0.19999999999999998,0.3,0.25
3772,0.0177509,False,0.09999999999999999,0.19999999999999998,0.15
3773,0.0231756,True,nan,nan,nan
3774,0.0157079,False,0.0,0.09999999999999999,0.049999999999999996
3775,0.0151701,False,0.0,0.09999999999999999,0.049999999999999996
3776,0.0253399,False,0.19999999999999998,0.3,0.25
3777,0.0196891,False,0.09999999999999999,0.19999999999999998,0.15
3778,0.0237461,False,0.09999999999999999,0.19999999999999998,0.15
3779,0.0208672,False,0.09999999999999999,0.19999999999999998,0.15
3780,0.0277249,False,0.39999999999999997,0.5,0.44999999999999996
3781,0.023628,False,0.19999999999999998,0.3,0.25
3782,0.0246391,False,0.19999999999999998,0.3,0.25
3783,0.0230973,False,0.39999999999999997,0.5,0.44999999999999996
3784,0.0180439,False,0.09999999999999999,0.19999999999999998,0.15
3785,0.0204476,False,0.09999999999999999,0.19999999999999998,0.15
3786,0.0197028,False,0.09999999999999999,0.19999999999999998,0.15
3787,0.0155826,False,0.0,0.09999999999999999,0.049999999999999996
3788,0.0238676,False,0.09999999999999999,0.19999999999999998,0.15
3789,0.0162916,False,0.0,0.09999999999999999,0.049999999999999996
3790,0.019492,False,0.09999999999999999,0.19999999999999998,0.15
3791,0.0294295,False,0.6,0.7,0.6499999999999999
3792,0.0182967,False,0.3,0.39999999999999997,0.35
3793,0.0230978,False,0.09999999999999999,0.19999999999999998,0.15
3794,0.0233926,False,0.09999999999999999,0.19999999999999998,0.15
3795,0.019452,False,0.5,0.6,0.55
3796,0.0293558,False,0.19999999999999998,0.3,0.25
3797,0.0278155,False,0.19999999999999998,0.3,0.25
3798,0.0204975,False,0.39999999999999997,0.5,0.44999999999999996
3799,0.0195665,False,0.19999999999999998,0.3,0.25
3800,0.0236648,False,0.19999999999999998,0.3,0.25
3801,0.027832,False,0.19999999999999998,0.3,0.25
3802,0.029123,False,0.3,0.39999999999999997,0.35
3803,0.0178096,False,0.3,0.39999999999999997,0.35
3804,0.0248631,False,0.8999999999999999,1.0,0.95
3805,0.0212987,False,0.09999999999999999,0.19999999999999998,0.15
3806,0.0280674,False,0.6,0.7,0.6499999999999999
3807,0.0175245,False,0.09999999999999999,0.19999999999999998,0.15
3808,0.027526,False,0.09999999999999999,0.19999999999999998,0.15
3809,0.0225139,False,0.09999999999999999,0.19999999999999998,0.15
3810,0.0243688,False,0.09999999999999999,0.19999999999999998,0.15
3811,0.0173878,False,0.0,0.09999999999999999,0.049999999999999996
3812,0.019681,False,0.19999999999999998,0.3,0.25
3813,0.021324,False,0.09999999999999999,0.19999999999999998,0.15
3814,0.0184148,False,0.19999999999999998,0.3,0.25
3815,0.0260724,False,0.09999999999999999,0.19999999999999998,0.15
3816,0.0187281,False,0.19999999999999998,0.3,0.25
3817,0.0255639,False,0.09999999999999999,0.19999999999999998,0.15
3818,0.0299361,False,0.19999999999999998,0.3,0.25
3819,0.0200417,False,0.09999999999999999,0.19999999999999998,0.15
3820,0.0270734,False,0.09999999999999999,0.19999999999999998,0.15
3821,0.0261798,False,0.3,0.39999999999999997,0.35
3822,0.019315,False,0.5,0.6,0.55
3823,0.0277745,False,0.09999999999999999,0.19999999999999998,0.15
3824,0.0153873,False,0.19999999999999998,0.3,0.25
3825,0.0173491,False,0.09999999999999999,0.19999999999999998,0.15
3826,0.0271282,False,0.09999999999999999,0.19999999999999998,0.15
3827,0.0276549,False,0.39999999999999997,0.5,0.44999999999999996
3828,0.0268115,False,0.09999999999999999,0.19999999999999998,0.15
3829,0.0276373,False,0.09999999999999999,0.19999999999999998,0.15
3830,0.0211277,False,0.09999999999999999,0.19999999999999998,0.15
3831,0.017619,False,0.0,0.09999999999999999,0.049999999999999996
3832,0.029718,True,nan,nan,nan
3833,0.0297425,False,0.19999999999999998,0.3,0.25
3834,0.0229636,False,0.39999999999999997,0.5,0.44999999999999996
3835,0.0170285,False,0.09999999999999999,0.19999999999999998,0.15
3836,0.0252903,False,0.09999999999999999,0.19999999999999998,0.15
3837,0.0242343,False,0.19999999999999998,0.3,0.25
3838,0.0260596,False,0.09999999999999999,0.19999999999999998,0.15
3839,0.0179322,False,0.09999999999999999,0.19999999999999998,0.15
3840,0.0214165,False,0.19999999999999998,0.3,0.25
3841,0.0175054,False,0.3,0.39999999999999997,0.35
3842,0.0209038,False,0.09999999999999999,0.19999999999999998,0.15
3843,0.0263877,False,0.09999999999999999,0.19999999999999998,0.15
3844,0.0289847,False,0.09999999999999999,0.19999999999999998,0.15
3845,0.0233554,False,0.3,0.39999999999999997,0.35
3846,0.0166412,False,0.7999999999999999,0.8999999999999999,0.8499999999999999
3847,0.0224919,False,0.09999999999999999,0.19999999999999998,0.15
3848,0.0182772,False,0.0,0.09999999999999999,0.049999999999999996
3849,0.0153165,False,0.5,0.6,0.55
3850,0.0257415,False,0.19999999999999998,0.3,0.25
3851,0.0172431,False,0.19999999999999998,0.3,0.25
3852,0.0218459,False,0.09999999999999999,0.19999999999999998,0.15
3853,0.0236673,False,0.09999999999999999,0.19999999999999998,0.15
3854,0.0233363,False,0.09999999999999999,0.19999999999999998,0.15
3855,0.0172243,False,0.0,0.09999999999999999,0.049999999999999996
3856,0.0286526,False,0.3,0.39999999999999997,0.35
3857,0.0290734,False,0.09999999999999999,0.19999999999999998,0.15
3858,0.0199899,False,0.09999999999999999,0.19999999999999998,0.15
3859,0.0256928,False,0.19999999999999998,0.3,0.25
3860,0.0203572,False,0.09999999999999999,0.19999999999999998,0.15
3861,0.0280835,False,0.09999999999999999,0.19999999999999998,0.15
3862,0.0203246,False,0.09999999999999999,0.19999999999999998,0.15
3863,0.0173868,False,0.09999999999999999,0.19999999999999998,0.15
3864,0.0244323,False,0.3,0.39999999999999997,0.35
3865,0.0278695,False,0.19999999999999998,0.3,0.25
3866,0.0241327,False,0.09999999999999999,0.19999999999999998,0.15
3867,0.0208838,False,0.09999999999999999,0.19999999999999998,0.15
3868,0.018285,False,0.0,0.09999999999999999,0.049999999999999996
3869,0.0264001,False,0.3,0.39999999999999997,0.35
3870,0.027927,False,0.19999999999999998,0.3,0.25
3871,0.0213574,False,0.09999999999999999,0.19999999999999998,0.15
3872,0.0250146,False,0.19999999999999998,0.3,0.25
3873,0.0212258,False,0.09999999999999999,0.19999999999999998,0.15
3874,0.025682,False,0.19999999999999998,0.3,0.25
3875,0.0277019,False,0.19999999999999998,0.3,0.25
3876,0.0172235,False,0.0,0.09999999999999999,0.049999999999999996
3877,0.0263272,False,1.5,1.5999999999999999,1.5499999999999998
3878,0.0261217,False,0.19999999999999998,0.3,0.25
3879,0.0209824,False,0.09999999999999999,0.19999999999999998,0.15
3880,0.0192612,False,0.09999999999999999,0.19999999999999998,0.15
3881,0.015381,False,0.0,0.09999999999999999,0.049999999999999996
3882,0.0176915,False,0.0,0.09999999999999999,0.049999999999999996
3883,0.0211189,False,0.09999999999999999,0.19999999999999998,0.15
3884,0.0227601,False,0.09999999999999999,0.19999999999999998,0.15
3885,0.0238384,True,nan,nan,nan
3886,0.0171841,False,0.09999999999999999,0.19999999999999998,0.15
3887,0.0274658,False,0.19999999999999998,0.3,0.25
3888,0.0170736,False,0.09999999999999999,0.19999999999999998,0.15
3889,0.0252484,False,0.19999999999999998,0.3,0.25
3890,0.0154967,False,0.0,0.09999999999999999,0.049999999999999996
3891,0.0283134,False,0.3,0.39999999999999997,0.35
3892,0.0176908,False,0.09999999999999999,0.19999999999999998,0.15
3893,0.0244808,False,0.09999999999999999,0.19999999999999998,0.15
3894,0.02863,False,0.6,0.7,0.6499999999999999
3895,0.0204392,False,0.09999999999999999,0.19999999999999998,0.15
3896,0.0176215,False,0.0,0.09999999999999999,0.049999999999999996
3897,0.0243557,False,0.5,0.6,0.55
3898,0.0261029,True,nan,nan,nan
3899,0.0178473,False,0.0,0.09999999999999999,0.049999999999999996
3900,0.0285368,False,0.19999999999999998,0.3,0.25
3901,0.0246957,False,0.09999999999999999,0.19999999999999998,0.15
3902,0.0250529,False,0.09999999999999999,0.19999999999999998,0.15
3903,0.0195061,False,0.09999999999999999,0.19999999999999998,0.15
3904,0.0252128,False,0.19999999999999998,0.3,0.25
3905,0.0185205,False,0.19999999999999998,0.3,0.25
3906,0.0279497,False,0.09999999999999999,0.19999999999999998,0.15
3907,0.0184749,False,0.09999999999999999,0.19999999999999998,0.15
3908,0.0167606,False,0.0,0.09999999999999999,0.049999999999999996
3909,0.0163254,False,0.0,0.09999999999999999,0.049999999999999996
3910,0.0290675,False,0.5,0.6,0.55
3911,0.0217338,False,0.09999999999999999,0.19999999999999998,0.15
3912,0.0272379,False,0.09999999999999999,0.19999999999999998,0.15
3913,0.0202601,False,0.09999999999999999,0.19999999999999998,0.15
3914,0.0152125,False,0.19999999999999998,0.3,0.25
3915,0.029305,False,0.3,0.39999999999999997,0.35
3916,0.029052,False,0.39999999999999997,0.5,0.44999999999999996
3917,0.0199263,False,0.09999999999999999,0.19999999999999998,0.15
3918,0.021625,False,0.3,0.39999999999999997,0.35
3919,0.0175987,False,0.0,0.09999999999999999,0.049999999999999996
3920,0.0166703,False,0.09999999999999999,0.19999999999999998,0.15
3921,0.0231569,False,0.3,0.39999999999999997,0.35
3922,0.0198661,False,0.09999999999999999,0.19999999999999998,0.15
3923,0.0165293,False,0.0,0.09999999999999999,0.049999999999999996
3924,0.0172637,False,0.7,0.7999999999999999,0.75
3925,0.0179574,False,0.19999999999999998,0.3,0.25
3926,0.0291286,False,0.3,0.39999999999999997,0.35
3927,0.0261963,False,0.19999999999999998,0.3,0.25
3928,0.0187626,False,0.0,0.09999999999999999,0.049999999999999996
3929,0.0190645,False,0.3,0.39999999999999997,0.35
3930,0.016678,False,0.0,0.09999999999999999,0.049999999999999996
3931,0.025637,False,0.19999999999999998,0.3,0.25
3932,0.0273891,False,0.19999999999999998,0.3,0.25
3933,0.0259156,False,0.09999999999999999,0.19999999999999998,0.15
3934,0.0225714,False,0.19999999999999998,0.3,0.25
3935,0.0218479,True,nan,nan,nan
3936,0.0267079,False,0.09999999999999999,0.19999999999999998,0.15
3937,0.0202302,False,0.09999999999999999,0.19999999999999998,0.15
3938,0.0176648,False,0.19999999999999998,0.3,0.25
3939,0.020888,False,0.3,0.39999999999999997,0.35
3940,0.0211025,False,0.09999999999999999,0.19999999999999998,0.15
3941,0.0179717,False,0.09999999999999999,0.19999999999999998,0.15
3942,0.0184888,False,0.09999999999999999,0.19999999999999998,0.15
3943,0.0208053,False,0.0,0.09999999999999999,0.049999999999999996
3944,0.018228,False,0.0,0.09999999999999999,0.049999999999999996
3945,0.0231226,True,nan,nan,nan
3946,0.0196871,True,nan,nan,nan
3947,0.0251655,False,0.09999999999999999,0.19999999999999998,0.15
3948,0.0211435,False,0.09999999999999999,0.19999999999999998,0.15
3949,0.015056,False,0.0,0.09999999999999999,0.049999999999999996
3950,0.0194117,False,0.09999999999999999,0.19999999999999998,0.15
3951,0.0259588,False,0.09999999999999999,0.19999999999999998,0.15
3952,0.0175117,False,0.0,0.09999999999999999,0.049999999999999996
3953,0.019868,False,0.09999999999999999,0.19999999999999998,0.15
3954,0.0228875,False,0.39999999999999997,0.5,0.44999999999999996
3955,0.0186745,False,0.0,0.09999999999999999,0.049999999999999996
3956,0.0285277,False,0.09999999999999999,0.19999999999999998,0.15
3957,0.0276227,False,0.09999999999999999,0.19999999999999998,0.15
3958,0.0232646,False,0.3,0.39999999999999997,0.35
3959,0.0288036,False,0.19999999999999998,0.3,0.25
3960,0.0177729,False,0.19999999999999998,0.3,0.25
3961,0.0158794,False,0.09999999999999999,0.19999999999999998,0.15
3962,0.0214295,False,0.19999999999999998,0.3,0.25
3963,0.0180544,False,0.09999999999999999,0.19999999999999998,0.15
3964,0.0255668,False,0.19999999999999998,0.3,0.25
3965,0.0189507,False,0.19999999999999998,0.3,0.25
3966,0.0189068,False,0.09999999999999999,0.19999999999999998,0.15
3967,0.0172682,False,0.09999999999999999,0.19999999999999998,0.15
3968,0.0272892,False,0.09999999999999999,0.19999999999999998,0.15
3969,0.0172861,False,0.09999999999999999,0.19999999999999998,0.15
3970,0.0291111,False,0.19999999999999998,0.3,0.25
3971,0.0234363,False,0.3,0.39999999999999997,0.35
3972,0.0224128,False,0.09999999999999999,0.19999999999999998,0.15
3973,0.0154721,False,0.19999999999999998,0.3,0.25
3974,0.02704,False,0.19999999999999998,0.3,0.25
3975,0.0175713,False,0.0,0.09999999999999999,0.049999999999999996
3976,0.0181639,False,0.0,0.09999999999999999,0.049999999999999996
3977,0.0170363,True,nan,nan,nan
3978,0.0273888,True,nan,nan,nan
3979,0.0153568,False,0.0,0.09999999999999999,0.049999999999999996
3980,0.0173486,False,0.09999999999999999,0.19999999999999998,0.15
3981,0.0254841,False,0.09999999999999999,0.19999999999999998,0.15
3982,0.0220846,False,0.19999999999999998,0.3,0.25
3983,0.0189767,False,0.39999999999999997,0.5,0.44999999999999996
3984,0.0273839,False,0.39999999999999997,0.5,0.44999999999999996
3985,0.0249892,False,0.09999999999999999,0.19999999999999998,0.15
3986,0.0283795,False,0.19999999999999998,0.3,0.25
3987,0.0245042,False,0.09999999999999999,0.19999999999999998,0.15
3988,0.0282189,False,0.19999999999999998,0.3,0.25
3989,0.0226711,False,0.09999999999999999,0.19999999999999998,0.15
3990,0.0254074,False,0.3,0.39999999999999997,0.35
3991,0.0182068,False,0.09999999999999999,0.19999999999999998,0.15
3992,0.0283528,False,0.09999999999999999,0.19999999999999998,0.15
3993,0.0169501,False,0.0,0.09999999999999999,0.049999999999999996
3994,0.0157782,False,0.0,0.09999999999999999,0.049999999999999996
3995,0.0204447,False,0.19999999999999998,0.3,0.25
3996,0.0221372,False,0.19999999999999998,0.3,0.25
3997,0.0164997,False,0.09999999999999999,0.19999999999999998,0.15
3998,0.0207956,False,0.09999999999999999,0.19999999999999998,0.15
3999,0.0158347,False,0.09999999999999999,0.19999999999999998,0.15
4000,0.0174035,False,0.09999999999999999,0.19999999999999998,0.15
4001,0.0210573,False,0.09999999999999999,0.19999999999999998,0.15
4002,0.0269383,False,0.09999999999999999,0.19999999999999998,0.15
4003,0.0276862,False,0.19999999999999998,0.3,0.25
4004,0.0288813,False,0.19999999999999998,0.3,0.25
4005,0.0257079,True,nan,nan,nan
4006,0.0171037,False,0.0,0.09999999999999999,0.049999999999999996
4007,0.0248464,False,0.19999999999999998,0.3,0.25
4008,0.029383,False,0.3,0.39999999999999997,0.35
4009,0.0206731,False,0.19999999999999998,0.3,0.25
4010,0.0200499,False,0.09999999999999999,0.19999999999999998,0.15
4011,0.0245213,False,0.09999999999999999,0.19999999999999998,0.15
4012,0.0190629,False,0.19999999999999998,0.3,0.25
4013,0.0228859,False,0.09999999999999999,0.19999999999999998,0.15
4014,0.0230961,False,0.3,0.39999999999999997,0.35
4015,0.0179423,False,0.19999999999999998,0.3,0.25
4016,0.0200424,False,0.09999999999999999,0.19999999999999998,0.15
4017,0.0279741,False,0.09999999999999999,0.19999999999999998,0.15
4018,0.0205554,False,0.09999999999999999,0.19999999999999998,0.15
4019,0.0277242,False,0.19999999999999998,0.3,0.25
4020,0.0261855,False,0.19999999999999998,0.3,0.25
4021,0.0274668,True,nan,nan,nan
4022,0.0169105,False,0.09999999999999999,0.19999999999999998,0.15
4023,0.0290608,False,0.19999999999999998,0.3,0.25
4024,0.0168106,False,0.0,0.09999999999999999,0.049999999999999996
4025,0.0279149,False,0.5,0.6,0.55
4026,0.0249558,False,0.09999999999999999,0.19999999999999998,0.15
4027,0.0295738,False,0.5,0.6,0.55
4028,0.0229234,True,nan,nan,nan
4029,0.0247624,False,0.09999999999999999,0.19999999999999998,0.15
4030,0.0256918,False,0.6,0.7,0.6499999999999999
4031,0.0184082,False,0.09999999999999999,0.19999999999999998,0.15
4032,0.0264612,False,0.3,0.39999999999999997,0.35
4033,0.0295137,False,0.3,0.39999999999999997,0.35
4034,0.0272688,False,0.19999999999999998,0.3,0.25
4035,0.0211136,False,0.09999999999999999,0.19999999999999998,0.15
4036,0.0274393,False,0.19999999999999998,0.3,0.25
4037,0.019611,False,0.09999999999999999,0.19999999999999998,0.15
4038,0.0273147,False,0.39999999999999997,0.5,0.44999999999999996
4039,0.0195411,False,0.09999999999999999,0.19999999999999998,0.15
4040,0.0257786,False,0.09999999999999999,0.19999999999999998,0.15
4041,0.0257128,False,0.39999999999999997,0.5,0.44999999999999996
4042,0.0234586,False,0.09999999999999999,0.19999999999999998,0.15
4043,0.0158377,False,0.0,0.09999999999999999,0.049999999999999996
4044,0.0299312,False,0.6,0.7,0.6499999999999999
4045,0.028917,False,0.19999999999999998,0.3,0.25
4046,0.0273192,False,0.19999999999999998,0.3,0.25
4047,0.0279654,False,0.09999999999999999,0.19999999999999998,0.15
4048,0.0270423,False,0.09999999999999999,0.19999999999999998,0.15
4049,0.0289698,False,0.19999999999999998,0.3,0.25
4050,0.0201957,False,0.0,0.09999999999999999,0.049999999999999996
4051,0.0174231,False,0.5,0.6,0.55
4052,0.0230207,False,0.09999999999999999,0.19999999999999998,0.15
4053,0.027066,False,0.09999999999999999,0.19999999999999998,0.15
4054,0.0218865,False,0.09999999999999999,0.19999999999999998,0.15
4055,0.0227196,False,0.09999999999999999,0.19999999999999998,0.15
4056,0.0293467,False,0.19999999999999998,0.3,0.25
4057,0.0163698,False,0.0,0.09999999999999999,0.049999999999999996
4058,0.022121,False,0.09999999999999999,0.19999999999999998,0.15
4059,0.0291291,False,0.09999999999999999,0.19999999999999998,0.15
4060,0.0198486,False,0.19999999999999998,0.3,0.25
4061,0.0172741,False,0.09999999999999999,0.19999999999999998,0.15
4062,0.0191984,False,0.3,0.39999999999999997,0.35
4063,0.0218712,False,0.5,0.6,0.55
4064,0.0199746,False,0.19999999999999998,0.3,0.25
4065,0.0266786,False,0.3,0.39999999999999997,0.35
4066,0.0267186,False,0.09999999999999999,0.19999999999999998,0.15
4067,0.0279431,False,0.39999999999999997,0.5,0.44999999999999996
4068,0.0237581,False,0.6,0.7,0.6499999999999999
4069,0.027893,False,0.09999999999999999,0.19999999999999998,0.15
4070,0.0198157,False,0.09999999999999999,0.19999999999999998,0.15
4071,0.0152999,False,0.39999999999999997,0.5,0.44999999999999996
4072,0.0165587,False,0.0,0.09999999999999999,0.049999999999999996
4073,0.0253199,False,0.19999999999999998,0.3,0.25
4074,0.0178059,False,0.0,0.09999999999999999,0.049999999999999996
4075,0.0172915,False,0.09999999999999999,0.19999999999999998,0.15
4076,0.0253953,False,0.09999999999999999,0.19999999999999998,0.15
4077,0.0249625,False,0.09999999999999999,0.19999999999999998,0.15
4078,0.0215842,False,0.09999999999999999,0.19999999999999998,0.15
4079,0.0234634,False,0.19999999999999998,0.3,0.25
4080,0.0251367,False,0.09999999999999999,0.19999999999999998,0.15
4081,0.0222975,False,0.19999999999999998,0.3,0.25
4082,0.0230797,False,0.09999999999999999,0.19999999999999998,0.15
4083,0.0285353,False,0.3,0.39999999999999997,0.35
4084,0.0233622,True,nan,nan,nan
4085,0.0196168,False,0.09999999999999999,0.19999999999999998,0.15
4086,0.0174474,False,0.5,0.6,0.55
4087,0.0212164,False,0.09999999999999999,0.19999999999999998,0.15
4088,0.019685,False,0.09999999999999999,0.19999999999999998,0.15
4089,0.0168964,False,0.19999999999999998,0.3,0.25
4090,0.0215014,False,0.09999999999999999,0.19999999999999998,0.15
4091,0.0189731,False,0.09999999999999999,0.19999999999999998,0.15
4092,0.0251936,False,0.3,0.39999999999999997,0.35
4093,0.0266795,False,0.19999999999999998,0.3,0.25
4094,0.0226396,False,0.09999999999999999,0.19999999999999998,0.15
4095,0.02189,True,nan,nan,nan
4096,0.0231325,False,0.09999999999999999,0.19999999999999998,0.15
4097,0.0208678,False,0.6,0.7,0.6499999999999999
4098,0.0240948,False,0.19999999999999998,0.3,0.25
4099,0.0175907,False,0.0,0.09999999999999999,0.049999999999999996
4100,0.0230869,False,0.09999999999999999,0.19999999999999998,0.15
4101,0.0264289,False,0.39999999999999997,0.5,0.44999999999999996
4102,0.0236539,False,0.19999999999999998,0.3,0.25
4103,0.0291881,False,0.39999999999999997,0.5,0.44999999999999996
4104,0.0245292,False,0.09999999999999999,0.19999999999999998,0.15
4105,0.0245261,False,0.19999999999999998,0.3,0.25
4106,0.0156173,False,0.0,0.09999999999999999,0.049999999999999996
4107,0.0184777,False,0.09999999999999999,0.19999999999999998,0.15
4108,0.0178924,False,0.09999999999999999,0.19999999999999998,0.15
4109,0.016344,False,0.0,0.09999999999999999,0.049999999999999996
4110,0.0167333,False,0.09999999999999999,0.19999999999999998,0.15
4111,0.0249198,False,0.09999999999999999,0.19999999999999998,0.15
4112,0.0205543,False,0.09999999999999999,0.19999999999999998,0.15
4113,0.0178046,False,0.19999999999999998,0.3,0.25
4114,0.0233548,False,0.19999999999999998,0.3,0.25
4115,0.0190122,False,0.09999999999999999,0.19999999999999998,0.15
4116,0.0296602,False,0.19999999999999998,0.3,0.25
4117,0.0192309,False,0.09999999999999999,0.19999999999999998,0.15
4118,0.0176967,False,0.0,0.09999999999999999,0.049999999999999996
4119,0.0247394,False,0.09999999999999999,0.19999999999999998,0.15
4120,0.0203872,False,0.09999999999999999,0.19999999999999998,0.15
4121,0.0242194,False,0.19999999999999998,0.3,0.25
4122,0.0232472,False,0.09999999999999999,0.19999999999999998,0.15
4123,0.0220518,False,0.09999999999999999,0.19999999999999998,0.15
4124,0.0162649,False,0.09999999999999999,0.19999999999999998,0.15
4125,0.0204226,False,0.09999999999999999,0.19999999999999998,0.15
4126,0.0262198,False,0.3,0.39999999999999997,0.35
4127,0.0167963,False,0.0,0.09999999999999999,0.049999999999999996
4128,0.022353,False,0.09999999999999999,0.19999999999999998,0.15
4129,0.0213252,False,0.09999999999999999,0.19999999999999998,0.15
4130,0.0195294,False,0.19999999999999998,0.3,0.25
4131,0.0181061,False,0.0,0.09999999999999999,0.049999999999999996
4132,0.0296088,False,0.19999999999999998,0.3,0.25
4133,0.0209409,False,0.09999999999999999,0.19999999999999998,0.15
4134,0.0241836,False,0.09999999999999999,0.19999999999999998,0.15
4135,0.0292774,False,0.09999999999999999,0.19999999999999998,0.15
4136,0.0245607,False,0.19999999999999998,0.3,0.25
4137,0.0158612,False,0.19999999999999998,0.3,0.25
4138,0.0166512,False,0.0,0.09999999999999999,0.049999999999999996
4139,0.0245303,False,0.09999999999999999,0.19999999999999998,0.15
4140,0.0229298,True,nan,nan,nan
4141,0.0243223,False,0.3,0.39999999999999997,0.35
4142,0.0165819,False,0.0,0.09999999999999999,0.049999999999999996
4143,0.017911,False,0.3,0.39999999999999997,0.35
4144,0.0204534,False,0.09999999999999999,0.19999999999999998,0.15
4145,0.0170414,False,0.09999999999999999,0.19999999999999998,0.15
4146,0.0278892,False,0.5,0.6,0.55
4147,0.0220891,False,0.3,0.39999999999999997,0.35
4148,0.0270975,False,0.09999999999999999,0.19999999999999998,0.15
4149,0.0162464,False,0.0,0.09999999999999999,0.049999999999999996
4150,0.027174,False,0.19999999999999998,0.3,0.25
4151,0.0265311,False,0.09999999999999999,0.19999999999999998,0.15
4152,0.0176766,False,0.09999999999999999,0.19999999999999998,0.15
4153,0.0282348,False,0.19999999999999998,0.3,0.25
4154,0.0234388,False,0.19999999999999998,0.3,0.25
4155,0.0173791,False,0.09999999999999999,0.19999999999999998,0.15
4156,0.0218587,False,0.09999999999999999,0.19999999999999998,0.15
4157,0.0173938,False,0.39999999999999997,0.5,0.44999999999999996
4158,0.0219172,False,0.09999999999999999,0.19999999999999998,0.15
4159,0.0232202,False,0.09999999999999999,0.19999999999999998,0.15
4160,0.0256147,False,0.19999999999999998,0.3,0.25
4161,0.018202,False,0.19999999999999998,0.3,0.25
4162,0.0285563,False,0.3,0.39999999999999997,0.35
4163,0.0258021,False,0.19999999999999998,0.3,0.25
4164,0.0269184,False,0.3,0.39999999999999997,0.35
4165,0.0278853,False,0.09999999999999999,0.19999999999999998,0.15
4166,0.0152933,False,0.3,0.39999999999999997,0.35
4167,0.0296934,False,0.19999999999999998,0.3,0.25
4168,0.0242734,True,nan,nan,nan
4169,0.026074,False,0.09999999999999999,0.19999999999999998,0.15
4170,0.0163918,False,0.19999999999999998,0.3,0.25
4171,0.0163682,False,0.19999999999999998,0.3,0.25
4172,0.0179791,False,0.0,0.09999999999999999,0.049999999999999996
4173,0.0170757,False,0.09999999999999999,0.19999999999999998,0.15
4174,0.0183069,False,0.09999999999999999,0.19999999999999998,0.15
4175,0.0222047,False,0.09999999999999999,0.19999999999999998,0.15
4176,0.0265425,False,0.19999999999999998,0.3,0.25
4177,0.0240508,False,0.19999999999999998,0.3,0.25
4178,0.020083,False,0.09999999999999999,0.19999999999999998,0.15
4179,0.0191242,False,0.09999999999999999,0.19999999999999998,0.15
4180,0.0186189,False,0.5,0.6,0.55
4181,0.0208597,False,0.09999999999999999,0.19999999999999998,0.15
4182,0.0165097,False,0.0,0.09999999999999999,0.049999999999999996
4183,0.022828,False,0.09999999999999999,0.19999999999999998,0.15
4184,0.0293153,False,0.3,0.39999999999999997,0.35
4185,0.0179263,False,0.09999999999999999,0.19999999999999998,0.15
4186,0.0275931,False,0.3,0.39999999999999997,0.35
4187,0.0190169,False,0.09999999999999999,0.19999999999999998,0.15
4188,0.0156067,False,0.0,0.09999999999999999,0.049999999999999996
4189,0.0270641,False,0.09999999999999999,0.19999999999999998,0.15
4190,0.0163491,False,0.0,0.09999999999999999,0.049999999999999996
4191,0.0197957,False,0.19999999999999998,0.3,0.25
4192,0.0249875,False,0.19999999999999998,0.3,0.25
4193,0.024032,True,nan,nan,nan
4194,0.0187403,False,0.09999999999999999,0.19999999999999998,0.15
4195,0.0261198,False,0.19999999999999998,0.3,0.25
4196,0.0292131,False,0.6,0.7,0.6499999999999999
4197,0.0161243,False,0.19999999999999998,0.3,0.25
4198,0.0184996,False,0.3,0.39999999999999997,0.35
4199,0.0175178,False,0.0,0.09999999999999999,0.049999999999999996
4200,0.0192104,False,0.09999999999999999,0.19999999999999998,0.15
4201,0.01679,False,0.0,0.09999999999999999,0.049999999999999996
4202,0.0297644,False,0.39999999999999997,0.5,0.44999999999999996
4203,0.0200374,False,0.09999999999999999,0.19999999999999998,0.15
4204,0.0222753,False,0.09999999999999999,0.19999999999999998,0.15
4205,0.015139,False,0.0,0.09999999999999999,0.049999999999999996
4206,0.0285635,False,0.09999999999999999,0.19999999999999998,0.15
4207,0.0177981,False,0.6,0.7,0.6499999999999999
4208,0.0278538,False,0.5,0.6,0.55
4209,0.0245847,False,0.09999999999999999,0.19999999999999998,0.15
4210,0.017709,False,0.09999999999999999,0.19999999999999998,0.15
4211,0.0237285,False,0.39999999999999997,0.5,0.44999999999999996
4212,0.0268201,False,0.19999999999999998,0.3,0.25
4213,0.0261218,False,0.3,0.39999999999999997,0.35
4214,0.0220725,False,0.09999999999999999,0.19999999999999998,0.15
4215,0.0263755,False,0.09999999999999999,0.19999999999999998,0.15
4216,0.0168572,False,0.19999999999999998,0.3,0.25
4217,0.0297948,False,0.5,0.6,0.55
4218,0.0295997,False,0.39999999999999997,0.5,0.44999999999999996
4219,0.0213293,False,0.3,0.39999999999999997,0.35
4220,0.0204385,False,0.19999999999999998,0.3,0.25
4221,0.0219405,False,0.09999999999999999,0.19999999999999998,0.15
4222,0.0198792,False,0.09999999999999999,0.19999999999999998,0.15
4223,0.0198617,False,0.09999999999999999,0.19999999999999998,0.15
4224,0.0242889,False,0.19999999999999998,0.3,0.25
4225,0.0180915,False,0.0,0.09999999999999999,0.049999999999999996
4226,0.0209462,False,0.09999999999999999,0.19999999999999998,0.15
4227,0.016674,False,0.0,0.09999999999999999,0.049999999999999996
4228,0.0233092,False,0.3,0.39999999999999997,0.35
4229,0.0247855,False,0.09999999999999999,0.19999999999999998,0.15
4230,0.0180606,False,0.19999999999999998,0.3,0.25
4231,0.0242335,False,0.09999999999999999,0.19999999999999998,0.15
4232,0.0238861,False,0.09999999999999999,0.19999999999999998,0.15
4233,0.019574,False,0.09999999999999999,0.19999999999999998,0.15
4234,0.0293256,False,0.3,0.39999999999999997,0.35
4235,0.0236773,False,0.19999999999999998,0.3,0.25
4236,0.0277154,False,0.19999999999999998,0.3,0.25
4237,0.0166744,False,0.0,0.09999999999999999,0.049999999999999996
4238,0.0169706,False,0.09999999999999999,0.19999999999999998,0.15
4239,0.0193247,False,0.3,0.39999999999999997,0.35
4240,0.0195086,False,0.39999999999999997,0.5,0.44999999999999996
4241,0.0235531,False,0.09999999999999999,0.19999999999999998,0.15
4242,0.0182147,False,0.0,0.09999999999999999,0.049999999999999996
4243,0.0293327,False,0.09999999999999999,0.19999999999999998,0.15
4244,0.0256949,False,0.09999999999999999,0.19999999999999998,0.15
4245,0.0271273,False,0.09999999999999999,0.19999999999999998,0.15
4246,0.0157644,False,0.0,0.09999999999999999,0.049999999999999996
4247,0.0213782,False,0.19999999999999998,0.3,0.25
4248,0.0201361,False,0.09999999999999999,0.19999999999999998,0.15
4249,0.0151888,False,0.0,0.09999999999999999,0.049999999999999996
4250,0.023692,False,0.09999999999999999,0.19999999999999998,0.15
4251,0.0245487,False,0.09999999999999999,0.19999999999999998,0.15
4252,0.0293603,False,0.3,0.39999999999999997,0.35
4253,0.0256163,False,0.3,0.39999999999999997,0.35
4254,0.0175227,False,0.0,0.09999999999999999,0.049999999999999996
4255,0.0254988,False,0.3,0.39999999999999997,0.35
4256,0.0203319,False,0.09999999999999999,0.19999999999999998,0.15
4257,0.0227227,False,0.09999999999999999,0.19999999999999998,0.15
4258,0.0196526,False,0.09999999999999999,0.19999999999999998,0.15
4259,0.0165778,False,0.09999999999999999,0.19999999999999998,0.15
4260,0.0287993,False,0.09999999999999999,0.19999999999999998,0.15
4261,0.0171573,False,0.09999999999999999,0.19999999999999998,0.15
4262,0.0265925,False,0.19999999999999998,0.3,0.25
4263,0.0190174,False,0.6,0.7,0.6499999999999999
4264,0.0156382,False,0.09999999999999999,0.19999999999999998,0.15
4265,0.0259927,False,0.3,0.39999999999999997,0.35
4266,0.0270909,False,0.3,0.39999999999999997,0.35
4267,0.029788,False,0.09999999999999999,0.19999999999999998,0.15
4268,0.0289789,False,0.19999999999999998,0.3,0.25
4269,0.0292113,False,0.3,0.39999999999999997,0.35
4270,0.0161477,False,0.3,0.39999999999999997,0.35
4271,0.0220084,False,0.09999999999999999,0.19999999999999998,0.15
4272,0.0168125,False,0.3,0.39999999999999997,0.35
4273,0.0188192,True,nan,nan,nan
4274,0.0208715,False,0.19999999999999998,0.3,0.25
4275,0.015124,False,0.09999999999999999,0.19999999999999998,0.15
4276,0.0295385,False,0.19999999999999998,0.3,0.25
4277,0.0195564,False,0.39999999999999997,0.5,0.44999999999999996
4278,0.0226971,False,0.09999999999999999,0.19999999999999998,0.15
4279,0.0227143,False,0.09999999999999999,0.19999999999999998,0.15
4280,0.0224316,False,0.19999999999999998,0.3,0.25
4281,0.0217645,False,0.19999999999999998,0.3,0.25
4282,0.0284576,True,nan,nan,nan
4283,0.0203592,False,0.09999999999999999,0.19999999999999998,0.15
4284,0.0269743,False,0.09999999999999999,0.19999999999999998,0.15
4285,0.0265895,False,0.19999999999999998,0.3,0.25
4286,0.0278303,False,0.5,0.6,0.55
4287,0.0265085,True,nan,nan,nan
4288,0.0281335,False,0.19999999999999998,0.3,0.25
4289,0.0212741,False,0.19999999999999998,0.3,0.25
4290,0.0236729,False,0.3,0.39999999999999997,0.35
4291,0.0281147,False,0.09999999999999999,0.19999999999999998,0.15
4292,0.0249333,False,0.19999999999999998,0.3,0.25
4293,0.0171244,False,0.0,0.09999999999999999,0.049999999999999996
4294,0.0163943,False,0.0,0.09999999999999999,0.049999999999999996
4295,0.0282161,False,0.7,0.7999999999999999,0.75
4296,0.0216425,False,0.09999999999999999,0.19999999999999998,0.15
4297,0.0175063,False,0.0,0.09999999999999999,0.049999999999999996
4298,0.0198269,False,0.19999999999999998,0.3,0.25
4299,0.0198578,False,0.19999999999999998,0.3,0.25
4300,0.0251441,False,0.09999999999999999,0.19999999999999998,0.15
4301,0.0278867,False,0.19999999999999998,0.3,0.25
4302,0.0288722,False,1.0,1.0999999999999999,1.0499999999999998
4303,0.0157633,False,0.19999999999999998,0.3,0.25
4304,0.0180119,False,0.09999999999999999,0.19999999999999998,0.15
4305,0.0233083,False,0.09999999999999999,0.19999999999999998,0.15
4306,0.0274604,False,0.3,0.39999999999999997,0.35
4307,0.0198226,False,0.19999999999999998,0.3,0.25
4308,0.0161298,False,0.0,0.09999999999999999,0.049999999999999996
4309,0.0271522,False,0.3,0.39999999999999997,0.35
4310,0.023756,False,0.09999999999999999,0.19999999999999998,0.15
4311,0.0246921,False,0.19999999999999998,0.3,0.25
4312,0.0179309,False,0.09999999999999999,0.19999999999999998,0.15
4313,0.0229893,False,0.09999999999999999,0.19999999999999998,0.15
4314,0.0271479,False,0.39999999999999997,0.5,0.44999999999999996
4315,0.021766,False,0.09999999999999999,0.19999999999999998,0.15
4316,0.0179675,False,0.09999999999999999,0.19999999999999998,0.15
4317,0.0167149,False,0.09999999999999999,0.19999999999999998,0.15
4318,0.0295096,False,0.19999999999999998,0.3,0.25
4319,0.0241336,True,nan,nan,nan
4320,0.0230568,False,0.09999999999999999,0.19999999999999998,0.15
4321,0.0217642,False,0.09999999999999999,0.19999999999999998,0.15
4322,0.0189357,False,0.0,0.09999999999999999,0.049999999999999996
4323,0.0205541,False,0.09999999999999999,0.19999999999999998,0.15
4324,0.0222853,False,0.09999999999999999,0.19999999999999998,0.15
4325,0.0299249,False,0.3,0.39999999999999997,0.35
4326,0.0253446,False,0.19999999999999998,0.3,0.25
4327,0.0162963,False,0.0,0.09999999999999999,0.049999999999999996
4328,0.0150789,False,0.0,0.09999999999999999,0.049999999999999996
4329,0.0205363,False,0.09999999999999999,0.19999999999999998,0.15
4330,0.0206484,False,0.19999999999999998,0.3,0.25
4331,0.0232113,False,0.09999999999999999,0.19999999999999998,0.15
4332,0.0163663,False,0.09999999999999999,0.19999999999999998,0.15
4333,0.0215376,False,0.19999999999999998,0.3,0.25
4334,0.0152106,False,0.0,0.09999999999999999,0.049999999999999996
4335,0.0186816,False,0.09999999999999999,0.19999999999999998,0.15
4336,0.0199027,False,0.09999999999999999,0.19999999999999998,0.15
4337,0.017304,False,0.09999999999999999,0.19999999999999998,0.15
4338,0.0249854,False,0.09999999999999999,0.19999999999999998,0.15
4339,0.0204298,False,0.09999999999999999,0.19999999999999998,0.15
4340,0.0192041,True,nan,nan,nan
4341,0.0231036,False,0.09999999999999999,0.19999999999999998,0.15
4342,0.0273607,False,0.09999999999999999,0.19999999999999998,0.15
4343,0.027172,False,0.19999999999999998,0.3,0.25
4344,0.0284772,False,0.19999999999999998,0.3,0.25
4345,0.0209737,False,0.19999999999999998,0.3,0.25
4346,0.0251309,False,0.3,0.39999999999999997,0.35
4347,0.0257548,False,0.09999999999999999,0.19999999999999998,0.15
4348,0.0177326,False,0.0,0.09999999999999999,0.049999999999999996
4349,0.0271828,False,0.09999999999999999,0.19999999999999998,0.15
4350,0.0190691,False,0.09999999999999999,0.19999999999999998,0.15
4351,0.0223476,False,0.09999999999999999,0.19999999999999998,0.15
4352,0.0281775,False,0.19999999999999998,0.3,0.25
4353,0.0216406,False,0.09999999999999999,0.19999999999999998,0.15
4354,0.0258196,False,0.09999999999999999,0.19999999999999998,0.15
4355,0.0288409,False,0.09999999999999999,0.19999999999999998,0.15
4356,0.0185816,False,0.09999999999999999,0.19999999999999998,0.15
4357,0.0267922,False,0.09999999999999999,0.19999999999999998,0.15
4358,0.0262343,False,0.19999999999999998,0.3,0.25
4359,0.0281899,False,0.3,0.39999999999999997,0.35
4360,0.023484,False,0.09999999999999999,0.19999999999999998,0.15
4361,0.0169457,False,0.19999999999999998,0.3,0.25
4362,0.0223537,False,0.19999999999999998,0.3,0.25
4363,0.0179907,False,0.09999999999999999,0.19999999999999998,0.15
4364,0.0180158,False,0.09999999999999999,0.19999999999999998,0.15
4365,0.0263463,False,0.09999999999999999,0.19999999999999998,0.15
4366,0.0280162,False,0.19999999999999998,0.3,0.25
4367,0.0245949,False,0.3,0.39999999999999997,0.35
4368,0.024579,False,0.19999999999999998,0.3,0.25
4369,0.0263316,False,0.09999999999999999,0.19999999999999998,0.15
4370,0.0194864,False,0.09999999999999999,0.19999999999999998,0.15
4371,0.0163089,False,0.09999999999999999,0.19999999999999998,0.15
4372,0.0274941,False,0.09999999999999999,0.19999999999999998,0.15
4373,0.0251923,False,0.19999999999999998,0.3,0.25
4374,0.0285101,False,0.09999999999999999,0.19999999999999998,0.15
4375,0.0169475,False,0.19999999999999998,0.3,0.25
4376,0.0231226,False,0.19999999999999998,0.3,0.25
4377,0.0182024,False,0.09999999999999999,0.19999999999999998,0.15
4378,0.023874,False,0.19999999999999998,0.3,0.25
4379,0.021759,False,0.19999999999999998,0.3,0.25
4380,0.0294857,False,0.09999999999999999,0.19999999999999998,0.15
4381,0.0297569,False,0.19999999999999998,0.3,0.25
4382,0.019118,False,0.09999999999999999,0.19999999999999998,0.15
4383,0.0214207,False,0.09999999999999999,0.19999999999999998,0.15
4384,0.0228902,False,0.09999999999999999,0.19999999999999998,0.15
4385,0.0289499,False,0.3,0.39999999999999997,0.35
4386,0.0169551,False,0.0,0.09999999999999999,0.049999999999999996
4387,0.0166797,False,0.39999999999999997,0.5,0.44999999999999996
4388,0.0298642,False,0.3,0.39999999999999997,0.35
4389,0.0298577,False,0.39999999999999997,0.5,0.44999999999999996
4390,0.0260946,False,0.19999999999999998,0.3,0.25
4391,0.0186002,False,0.3,0.39999999999999997,0.35
4392,0.0278798,False,0.39999999999999997,0.5,0.44999999999999996
4393,0.0249241,False,0.09999999999999999,0.19999999999999998,0.15
4394,0.0292045,False,0.19999999999999998,0.3,0.25
4395,0.0157618,False,0.3,0.39999999999999997,0.35
4396,0.0212481,False,0.09999999999999999,0.19999999999999998,0.15
4397,0.0204062,False,0.09999999999999999,0.19999999999999998,0.15
4398,0.0212412,False,0.09999999999999999,0.19999999999999998,0.15
4399,0.0226756,False,0.5,0.6,0.55
4400,0.0241553,False,0.19999999999999998,0.3,0.25
4401,0.0166725,False,0.0,0.09999999999999999,0.049999999999999996
4402,0.0224868,False,0.39999999999999997,0.5,0.44999999999999996
4403,0.0229761,False,0.09999999999999999,0.19999999999999998,0.15
4404,0.0276585,False,0.19999999999999998,0.3,0.25
4405,0.0188307,False,0.09999999999999999,0.19999999999999998,0.15
4406,0.0254441,False,0.09999999999999999,0.19999999999999998,0.15
4407,0.0224097,False,0.19999999999999998,0.3,0.25
4408,0.0187262,False,0.09999999999999999,0.19999999999999998,0.15
4409,0.0208018,False,0.09999999999999999,0.19999999999999998,0.15
4410,0.029463,False,0.19999999999999998,0.3,0.25
4411,0.0162856,False,0.09999999999999999,0.19999999999999998,0.15
4412,0.0209785,False,0.09999999999999999,0.19999999999999998,0.15
4413,0.0286754,False,0.19999999999999998,0.3,0.25
4414,0.0284465,False,0.19999999999999998,0.3,0.25
4415,0.0298621,False,0.19999999999999998,0.3,0.25
4416,0.0156536,False,0.0,0.09999999999999999,0.049999999999999996
4417,0.021218,False,0.09999999999999999,0.19999999999999998,0.15
4418,0.0278625,False,0.19999999999999998,0.3,0.25
4419,0.016382,False,0.3,0.39999999999999997,0.35
4420,0.0226161,False,0.3,0.39999999999999997,0.35
4421,0.0230754,False,0.19999999999999998,0.3,0.25
4422,0.0279918,False,0.09999999999999999,0.19999999999999998,0.15
4423,0.0168476,False,0.0,0.09999999999999999,0.049999999999999996
4424,0.0252834,False,0.09999999999999999,0.19999999999999998,0.15
4425,0.0284609,False,0.09999999999999999,0.19999999999999998,0.15
4426,0.016331,False,0.09999999999999999,0.19999999999999998,0.15
4427,0.0280105,False,0.19999999999999998,0.3,0.25
4428,0.0254265,False,0.19999999999999998,0.3,0.25
4429,0.0292907,False,0.19999999999999998,0.3,0.25
4430,0.029572,False,0.19999999999999998,0.3,0.25
4431,0.0282466,False,0.5,0.6,0.55
4432,0.0179128,False,0.09999999999999999,0.19999999999999998,0.15
4433,0.0271504,False,0.09999999999999999,0.19999999999999998,0.15
4434,0.015523,False,0.09999999999999999,0.19999999999999998,0.15
4435,0.0290337,False,0.3,0.39999999999999997,0.35
4436,0.0163682,False,0.0,0.09999999999999999,0.049999999999999996
4437,0.016295,False,0.3,0.39999999999999997,0.35
4438,0.0207487,False,0.09999999999999999,0.19999999999999998,0.15
4439,0.0189181,False,0.19999999999999998,0.3,0.25
4440,0.0174986,False,0.09999999999999999,0.19999999999999998,0.15
4441,0.0254345,False,0.5,0.6,0.55
4442,0.0188749,False,0.09999999999999999,0.19999999999999998,0.15
4443,0.0166459,False,0.09999999999999999,0.19999999999999998,0.15
4444,0.0207973,False,0.09999999999999999,0.19999999999999998,0.15
4445,0.0158878,False,0.19999999999999998,0.3,0.25
4446,0.022905,False,0.09999999999999999,0.19999999999999998,0.15
4447,0.0165304,False,0.09999999999999999,0.19999999999999998,0.15
4448,0.0289918,False,0.3,0.39999999999999997,0.35
4449,0.0224508,False,0.19999999999999998,0.3,0.25
4450,0.0192256,False,0.0,0.09999999999999999,0.049999999999999996
4451,0.0186996,False,0.09999999999999999,0.19999999999999998,0.15
4452,0.0283361,False,1.2,1.3,1.25
4453,0.0275137,False,0.09999999999999999,0.19999999999999998,0.15
4454,0.0153648,False,0.7,0.7999999999999999,0.75
4455,0.020033,False,0.5,0.6,0.55
4456,0.0154257,False,0.09999999999999999,0.19999999999999998,0.15
4457,0.0177392,False,0.0,0.09999999999999999,0.049999999999999996
4458,0.0209508,False,0.3,0.39999999999999997,0.35
4459,0.0243369,False,0.09999999999999999,0.19999999999999998,0.15
4460,0.0190973,False,0.09999999999999999,0.19999999999999998,0.15
4461,0.0157896,False,0.09999999999999999,0.19999999999999998,0.15
4462,0.0288436,False,0.09999999999999999,0.19999999999999998,0.15
4463,0.0191138,False,0.09999999999999999,0.19999999999999998,0.15
4464,0.0265893,False,0.09999999999999999,0.19999999999999998,0.15
4465,0.0249711,True,nan,nan,nan
4466,0.0208151,False,0.3,0.39999999999999997,0.35
4467,0.0291475,False,0.3,0.39999999999999997,0.35
4468,0.0174078,False,0.0,0.09999999999999999,0.049999999999999996
4469,0.0262782,False,0.09999999999999999,0.19999999999999998,0.15
4470,0.0205746,False,0.09999999999999999,0.19999999999999998,0.15
4471,0.022045,False,0.09999999999999999,0.19999999999999998,0.15
4472,0.0243042,False,0.3,0.39999999999999997,0.35
4473,0.0175436,False,0.09999999999999999,0.19999999999999998,0.15
4474,0.0294971,False,0.39999999999999997,0.5,0.44999999999999996
4475,0.02899,False,0.3,0.39999999999999997,0.35
4476,0.0282272,False,0.19999999999999998,0.3,0.25
4477,0.0197836,False,0.19999999999999998,0.3,0.25
4478,0.015379,True,nan,nan,nan
4479,0.0179881,False,0.3,0.39999999999999997,0.35
4480,0.0275906,False,0.19999999999999998,0.3,0.25
4481,0.0184207,False,0.09999999999999999,0.19999999999999998,0.15
4482,0.0286135,False,0.7999999999999999,0.8999999999999999,0.8499999999999999
4483,0.0178149,False,0.09999999999999999,0.19999999999999998,0.15
4484,0.0206457,False,0.09999999999999999,0.19999999999999998,0.15
4485,0.023683,False,0.5,0.6,0.55
4486,0.0265527,True,nan,nan,nan
4487,0.0269213,False,0.19999999999999998,0.3,0.25
4488,0.028365,False,0.5,0.6,0.55
4489,0.0295916,True,nan,nan,nan
4490,0.0256877,False,0.09999999999999999,0.19999999999999998,0.15
4491,0.0226085,True,nan,nan,nan
4492,0.027838,False,0.19999999999999998,0.3,0.25
4493,0.0210546,False,0.09999999999999999,0.19999999999999998,0.15
4494,0.0178613,False,0.09999999999999999,0.19999999999999998,0.15
4495,0.0190723,True,nan,nan,nan
4496,0.0218191,False,0.3,0.39999999999999997,0.35
4497,0.016479,False,0.09999999999999999,0.19999999999999998,0.15
4498,0.0298658,False,0.5,0.6,0.55
4499,0.0186932,False,0.19999999999999998,0.3,0.25
4500,0.0242726,False,0.3,0.39999999999999997,0.35
4501,0.0201134,False,0.09999999999999999,0.19999999999999998,0.15
4502,0.0179502,False,0.09999999999999999,0.19999999999999998,0.15
4503,0.0182561,True,nan,nan,nan
4504,0.0212587,False,0.09999999999999999,0.19999999999999998,0.15
4505,0.0164521,False,0.19999999999999998,0.3,0.25
4506,0.0169536,False,0.19999999999999998,0.3,0.25
4507,0.015414,False,0.0,0.09999999999999999,0.049999999999999996
4508,0.0278349,False,0.19999999999999998,0.3,0.25
4509,0.0292,False,0.19999999999999998,0.3,0.25
4510,0.0197774,False,0.09999999999999999,0.19999999999999998,0.15
4511,0.0172412,False,0.09999999999999999,0.19999999999999998,0.15
4512,0.0229882,False,0.09999999999999999,0.19999999999999998,0.15
4513,0.0297971,False,0.3,0.39999999999999997,0.35
4514,0.0274849,False,0.09999999999999999,0.19999999999999998,0.15
4515,0.0281216,False,0.09999999999999999,0.19999999999999998,0.15
4516,0.0264676,False,0.09999999999999999,0.19999999999999998,0.15
4517,0.0196677,False,0.3,0.39999999999999997,0.35
4518,0.0151598,False,0.0,0.09999999999999999,0.049999999999999996
4519,0.0292138,False,0.6,0.7,0.6499999999999999
4520,0.0255931,False,0.3,0.39999999999999997,0.35
4521,0.0224792,False,0.09999999999999999,0.19999999999999998,0.15
4522,0.02401,False,0.19999999999999998,0.3,0.25
4523,0.0206053,False,0.3,0.39999999999999997,0.35
4524,0.0290396,False,0.19999999999999998,0.3,0.25
4525,0.0213816,False,0.09999999999999999,0.19999999999999998,0.15
4526,0.0258979,False,0.5,0.6,0.55
4527,0.0215815,False,0.09999999999999999,0.19999999999999998,0.15
4528,0.0295785,False,0.3,0.39999999999999997,0.35
4529,0.017233,False,0.0,0.09999999999999999,0.049999999999999996
4530,0.0268256,False,0.09999999999999999,0.19999999999999998,0.15
4531,0.0249697,False,0.19999999999999998,0.3,0.25
4532,0.0227441,False,0.09999999999999999,0.19999999999999998,0.15
4533,0.0227353,False,0.3,0.39999999999999997,0.35
4534,0.0161398,False,0.19999999999999998,0.3,0.25
4535,0.0207666,False,0.09999999999999999,0.19999999999999998,0.15
4536,0.0297696,False,0.5,0.6,0.55
4537,0.0250396,False,0.3,0.39999999999999997,0.35
4538,0.0262339,False,0.19999999999999998,0.3,0.25
4539,0.017783,False,0.6,0.7,0.6499999999999999
4540,0.0197568,False,0.6,0.7,0.6499999999999999
4541,0.0165303,False,0.09999999999999999,0.19999999999999998,0.15
4542,0.0267157,False,0.09999999999999999,0.19999999999999998,0.15
4543,0.0208478,False,0.09999999999999999,0.19999999999999998,0.15
4544,0.0207723,False,0.0,0.09999999999999999,0.049999999999999996
4545,0.0198505,False,0.09999999999999999,0.19999999999999998,0.15
4546,0.0279852,False,0.09999999999999999,0.19999999999999998,0.15
4547,0.02844,False,0.19999999999999998,0.3,0.25
4548,0.0295611,False,0.19999999999999998,0.3,0.25
4549,0.0242177,True,nan,nan,nan
4550,0.0182396,False,0.09999999999999999,0.19999999999999998,0.15
4551,0.0291654,False,0.19999999999999998,0.3,0.25
4552,0.0170394,False,0.09999999999999999,0.19999999999999998,0.15
4553,0.0210208,False,0.19999999999999998,0.3,0.25
4554,0.0282578,False,0.19999999999999998,0.3,0.25
4555,0.018467,False,0.09999999999999999,0.19999999999999998,0.15
4556,0.0178803,False,0.09999999999999999,0.19999999999999998,0.15
4557,0.0209149,False,0.09999999999999999,0.19999999999999998,0.15
4558,0.0240521,False,0.39999999999999997,0.5,0.44999999999999996
4559,0.0165436,False,0.0,0.09999999999999999,0.049999999999999996
4560,0.0293276,False,0.09999999999999999,0.19999999999999998,0.15
4561,0.0169676,False,0.0,0.09999999999999999,0.049999999999999996
4562,0.0286151,False,0.19999999999999998,0.3,0.25
4563,0.0291219,False,0.5,0.6,0.55
4564,0.0227762,False,0.09999999999999999,0.19999999999999998,0.15
4565,0.0166198,False,0.0,0.09999999999999999,0.049999999999999996
4566,0.0175093,False,0.09999999999999999,0.19999999999999998,0.15
4567,0.019113,False,0.09999999999999999,0.19999999999999998,0.15
4568,0.022982,False,0.19999999999999998,0.3,0.25
4569,0.0270209,True,nan,nan,nan
4570,0.0262941,False,0.39999999999999997,0.5,0.44999999999999996
4571,0.0274967,False,0.09999999999999999,0.19999999999999998,0.15
4572,0.0226371,False,0.19999999999999998,0.3,0.25
4573,0.0202301,False,0.09999999999999999,0.19999999999999998,0.15
4574,0.0266557,False,0.19999999999999998,0.3,0.25
4575,0.023166,False,0.19999999999999998,0.3,0.25
4576,0.015484,False,0.0,0.09999999999999999,0.049999999999999996
4577,0.0266789,False,0.39999999999999997,0.5,0.44999999999999996
4578,0.018918,False,0.19999999999999998,0.3,0.25
4579,0.0275792,False,0.39999999999999997,0.5,0.44999999999999996
4580,0.0272597,False,0.09999999999999999,0.19999999999999998,0.15
4581,0.0283242,False,0.09999999999999999,0.19999999999999998,0.15
4582,0.0172352,False,0.19999999999999998,0.3,0.25
4583,0.0166854,False,0.09999999999999999,0.19999999999999998,0.15
4584,0.0281607,False,0.19999999999999998,0.3,0.25
4585,0.0288928,False,0.19999999999999998,0.3,0.25
4586,0.0152438,False,0.3,0.39999999999999997,0.35
4587,0.0181717,False,0.09999999999999999,0.19999999999999998,0.15
4588,0.0154012,False,0.09999999999999999,0.19999999999999998,0.15
4589,0.028973,False,0.3,0.39999999999999997,0.35
4590,0.0181117,False,0.09999999999999999,0.19999999999999998,0.15
4591,0.0243074,False,0.19999999999999998,0.3,0.25
4592,0.0222661,True,nan,nan,nan
4593,0.02312,False,0.19999999999999998,0.3,0.25
4594,0.01758,False,0.19999999999999998,0.3,0.25
4595,0.0246917,False,0.19999999999999998,0.3,0.25
4596,0.0230235,False,0.09999999999999999,0.19999999999999998,0.15
4597,0.0258457,False,0.39999999999999997,0.5,0.44999999999999996
4598,0.020091,False,0.09999999999999999,0.19999999999999998,0.15
4599,0.0159278,False,0.0,0.09999999999999999,0.049999999999999996
4600,0.0218473,False,0.19999999999999998,0.3,0.25
4601,0.020382,False,0.09999999999999999,0.19999999999999998,0.15
4602,0.0261009,False,0.09999999999999999,0.19999999999999998,0.15
4603,0.0283307,False,0.19999999999999998,0.3,0.25
4604,0.0194996,False,0.19999999999999998,0.3,0.25
4605,0.02226,False,0.5,0.6,0.55
4606,0.0226491,False,0.09999999999999999,0.19999999999999998,0.15
4607,0.0250476,False,0.09999999999999999,0.19999999999999998,0.15
4608,0.0245712,False,0.09999999999999999,0.19999999999999998,0.15
4609,0.0250476,False,0.19999999999999998,0.3,0.25
4610,0.0199573,False,0.19999999999999998,0.3,0.25
4611,0.0283885,False,0.19999999999999998,0.3,0.25
4612,0.019264,False,0.3,0.39999999999999997,0.35
4613,0.0234462,False,0.09999999999999999,0.19999999999999998,0.15
4614,0.0205611,False,0.09999999999999999,0.19999999999999998,0.15
4615,0.028351,False,0.5,0.6,0.55
4616,0.017095,False,0.19999999999999998,0.3,0.25
4617,0.0246501,False,0.19999999999999998,0.3,0.25
4618,0.0265058,False,0.09999999999999999,0.19999999999999998,0.15
4619,0.0150946,False,0.19999999999999998,0.3,0.25
4620,0.0231773,False,0.09999999999999999,0.19999999999999998,0.15
4621,0.0282355,True,nan,nan,nan
4622,0.0254481,False,0.19999999999999998,0.3,0.25
4623,0.0268601,False,0.39999999999999997,0.5,0.44999999999999996
4624,0.0262661,False,0.09999999999999999,0.19999999999999998,0.15
4625,0.0172963,False,0.0,0.09999999999999999,0.049999999999999996
4626,0.0170044,False,0.0,0.09999999999999999,0.049999999999999996
4627,0.0224312,False,0.09999999999999999,0.19999999999999998,0.15
4628,0.0227946,False,0.09999999999999999,0.19999999999999998,0.15
4629,0.0180331,False,0.19999999999999998,0.3,0.25
4630,0.0211303,False,0.09999999999999999,0.19999999999999998,0.15
4631,0.0280558,False,0.19999999999999998,0.3,0.25
4632,0.0153861,False,0.3,0.39999999999999997,0.35
4633,0.0151457,False,0.3,0.39999999999999997,0.35
4634,0.0174716,False,0.09999999999999999,0.19999999999999998,0.15
4635,0.0235303,True,nan,nan,nan
4636,0.0200767,True,nan,nan,nan
4637,0.0196523,False,0.09999999999999999,0.19999999999999998,0.15
4638,0.0239384,False,0.7,0.7999999999999999,0.75
4639,0.0160157,False,0.0,0.09999999999999999,0.049999999999999996
4640,0.0268614,False,0.19999999999999998,0.3,0.25
4641,0.0276748,False,0.09999999999999999,0.19999999999999998,0.15
4642,0.0185419,False,0.19999999999999998,0.3,0.25
4643,0.0162292,False,0.0,0.09999999999999999,0.049999999999999996
4644,0.0252415,False,0.19999999999999998,0.3,0.25
4645,0.0225123,False,0.09999999999999999,0.19999999999999998,0.15
4646,0.0179357,False,0.09999999999999999,0.19999999999999998,0.15
4647,0.0277541,True,nan,nan,nan
4648,0.0208252,False,0.09999999999999999,0.19999999999999998,0.15
4649,0.0253357,False,0.19999999999999998,0.3,0.25
4650,0.0277722,False,0.19999999999999998,0.3,0.25
4651,0.02014,False,0.09999999999999999,0.19999999999999998,0.15
4652,0.0281844,False,0.39999999999999997,0.5,0.44999999999999996
4653,0.0280011,False,0.19999999999999998,0.3,0.25
4654,0.0269936,False,0.3,0.39999999999999997,0.35
4655,0.0288309,False,0.09999999999999999,0.19999999999999998,0.15
4656,0.0240038,False,0.3,0.39999999999999997,0.35
4657,0.0290073,False,0.3,0.39999999999999997,0.35
4658,0.0200823,False,0.3,0.39999999999999997,0.35
4659,0.0252876,False,0.19999999999999998,0.3,0.25
4660,0.0209305,True,nan,nan,nan
4661,0.0274719,False,0.19999999999999998,0.3,0.25
4662,0.0298552,False,0.3,0.39999999999999997,0.35
4663,0.0256654,False,0.09999999999999999,0.19999999999999998,0.15
4664,0.0280271,False,0.3,0.39999999999999997,0.35
4665,0.0262671,False,0.39999999999999997,0.5,0.44999999999999996
4666,0.0168815,False,0.0,0.09999999999999999,0.049999999999999996
4667,0.0156545,False,0.0,0.09999999999999999,0.049999999999999996
4668,0.0195426,False,0.19999999999999998,0.3,0.25
4669,0.0163363,False,0.39999999999999997,0.5,0.44999999999999996
4670,0.0234076,False,0.19999999999999998,0.3,0.25
4671,0.0239484,False,0.09999999999999999,0.19999999999999998,0.15
4672,0.0221911,False,0.09999999999999999,0.19999999999999998,0.15
4673,0.0152129,False,0.39999999999999997,0.5,0.44999999999999996
4674,0.0228614,False,0.19999999999999998,0.3,0.25
4675,0.0272914,False,0.09999999999999999,0.19999999999999998,0.15
4676,0.0256533,False,0.09999999999999999,0.19999999999999998,0.15
4677,0.0291166,False,0.3,0.39999999999999997,0.35
4678,0.0153765,False,0.0,0.09999999999999999,0.049999999999999996
4679,0.0250509,False,0.09999999999999999,0.19999999999999998,0.15
4680,0.0257133,False,0.3,0.39999999999999997,0.35
4681,0.0192185,False,0.09999999999999999,0.19999999999999998,0.15
4682,0.0153993,False,0.39999999999999997,0.5,0.44999999999999996
4683,0.0223164,False,0.09999999999999999,0.19999999999999998,0.15
4684,0.0257559,False,0.09999999999999999,0.19999999999999998,0.15
4685,0.0238189,False,0.09999999999999999,0.19999999999999998,0.15
4686,0.0158631,False,0.0,0.09999999999999999,0.049999999999999996
4687,0.0296337,False,0.8999999999999999,1.0,0.95
4688,0.0162034,False,0.09999999999999999,0.19999999999999998,0.15
4689,0.0284146,False,0.09999999999999999,0.19999999999999998,0.15
4690,0.0169712,False,0.09999999999999999,0.19999999999999998,0.15
4691,0.0209013,False,0.19999999999999998,0.3,0.25
4692,0.0204764,False,0.09999999999999999,0.19999999999999998,0.15
4693,0.0233052,False,0.09999999999999999,0.19999999999999998,0.15
4694,0.0154693,False,0.09999999999999999,0.19999999999999998,0.15
4695,0.0280084,False,0.09999999999999999,0.19999999999999998,0.15
4696,0.0176513,False,0.09999999999999999,0.19999999999999998,0.15
4697,0.024215,False,0.09999999999999999,0.19999999999999998,0.15
4698,0.026604,False,0.7,0.7999999999999999,0.75
4699,0.0183786,False,0.09999999999999999,0.19999999999999998,0.15
4700,0.0150717,False,0.09999999999999999,0.19999999999999998,0.15
4701,0.023995,False,0.19999999999999998,0.3,0.25
4702,0.0270187,False,0.09999999999999999,0.19999999999999998,0.15
4703,0.023899,False,0.09999999999999999,0.19999999999999998,0.15
4704,0.0267639,False,0.19999999999999998,0.3,0.25
4705,0.0244215,False,0.19999999999999998,0.3,0.25
4706,0.0265454,False,0.19999999999999998,0.3,0.25
4707,0.0150675,False,0.0,0.09999999999999999,0.049999999999999996
4708,0.029831,False,0.5,0.6,0.55
4709,0.0272554,False,0.39999999999999997,0.5,0.44999999999999996
4710,0.0258517,False,0.09999999999999999,0.19999999999999998,0.15
4711,0.0281383,False,0.09999999999999999,0.19999999999999998,0.15
4712,0.0180373,False,0.0,0.09999999999999999,0.049999999999999996
4713,0.0227369,False,0.09999999999999999,0.19999999999999998,0.15
4714,0.0221066,False,0.09999999999999999,0.19999999999999998,0.15
4715,0.0214782,False,0.09999999999999999,0.19999999999999998,0.15
4716,0.0202292,False,0.19999999999999998,0.3,0.25
4717,0.0241655,False,0.19999999999999998,0.3,0.25
4718,0.0161842,False,0.0,0.09999999999999999,0.049999999999999996
4719,0.0277421,False,0.19999999999999998,0.3,0.25
4720,0.0259392,False,0.19999999999999998,0.3,0.25
4721,0.0258174,False,0.19999999999999998,0.3,0.25
4722,0.0293289,False,0.6,0.7,0.6499999999999999
4723,0.0193707,False,0.09999999999999999,0.19999999999999998,0.15
4724,0.026239,False,0.09999999999999999,0.19999999999999998,0.15
4725,0.022514,False,0.09999999999999999,0.19999999999999998,0.15
4726,0.0182919,False,0.09999999999999999,0.19999999999999998,0.15
4727,0.0176112,False,0.09999999999999999,0.19999999999999998,0.15
4728,0.0240903,False,0.39999999999999997,0.5,0.44999999999999996
4729,0.0182051,False,0.09999999999999999,0.19999999999999998,0.15
4730,0.0174472,False,0.09999999999999999,0.19999999999999998,0.15
4731,0.0266478,False,0.8999999999999999,1.0,0.95
4732,0.0239433,False,0.39999999999999997,0.5,0.44999999999999996
4733,0.0180978,False,0.0,0.09999999999999999,0.049999999999999996
4734,0.0242058,False,0.09999999999999999,0.19999999999999998,0.15
4735,0.0258111,False,0.19999999999999998,0.3,0.25
4736,0.0260946,False,0.09999999999999999,0.19999999999999998,0.15
4737,0.0215984,False,0.3,0.39999999999999997,0.35
4738,0.0244111,False,0.09999999999999999,0.19999999999999998,0.15
4739,0.0173916,False,0.09999999999999999,0.19999999999999998,0.15
4740,0.0246329,False,0.09999999999999999,0.19999999999999998,0.15
4741,0.0240068,False,0.5,0.6,0.55
4742,0.0163628,False,0.0,0.09999999999999999,0.049999999999999996
4743,0.0174098,False,0.09999999999999999,0.19999999999999998,0.15
4744,0.0179451,False,0.0,0.09999999999999999,0.049999999999999996
4745,0.0160725,False,0.0,0.09999999999999999,0.049999999999999996
4746,0.0162455,False,0.0,0.09999999999999999,0.049999999999999996
4747,0.017509,False,0.0,0.09999999999999999,0.049999999999999996
4748,0.0242189,False,0.19999999999999998,0.3,0.25
4749,0.0212168,True,nan,nan,nan
4750,0.0171088,False,0.0,0.09999999999999999,0.049999999999999996
4751,0.0278176,False,0.09999999999999999,0.19999999999999998,0.15
4752,0.0213952,False,0.3,0.39999999999999997,0.35
4753,0.0194125,False,0.09999999999999999,0.19999999999999998,0.15
4754,0.0189627,False,0.09999999999999999,0.19999999999999998,0.15
4755,0.0235099,False,0.39999999999999997,0.5,0.44999999999999996
4756,0.0265844,True,nan,nan,nan
4757,0.0196235,False,0.19999999999999998,0.3,0.25
4758,0.0154692,False,0.0,0.09999999999999999,0.049999999999999996
4759,0.0208478,False,0.19999999999999998,0.3,0.25
4760,0.0156552,False,0.09999999999999999,0.19999999999999998,0.15
4761,0.0159059,False,0.09999999999999999,0.19999999999999998,0.15
4762,0.0289716,False,0.09999999999999999,0.19999999999999998,0.15
4763,0.0262132,False,0.09999999999999999,0.19999999999999998,0.15
4764,0.0237753,False,0.09999999999999999,0.19999999999999998,0.15
4765,0.0257565,False,0.09999999999999999,0.19999999999999998,0.15
4766,0.0282247,False,0.09999999999999999,0.19999999999999998,0.15
4767,0.0287282,True,nan,nan,nan
4768,0.0295073,False,0.09999999999999999,0.19999999999999998,0.15
4769,0.0191834,False,1.0,1.0999999999999999,1.0499999999999998
4770,0.0288849,False,0.7,0.7999999999999999,0.75
4771,0.0281353,False,0.3,0.39999999999999997,0.35
4772,0.0155325,False,0.0,0.09999999999999999,0.049999999999999996
4773,0.0222928,False,0.09999999999999999,0.19999999999999998,0.15
4774,0.0260936,False,0.09999999999999999,0.19999999999999998,0.15
4775,0.0184762,False,0.09999999999999999,0.19999999999999998,0.15
4776,0.023913,False,0.09999999999999999,0.19999999999999998,0.15
4777,0.0197348,False,0.39999999999999997,0.5,0.44999999999999996
4778,0.0239645,False,0.19999999999999998,0.3,0.25
4779,0.0287017,False,0.19999999999999998,0.3,0.25
4780,0.0173322,False,0.09999999999999999,0.19999999999999998,0.15
4781,0.0151484,False,0.09999999999999999,0.19999999999999998,0.15
4782,0.0158126,False,0.3,0.39999999999999997,0.35
4783,0.0172272,False,0.6,0.7,0.6499999999999999
4784,0.017071,False,0.09999999999999999,0.19999999999999998,0.15
4785,0.0215308,False,0.19999999999999998,0.3,0.25
4786,0.0269283,False,0.19999999999999998,0.3,0.25
4787,0.0242331,False,0.09999999999999999,0.19999999999999998,0.15
4788,0.0282416,False,0.19999999999999998,0.3,0.25
4789,0.0288778,False,0.09999999999999999,0.19999999999999998,0.15
4790,0.0197709,False,0.0,0.09999999999999999,0.049999999999999996
4791,0.0156943,False,0.0,0.09999999999999999,0.049999999999999996
4792,0.026255,False,0.09999999999999999,0.19999999999999998,0.15
4793,0.0188824,False,0.39999999999999997,0.5,0.44999999999999996
4794,0.0283548,False,0.19999999999999998,0.3,0.25
4795,0.0272095,False,0.09999999999999999,0.19999999999999998,0.15
4796,0.0161815,False,0.09999999999999999,0.19999999999999998,0.15
4797,0.0185181,False,0.39999999999999997,0.5,0.44999999999999996
4798,0.0198336,False,0.19999999999999998,0.3,0.25
4799,0.0271576,False,0.19999999999999998,0.3,0.25
4800,0.0161863,False,0.3,0.39999999999999997,0.35
4801,0.0186481,False,0.09999999999999999,0.19999999999999998,0.15
4802,0.0205887,False,0.09999999999999999,0.19999999999999998,0.15
4803,0.0216228,False,0.09999999999999999,0.19999999999999998,0.15
4804,0.0186031,False,0.09999999999999999,0.19999999999999998,0.15
4805,0.0245338,False,0.39999999999999997,0.5,0.44999999999999996
4806,0.0285927,False,0.19999999999999998,0.3,0.25
4807,0.0219382,False,0.6,0.7,0.6499999999999999
4808,0.0288374,False,0.09999999999999999,0.19999999999999998,0.15
4809,0.0197569,False,0.19999999999999998,0.3,0.25
4810,0.019801,False,0.09999999999999999,0.19999999999999998,0.15
4811,0.022293,False,0.09999999999999999,0.19999999999999998,0.15
4812,0.0206582,False,0.09999999999999999,0.19999999999999998,0.15
4813,0.015623,False,0.0,0.09999999999999999,0.049999999999999996
4814,0.0281627,False,0.19999999999999998,0.3,0.25
4815,0.0267252,False,0.09999999999999999,0.19999999999999998,0.15
4816,0.0298765,False,0.19999999999999998,0.3,0.25
4817,0.0173192,False,0.0,0.09999999999999999,0.049999999999999996
4818,0.0246512,False,0.09999999999999999,0.19999999999999998,0.15
4819,0.0210796,False,0.19999999999999998,0.3,0.25
4820,0.029296,False,0.19999999999999998,0.3,0.25
4821,0.0242538,False,0.19999999999999998,0.3,0.25
4822,0.0202086,False,0.39999999999999997,0.5,0.44999999999999996
4823,0.0163479,False,0.0,0.09999999999999999,0.049999999999999996
4824,0.0189563,False,0.09999999999999999,0.19999999999999998,0.15
4825,0.0247117,False,0.19999999999999998,0.3,0.25
4826,0.0207368,False,0.09999999999999999,0.19999999999999998,0.15
4827,0.0161737,False,0.09999999999999999,0.19999999999999998,0.15
4828,0.0241689,False,0.3,0.39999999999999997,0.35
4829,0.0260722,False,0.09999999999999999,0.19999999999999998,0.15
4830,0.0281691,False,0.19999999999999998,0.3,0.25
4831,0.0151196,False,0.0,0.09999999999999999,0.049999999999999996
4832,0.0218934,False,0.39999999999999997,0.5,0.44999999999999996
4833,0.019356,False,0.09999999999999999,0.19999999999999998,0.15
4834,0.0231541,False,0.3,0.39999999999999997,0.35
4835,0.0254664,False,0.09999999999999999,0.19999999999999998,0.15
4836,0.0199093,False,0.19999999999999998,0.3,0.25
4837,0.0169195,False,0.19999999999999998,0.3,0.25
4838,0.0238483,False,0.09999999999999999,0.19999999999999998,0.15
4839,0.0192836,False,0.0,0.09999999999999999,0.049999999999999996
4840,0.0279083,False,0.3,0.39999999999999997,0.35
4841,0.0223969,False,0.09999999999999999,0.19999999999999998,0.15
4842,0.0237486,False,0.09999999999999999,0.19999999999999998,0.15
4843,0.0284605,False,0.19999999999999998,0.3,0.25
4844,0.0180308,False,0.39999999999999997,0.5,0.44999999999999996
4845,0.0193769,False,0.09999999999999999,0.19999999999999998,0.15
4846,0.0208783,False,0.09999999999999999,0.19999999999999998,0.15
4847,0.0252357,False,0.09999999999999999,0.19999999999999998,0.15
4848,0.0197057,False,0.19999999999999998,0.3,0.25
4849,0.0253222,True,nan,nan,nan
4850,0.0192158,False,0.5,0.6,0.55
4851,0.0249651,False,0.19999999999999998,0.3,0.25
4852,0.0287229,False,0.19999999999999998,0.3,0.25
4853,0.022694,False,0.19999999999999998,0.3,0.25
4854,0.0288057,False,0.5,0.6,0.55
4855,0.0161432,False,0.19999999999999998,0.3,0.25
4856,0.019646,False,0.09999999999999999,0.19999999999999998,0.15
4857,0.0294275,False,0.19999999999999998,0.3,0.25
4858,0.029467,False,0.19999999999999998,0.3,0.25
4859,0.0187304,False,0.09999999999999999,0.19999999999999998,0.15
4860,0.0236182,False,0.09999999999999999,0.19999999999999998,0.15
4861,0.0174085,False,0.39999999999999997,0.5,0.44999999999999996
4862,0.0234225,False,0.09999999999999999,0.19999999999999998,0.15
4863,0.0283951,False,0.19999999999999998,0.3,0.25
4864,0.0280946,False,0.3,0.39999999999999997,0.35
4865,0.0287549,False,0.3,0.39999999999999997,0.35
4866,0.0186392,False,0.09999999999999999,0.19999999999999998,0.15
4867,0.016241,False,0.0,0.09999999999999999,0.049999999999999996
4868,0.0167484,False,0.0,0.09999999999999999,0.049999999999999996
4869,0.0202893,False,0.09999999999999999,0.19999999999999998,0.15
4870,0.0154478,False,0.0,0.09999999999999999,0.049999999999999996
4871,0.0214102,False,0.39999999999999997,0.5,0.44999999999999996
4872,0.0214081,False,0.09999999999999999,0.19999999999999998,0.15
4873,0.0175693,False,0.09999999999999999,0.19999999999999998,0.15
4874,0.0171476,False,0.39999999999999997,0.5,0.44999999999999996
4875,0.0203963,False,0.09999999999999999,0.19999999999999998,0.15
4876,0.0211852,False,0.09999999999999999,0.19999999999999998,0.15
4877,0.026639,False,0.09999999999999999,0.19999999999999998,0.15
4878,0.0255631,False,0.09999999999999999,0.19999999999999998,0.15
4879,0.0278756,False,0.5,0.6,0.55
4880,0.0259601,False,0.09999999999999999,0.19999999999999998,0.15
4881,0.0281442,False,0.19999999999999998,0.3,0.25
4882,0.0224104,False,0.09999999999999999,0.19999999999999998,0.15
4883,0.0188438,False,0.19999999999999998,0.3,0.25
4884,0.0206097,False,0.0,0.09999999999999999,0.049999999999999996
4885,0.0186168,False,0.19999999999999998,0.3,0.25
4886,0.0254831,False,0.09999999999999999,0.19999999999999998,0.15
4887,0.0238955,True,nan,nan,nan
4888,0.0189404,False,0.19999999999999998,0.3,0.25
4889,0.0224925,False,0.09999999999999999,0.19999999999999998,0.15
4890,0.0239496,False,0.09999999999999999,0.19999999999999998,0.15
4891,0.0219525,False,0.09999999999999999,0.19999999999999998,0.15
4892,0.0193115,False,0.09999999999999999,0.19999999999999998,0.15
4893,0.0248186,False,0.3,0.39999999999999997,0.35
4894,0.0215943,False,0.5,0.6,0.55
4895,0.019402,False,0.09999999999999999,0.19999999999999998,0.15
4896,0.0186174,False,0.0,0.09999999999999999,0.049999999999999996
4897,0.0222324,False,0.5,0.6,0.55
4898,0.0271723,False,0.3,0.39999999999999997,0.35
4899,0.0251905,False,0.09999999999999999,0.19999999999999998,0.15
4900,0.0186492,False,0.09999999999999999,0.19999999999999998,0.15
4901,0.02579,False,0.39999999999999997,0.5,0.44999999999999996
4902,0.016927,False,0.19999999999999998,0.3,0.25
4903,0.0220276,False,0.09999999999999999,0.19999999999999998,0.15
4904,0.0197584,False,0.39999999999999997,0.5,0.44999999999999996
4905,0.0161472,False,0.39999999999999997,0.5,0.44999999999999996
4906,0.0248064,False,0.19999999999999998,0.3,0.25
4907,0.0163505,False,0.0,0.09999999999999999,0.049999999999999996
4908,0.0212284,True,nan,nan,nan
4909,0.0232166,False,0.19999999999999998,0.3,0.25
4910,0.0256684,False,0.3,0.39999999999999997,0.35
4911,0.021498,False,0.09999999999999999,0.19999999999999998,0.15
4912,0.0193569,False,0.09999999999999999,0.19999999999999998,0.15
4913,0.0165034,False,0.09999999999999999,0.19999999999999998,0.15
4914,0.0251452,False,0.09999999999999999,0.19999999999999998,0.15
4915,0.0267566,False,0.09999999999999999,0.19999999999999998,0.15
4916,0.025219,False,0.19999999999999998,0.3,0.25
4917,0.029631,False,0.19999999999999998,0.3,0.25
4918,0.0184987,False,0.09999999999999999,0.19999999999999998,0.15
4919,0.0245356,False,0.3,0.39999999999999997,0.35
4920,0.0170836,False,0.0,0.09999999999999999,0.049999999999999996
4921,0.0207535,True,nan,nan,nan
4922,0.0229293,False,0.09999999999999999,0.19999999999999998,0.15
4923,0.0174646,False,0.09999999999999999,0.19999999999999998,0.15
4924,0.0178143,False,0.5,0.6,0.55
4925,0.018698,False,0.19999999999999998,0.3,0.25
4926,0.0256644,False,0.19999999999999998,0.3,0.25
4927,0.0285323,False,0.5,0.6,0.55
4928,0.0259567,False,0.5,0.6,0.55
4929,0.0179801,False,0.09999999999999999,0.19999999999999998,0.15
4930,0.0174032,False,0.09999999999999999,0.19999999999999998,0.15
4931,0.0195949,False,0.3,0.39999999999999997,0.35
4932,0.0162437,False,0.09999999999999999,0.19999999999999998,0.15
4933,0.0265084,False,0.39999999999999997,0.5,0.44999999999999996
4934,0.0183399,False,0.09999999999999999,0.19999999999999998,0.15
4935,0.0270568,False,0.09999999999999999,0.19999999999999998,0.15
4936,0.0229916,False,0.09999999999999999,0.19999999999999998,0.15
4937,0.0176788,True,nan,nan,nan
4938,0.0269654,True,nan,nan,nan
4939,0.0231408,False,0.09999999999999999,0.19999999999999998,0.15
4940,0.026331,False,0.19999999999999998,0.3,0.25
4941,0.0181743,False,0.09999999999999999,0.19999999999999998,0.15
4942,0.0234181,False,0.19999999999999998,0.3,0.25
4943,0.0205606,False,0.09999999999999999,0.19999999999999998,0.15
4944,0.0193779,False,0.39999999999999997,0.5,0.44999999999999996
4945,0.0222593,False,0.09999999999999999,0.19999999999999998,0.15
4946,0.0267598,False,0.09999999999999999,0.19999999999999998,0.15
4947,0.0228237,False,0.09999999999999999,0.19999999999999998,0.15
4948,0.016877,False,0.09999999999999999,0.19999999999999998,0.15
4949,0.0225123,False,0.09999999999999999,0.19999999999999998,0.15
4950,0.0295287,False,0.3,0.39999999999999997,0.35
4951,0.0202369,False,0.0,0.09999999999999999,0.049999999999999996
4952,0.0204566,False,0.09999999999999999,0.19999999999999998,0.15
4953,0.0258622,False,0.09999999999999999,0.19999999999999998,0.15
4954,0.0284115,False,0.09999999999999999,0.19999999999999998,0.15
4955,0.0190752,False,0.19999999999999998,0.3,0.25
4956,0.0266056,False,0.09999999999999999,0.19999999999999998,0.15
4957,0.0205084,False,0.09999999999999999,0.19999999999999998,0.15
4958,0.0156572,False,0.0,0.09999999999999999,0.049999999999999996
4959,0.0216932,False,0.09999999999999999,0.19999999999999998,0.15
4960,0.0265123,False,0.19999999999999998,0.3,0.25
4961,0.0157783,False,0.0,0.09999999999999999,0.049999999999999996
4962,0.0231797,False,0.39999999999999997,0.5,0.44999999999999996
4963,0.0289886,False,0.3,0.39999999999999997,0.35
4964,0.0193836,False,0.0,0.09999999999999999,0.049999999999999996
4965,0.0234038,False,0.19999999999999998,0.3,0.25
4966,0.0174475,False,0.0,0.09999999999999999,0.049999999999999996
4967,0.0225157,False,0.09999999999999999,0.19999999999999998,0.15
4968,0.0176341,False,0.09999999999999999,0.19999999999999998,0.15
4969,0.0284644,False,0.19999999999999998,0.3,0.25
4970,0.0255703,False,0.19999999999999998,0.3,0.25
4971,0.0211989,False,0.09999999999999999,0.19999999999999998,0.15
4972,0.0277407,False,0.19999999999999998,0.3,0.25
4973,0.0292064,False,0.19999999999999998,0.3,0.25
4974,0.0268657,False,0.09999999999999999,0.19999999999999998,0.15
4975,0.0231469,False,0.19999999999999998,0.3,0.25
4976,0.0233894,False,0.3,0.39999999999999997,0.35
4977,0.0225107,False,0.09999999999999999,0.19999999999999998,0.15
4978,0.0173931,False,0.0,0.09999999999999999,0.049999999999999996
4979,0.0252409,False,0.3,0.39999999999999997,0.35
4980,0.0244092,False,0.09999999999999999,0.19999999999999998,0.15
4981,0.0186579,False,0.09999999999999999,0.19999999999999998,0.15
4982,0.023368,False,0.3,0.39999999999999997,0.35
4983,0.0238706,False,0.19999999999999998,0.3,0.25
4984,0.021374,False,0.19999999999999998,0.3,0.25
4985,0.0155398,False,0.0,0.09999999999999999,0.049999999999999996
4986,0.0216888,False,0.3,0.39999999999999997,0.35
4987,0.0196008,False,0.09999999999999999,0.19999999999999998,0.15
4988,0.0190224,False,0.3,0.39999999999999997,0.35
4989,0.0271881,True,nan,nan,nan
4990,0.0278893,False,0.6,0.7,0.6499999999999999
4991,0.020889,False,0.8999999999999999,1.0,0.95
4992,0.0270413,False,0.09999999999999999,0.19999999999999998,0.15
4993,0.0184826,False,0.0,0.09999999999999999,0.049999999999999996
4994,0.0152135,False,0.09999999999999999,0.19999999999999998,0.15
4995,0.0191597,False,0.09999999999999999,0.19999999999999998,0.15
4996,0.020893,False,0.19999999999999998,0.3,0.25
4997,0.0169258,False,0.09999999999999999,0.19999999999999998,0.15
4998,0.0191114,False,0.09999999999999999,0.19999999999999998,0.15
4999,0.0185042,False,0.0,0.09999999999999999,0.049999999999999996
5000,0.02244,False,0.09999999999999999,0.19999999999999998,0.15
5001,0.0185142,False,0.0,0.09999999999999999,0.049999999999999996
5002,0.0235228,False,0.3,0.39999999999999997,0.35
5003,0.0222339,False,0.09999999999999999,0.19999999999999998,0.15
5004,0.0182067,False,0.09999999999999999,0.19999999999999998,0.15
5005,0.0290515,False,0.7999999999999999,0.8999999999999999,0.8499999999999999
5006,0.0290814,False,0.3,0.39999999999999997,0.35
5007,0.0279744,False,0.19999999999999998,0.3,0.25
5008,0.0160173,False,0.19999999999999998,0.3,0.25
5009,0.0198729,False,0.19999999999999998,0.3,0.25
5010,0.0227357,False,0.3,0.39999999999999997,0.35
5011,0.0185826,True,nan,nan,nan
5012,0.0161905,False,0.0,0.09999999999999999,0.049999999999999996
5013,0.0192176,False,0.0,0.09999999999999999,0.049999999999999996
5014,0.0287637,False,0.09999999999999999,0.19999999999999998,0.15
5015,0.01948,False,0.09999999999999999,0.19999999999999998,0.15
5016,0.0250577,False,0.19999999999999998,0.3,0.25
5017,0.0209853,False,0.09999999999999999,0.19999999999999998,0.15
5018,0.0160192,False,0.09999999999999999,0.19999999999999998,0.15
5019,0.0265653,False,0.19999999999999998,0.3,0.25
5020,0.0243099,False,0.09999999999999999,0.19999999999999998,0.15
5021,0.0294564,False,0.19999999999999998,0.3,0.25
5022,0.0198399,False,0.09999999999999999,0.19999999999999998,0.15
5023,0.0204565,False,0.09999999999999999,0.19999999999999998,0.15
5024,0.0217969,False,0.09999999999999999,0.19999999999999998,0.15
5025,0.0283311,False,0.3,0.39999999999999997,0.35
5026,0.0206868,False,0.09999999999999999,0.19999999999999998,0.15
5027,0.0159384,False,0.19999999999999998,0.3,0.25
5028,0.0232708,False,0.39999999999999997,0.5,0.44999999999999996
5029,0.0252656,False,0.09999999999999999,0.19999999999999998,0.15
5030,0.0202527,False,0.09999999999999999,0.19999999999999998,0.15
5031,0.0253613,False,0.19999999999999998,0.3,0.25
5032,0.0262874,False,0.09999999999999999,0.19999999999999998,0.15
5033,0.0247637,False,0.09999999999999999,0.19999999999999998,0.15
5034,0.0246481,False,0.09999999999999999,0.19999999999999998,0.15
5035,0.026742,False,0.7,0.7999999999999999,0.75
5036,0.0184556,False,0.09999999999999999,0.19999999999999998,0.15
5037,0.0281212,False,0.39999999999999997,0.5,0.44999999999999996
5038,0.0200484,False,0.09999999999999999,0.19999999999999998,0.15
5039,0.0226142,False,0.19999999999999998,0.3,0.25
5040,0.0274577,False,0.19999999999999998,0.3,0.25
5041,0.0238347,False,0.19999999999999998,0.3,0.25
5042,0.0153206,False,0.09999999999999999,0.19999999999999998,0.15
5043,0.0161209,False,0.0,0.09999999999999999,0.049999999999999996
5044,0.0270734,False,0.09999999999999999,0.19999999999999998,0.15
5045,0.0249649,False,0.19999999999999998,0.3,0.25
5046,0.0195624,False,0.0,0.09999999999999999,0.049999999999999996
5047,0.0208556,False,0.3,0.39999999999999997,0.35
5048,0.0291364,False,0.19999999999999998,0.3,0.25
5049,0.0246828,False,0.5,0.6,0.55
5050,0.0268409,False,0.09999999999999999,0.19999999999999998,0.15
5051,0.0260419,False,0.09999999999999999,0.19999999999999998,0.15
5052,0.0211221,False,0.09999999999999999,0.19999999999999998,0.15
5053,0.0227934,False,0.09999999999999999,0.19999999999999998,0.15
5054,0.0251194,False,0.39999999999999997,0.5,0.44999999999999996
5055,0.0180246,False,0.0,0.09999999999999999,0.049999999999999996
5056,0.0233399,False,0.19999999999999998,0.3,0.25
5057,0.0263366,False,0.39999999999999997,0.5,0.44999999999999996
5058,0.029347,False,0.3,0.39999999999999997,0.35
5059,0.026652,False,0.19999999999999998,0.3,0.25
5060,0.0206133,False,0.09999999999999999,0.19999999999999998,0.15
5061,0.027281,False,0.09999999999999999,0.19999999999999998,0.15
5062,0.0264121,False,0.19999999999999998,0.3,0.25
5063,0.0206237,False,0.09999999999999999,0.19999999999999998,0.15
5064,0.018853,False,0.09999999999999999,0.19999999999999998,0.15
5065,0.0155659,False,0.09999999999999999,0.19999999999999998,0.15
5066,0.0192654,False,0.19999999999999998,0.3,0.25
5067,0.0253789,True,nan,nan,nan
5068,0.0222036,False,0.19999999999999998,0.3,0.25
5069,0.0173138,False,0.0,0.09999999999999999,0.049999999999999996
5070,0.0267584,False,0.09999999999999999,0.19999999999999998,0.15
5071,0.0246871,False,0.09999999999999999,0.19999999999999998,0.15
5072,0.0237631,False,0.09999999999999999,0.19999999999999998,0.15
5073,0.0249538,False,0.09999999999999999,0.19999999999999998,0.15
5074,0.0212335,False,0.5,0.6,0.55
5075,0.027371,False,0.19999999999999998,0.3,0.25
5076,0.0255723,False,0.19999999999999998,0.3,0.25
5077,0.0290403,False,0.19999999999999998,0.3,0.25
5078,0.0153825,False,0.09999999999999999,0.19999999999999998,0.15
5079,0.0154673,False,0.0,0.09999999999999999,0.049999999999999996
5080,0.0273617,False,0.09999999999999999,0.19999999999999998,0.15
5081,0.0264544,False,0.09999999999999999,0.19999999999999998,0.15
5082,0.0257732,False,0.5,0.6,0.55
5083,0.0248133,False,0.09999999999999999,0.19999999999999998,0.15
5084,0.0244954,False,0.09999999999999999,0.19999999999999998,0.15
5085,0.022235,False,0.09999999999999999,0.19999999999999998,0.15
5086,0.0298974,False,0.5,0.6,0.55
5087,0.0178663,False,0.19999999999999998,0.3,0.25
5088,0.0158242,False,0.09999999999999999,0.19999999999999998,0.15
5089,0.0153608,False,0.0,0.09999999999999999,0.049999999999999996
5090,0.0209078,False,0.09999999999999999,0.19999999999999998,0.15
5091,0.0184878,True,nan,nan,nan
5092,0.0260018,False,0.19999999999999998,0.3,0.25
5093,0.0272015,False,0.09999999999999999,0.19999999999999998,0.15
5094,0.0239542,False,0.09999999999999999,0.19999999999999998,0.15
5095,0.0245715,False,0.19999999999999998,0.3,0.25
5096,0.0214532,False,0.09999999999999999,0.19999999999999998,0.15
5097,0.0297328,False,0.39999999999999997,0.5,0.44999999999999996
5098,0.0173054,False,0.0,0.09999999999999999,0.049999999999999996
5099,0.0281858,False,0.09999999999999999,0.19999999999999998,0.15
5100,0.0153604,False,0.0,0.09999999999999999,0.049999999999999996
5101,0.0172442,False,0.09999999999999999,0.19999999999999998,0.15
5102,0.0292819,False,0.3,0.39999999999999997,0.35
5103,0.016113,False,0.09999999999999999,0.19999999999999998,0.15
5104,0.0240081,False,0.09999999999999999,0.19999999999999998,0.15
5105,0.0257442,False,0.09999999999999999,0.19999999999999998,0.15
5106,0.019171,False,0.19999999999999998,0.3,0.25
5107,0.0276383,False,0.39999999999999997,0.5,0.44999999999999996
5108,0.0152546,False,0.0,0.09999999999999999,0.049999999999999996
5109,0.0183466,False,0.0,0.09999999999999999,0.049999999999999996
5110,0.022364,False,0.09999999999999999,0.19999999999999998,0.15
5111,0.0220167,False,0.19999999999999998,0.3,0.25
5112,0.0288483,False,0.3,0.39999999999999997,0.35
5113,0.0250876,True,nan,nan,nan
5114,0.0190899,False,0.09999999999999999,0.19999999999999998,0.15
5115,0.0232571,False,0.09999999999999999,0.19999999999999998,0.15
5116,0.0215139,False,0.09999999999999999,0.19999999999999998,0.15
5117,0.0158837,False,0.0,0.09999999999999999,0.049999999999999996
5118,0.0282066,False,0.3,0.39999999999999997,0.35
5119,0.0271662,False,0.6,0.7,0.6499999999999999
5120,0.0175304,False,0.09999999999999999,0.19999999999999998,0.15
5121,0.0156426,False,0.0,0.09999999999999999,0.049999999999999996
5122,0.0268207,False,0.19999999999999998,0.3,0.25
5123,0.0289982,False,0.19999999999999998,0.3,0.25
5124,0.0175392,False,0.0,0.09999999999999999,0.049999999999999996
5125,0.0234474,False,0.19999999999999998,0.3,0.25
5126,0.019669,False,0.09999999999999999,0.19999999999999998,0.15
5127,0.0162162,False,0.0,0.09999999999999999,0.049999999999999996
5128,0.0204208,False,0.19999999999999998,0.3,0.25
5129,0.0186487,True,nan,nan,nan
5130,0.0222695,False,0.09999999999999999,0.19999999999999998,0.15
5131,0.02076,False,0.09999999999999999,0.19999999999999998,0.15
5132,0.0249782,False,0.6,0.7,0.6499999999999999
5133,0.0240784,False,0.3,0.39999999999999997,0.35
5134,0.0289762,False,0.39999999999999997,0.5,0.44999999999999996
5135,0.0225242,False,0.09999999999999999,0.19999999999999998,0.15
5136,0.028526,False,0.3,0.39999999999999997,0.35
5137,0.0221434,False,0.09999999999999999,0.19999999999999998,0.15
5138,0.0295295,True,nan,nan,nan
5139,0.0281871,False,0.19999999999999998,0.3,0.25
5140,0.0291448,False,0.19999999999999998,0.3,0.25
5141,0.0252191,False,0.09999999999999999,0.19999999999999998,0.15
5142,0.0273105,False,0.09999999999999999,0.19999999999999998,0.15
5143,0.0201616,False,0.19999999999999998,0.3,0.25
5144,0.0230767,False,0.19999999999999998,0.3,0.25
5145,0.0168135,False,0.09999999999999999,0.19999999999999998,0.15
5146,0.0206903,True,nan,nan,nan
5147,0.0227078,False,0.09999999999999999,0.19999999999999998,0.15
5148,0.0151756,False,0.0,0.09999999999999999,0.049999999999999996
5149,0.0177782,False,0.0,0.09999999999999999,0.049999999999999996
5150,0.017366,False,0.19999999999999998,0.3,0.25
5151,0.0243318,False,0.5,0.6,0.55
5152,0.0158521,False,0.0,0.09999999999999999,0.049999999999999996
5153,0.0218131,False,0.09999999999999999,0.19999999999999998,0.15
5154,0.0257046,False,0.09999999999999999,0.19999999999999998,0.15
5155,0.016044,False,0.0,0.09999999999999999,0.049999999999999996
5156,0.0271693,False,0.09999999999999999,0.19999999999999998,0.15
5157,0.0181402,False,0.0,0.09999999999999999,0.049999999999999996
5158,0.0190307,False,0.0,0.09999999999999999,0.049999999999999996
5159,0.0206011,False,0.09999999999999999,0.19999999999999998,0.15
5160,0.0215228,False,0.39999999999999997,0.5,0.44999999999999996
5161,0.021847,False,0.39999999999999997,0.5,0.44999999999999996
5162,0.0196353,False,0.09999999999999999,0.19999999999999998,0.15
5163,0.0186658,False,0.3,0.39999999999999997,0.35
5164,0.0291904,False,0.19999999999999998,0.3,0.25
5165,0.0262169,False,0.19999999999999998,0.3,0.25
5166,0.0265551,False,0.09999999999999999,0.19999999999999998,0.15
5167,0.0196358,False,0.0,0.09999999999999999,0.049999999999999996
5168,0.0239529,False,0.09999999999999999,0.19999999999999998,0.15
5169,0.0269538,False,0.09999999999999999,0.19999999999999998,0.15
5170,0.0225847,False,0.5,0.6,0.55
5171,0.0281072,False,0.39999999999999997,0.5,0.44999999999999996
5172,0.0253563,False,0.3,0.39999999999999997,0.35
5173,0.0279809,False,0.39999999999999997,0.5,0.44999999999999996
5174,0.0280352,False,0.7,0.7999999999999999,0.75
5175,0.0200088,False,0.09999999999999999,0.19999999999999998,0.15
5176,0.0166738,False,0.09999999999999999,0.19999999999999998,0.15
5177,0.0195952,False,0.19999999999999998,0.3,0.25
5178,0.0203552,False,0.09999999999999999,0.19999999999999998,0.15
5179,0.0286861,False,0.6,0.7,0.6499999999999999
5180,0.0227474,False,0.09999999999999999,0.19999999999999998,0.15
5181,0.0247948,False,0.19999999999999998,0.3,0.25
5182,0.0234905,False,0.3,0.39999999999999997,0.35
5183,0.0275445,False,0.19999999999999998,0.3,0.25
5184,0.0217054,False,0.09999999999999999,0.19999999999999998,0.15
5185,0.0166209,False,0.0,0.09999999999999999,0.049999999999999996
5186,0.0156631,False,0.0,0.09999999999999999,0.049999999999999996
5187,0.0190678,False,0.09999999999999999,0.19999999999999998,0.15
5188,0.0270218,False,0.09999999999999999,0.19999999999999998,0.15
5189,0.0234833,False,0.7,0.7999999999999999,0.75
5190,0.0267932,False,0.09999999999999999,0.19999999999999998,0.15
5191,0.0205904,False,0.09999999999999999,0.19999999999999998,0.15
5192,0.0164543,False,0.0,0.09999999999999999,0.049999999999999996
5193,0.0291097,False,0.19999999999999998,0.3,0.25
5194,0.0213786,True,nan,nan,nan
5195,0.0281793,False,0.09999999999999999,0.19999999999999998,0.15
5196,0.0251925,False,0.09999999999999999,0.19999999999999998,0.15
5197,0.0166514,False,0.09999999999999999,0.19999999999999998,0.15
5198,0.0282009,False,0.09999999999999999,0.19999999999999998,0.15
5199,0.0212318,False,0.19999999999999998,0.3,0.25
5200,0.0218687,False,0.09999999999999999,0.19999999999999998,0.15
5201,0.0250744,False,0.09999999999999999,0.19999999999999998,0.15
5202,0.018807,False,0.0,0.09999999999999999,0.049999999999999996
5203,0.0246922,False,0.09999999999999999,0.19999999999999998,0.15
5204,0.0289807,False,0.19999999999999998,0.3,0.25
5205,0.0187792,False,0.09999999999999999,0.19999999999999998,0.15
5206,0.0260319,False,0.09999999999999999,0.19999999999999998,0.15
5207,0.0154137,False,0.09999999999999999,0.19999999999999998,0.15
5208,0.0276145,False,0.3,0.39999999999999997,0.35
5209,0.0295938,False,0.09999999999999999,0.19999999999999998,0.15
5210,0.0186626,False,0.09999999999999999,0.19999999999999998,0.15
5211,0.023257,False,0.09999999999999999,0.19999999999999998,0.15
5212,0.0203679,False,0.09999999999999999,0.19999999999999998,0.15
5213,0.0231229,False,0.19999999999999998,0.3,0.25
5214,0.0183281,False,0.39999999999999997,0.5,0.44999999999999996
5215,0.018539,False,0.09999999999999999,0.19999999999999998,0.15
5216,0.0154313,False,0.3,0.39999999999999997,0.35
5217,0.0298685,False,0.3,0.39999999999999997,0.35
5218,0.0279984,False,0.09999999999999999,0.19999999999999998,0.15
5219,0.0266711,False,0.09999999999999999,0.19999999999999998,0.15
5220,0.0215909,False,0.09999999999999999,0.19999999999999998,0.15
5221,0.0169178,False,0.0,0.09999999999999999,0.049999999999999996
5222,0.0246912,False,0.5,0.6,0.55
5223,0.0194811,False,0.09999999999999999,0.19999999999999998,0.15
5224,0.0254755,False,0.19999999999999998,0.3,0.25
5225,0.0182083,False,0.09999999999999999,0.19999999999999998,0.15
5226,0.0297057,False,0.09999999999999999,0.19999999999999998,0.15
5227,0.0184851,False,0.09999999999999999,0.19999999999999998,0.15
5228,0.0154476,False,0.0,0.09999999999999999,0.049999999999999996
5229,0.0167711,False,0.09999999999999999,0.19999999999999998,0.15
5230,0.0216628,True,nan,nan,nan
5231,0.0272219,False,0.3,0.39999999999999997,0.35
5232,0.0214464,False,0.09999999999999999,0.19999999999999998,0.15
5233,0.0159519,False,0.0,0.09999999999999999,0.049999999999999996
5234,0.0286432,False,0.19999999999999998,0.3,0.25
5235,0.0188013,False,0.09999999999999999,0.19999999999999998,0.15
5236,0.0227867,False,0.09999999999999999,0.19999999999999998,0.15
5237,0.017932,False,0.0,0.09999999999999999,0.049999999999999996
5238,0.0223978,False,0.09999999999999999,0.19999999999999998,0.15
5239,0.0221945,False,0.09999999999999999,0.19999999999999998,0.15
5240,0.0273435,False,0.19999999999999998,0.3,0.25
5241,0.0166521,False,0.09999999999999999,0.19999999999999998,0.15
5242,0.0287283,False,0.19999999999999998,0.3,0.25
5243,0.0152646,False,0.0,0.09999999999999999,0.049999999999999996
5244,0.0201244,False,0.19999999999999998,0.3,0.25
5245,0.0241234,False,0.5,0.6,0.55
5246,0.0251017,False,0.19999999999999998,0.3,0.25
5247,0.0255127,False,0.09999999999999999,0.19999999999999998,0.15
5248,0.0235692,False,0.19999999999999998,0.3,0.25
5249,0.0237592,True,nan,nan,nan
5250,0.0257307,False,0.09999999999999999,0.19999999999999998,0.15
5251,0.0219606,False,0.09999999999999999,0.19999999999999998,0.15
5252,0.0239009,False,0.09999999999999999,0.19999999999999998,0.15
5253,0.025056,False,0.39999999999999997,0.5,0.44999999999999996
5254,0.0170235,False,0.0,0.09999999999999999,0.049999999999999996
5255,0.0178785,False,0.0,0.09999999999999999,0.049999999999999996
5256,0.0155831,False,0.09999999999999999,0.19999999999999998,0.15
5257,0.0196346,False,0.0,0.09999999999999999,0.049999999999999996
5258,0.0271283,False,0.3,0.39999999999999997,0.35
5259,0.0153476,False,0.0,0.09999999999999999,0.049999999999999996
5260,0.0206183,False,0.09999999999999999,0.19999999999999998,0.15
5261,0.0236493,False,0.19999999999999998,0.3,0.25
5262,0.0262629,False,0.19999999999999998,0.3,0.25
5263,0.0222457,False,0.6,0.7,0.6499999999999999
5264,0.0278209,False,0.19999999999999998,0.3,0.25
5265,0.0163803,False,0.09999999999999999,0.19999999999999998,0.15
5266,0.0238238,False,0.09999999999999999,0.19999999999999998,0.15
5267,0.0290092,False,0.09999999999999999,0.19999999999999998,0.15
5268,0.0220456,False,0.19999999999999998,0.3,0.25
5269,0.0254633,False,0.09999999999999999,0.19999999999999998,0.15
5270,0.0224242,False,0.6,0.7,0.6499999999999999
5271,0.0199085,False,0.09999999999999999,0.19999999999999998,0.15
5272,0.0288266,False,0.39999999999999997,0.5,0.44999999999999996
5273,0.0299272,False,0.3,0.39999999999999997,0.35
5274,0.0207373,False,0.09999999999999999,0.19999999999999998,0.15
5275,0.0293634,False,0.19999999999999998,0.3,0.25
5276,0.0232441,False,0.3,0.39999999999999997,0.35
5277,0.0265422,False,0.3,0.39999999999999997,0.35
5278,0.020632,False,0.09999999999999999,0.19999999999999998,0.15
5279,0.0197939,False,0.09999999999999999,0.19999999999999998,0.15
5280,0.0259845,False,0.19999999999999998,0.3,0.25
5281,0.0281664,False,0.6,0.7,0.6499999999999999
5282,0.0201755,False,0.09999999999999999,0.19999999999999998,0.15
5283,0.0220669,False,0.09999999999999999,0.19999999999999998,0.15
5284,0.0256969,False,0.3,0.39999999999999997,0.35
5285,0.0156111,False,0.0,0.09999999999999999,0.049999999999999996
5286,0.0211962,False,0.09999999999999999,0.19999999999999998,0.15
5287,0.0189228,False,0.09999999999999999,0.19999999999999998,0.15
5288,0.016374,False,0.0,0.09999999999999999,0.049999999999999996
5289,0.018679,False,0.19999999999999998,0.3,0.25
5290,0.0261544,False,0.09999999999999999,0.19999999999999998,0.15
5291,0.0264282,False,0.19999999999999998,0.3,0.25
5292,0.0281177,True,nan,nan,nan
5293,0.0220375,False,0.09999999999999999,0.19999999999999998,0.15
5294,0.020415,False,0.3,0.39999999999999997,0.35
5295,0.0286988,False,0.19999999999999998,0.3,0.25
5296,0.01911,False,0.09999999999999999,0.19999999999999998,0.15
5297,0.0288386,False,0.39999999999999997,0.5,0.44999999999999996
5298,0.0267667,False,0.19999999999999998,0.3,0.25
5299,0.0261296,False,0.19999999999999998,0.3,0.25
5300,0.01999,False,0.19999999999999998,0.3,0.25
5301,0.0180639,False,0.09999999999999999,0.19999999999999998,0.15
5302,0.0229726,False,0.09999999999999999,0.19999999999999998,0.15
5303,0.0167029,False,0.09999999999999999,0.19999999999999998,0.15
5304,0.0233726,False,0.09999999999999999,0.19999999999999998,0.15
5305,0.0269077,False,0.19999999999999998,0.3,0.25
5306,0.0226009,False,0.09999999999999999,0.19999999999999998,0.15
5307,0.0167191,False,0.09999999999999999,0.19999999999999998,0.15
5308,0.026218,False,0.19999999999999998,0.3,0.25
5309,0.0208634,False,0.09999999999999999,0.19999999999999998,0.15
5310,0.0187543,False,0.09999999999999999,0.19999999999999998,0.15
5311,0.0255632,False,0.09999999999999999,0.19999999999999998,0.15
5312,0.0292276,True,nan,nan,nan
5313,0.0234505,False,0.09999999999999999,0.19999999999999998,0.15
5314,0.0262475,False,0.09999999999999999,0.19999999999999998,0.15
5315,0.0263463,False,0.09999999999999999,0.19999999999999998,0.15
5316,0.0272245,False,0.7999999999999999,0.8999999999999999,0.8499999999999999
5317,0.0224076,False,0.39999999999999997,0.5,0.44999999999999996
5318,0.0224076,False,0.09999999999999999,0.19999999999999998,0.15
5319,0.0153375,False,0.0,0.09999999999999999,0.049999999999999996
5320,0.0217566,False,0.09999999999999999,0.19999999999999998,0.15
5321,0.0179463,False,0.09999999999999999,0.19999999999999998,0.15
5322,0.0249942,False,0.19999999999999998,0.3,0.25
5323,0.0286748,False,0.09999999999999999,0.19999999999999998,0.15
5324,0.0168396,False,0.0,0.09999999999999999,0.049999999999999996
5325,0.023471,False,0.09999999999999999,0.19999999999999998,0.15
5326,0.0255572,False,0.19999999999999998,0.3,0.25
5327,0.0270928,False,0.3,0.39999999999999997,0.35
5328,0.0164044,False,0.0,0.09999999999999999,0.049999999999999996
5329,0.018772,False,0.09999999999999999,0.19999999999999998,0.15
5330,0.0205192,False,0.19999999999999998,0.3,0.25
5331,0.0164574,False,0.09999999999999999,0.19999999999999998,0.15
5332,0.0285657,False,0.09999999999999999,0.19999999999999998,0.15
5333,0.0282414,False,0.19999999999999998,0.3,0.25
5334,0.0250617,False,0.19999999999999998,0.3,0.25
5335,0.0190159,False,0.09999999999999999,0.19999999999999998,0.15
5336,0.0287325,False,0.09999999999999999,0.19999999999999998,0.15
5337,0.0209175,True,nan,nan,nan
5338,0.0210795,False,0.09999999999999999,0.19999999999999998,0.15
5339,0.0211364,False,0.09999999999999999,0.19999999999999998,0.15
5340,0.0179413,False,0.19999999999999998,0.3,0.25
5341,0.0190104,False,0.09999999999999999,0.19999999999999998,0.15
5342,0.0178479,False,0.0,0.09999999999999999,0.049999999999999996
5343,0.0198213,False,0.0,0.09999999999999999,0.049999999999999996
5344,0.0188945,False,0.19999999999999998,0.3,0.25
5345,0.0191306,False,0.09999999999999999,0.19999999999999998,0.15
5346,0.0166937,False,0.0,0.09999999999999999,0.049999999999999996
5347,0.02176,False,0.09999999999999999,0.19999999999999998,0.15
5348,0.021516,False,0.09999999999999999,0.19999999999999998,0.15
5349,0.0221714,False,0.09999999999999999,0.19999999999999998,0.15
5350,0.0174778,False,0.0,0.09999999999999999,0.049999999999999996
5351,0.024983,False,0.09999999999999999,0.19999999999999998,0.15
5352,0.015396,False,0.19999999999999998,0.3,0.25
5353,0.0171489,False,0.09999999999999999,0.19999999999999998,0.15
5354,0.0210841,False,0.19999999999999998,0.3,0.25
5355,0.0232353,False,0.09999999999999999,0.19999999999999998,0.15
5356,0.0242687,False,0.09999999999999999,0.19999999999999998,0.15
5357,0.0180861,False,0.09999999999999999,0.19999999999999998,0.15
5358,0.0221764,False,0.09999999999999999,0.19999999999999998,0.15
5359,0.0208721,False,0.3,0.39999999999999997,0.35
5360,0.0189826,False,0.09999999999999999,0.19999999999999998,0.15
5361,0.024657,False,0.19999999999999998,0.3,0.25
5362,0.0286498,False,0.6,0.7,0.6499999999999999
5363,0.0248915,False,0.09999999999999999,0.19999999999999998,0.15
5364,0.024605,False,0.09999999999999999,0.19999999999999998,0.15
5365,0.016445,False,0.0,0.09999999999999999,0.049999999999999996
5366,0.0251156,False,0.09999999999999999,0.19999999999999998,0.15
5367,0.0164093,False,0.19999999999999998,0.3,0.25
5368,0.0185829,False,0.09999999999999999,0.19999999999999998,0.15
5369,0.0156078,True,nan,nan,nan
5370,0.0277333,False,0.3,0.39999999999999997,0.35
5371,0.0222636,False,0.09999999999999999,0.19999999999999998,0.15
5372,0.0250752,False,0.09999999999999999,0.19999999999999998,0.15
5373,0.0185693,False,0.09999999999999999,0.19999999999999998,0.15
5374,0.0255185,False,0.6,0.7,0.6499999999999999
5375,0.0158561,False,0.09999999999999999,0.19999999999999998,0.15
5376,0.0202955,False,0.19999999999999998,0.3,0.25
5377,0.0292405,False,0.3,0.39999999999999997,0.35
5378,0.0216471,False,0.09999999999999999,0.19999999999999998,0.15
5379,0.0234574,False,0.09999999999999999,0.19999999999999998,0.15
5380,0.0159485,False,0.09999999999999999,0.19999999999999998,0.15
5381,0.0163327,False,0.09999999999999999,0.19999999999999998,0.15
5382,0.0211218,False,0.09999999999999999,0.19999999999999998,0.15
5383,0.0269972,False,0.09999999999999999,0.19999999999999998,0.15
5384,0.0215043,False,0.09999999999999999,0.19999999999999998,0.15
5385,0.0230911,False,0.5,0.6,0.55
5386,0.0155737,False,0.09999999999999999,0.19999999999999998,0.15
5387,0.0223604,False,0.19999999999999998,0.3,0.25
5388,0.0266425,False,0.09999999999999999,0.19999999999999998,0.15
5389,0.0203526,False,0.09999999999999999,0.19999999999999998,0.15
5390,0.0234992,False,0.19999999999999998,0.3,0.25
5391,0.0208861,False,0.09999999999999999,0.19999999999999998,0.15
5392,0.0188519,False,0.09999999999999999,0.19999999999999998,0.15
5393,0.0262682,False,0.39999999999999997,0.5,0.44999999999999996
5394,0.026799,False,0.19999999999999998,0.3,0.25
5395,0.0156421,False,0.0,0.09999999999999999,0.049999999999999996
5396,0.0187184,True,nan,nan,nan
5397,0.0275131,False,0.09999999999999999,0.19999999999999998,0.15
5398,0.0276741,False,0.3,0.39999999999999997,0.35
5399,0.0283183,False,0.09999999999999999,0.19999999999999998,0.15
5400,0.0217338,False,0.09999999999999999,0.19999999999999998,0.15
5401,0.0284719,False,0.09999999999999999,0.19999999999999998,0.15
5402,0.0167866,False,0.09999999999999999,0.19999999999999998,0.15
5403,0.0153732,False,0.0,0.09999999999999999,0.049999999999999996
5404,0.0188523,False,0.09999999999999999,0.19999999999999998,0.15
5405,0.0255681,False,0.09999999999999999,0.19999999999999998,0.15
5406,0.0279275,False,0.3,0.39999999999999997,0.35
5407,0.0278956,False,0.19999999999999998,0.3,0.25
5408,0.0206823,False,0.09999999999999999,0.19999999999999998,0.15
5409,0.0211788,False,0.09999999999999999,0.19999999999999998,0.15
5410,0.0177381,False,0.09999999999999999,0.19999999999999998,0.15
5411,0.0248476,False,0.09999999999999999,0.19999999999999998,0.15
5412,0.0247081,False,0.19999999999999998,0.3,0.25
5413,0.0239676,True,nan,nan,nan
5414,0.023583,False,0.3,0.39999999999999997,0.35
5415,0.0291136,False,0.6,0.7,0.6499999999999999
5416,0.0259845,True,nan,nan,nan
5417,0.0221231,False,0.09999999999999999,0.19999999999999998,0.15
5418,0.0180073,False,0.0,0.09999999999999999,0.049999999999999996
5419,0.0186106,False,0.19999999999999998,0.3,0.25
5420,0.026163,False,0.09999999999999999,0.19999999999999998,0.15
5421,0.0153818,False,0.09999999999999999,0.19999999999999998,0.15
5422,0.0249118,False,0.19999999999999998,0.3,0.25
5423,0.0258026,False,0.09999999999999999,0.19999999999999998,0.15
5424,0.0295786,False,0.3,0.39999999999999997,0.35
5425,0.0199214,False,0.09999999999999999,0.19999999999999998,0.15
5426,0.02302,False,0.09999999999999999,0.19999999999999998,0.15
5427,0.0211717,False,0.19999999999999998,0.3,0.25
5428,0.0176783,False,0.0,0.09999999999999999,0.049999999999999996
5429,0.0237339,False,0.09999999999999999,0.19999999999999998,0.15
5430,0.0180379,False,0.09999999999999999,0.19999999999999998,0.15
5431,0.0165347,False,0.0,0.09999999999999999,0.049999999999999996
5432,0.0188504,False,0.09999999999999999,0.19999999999999998,0.15
5433,0.0232973,True,nan,nan,nan
5434,0.0247876,False,0.09999999999999999,0.19999999999999998,0.15
5435,0.029511,False,0.19999999999999998,0.3,0.25
5436,0.0204465,False,0.09999999999999999,0.19999999999999998,0.15
5437,0.0164722,False,0.09999999999999999,0.19999999999999998,0.15
5438,0.0264264,False,0.3,0.39999999999999997,0.35
5439,0.0214135,False,0.09999999999999999,0.19999999999999998,0.15
5440,0.0291522,False,0.3,0.39999999999999997,0.35
5441,0.0192129,False,0.09999999999999999,0.19999999999999998,0.15
5442,0.0281744,True,nan,nan,nan
5443,0.0198296,False,0.09999999999999999,0.19999999999999998,0.15
5444,0.0277461,False,0.5,0.6,0.55
5445,0.0260158,False,0.09999999999999999,0.19999999999999998,0.15
5446,0.0222699,False,0.09999999999999999,0.19999999999999998,0.15
5447,0.0287944,False,0.09999999999999999,0.19999999999999998,0.15
5448,0.0186442,False,0.09999999999999999,0.19999999999999998,0.15
5449,0.0223218,False,0.09999999999999999,0.19999999999999998,0.15
5450,0.0246173,False,0.09999999999999999,0.19999999999999998,0.15
5451,0.016706,False,0.0,0.09999999999999999,0.049999999999999996
5452,0.0265798,False,0.19999999999999998,0.3,0.25
5453,0.0232708,False,0.09999999999999999,0.19999999999999998,0.15
5454,0.0282757,True,nan,nan,nan
5455,0.0287909,False,0.7999999999999999,0.8999999999999999,0.8499999999999999
5456,0.0174749,False,0.0,0.09999999999999999,0.049999999999999996
5457,0.0159059,False,0.09999999999999999,0.19999999999999998,0.15
5458,0.0166326,False,0.0,0.09999999999999999,0.049999999999999996
5459,0.0189183,False,0.09999999999999999,0.19999999999999998,0.15
5460,0.0222387,False,0.09999999999999999,0.19999999999999998,0.15
5461,0.0164311,False,0.09999999999999999,0.19999999999999998,0.15
5462,0.0289505,False,0.19999999999999998,0.3,0.25
5463,0.0289671,False,0.39999999999999997,0.5,0.44999999999999996
5464,0.0279489,False,0.19999999999999998,0.3,0.25
5465,0.0189161,False,0.09999999999999999,0.19999999999999998,0.15
5466,0.0298945,False,0.39999999999999997,0.5,0.44999999999999996
5467,0.0218526,False,0.09999999999999999,0.19999999999999998,0.15
5468,0.0294723,False,0.19999999999999998,0.3,0.25
5469,0.0233093,False,0.19999999999999998,0.3,0.25
5470,0.0263275,False,0.3,0.39999999999999997,0.35
5471,0.020597,False,0.09999999999999999,0.19999999999999998,0.15
5472,0.0221628,False,0.09999999999999999,0.19999999999999998,0.15
5473,0.0194819,False,0.3,0.39999999999999997,0.35
5474,0.0159778,False,0.0,0.09999999999999999,0.049999999999999996
5475,0.0290597,False,0.3,0.39999999999999997,0.35
5476,0.021926,False,0.09999999999999999,0.19999999999999998,0.15
5477,0.0249628,False,0.09999999999999999,0.19999999999999998,0.15
5478,0.0270867,False,0.09999999999999999,0.19999999999999998,0.15
5479,0.0174146,False,0.09999999999999999,0.19999999999999998,0.15
5480,0.0271915,False,0.6,0.7,0.6499999999999999
5481,0.0290523,False,0.3,0.39999999999999997,0.35
5482,0.0268112,False,0.5,0.6,0.55
5483,0.0297311,False,0.09999999999999999,0.19999999999999998,0.15
5484,0.0235638,False,0.09999999999999999,0.19999999999999998,0.15
5485,0.0270537,False,0.09999999999999999,0.19999999999999998,0.15
5486,0.0178193,False,0.09999999999999999,0.19999999999999998,0.15
5487,0.016399,False,0.7,0.7999999999999999,0.75
5488,0.0270048,False,0.19999999999999998,0.3,0.25
5489,0.0282507,False,0.5,0.6,0.55
5490,0.026561,False,0.3,0.39999999999999997,0.35
5491,0.0184959,False,0.0,0.09999999999999999,0.049999999999999996
5492,0.0295212,False,0.3,0.39999999999999997,0.35
5493,0.0244048,False,0.19999999999999998,0.3,0.25
5494,0.021624,False,0.3,0.39999999999999997,0.35
5495,0.0193809,False,0.09999999999999999,0.19999999999999998,0.15
5496,0.0243983,False,0.09999999999999999,0.19999999999999998,0.15
5497,0.0265687,False,0.19999999999999998,0.3,0.25
5498,0.0218567,False,0.09999999999999999,0.19999999999999998,0.15
5499,0.0246916,False,0.09999999999999999,0.19999999999999998,0.15
5500,0.0157707,False,0.09999999999999999,0.19999999999999998,0.15
5501,0.0299312,True,nan,nan,nan
5502,0.0180221,False,0.19999999999999998,0.3,0.25
5503,0.0152927,False,0.0,0.09999999999999999,0.049999999999999996
5504,0.0179018,True,nan,nan,nan
5505,0.0219211,False,0.09999999999999999,0.19999999999999998,0.15
5506,0.0270226,False,0.09999999999999999,0.19999999999999998,0.15
5507,0.0177057,False,0.0,0.09999999999999999,0.049999999999999996
5508,0.0172869,False,0.0,0.09999999999999999,0.049999999999999996
5509,0.019588,False,0.09999999999999999,0.19999999999999998,0.15
5510,0.0156436,False,0.39999999999999997,0.5,0.44999999999999996
5511,0.0260056,False,0.19999999999999998,0.3,0.25
5512,0.0242059,False,0.09999999999999999,0.19999999999999998,0.15
5513,0.0168897,False,0.0,0.09999999999999999,0.049999999999999996
5514,0.023595,False,0.09999999999999999,0.19999999999999998,0.15
5515,0.0173661,False,0.19999999999999998,0.3,0.25
5516,0.0272746,False,0.3,0.39999999999999997,0.35
5517,0.021615,False,0.09999999999999999,0.19999999999999998,0.15
5518,0.0276303,False,0.19999999999999998,0.3,0.25
5519,0.0163176,False,0.09999999999999999,0.19999999999999998,0.15
5520,0.0219466,False,0.5,0.6,0.55
5521,0.0236034,False,0.09999999999999999,0.19999999999999998,0.15
5522,0.0184065,False,0.09999999999999999,0.19999999999999998,0.15
5523,0.0232964,False,0.09999999999999999,0.19999999999999998,0.15
5524,0.018102,False,0.09999999999999999,0.19999999999999998,0.15
5525,0.0226786,False,0.09999999999999999,0.19999999999999998,0.15
5526,0.0215675,False,0.09999999999999999,0.19999999999999998,0.15
5527,0.0248506,False,0.19999999999999998,0.3,0.25
5528,0.0204867,False,0.09999999999999999,0.19999999999999998,0.15
5529,0.0202281,False,0.09999999999999999,0.19999999999999998,0.15
5530,0.0212018,False,0.09999999999999999,0.19999999999999998,0.15
5531,0.0173308,False,0.09999999999999999,0.19999999999999998,0.15
5532,0.0256015,False,0.3,0.39999999999999997,0.35
5533,0.0208585,False,0.19999999999999998,0.3,0.25
5534,0.0292328,False,0.09999999999999999,0.19999999999999998,0.15
5535,0.0255499,False,0.09999999999999999,0.19999999999999998,0.15
5536,0.0214608,False,0.19999999999999998,0.3,0.25
5537,0.0169964,False,0.0,0.09999999999999999,0.049999999999999996
5538,0.0203764,False,0.09999999999999999,0.19999999999999998,0.15
5539,0.0166204,False,0.0,0.09999999999999999,0.049999999999999996
5540,0.024373,False,0.09999999999999999,0.19999999999999998,0.15
5541,0.0294431,False,0.3,0.39999999999999997,0.35
5542,0.0226205,False,0.09999999999999999,0.19999999999999998,0.15
5543,0.0212641,False,0.09999999999999999,0.19999999999999998,0.15
5544,0.0223646,False,0.09999999999999999,0.19999999999999998,0.15
5545,0.0263149,False,0.19999999999999998,0.3,0.25
5546,0.0249484,False,0.19999999999999998,0.3,0.25
5547,0.0232141,False,0.39999999999999997,0.5,0.44999999999999996
5548,0.0168742,False,0.09999999999999999,0.19999999999999998,0.15
5549,0.0262119,False,0.19999999999999998,0.3,0.25
5550,0.0211547,False,0.09999999999999999,0.19999999999999998,0.15
5551,0.0167405,False,0.39999999999999997,0.5,0.44999999999999996
5552,0.018306,False,0.09999999999999999,0.19999999999999998,0.15
5553,0.0159264,False,0.0,0.09999999999999999,0.049999999999999996
5554,0.0191511,True,nan,nan,nan
5555,0.0163695,False,0.09999999999999999,0.19999999999999998,0.15
5556,0.0166963,False,0.19999999999999998,0.3,0.25
5557,0.0248504,False,0.19999999999999998,0.3,0.25
5558,0.0203536,False,0.3,0.39999999999999997,0.35
5559,0.0197534,False,0.09999999999999999,0.19999999999999998,0.15
5560,0.0226159,False,0.19999999999999998,0.3,0.25
5561,0.0241418,False,0.19999999999999998,0.3,0.25
5562,0.0184636,False,0.09999999999999999,0.19999999999999998,0.15
5563,0.0152851,False,0.6,0.7,0.6499999999999999
5564,0.0192439,False,0.09999999999999999,0.19999999999999998,0.15
5565,0.0162698,False,0.0,0.09999999999999999,0.049999999999999996
5566,0.023547,False,0.09999999999999999,0.19999999999999998,0.15
5567,0.0229699,False,0.09999999999999999,0.19999999999999998,0.15
5568,0.0217795,False,0.19999999999999998,0.3,0.25
5569,0.0209427,False,0.5,0.6,0.55
5570,0.0178897,False,0.09999999999999999,0.19999999999999998,0.15
5571,0.022492,True,nan,nan,nan
5572,0.0177376,False,0.09999999999999999,0.19999999999999998,0.15
5573,0.029259,False,0.19999999999999998,0.3,0.25
5574,0.0275307,False,0.09999999999999999,0.19999999999999998,0.15
5575,0.0261568,False,0.19999999999999998,0.3,0.25
5576,0.0264561,False,0.09999999999999999,0.19999999999999998,0.15
5577,0.029449,False,1.0,1.0999999999999999,1.0499999999999998
5578,0.0276406,False,0.09999999999999999,0.19999999999999998,0.15
5579,0.0274508,False,0.39999999999999997,0.5,0.44999999999999996
5580,0.027678,False,0.3,0.39999999999999997,0.35
5581,0.0169912,False,0.09999999999999999,0.19999999999999998,0.15
5582,0.023563,False,0.09999999999999999,0.19999999999999998,0.15
5583,0.0265519,False,0.09999999999999999,0.19999999999999998,0.15
5584,0.0188041,False,0.3,0.39999999999999997,0.35
5585,0.0205305,False,0.09999999999999999,0.19999999999999998,0.15
5586,0.0168341,False,0.09999999999999999,0.19999999999999998,0.15
5587,0.0172668,False,0.09999999999999999,0.19999999999999998,0.15
5588,0.0184244,False,0.19999999999999998,0.3,0.25
5589,0.0295846,False,0.39999999999999997,0.5,0.44999999999999996
5590,0.018028,False,0.09999999999999999,0.19999999999999998,0.15
5591,0.0151861,False,0.0,0.09999999999999999,0.049999999999999996
5592,0.0217059,False,0.09999999999999999,0.19999999999999998,0.15
5593,0.0201337,False,0.8999999999999999,1.0,0.95
5594,0.0220762,True,nan,nan,nan
5595,0.0221026,False,0.09999999999999999,0.19999999999999998,0.15
5596,0.0240469,False,0.09999999999999999,0.19999999999999998,0.15
5597,0.0173737,False,0.09999999999999999,0.19999999999999998,0.15
5598,0.0210299,True,nan,nan,nan
5599,0.0237117,False,0.19999999999999998,0.3,0.25
5600,0.0244127,False,0.09999999999999999,0.19999999999999998,0.15
5601,0.0185427,False,0.0,0.09999999999999999,0.049999999999999996
5602,0.0233703,False,0.09999999999999999,0.19999999999999998,0.15
5603,0.0226631,False,0.09999999999999999,0.19999999999999998,0.15
5604,0.0241803,False,0.09999999999999999,0.19999999999999998,0.15
5605,0.0168246,False,0.0,0.09999999999999999,0.049999999999999996
5606,0.0270967,False,0.19999999999999998,0.3,0.25
5607,0.0157865,False,0.0,0.09999999999999999,0.049999999999999996
5608,0.0256369,False,0.09999999999999999,0.19999999999999998,0.15
5609,0.0244562,False,0.09999999999999999,0.19999999999999998,0.15
5610,0.0273979,False,0.09999999999999999,0.19999999999999998,0.15
5611,0.0191164,False,0.09999999999999999,0.19999999999999998,0.15
5612,0.0172349,False,0.19999999999999998,0.3,0.25
5613,0.0258807,False,0.19999999999999998,0.3,0.25
5614,0.0267051,False,0.39999999999999997,0.5,0.44999999999999996
5615,0.015601,False,0.19999999999999998,0.3,0.25
5616,0.0239972,False,0.09999999999999999,0.19999999999999998,0.15
5617,0.0214092,False,0.09999999999999999,0.19999999999999998,0.15
5618,0.0185605,False,0.09999999999999999,0.19999999999999998,0.15
5619,0.0229675,False,0.19999999999999998,0.3,0.25
5620,0.0213503,False,0.0,0.09999999999999999,0.049999999999999996
5621,0.015505,False,0.09999999999999999,0.19999999999999998,0.15
5622,0.0269034,False,0.09999999999999999,0.19999999999999998,0.15
5623,0.0248762,False,0.19999999999999998,0.3,0.25
5624,0.0274617,False,0.19999999999999998,0.3,0.25
5625,0.029881,False,0.19999999999999998,0.3,0.25
5626,0.0266051,False,0.3,0.39999999999999997,0.35
5627,0.0200046,True,nan,nan,nan
5628,0.0162261,False,0.0,0.09999999999999999,0.049999999999999996
5629,0.0221151,False,0.09999999999999999,0.19999999999999998,0.15
5630,0.0237843,False,0.19999999999999998,0.3,0.25
5631,0.0192134,False,0.0,0.09999999999999999,0.049999999999999996
5632,0.0188643,False,0.09999999999999999,0.19999999999999998,0.15
5633,0.0263482,True,nan,nan,nan
5634,0.0194229,False,0.19999999999999998,0.3,0.25
5635,0.0207851,False,0.3,0.39999999999999997,0.35
5636,0.0284161,False,0.09999999999999999,0.19999999999999998,0.15
5637,0.0215903,False,0.3,0.39999999999999997,0.35
5638,0.0200108,False,0.19999999999999998,0.3,0.25
5639,0.0234426,False,0.09999999999999999,0.19999999999999998,0.15
5640,0.0273275,False,0.3,0.39999999999999997,0.35
5641,0.0175501,False,0.09999999999999999,0.19999999999999998,0.15
5642,0.0180025,False,0.3,0.39999999999999997,0.35
5643,0.0190203,True,nan,nan,nan
5644,0.024555,False,0.09999999999999999,0.19999999999999998,0.15
5645,0.0204301,False,0.09999999999999999,0.19999999999999998,0.15
5646,0.0160081,False,0.09999999999999999,0.19999999999999998,0.15
5647,0.0196741,False,0.09999999999999999,0.19999999999999998,0.15
5648,0.0183383,False,0.09999999999999999,0.19999999999999998,0.15
5649,0.0242448,False,0.09999999999999999,0.19999999999999998,0.15
5650,0.0268961,False,0.19999999999999998,0.3,0.25
5651,0.0200677,False,0.39999999999999997,0.5,0.44999999999999996
5652,0.0158197,False,0.0,0.09999999999999999,0.049999999999999996
5653,0.0191949,False,0.09999999999999999,0.19999999999999998,0.15
5654,0.0196388,False,0.09999999999999999,0.19999999999999998,0.15
5655,0.0258569,False,0.09999999999999999,0.19999999999999998,0.15
5656,0.0195807,False,0.19999999999999998,0.3,0.25
5657,0.028334,False,0.09999999999999999,0.19999999999999998,0.15
5658,0.022734,False,0.09999999999999999,0.19999999999999998,0.15
5659,0.0219113,False,0.5,0.6,0.55
5660,0.0194947,False,0.19999999999999998,0.3,0.25
5661,0.0164371,False,0.0,0.09999999999999999,0.049999999999999996
5662,0.0175841,False,0.0,0.09999999999999999,0.049999999999999996
5663,0.0238411,False,0.19999999999999998,0.3,0.25
5664,0.0177644,False,0.19999999999999998,0.3,0.25
5665,0.0208717,False,0.09999999999999999,0.19999999999999998,0.15
5666,0.028065,False,0.6,0.7,0.6499999999999999
5667,0.0251029,False,0.09999999999999999,0.19999999999999998,0.15
5668,0.0252041,True,nan,nan,nan
5669,0.0291484,False,0.19999999999999998,0.3,0.25
5670,0.0184019,False,0.0,0.09999999999999999,0.049999999999999996
5671,0.0187371,False,0.09999999999999999,0.19999999999999998,0.15
5672,0.0244069,False,0.09999999999999999,0.19999999999999998,0.15
5673,0.0182732,True,nan,nan,nan
5674,0.0278252,False,0.19999999999999998,0.3,0.25
5675,0.029131,False,0.39999999999999997,0.5,0.44999999999999996
5676,0.0244444,False,0.19999999999999998,0.3,0.25
5677,0.0232684,False,0.09999999999999999,0.19999999999999998,0.15
5678,0.0222548,False,0.09999999999999999,0.19999999999999998,0.15
5679,0.016562,True,nan,nan,nan
5680,0.0250084,False,0.19999999999999998,0.3,0.25
5681,0.026488,False,0.19999999999999998,0.3,0.25
5682,0.0248784,False,0.19999999999999998,0.3,0.25
5683,0.0207937,False,0.09999999999999999,0.19999999999999998,0.15
5684,0.0181254,False,0.09999999999999999,0.19999999999999998,0.15
5685,0.0178956,False,0.19999999999999998,0.3,0.25
5686,0.0254983,False,0.09999999999999999,0.19999999999999998,0.15
5687,0.0268573,False,0.19999999999999998,0.3,0.25
5688,0.0150826,False,0.0,0.09999999999999999,0.049999999999999996
5689,0.0153797,False,0.0,0.09999999999999999,0.049999999999999996
5690,0.0158443,False,0.19999999999999998,0.3,0.25
5691,0.0220352,False,0.09999999999999999,0.19999999999999998,0.15
5692,0.0185027,False,0.0,0.09999999999999999,0.049999999999999996
5693,0.0162965,False,0.09999999999999999,0.19999999999999998,0.15
5694,0.0218057,False,0.09999999999999999,0.19999999999999998,0.15
5695,0.0155895,False,0.0,0.09999999999999999,0.049999999999999996
5696,0.0242185,False,0.09999999999999999,0.19999999999999998,0.15
5697,0.0280691,False,0.09999999999999999,0.19999999999999998,0.15
5698,0.0173607,False,0.0,0.09999999999999999,0.049999999999999996
5699,0.0226271,False,0.3,0.39999999999999997,0.35
5700,0.0184026,False,0.09999999999999999,0.19999999999999998,0.15
5701,0.023885,False,0.09999999999999999,0.19999999999999998,0.15
5702,0.0220629,False,0.09999999999999999,0.19999999999999998,0.15
5703,0.0192301,False,0.09999999999999999,0.19999999999999998,0.15
5704,0.0274481,False,0.09999999999999999,0.19999999999999998,0.15
5705,0.0245638,False,0.09999999999999999,0.19999999999999998,0.15
5706,0.0203862,True,nan,nan,nan
5707,0.0165575,False,0.19999999999999998,0.3,0.25
5708,0.027723,False,0.3,0.39999999999999997,0.35
5709,0.0242091,False,0.19999999999999998,0.3,0.25
5710,0.015712,False,0.09999999999999999,0.19999999999999998,0.15
5711,0.0152917,False,0.0,0.09999999999999999,0.049999999999999996
5712,0.0267748,False,0.09999999999999999,0.19999999999999998,0.15
5713,0.0267671,False,0.3,0.39999999999999997,0.35
5714,0.0291844,False,0.3,0.39999999999999997,0.35
5715,0.0279393,False,0.3,0.39999999999999997,0.35
5716,0.0191967,False,0.09999999999999999,0.19999999999999998,0.15
5717,0.0288701,False,0.09999999999999999,0.19999999999999998,0.15
5718,0.0284575,False,0.3,0.39999999999999997,0.35
5719,0.0151125,False,0.3,0.39999999999999997,0.35
5720,0.020624,False,0.3,0.39999999999999997,0.35
5721,0.0156877,False,0.09999999999999999,0.19999999999999998,0.15
5722,0.0256616,False,0.09999999999999999,0.19999999999999998,0.15
5723,0.0255843,False,0.09999999999999999,0.19999999999999998,0.15
5724,0.0230331,False,0.5,0.6,0.55
5725,0.0284875,False,0.19999999999999998,0.3,0.25
5726,0.0187661,False,0.19999999999999998,0.3,0.25
5727,0.0160137,False,0.0,0.09999999999999999,0.049999999999999996
5728,0.016814,False,0.09999999999999999,0.19999999999999998,0.15
5729,0.0195126,False,0.09999999999999999,0.19999999999999998,0.15
5730,0.0177461,False,0.0,0.09999999999999999,0.049999999999999996
5731,0.0298717,False,0.09999999999999999,0.19999999999999998,0.15
5732,0.0273807,True,nan,nan,nan
5733,0.0257282,False,0.39999999999999997,0.5,0.44999999999999996
5734,0.0232614,False,0.09999999999999999,0.19999999999999998,0.15
5735,0.0157169,False,0.0,0.09999999999999999,0.049999999999999996
5736,0.0162162,False,0.0,0.09999999999999999,0.049999999999999996
5737,0.0186625,False,0.09999999999999999,0.19999999999999998,0.15
5738,0.0273621,False,0.5,0.6,0.55
5739,0.0187915,False,0.09999999999999999,0.19999999999999998,0.15
5740,0.026523,False,0.09999999999999999,0.19999999999999998,0.15
5741,0.0155352,False,0.09999999999999999,0.19999999999999998,0.15
5742,0.0269175,False,0.6,0.7,0.6499999999999999
5743,0.0159952,False,0.0,0.09999999999999999,0.049999999999999996
5744,0.0284791,False,0.09999999999999999,0.19999999999999998,0.15
5745,0.0240032,False,0.09999999999999999,0.19999999999999998,0.15
5746,0.0242382,False,0.09999999999999999,0.19999999999999998,0.15
5747,0.0166138,False,0.09999999999999999,0.19999999999999998,0.15
5748,0.0232758,False,0.09999999999999999,0.19999999999999998,0.15
5749,0.0151054,False,0.0,0.09999999999999999,0.049999999999999996
5750,0.0184319,False,0.0,0.09999999999999999,0.049999999999999996
5751,0.015314,False,0.19999999999999998,0.3,0.25
5752,0.0231204,False,0.39999999999999997,0.5,0.44999999999999996
5753,0.0264604,False,0.09999999999999999,0.19999999999999998,0.15
5754,0.0165328,False,0.09999999999999999,0.19999999999999998,0.15
5755,0.0273566,False,0.19999999999999998,0.3,0.25
5756,0.0265102,True,nan,nan,nan
5757,0.0284571,False,0.3,0.39999999999999997,0.35
5758,0.0292608,False,0.09999999999999999,0.19999999999999998,0.15
5759,0.0173544,False,0.19999999999999998,0.3,0.25
5760,0.0288522,False,0.3,0.39999999999999997,0.35
5761,0.0171117,False,0.19999999999999998,0.3,0.25
5762,0.0171663,False,0.0,0.09999999999999999,0.049999999999999996
5763,0.0213491,False,0.09999999999999999,0.19999999999999998,0.15
5764,0.0164981,False,0.0,0.09999999999999999,0.049999999999999996
5765,0.0248668,False,0.09999999999999999,0.19999999999999998,0.15
5766,0.0153274,False,0.0,0.09999999999999999,0.049999999999999996
5767,0.0213994,False,0.09999999999999999,0.19999999999999998,0.15
5768,0.0195281,False,0.09999999999999999,0.19999999999999998,0.15
5769,0.0190905,False,0.09999999999999999,0.19999999999999998,0.15
5770,0.0290947,False,0.09999999999999999,0.19999999999999998,0.15
5771,0.0152573,False,0.0,0.09999999999999999,0.049999999999999996
5772,0.0289467,False,0.6,0.7,0.6499999999999999
5773,0.0257025,False,0.09999999999999999,0.19999999999999998,0.15
5774,0.0266802,False,0.09999999999999999,0.19999999999999998,0.15
5775,0.0262354,False,0.09999999999999999,0.19999999999999998,0.15
5776,0.0190667,False,0.3,0.39999999999999997,0.35
5777,0.028837,False,0.19999999999999998,0.3,0.25
5778,0.0274313,False,0.39999999999999997,0.5,0.44999999999999996
5779,0.024009,False,0.09999999999999999,0.19999999999999998,0.15
5780,0.0157926,False,0.3,0.39999999999999997,0.35
5781,0.0242606,False,0.3,0.39999999999999997,0.35
5782,0.0254332,False,0.09999999999999999,0.19999999999999998,0.15
5783,0.015462,False,0.0,0.09999999999999999,0.049999999999999996
5784,0.0278983,False,0.09999999999999999,0.19999999999999998,0.15
5785,0.0270193,False,0.19999999999999998,0.3,0.25
5786,0.0152734,False,0.09999999999999999,0.19999999999999998,0.15
5787,0.0297844,False,0.19999999999999998,0.3,0.25
5788,0.0260697,False,0.19999999999999998,0.3,0.25
5789,0.0170642,False,0.0,0.09999999999999999,0.049999999999999996
5790,0.02904,False,0.39999999999999997,0.5,0.44999999999999996
5791,0.0225438,True,nan,nan,nan
5792,0.0227349,False,0.09999999999999999,0.19999999999999998,0.15
5793,0.0238381,False,0.19999999999999998,0.3,0.25
5794,0.0202469,False,0.09999999999999999,0.19999999999999998,0.15
5795,0.0192422,False,0.09999999999999999,0.19999999999999998,0.15
5796,0.0240549,False,0.09999999999999999,0.19999999999999998,0.15
5797,0.0217906,False,0.09999999999999999,0.19999999999999998,0.15
5798,0.0269256,False,0.09999999999999999,0.19999999999999998,0.15
5799,0.0151945,False,0.0,0.09999999999999999,0.049999999999999996
5800,0.0169196,False,0.0,0.09999999999999999,0.049999999999999996
5801,0.027401,False,0.3,0.39999999999999997,0.35
5802,0.019197,False,0.09999999999999999,0.19999999999999998,0.15
5803,0.0206392,False,0.09999999999999999,0.19999999999999998,0.15
5804,0.0292367,False,0.19999999999999998,0.3,0.25
5805,0.0250354,False,0.09999999999999999,0.19999999999999998,0.15
5806,0.0282469,False,0.5,0.6,0.55
5807,0.0259929,False,0.09999999999999999,0.19999999999999998,0.15
5808,0.0263098,False,0.09999999999999999,0.19999999999999998,0.15
5809,0.0183335,False,0.09999999999999999,0.19999999999999998,0.15
5810,0.0240144,False,0.09999999999999999,0.19999999999999998,0.15
5811,0.0275427,False,0.5,0.6,0.55
5812,0.0201406,False,0.19999999999999998,0.3,0.25
5813,0.0190603,False,0.19999999999999998,0.3,0.25
5814,0.0188794,False,0.09999999999999999,0.19999999999999998,0.15
5815,0.0173963,False,0.0,0.09999999999999999,0.049999999999999996
5816,0.0269305,False,0.19999999999999998,0.3,0.25
5817,0.0159144,False,0.7,0.7999999999999999,0.75
5818,0.019343,False,0.09999999999999999,0.19999999999999998,0.15
5819,0.0237058,False,0.09999999999999999,0.19999999999999998,0.15
5820,0.02348,False,0.19999999999999998,0.3,0.25
5821,0.0186161,False,0.09999999999999999,0.19999999999999998,0.15
5822,0.0162015,False,0.0,0.09999999999999999,0.049999999999999996
5823,0.0163794,False,0.0,0.09999999999999999,0.049999999999999996
5824,0.0227772,False,0.09999999999999999,0.19999999999999998,0.15
5825,0.0288352,False,0.6,0.7,0.6499999999999999
5826,0.0209795,False,0.09999999999999999,0.19999999999999998,0.15
5827,0.0252436,False,0.09999999999999999,0.19999999999999998,0.15
5828,0.0193894,False,0.09999999999999999,0.19999999999999998,0.15
5829,0.01582,False,0.0,0.09999999999999999,0.049999999999999996
5830,0.0293659,False,0.5,0.6,0.55
5831,0.017521,False,0.09999999999999999,0.19999999999999998,0.15
5832,0.0294246,False,0.39999999999999997,0.5,0.44999999999999996
5833,0.0150515,False,0.0,0.09999999999999999,0.049999999999999996
5834,0.0183727,False,0.0,0.09999999999999999,0.049999999999999996
5835,0.0273558,False,0.19999999999999998,0.3,0.25
5836,0.0236148,False,0.3,0.39999999999999997,0.35
5837,0.0263023,False,0.3,0.39999999999999997,0.35
5838,0.0205473,False,0.39999999999999997,0.5,0.44999999999999996
5839,0.0156237,False,0.0,0.09999999999999999,0.049999999999999996
5840,0.0196418,False,0.09999999999999999,0.19999999999999998,0.15
5841,0.0254894,True,nan,nan,nan
5842,0.0150696,False,0.09999999999999999,0.19999999999999998,0.15
5843,0.0228043,False,0.3,0.39999999999999997,0.35
5844,0.0163175,False,0.09999999999999999,0.19999999999999998,0.15
5845,0.0227039,False,0.09999999999999999,0.19999999999999998,0.15
5846,0.0239528,False,0.09999999999999999,0.19999999999999998,0.15
5847,0.0202711,False,0.39999999999999997,0.5,0.44999999999999996
5848,0.0258608,False,0.09999999999999999,0.19999999999999998,0.15
5849,0.0151104,False,0.0,0.09999999999999999,0.049999999999999996
5850,0.0262224,False,0.09999999999999999,0.19999999999999998,0.15
5851,0.0209417,False,0.09999999999999999,0.19999999999999998,0.15
5852,0.0215751,False,0.0,0.09999999999999999,0.049999999999999996
5853,0.0288778,False,0.19999999999999998,0.3,0.25
5854,0.0263786,False,0.19999999999999998,0.3,0.25
5855,0.0201309,False,0.19999999999999998,0.3,0.25
5856,0.0217874,False,0.3,0.39999999999999997,0.35
5857,0.0165968,False,0.0,0.09999999999999999,0.049999999999999996
5858,0.0198488,False,0.39999999999999997,0.5,0.44999999999999996
5859,0.0259527,False,0.09999999999999999,0.19999999999999998,0.15
5860,0.0274443,False,0.09999999999999999,0.19999999999999998,0.15
5861,0.0251161,False,0.09999999999999999,0.19999999999999998,0.15
5862,0.0261762,False,0.19999999999999998,0.3,0.25
5863,0.0290839,False,0.19999999999999998,0.3,0.25
5864,0.0292761,False,0.19999999999999998,0.3,0.25
5865,0.0299254,False,0.19999999999999998,0.3,0.25
5866,0.0222377,False,0.19999999999999998,0.3,0.25
5867,0.0197446,False,0.09999999999999999,0.19999999999999998,0.15
5868,0.0247142,False,0.19999999999999998,0.3,0.25
5869,0.0204038,False,0.09999999999999999,0.19999999999999998,0.15
5870,0.0261796,False,0.09999999999999999,0.19999999999999998,0.15
5871,0.0178918,False,0.0,0.09999999999999999,0.049999999999999996
5872,0.0258657,False,0.09999999999999999,0.19999999999999998,0.15
5873,0.0245729,False,0.09999999999999999,0.19999999999999998,0.15
5874,0.0154189,False,0.09999999999999999,0.19999999999999998,0.15
5875,0.0205179,False,0.0,0.09999999999999999,0.049999999999999996
5876,0.0192429,False,0.3,0.39999999999999997,0.35
5877,0.0252759,False,0.19999999999999998,0.3,0.25
5878,0.0282126,False,0.09999999999999999,0.19999999999999998,0.15
5879,0.0194126,False,0.19999999999999998,0.3,0.25
5880,0.019919,False,0.09999999999999999,0.19999999999999998,0.15
5881,0.0289096,False,0.09999999999999999,0.19999999999999998,0.15
5882,0.0211289,False,0.09999999999999999,0.19999999999999998,0.15
5883,0.0271009,False,0.09999999999999999,0.19999999999999998,0.15
5884,0.0173389,False,0.3,0.39999999999999997,0.35
5885,0.0294164,False,0.39999999999999997,0.5,0.44999999999999996
5886,0.0220547,False,0.09999999999999999,0.19999999999999998,0.15
5887,0.0268965,False,0.3,0.39999999999999997,0.35
5888,0.0261755,False,0.19999999999999998,0.3,0.25
5889,0.0265695,False,0.19999999999999998,0.3,0.25
5890,0.0223717,False,0.39999999999999997,0.5,0.44999999999999996
5891,0.0206987,False,0.6,0.7,0.6499999999999999
5892,0.0206329,False,0.09999999999999999,0.19999999999999998,0.15
5893,0.0262077,False,0.19999999999999998,0.3,0.25
5894,0.0182952,False,0.0,0.09999999999999999,0.049999999999999996
5895,0.017404,False,0.09999999999999999,0.19999999999999998,0.15
5896,0.0294904,False,0.19999999999999998,0.3,0.25
5897,0.0189834,False,0.09999999999999999,0.19999999999999998,0.15
5898,0.0220317,False,0.09999999999999999,0.19999999999999998,0.15
5899,0.0288114,False,0.3,0.39999999999999997,0.35
5900,0.0262043,False,0.39999999999999997,0.5,0.44999999999999996
5901,0.0281376,False,0.19999999999999998,0.3,0.25
5902,0.0215015,False,0.19999999999999998,0.3,0.25
5903,0.027873,False,0.19999999999999998,0.3,0.25
5904,0.0174653,False,0.09999999999999999,0.19999999999999998,0.15
5905,0.0236713,False,0.09999999999999999,0.19999999999999998,0.15
5906,0.0265278,False,0.3,0.39999999999999997,0.35
5907,0.0280411,False,0.6,0.7,0.6499999999999999
5908,0.0257009,False,0.09999999999999999,0.19999999999999998,0.15
5909,0.0175341,False,0.19999999999999998,0.3,0.25
5910,0.0220078,False,0.09999999999999999,0.19999999999999998,0.15
5911,0.0214836,False,0.6,0.7,0.6499999999999999
5912,0.0180406,False,0.0,0.09999999999999999,0.049999999999999996
5913,0.0211189,False,0.09999999999999999,0.19999999999999998,0.15
5914,0.0249892,False,0.09999999999999999,0.19999999999999998,0.15
5915,0.0171717,False,0.09999999999999999,0.19999999999999998,0.15
5916,0.0170868,False,0.09999999999999999,0.19999999999999998,0.15
5917,0.0212224,False,0.09999999999999999,0.19999999999999998,0.15
5918,0.0160713,False,0.0,0.09999999999999999,0.049999999999999996
5919,0.0270402,False,0.09999999999999999,0.19999999999999998,0.15
5920,0.0226158,False,0.09999999999999999,0.19999999999999998,0.15
5921,0.0260676,False,0.3,0.39999999999999997,0.35
5922,0.0219703,False,0.09999999999999999,0.19999999999999998,0.15
5923,0.0297091,False,0.5,0.6,0.55
5924,0.0219057,False,0.19999999999999998,0.3,0.25
5925,0.0286798,False,0.19999999999999998,0.3,0.25
5926,0.0245784,False,0.3,0.39999999999999997,0.35
5927,0.0200027,False,0.0,0.09999999999999999,0.049999999999999996
5928,0.022199,True,nan,nan,nan
5929,0.0192069,False,0.5,0.6,0.55
5930,0.0244405,False,0.09999999999999999,0.19999999999999998,0.15
5931,0.0234751,False,0.09999999999999999,0.19999999999999998,0.15
5932,0.0178783,False,0.0,0.09999999999999999,0.049999999999999996
5933,0.0185043,False,0.19999999999999998,0.3,0.25
5934,0.0211629,False,0.09999999999999999,0.19999999999999998,0.15
5935,0.0248018,False,0.09999999999999999,0.19999999999999998,0.15
5936,0.0207711,False,0.09999999999999999,0.19999999999999998,0.15
5937,0.0246011,False,0.09999999999999999,0.19999999999999998,0.15
5938,0.0200012,False,0.09999999999999999,0.19999999999999998,0.15
5939,0.0275077,False,0.09999999999999999,0.19999999999999998,0.15
5940,0.0267043,False,0.09999999999999999,0.19999999999999998,0.15
5941,0.0261747,False,0.09999999999999999,0.19999999999999998,0.15
5942,0.022754,False,0.09999999999999999,0.19999999999999998,0.15
5943,0.0277187,False,0.39999999999999997,0.5,0.44999999999999996
5944,0.0298106,False,0.19999999999999998,0.3,0.25
5945,0.0224488,False,0.09999999999999999,0.19999999999999998,0.15
5946,0.0262191,False,0.09999999999999999,0.19999999999999998,0.15
5947,0.017452,False,0.19999999999999998,0.3,0.25
5948,0.0226991,False,0.19999999999999998,0.3,0.25
5949,0.0205608,False,0.19999999999999998,0.3,0.25
5950,0.0252988,False,0.19999999999999998,0.3,0.25
5951,0.0216525,False,0.09999999999999999,0.19999999999999998,0.15
5952,0.0180089,False,0.09999999999999999,0.19999999999999998,0.15
5953,0.0267962,False,0.09999999999999999,0.19999999999999998,0.15
5954,0.0242358,False,0.19999999999999998,0.3,0.25
5955,0.0249928,False,0.09999999999999999,0.19999999999999998,0.15
5956,0.0236448,False,0.09999999999999999,0.19999999999999998,0.15
5957,0.0152863,False,0.19999999999999998,0.3,0.25
5958,0.0276145,False,0.09999999999999999,0.19999999999999998,0.15
5959,0.0227202,False,0.09999999999999999,0.19999999999999998,0.15
5960,0.0244833,False,0.19999999999999998,0.3,0.25
5961,0.0252785,False,0.09999999999999999,0.19999999999999998,0.15
5962,0.015686,False,0.0,0.09999999999999999,0.049999999999999996
5963,0.0189553,False,0.09999999999999999,0.19999999999999998,0.15
5964,0.0297396,False,0.6,0.7,0.6499999999999999
5965,0.0162419,False,0.09999999999999999,0.19999999999999998,0.15
5966,0.0258064,False,0.19999999999999998,0.3,0.25
5967,0.0273769,False,0.39999999999999997,0.5,0.44999999999999996
5968,0.0184245,False,0.09999999999999999,0.19999999999999998,0.15
5969,0.016861,False,0.0,0.09999999999999999,0.049999999999999996
5970,0.0289658,False,0.19999999999999998,0.3,0.25
5971,0.0241544,False,0.7,0.7999999999999999,0.75
5972,0.0206366,False,0.3,0.39999999999999997,0.35
5973,0.0176866,False,0.5,0.6,0.55
5974,0.0201603,False,0.09999999999999999,0.19999999999999998,0.15
5975,0.0188052,False,0.09999999999999999,0.19999999999999998,0.15
5976,0.0167259,False,0.09999999999999999,0.19999999999999998,0.15
5977,0.022241,False,0.09999999999999999,0.19999999999999998,0.15
5978,0.0296625,False,0.7,0.7999999999999999,0.75
5979,0.019157,False,0.09999999999999999,0.19999999999999998,0.15
5980,0.0152953,False,0.19999999999999998,0.3,0.25
5981,0.0297979,False,0.5,0.6,0.55
5982,0.0241933,False,0.09999999999999999,0.19999999999999998,0.15
5983,0.0264529,False,0.09999999999999999,0.19999999999999998,0.15
5984,0.022457,False,0.19999999999999998,0.3,0.25
5985,0.0252233,False,0.19999999999999998,0.3,0.25
5986,0.0209865,False,0.09999999999999999,0.19999999999999998,0.15
5987,0.0250465,False,0.09999999999999999,0.19999999999999998,0.15
5988,0.0164963,False,0.0,0.09999999999999999,0.049999999999999996
5989,0.0233751,False,0.09999999999999999,0.19999999999999998,0.15
5990,0.0268076,False,0.19999999999999998,0.3,0.25
5991,0.0165313,False,0.3,0.39999999999999997,0.35
5992,0.0169041,False,0.0,0.09999999999999999,0.049999999999999996
5993,0.0223169,False,0.09999999999999999,0.19999999999999998,0.15
5994,0.0266157,False,0.5,0.6,0.55
5995,0.0156735,False,0.0,0.09999999999999999,0.049999999999999996
5996,0.0182035,False,0.09999999999999999,0.19999999999999998,0.15
5997,0.0286823,False,0.3,0.39999999999999997,0.35
5998,0.0204303,False,0.09999999999999999,0.19999999999999998,0.15
5999,0.0217614,False,0.09999999999999999,0.19999999999999998,0.15
6000,0.0216018,False,0.19999999999999998,0.3,0.25
6001,0.022345,False,0.7,0.7999999999999999,0.75
6002,0.02356,False,0.7999999999999999,0.8999999999999999,0.8499999999999999
6003,0.0247505,False,0.19999999999999998,0.3,0.25
6004,0.0166162,False,0.09999999999999999,0.19999999999999998,0.15
6005,0.0201177,False,0.09999999999999999,0.19999999999999998,0.15
6006,0.0201835,False,0.09999999999999999,0.19999999999999998,0.15
6007,0.024211,False,0.19999999999999998,0.3,0.25
6008,0.0211269,False,0.09999999999999999,0.19999999999999998,0.15
6009,0.020379,False,0.09999999999999999,0.19999999999999998,0.15
6010,0.0239609,False,0.09999999999999999,0.19999999999999998,0.15
6011,0.0286089,False,0.7999999999999999,0.8999999999999999,0.8499999999999999
6012,0.0239248,False,0.19999999999999998,0.3,0.25
6013,0.017607,False,0.0,0.09999999999999999,0.049999999999999996
6014,0.0249184,False,0.19999999999999998,0.3,0.25
6015,0.0156684,False,0.09999999999999999,0.19999999999999998,0.15
6016,0.0257802,False,0.3,0.39999999999999997,0.35
6017,0.0298747,False,0.09999999999999999,0.19999999999999998,0.15
6018,0.0195005,False,0.09999999999999999,0.19999999999999998,0.15
6019,0.0155738,False,0.0,0.09999999999999999,0.049999999999999996
6020,0.0258277,False,0.09999999999999999,0.19999999999999998,0.15
6021,0.0283326,False,0.19999999999999998,0.3,0.25
6022,0.0154742,False,0.0,0.09999999999999999,0.049999999999999996
6023,0.0250344,False,0.3,0.39999999999999997,0.35
6024,0.0294426,False,0.19999999999999998,0.3,0.25
6025,0.0244164,False,0.09999999999999999,0.19999999999999998,0.15
6026,0.0177658,False,0.19999999999999998,0.3,0.25
6027,0.0269099,False,0.09999999999999999,0.19999999999999998,0.15
6028,0.019598,False,0.0,0.09999999999999999,0.049999999999999996
6029,0.0293399,False,0.19999999999999998,0.3,0.25
6030,0.0287857,False,0.09999999999999999,0.19999999999999998,0.15
6031,0.0192953,False,0.19999999999999998,0.3,0.25
6032,0.0155214,False,0.0,0.09999999999999999,0.049999999999999996
6033,0.0249765,False,0.7,0.7999999999999999,0.75
6034,0.0273143,False,0.7,0.7999999999999999,0.75
6035,0.0230981,False,0.09999999999999999,0.19999999999999998,0.15
6036,0.0195086,False,0.19999999999999998,0.3,0.25
6037,0.024079,False,0.09999999999999999,0.19999999999999998,0.15
6038,0.0253863,False,0.09999999999999999,0.19999999999999998,0.15
6039,0.0265834,False,0.39999999999999997,0.5,0.44999999999999996
6040,0.0244778,False,0.19999999999999998,0.3,0.25
6041,0.0172417,False,0.39999999999999997,0.5,0.44999999999999996
6042,0.0295888,False,0.09999999999999999,0.19999999999999998,0.15
6043,0.025671,False,0.09999999999999999,0.19999999999999998,0.15
6044,0.0260486,False,0.3,0.39999999999999997,0.35
6045,0.0196074,False,0.3,0.39999999999999997,0.35
6046,0.0262871,False,0.09999999999999999,0.19999999999999998,0.15
6047,0.0297992,False,0.5,0.6,0.55
6048,0.0282573,False,0.09999999999999999,0.19999999999999998,0.15
6049,0.0186748,False,0.3,0.39999999999999997,0.35
6050,0.0235159,False,0.09999999999999999,0.19999999999999998,0.15
6051,0.015079,False,0.0,0.09999999999999999,0.049999999999999996
6052,0.0248809,False,0.09999999999999999,0.19999999999999998,0.15
6053,0.0258071,False,0.09999999999999999,0.19999999999999998,0.15
6054,0.0254954,False,0.19999999999999998,0.3,0.25
6055,0.0230325,True,nan,nan,nan
6056,0.026087,False,0.19999999999999998,0.3,0.25
6057,0.0291377,False,0.19999999999999998,0.3,0.25
6058,0.0225843,False,0.3,0.39999999999999997,0.35
6059,0.0175932,False,0.0,0.09999999999999999,0.049999999999999996
6060,0.0198866,False,0.5,0.6,0.55
6061,0.0234838,False,0.09999999999999999,0.19999999999999998,0.15
6062,0.0284693,False,0.3,0.39999999999999997,0.35
6063,0.0209672,True,nan,nan,nan
6064,0.0202717,False,0.19999999999999998,0.3,0.25
6065,0.0259316,False,0.19999999999999998,0.3,0.25
6066,0.0160155,False,0.0,0.09999999999999999,0.049999999999999996
6067,0.0215484,False,0.09999999999999999,0.19999999999999998,0.15
6068,0.0259891,False,0.09999999999999999,0.19999999999999998,0.15
6069,0.0157162,False,0.09999999999999999,0.19999999999999998,0.15
6070,0.0241729,False,0.09999999999999999,0.19999999999999998,0.15
6071,0.0181071,False,0.19999999999999998,0.3,0.25
6072,0.029756,False,0.5,0.6,0.55
6073,0.0268482,False,0.19999999999999998,0.3,0.25
6074,0.0160059,False,1.0999999999999999,1.2,1.15
6075,0.0171215,False,0.0,0.09999999999999999,0.049999999999999996
6076,0.0235062,False,0.19999999999999998,0.3,0.25
6077,0.0179453,False,0.09999999999999999,0.19999999999999998,0.15
6078,0.0259568,True,nan,nan,nan
6079,0.0174895,False,0.0,0.09999999999999999,0.049999999999999996
6080,0.0250928,False,0.09999999999999999,0.19999999999999998,0.15
6081,0.0262697,False,0.19999999999999998,0.3,0.25
6082,0.0286746,False,0.19999999999999998,0.3,0.25
6083,0.0181113,False,0.09999999999999999,0.19999999999999998,0.15
6084,0.0292268,False,0.7999999999999999,0.8999999999999999,0.8499999999999999
6085,0.0211318,False,0.09999999999999999,0.19999999999999998,0.15
6086,0.0183633,False,0.0,0.09999999999999999,0.049999999999999996
6087,0.0205733,False,0.09999999999999999,0.19999999999999998,0.15
6088,0.0153887,False,0.09999999999999999,0.19999999999999998,0.15
6089,0.0235036,False,0.09999999999999999,0.19999999999999998,0.15
6090,0.0156118,False,0.09999999999999999,0.19999999999999998,0.15
6091,0.0249635,False,0.09999999999999999,0.19999999999999998,0.15
6092,0.0241308,True,nan,nan,nan
6093,0.0290416,False,0.39999999999999997,0.5,0.44999999999999996
6094,0.0183271,False,0.0,0.09999999999999999,0.049999999999999996
6095,0.0196626,False,0.09999999999999999,0.19999999999999998,0.15
6096,0.026408,False,0.09999999999999999,0.19999999999999998,0.15
6097,0.0243041,False,0.3,0.39999999999999997,0.35
6098,0.0237049,False,0.09999999999999999,0.19999999999999998,0.15
6099,0.0293553,False,0.3,0.39999999999999997,0.35
6100,0.0284998,False,0.8999999999999999,1.0,0.95
6101,0.0216855,False,0.19999999999999998,0.3,0.25
6102,0.0169101,False,0.09999999999999999,0.19999999999999998,0.15
6103,0.0151903,False,0.3,0.39999999999999997,0.35
6104,0.0160704,False,0.0,0.09999999999999999,0.049999999999999996
