case_group,case_id,outlet_connected_void_fraction,largest_connected_void_fraction,topological_charge,max_blockage_ratio,Ib_no_pressure,pressure_increase_ratio
representative_drive_state,paper1_df0p025_ug1_seed401,0.9995283905797896,0.9995283905797896,-0.0016912169312169,2.2084826555567843e-05,,
representative_drive_state,paper1_df0p0225_ug2_seed401,0.9995283905797896,0.9995283905797896,-0.0016912169312169,1.0631993458219603e-05,,
representative_drive_state,paper1_df0p02_ug3_seed401,0.9995283905797896,0.9995283905797896,-0.0016912169312169,2.7547872272570823e-05,,
loading_scan,paper1_df0p0225_ug2_seed401_baseline3000,0.9995283905797896,0.9995283905797896,-0.0016912169312169,1.0631993458219603e-05,5.315996729109802e-06,3.772039196411413e-06
loading_scan,paper1_load6000_df0p0225_ug2_seed401,0.9995283905797896,0.9995283905797896,-0.0016912169312169,2.083296015461943e-05,1.0416480077309717e-05,7.609443463756201e-06
loading_scan,paper1_load10000_df0p0225_ug2_seed401,0.9995283905797896,0.9995283905797896,-0.0016912169312169,3.54878700564896e-05,1.77439350282448e-05,1.2581232188492602e-05
