particle_id,probe_index,dem_timestep,time_s,processor,x_m,y_m,z_m,voidfraction_raw,voidfraction_used,voidfraction_clipped,slip_speed_stratum,ever_contacted,sampled_contact_fraction,early_sampled_contact_fraction,unresolved_u_x,unresolved_u_y,unresolved_u_z,logged_carrier_u_x,logged_carrier_u_y,logged_carrier_u_z,resolved_u_x,resolved_u_y,resolved_u_z,particle_u_x,particle_u_y,particle_u_z,logged_urel_x,logged_urel_y,logged_urel_z,resolved_replacement_slip_x,resolved_replacement_slip_y,resolved_replacement_slip_z,logged_drag_x,logged_drag_y,logged_drag_z,replacement_drag_x,replacement_drag_y,replacement_drag_z
10001,10000,131550000,0.0131,4,0.00258004620847,0.00436287077656,0.00918342054389,0.419801611599,0.419801611599,False,high,True,0.505831389536821,0.46853146853146854,0.15812771022319794,-0.0031990613788366318,-0.0010370338568463922,0.12245988792061473,-0.003219557298750446,-0.0017158968026520886,0.06237748637795448,0.029094671830534935,0.10684220492839813,0.015617496642614718,-0.044405436714950446,0.02771035290954791,0.106842391278,0.0411858794162,-0.0294262497122,0.04675998973533976,0.07350010854548539,0.07913185201885023,3.24969310247e-08,1.25270004403e-08,-8.95021906355e-09,1.4222408755260618e-08,2.2355620546680206e-08,2.4068558426613726e-08
10001,10000,145700000,0.0414,4,0.0049121384344,0.0038304337431,0.00928880799379,0.402887433103,0.402887433103,False,high,True,0.505831389536821,0.46853146853146854,0.20418094098567963,-0.007149410899728537,-0.002437485381960869,0.13463793427282772,-0.003508042001095145,-0.003315215802969909,0.0005602489691227674,3.251941598136909e-05,-0.0006584007060155272,0.022894557400827718,-0.003770404513644145,-0.03706347677086991,0.111743376872,0.000262362512549,0.0337482609679,-0.02233430843170495,0.0038029239296255143,0.03640507606485438,3.79768631492e-08,8.91659578708e-11,1.14696112125e-08,-7.590489911666426e-09,1.2924535277609102e-09,1.2372550663420361e-08
10001,10000,125900000,0.0018,4,0.0015705766763,0.00438466401806,0.00925779440835,0.438319552037,0.438319552037,False,low,True,0.505831389536821,0.46853146853146854,0.18439705669879913,-0.004049207549542189,0.005630536004900932,0.06241788175879234,-0.0014510633060515151,-0.001489403662708431,0.5205588340759277,-0.33844849467277527,0.07870262116193771,0.05767216349579234,-0.001300737119732515,-0.006386551729518431,0.004745718263,-0.000150326186319,0.00489714806681,0.4628866705801354,-0.33714775755304277,0.08508917289145615,1.2814845445e-09,-4.05925244033e-11,1.32237507833e-09,1.2499311617996968e-07,-9.10398840753575e-08,2.2976597834519122e-08
10001,10000,130600000,0.0112,4,0.00236770522921,0.00436867179802,0.00919463018415,0.41495677354,0.41495677354,False,low,True,0.505831389536821,0.46853146853146854,0.16091056168079376,-0.0032385033555328846,-5.330823569238419e-06,0.11164197019758079,-0.0018366203181225925,-0.001772070865826628,0.3292875587940216,0.13257525861263275,0.21509352326393127,0.1090074478040308,-0.0018272761089756524,-0.006609784986846628,0.00263452239355,-9.34420914694e-06,0.00483771412102,0.2202801109899908,0.1344025347216084,0.22170330825077791,8.26773607023e-10,-2.93242734247e-12,1.51818574911e-09,6.912895573220374e-08,4.217860083377304e-08,6.957558770454562e-08
10001,10000,144450000,0.0389,4,0.00485040915621,0.00382670333244,0.00939520936833,0.406459072755,0.406459072755,False,low,True,0.505831389536821,0.46853146853146854,0.207199364900589,-0.007554305717349052,-0.0022911287378519773,0.1482215737184635,-0.005412459543397195,-0.003278877084675823,0.00027867089374922216,-2.5979465135606006e-05,-0.0002838323125615716,0.1502133207151535,-0.005959833386473195,-0.007120458326825823,-0.00199174699669,0.000547373843076,0.00384158124215,-0.14993464982140428,0.005933853921337589,0.006836626014264251,-6.60925583495e-10,1.81636210435e-10,1.2747599611e-09,-4.9753129330339984e-08,1.9690431926663836e-09,2.26861194977959e-09
10001,10000,125050000,0.0001,4,0.00149724403583,0.00438609813633,0.00926556867732,0.447899671001,0.447899671001,False,mid,True,0.505831389536821,0.46853146853146854,0.1866588443517685,-0.004123516380786896,0.006150898523628712,0.06766479814840144,-0.00018984989655059485,-0.002269500643556541,0.5039923787117004,-0.3088432550430298,0.00984792411327362,0.007546891638001445,0.00017235269238040514,-0.0015548881832465414,0.0601179065104,-0.000362202588931,-0.00071461246031,0.496445487073699,-0.3090156077354102,0.011402812296520163,1.52832652586e-08,-9.2079690816e-11,-1.81669862142e-10,1.2620712373059205e-07,-7.855841588979402e-08,2.898840214796826e-09
10001,10000,134650000,0.0193,4,0.00314894405523,0.00416627203578,0.00927233398323,0.425606897148,0.425606897148,False,mid,True,0.505831389536821,0.46853146853146854,0.17220906913280487,-0.004297332838177681,-0.001269149361178279,0.1474975036532414,-0.0027555536090190813,-0.001358017940848777,0.22293221950531006,0.018565721809864044,0.016701556742191315,0.1430253228337514,-0.0035509981784720814,-0.006659048327678777,0.00447218081949,0.000795444569453,0.00530103038683,0.07990689667155865,0.022116719988336125,0.023360605069870092,1.3098306934e-09,2.32973073769e-10,1.5525875602e-09,2.3403460213084822e-08,6.4776358218300705e-09,6.8419499952985485e-09
10001,10000,146500000,0.043,4,0.00497377486656,0.00384210786281,0.00922077057124,0.400006539106,0.400006539106,False,mid,True,0.505831389536821,0.46853146853146854,0.20234307646751404,-0.006906390190124512,-0.0025822923053056,0.12522776415351,-0.002440149207525069,-0.004228845637281341,0.0005819845828227699,0.0002546908217482269,-0.0004645879671443254,0.06158360383950999,0.021971763841974933,-0.04897564282668134,0.063644160314,-0.0244119130495,0.0447467971894,-0.06100161925668722,-0.021717073020226706,0.048511054859537016,2.20468144746e-08,-8.45646977377e-09,1.55006261549e-08,-2.1131418432864018e-08,-7.522956975886583e-09,1.6804593244369035e-08
10001,10000,164250000,0.0785,4,0.00817712197874,0.00407003110337,0.00922981445443,0.388886027095,0.4,True,high,True,0.505831389536821,0.46853146853146854,0.20320893824100494,-0.0023877460043877363,-0.004024440888315439,0.13499554445414255,-0.0005019288783278605,-0.0011478434710301359,0.05322112888097763,-0.061573710292577744,-0.010010936297476292,-0.003200019728857442,-0.03694660094052786,0.014012152394569865,0.138195564183,0.0364446720622,-0.0151599958656,0.056421148609835076,-0.024627109352049883,-0.024023088692046154,4.7880602117e-08,1.26269815722e-08,-5.25248212145e-09,1.9548229232557992e-08,-8.532551903156851e-09,-8.323276930670813e-09
10001,10000,171450000,0.0929,4,0.00974237565748,0.00387620375393,0.00919228800714,0.391852952843,0.4,True,high,True,0.505831389536821,0.46853146853146854,0.21072331070899963,0.0017000720836222172,-0.005463899113237858,0.12032930721613107,0.0016927234460903922,-0.0019927792372394643,0.030439702793955803,0.008089537732303143,0.017162343487143517,0.024197988426031058,-0.009304959409509608,0.07016702677946053,0.0961313187901,0.0109976828556,-0.0721598060167,0.006241714367924745,0.01739449714181275,-0.053004683292317015,3.33049246924e-08,3.81017345758e-09,-2.49999369139e-08,2.162456830838285e-09,6.0263650250654215e-09,-1.836359895622715e-08
10001,10000,128000000,0.006,4,0.00186719604693,0.00437845285125,0.0092284569341,0.39955689514,0.4,True,low,True,0.505831389536821,0.46853146853146854,0.17539454996585846,-0.003744844114407897,0.0035286289639770985,0.08697429024735245,-0.0013718895138430454,-0.0020893143112395455,0.3114180266857147,-0.0746959000825882,-0.0059424699284136295,0.08370417718698245,-0.0013872306492584453,-0.006703857507229545,0.00327011306037,1.53411354154e-05,0.00461454319599,0.22771384949873227,-0.07330866943332975,0.0007613875788159159,1.13265235452e-09,5.31363069974e-12,1.59831575223e-09,7.887208271693342e-08,-2.5391549315695455e-08,2.637179259329543e-10
10001,10000,159750000,0.06950000000001,4,0.00715883264041,0.00397238175183,0.00927956228679,0.383525644766,0.4,True,low,True,0.505831389536821,0.46853146853146854,0.20532411336898804,-0.0046599549241364,-0.0033348610159009695,0.10914859103510001,-0.00040298978561829316,-0.004087022712797029,0.24075853824615479,0.10424018651247025,0.010944138281047344,0.10823869958380501,-0.0006320350561052931,-0.00863303545714703,0.000909891451295,0.000229045270487,0.00454601274435,0.1325198386623498,0.10487222156857554,0.019577173738194373,3.15153751943e-10,7.93330635822e-11,1.5745757043e-09,4.590011731815855e-08,3.632397474976054e-08,6.780830556477231e-09
10001,10000,171400000,0.0928,4,0.00973721359033,0.00387681712541,0.00918749300129,0.39177348724,0.4,True,low,True,0.505831389536821,0.46853146853146854,0.21051925420761108,0.00168164714705199,-0.005457067396491766,0.1204579713612909,0.0019133566291104065,-0.0040320009308614565,0.048636484891176224,0.013102078810334206,0.027063211426138878,0.12145967599078089,0.0019615193921216066,-0.008474455387441456,-0.00100170462949,-4.81627630112e-05,0.00444245445658,-0.07282319109960467,0.0111405594182126,0.03553766681358034,-3.46954475899e-10,-1.66818498253e-11,1.53870653316e-09,-2.5223335659532488e-08,3.858689318574338e-09,1.230897033020064e-08
10001,10000,146550000,0.0431,4,0.00498007815684,0.00384436041602,0.00921586188681,0.399742820997,0.4,True,mid,True,0.505831389536821,0.46853146853146854,0.20220394432544708,-0.006889813579618931,-0.0025989292189478874,0.1244682699330956,-0.002381250524169931,-0.004245171091414687,0.0003689721634145826,0.0001614713401068002,-0.000294543948257342,0.06445198579329559,0.023036357342330067,-0.04916273499831469,0.0600162841398,-0.0254176078665,0.0449175639069,-0.064083013629881,-0.022874886002223267,0.048868191050057345,2.0790888455e-08,-8.80518775064e-09,1.55603778915e-08,-2.2199688090253078e-08,-7.924336038289335e-09,1.6928957260217175e-08
10001,10000,161200000,0.0724,4,0.00747670414097,0.00397670588321,0.00925761740424,0.390290812237,0.4,True,mid,True,0.505831389536821,0.46853146853146854,0.20496679842472076,-0.00423624599352479,-0.003406152129173279,0.11589874778143222,0.0012399604805179987,-0.003476915153471283,0.0369391068816185,0.01598454639315605,0.021624978631734848,0.06757390334003222,0.050403983912918,0.013248644034728719,0.0483248444414,-0.0491640234324,-0.0167255591882,-0.030634796458413716,-0.034419437519761946,0.00837633459700613,1.67404286788e-08,-1.70311324815e-08,-5.7939768651e-09,-1.0612338873070399e-08,-1.1923393559217445e-08,2.9016840826190203e-09
10001,10000,173500000,0.097,4,0.00999341113924,0.00390336775329,0.00940741890931,0.397167507718,0.4,True,mid,True,0.505831389536821,0.46853146853146854,0.21867793798446655,0.0026302062906324863,-0.005716980434954166,0.13765884280077822,0.0021189211184862115,-0.003321089171647265,0.029198449105024338,0.051129475235939026,0.016944492235779762,0.10439369403977823,0.010235371148876212,0.042709300088352734,0.033265148761,-0.00811645003039,-0.04603038926,-0.0751952449347539,0.040894104087062816,-0.02576480785257297,1.15231878994e-08,-2.81157253941e-09,-1.59451210735e-08,-2.6047950145854024e-08,1.4165890216109366e-08,-8.925038159575822e-09
10002,10001,125050000,0.0001,2,0.000291932476488,0.0116397815051,0.00108816780392,0.646317944469,0.646317944469,False,high,True,0.3288903698767078,0.3786213786213786,0.10121392458677292,0.0015011226059868932,-0.00021194812143221498,0.1605977040828104,0.0005880985380759386,0.0025927655429319697,0.18994927406311035,0.18225987255573273,0.08098788559436798,0.006537040962810411,-4.110223023206143e-05,-0.0007871224865780303,0.15406066312,0.000629200768308,0.00337988802951,0.18341223310029994,0.1823009747859648,0.08177500808094601,1.22348105672e-08,4.9968318019e-11,2.68415628896e-10,1.4565781311361797e-08,1.4477530133599914e-08,6.494206325869958e-09
10002,10001,166700000,0.0834,2,0.00903008669273,0.0112328309992,0.000747220282081,0.41416402718,0.41416402718,False,high,True,0.3288903698767078,0.3786213786213786,0.06121841073036194,-0.0007209739997051656,-0.0005931460182182491,0.15251258365586415,-0.008797371670189796,-0.0005837319667995645,0.0024220433551818132,-0.0009080821182578802,-0.0016709361225366592,0.03883880010786416,-0.010150665430059796,-0.025678218048799564,0.113673783548,0.00135329375987,0.025094486082,-0.03641675675268235,0.009242583311801916,0.024007281926262905,3.58674160721e-08,4.27003912761e-10,7.91804711103e-09,-1.1490555919550295e-08,2.9163063890235018e-09,7.575002280504133e-09
10002,10001,131250000,0.0125,2,0.00148144701616,0.0116605990667,0.000952523046556,0.446234630026,0.446234630026,False,low,True,0.3288903698767078,0.3786213786213786,0.07457343488931656,0.0009223785600624979,-0.0002731624699663371,0.10436792052337841,0.0014888602380875604,-0.0020697729737298763,0.011912861838936806,0.008889170363545418,-0.007293050643056631,0.0981904360496084,0.0037233924810975605,-0.0034715344360498764,0.00617748447377,-0.00223453224301,0.00140176146232,-0.0862775742106716,0.005165777882447858,-0.0038215162070067547,1.5867724583e-09,-5.7397055961e-10,3.60061848956e-10,-2.216159006271018e-08,1.3269016060452046e-09,-9.816093738436545e-10
10002,10001,148500000,0.047,2,0.00430558570038,0.0114409930913,0.0007173825369,0.413311066956,0.413311066956,False,low,True,0.3288903698767078,0.3786213786213786,0.05389072000980377,0.000488359248265624,-0.0002685836225282401,0.143881557765511,0.0017975700088737655,-0.0012244406856506728,0.02695099078118801,-0.007876009680330753,0.010736278258264065,0.140822191547461,0.007148447886953765,-0.003833999964420673,0.00305936621805,-0.00535087787808,0.00260955927877,-0.113871200766273,-0.01502445756728452,0.014570278222684738,9.70485151186e-10,-1.6973932365e-09,8.27798423165e-10,-3.612196174472378e-08,-4.7660240502304506e-09,4.6219503177987445e-09
10002,10001,171000000,0.092,2,0.0099998318605,0.0113058875952,0.000714341938914,0.406775399524,0.406775399524,False,low,True,0.3288903698767078,0.3786213786213786,0.05944911763072014,-0.0008483559940941632,-0.0005113130318932235,0.13218236022400015,-0.004161490615132958,9.93304352494913e-05,0.07530712336301804,-0.007341122720390558,-0.008860933594405651,0.13081508892858015,-3.458641912958191e-06,-0.0014642221167305088,0.00136727129542,-0.00415803197322,0.00156355255198,-0.05550796556556212,-0.0073376640784776,-0.007396711477675143,4.52757994033e-10,-1.37689003026e-09,5.17754537355e-10,-1.8380898675006586e-08,-2.4297928876249295e-09,-2.4493458337762485e-09
10002,10001,125450000,0.0009,2,0.000320960962756,0.0116401231285,0.00108498390405,0.639714345649,0.639714345649,False,mid,True,0.3288903698767078,0.3786213786213786,0.10052740573883057,0.001485736109316349,-0.0002137608389602974,0.17343080856397014,0.0030788104724375574,-0.00012685527958667103,0.18925221264362335,0.1788599044084549,0.0727902501821518,0.06287519084397016,0.0009340901738175574,-0.006867743038596671,0.11055561772,0.00214472029862,0.00674088775901,0.1263770217996532,0.17792581423463733,0.07965799322074847,9.08085655244e-09,1.76163796816e-10,5.53685430357e-10,1.03804006540287e-08,1.4614533656108725e-08,6.542976509116787e-09
10002,10001,170900000,0.0918,2,0.00997374515241,0.0113056827827,0.000714484828862,0.407133060025,0.407133060025,False,mid,True,0.3288903698767078,0.3786213786213786,0.059445854276418686,-0.0008442219696007669,-0.0005127888289280236,0.13270619378642992,-0.004279444668534001,0.00010850061364477664,0.07231675088405609,-0.006776154041290283,-0.003070456674322486,0.12995290010508992,0.0022137423013459992,0.00014939469718817664,0.00275329368134,-0.00649318696988,-4.08940835434e-05,-0.05763614922103383,-0.008989896342636283,-0.0032198513715106626,9.09580135842e-10,-2.14509404722e-09,-1.35097996689e-11,-1.9040720862081115e-08,-2.969908801206185e-09,-1.0637124792499082e-09
10002,10001,159900000,0.06980000000001,2,0.00722368927936,0.0112485977324,0.000862841429302,0.395181833594,0.4,True,high,True,0.3288903698767078,0.3786213786213786,0.06945343315601349,-0.0004267588956281543,-0.0007357409922406077,0.16353088741880561,-0.001735832563243887,-0.0005820475540421338,0.2457897961139679,0.1026415303349495,-0.18321458995342255,0.061915569029805634,-0.013055165213743888,-0.06844816350734213,0.101615318389,0.0113193326505,0.0678661159533,0.18387422708416226,0.11569669554869338,-0.11476642644608041,3.52050251196e-08,3.92162713868e-09,2.3512481728e-08,6.370394627476285e-08,4.0083573398397126e-08,-3.976127802359833e-08
10002,10001,150950000,0.05190000000001,2,0.00493195818422,0.0113341441047,0.000736051317481,0.399718411074,0.4,True,low,True,0.3288903698767078,0.3786213786213786,0.05753994360566139,0.0004865455557592213,-0.00028742096037603915,0.1410307349582537,0.0021709439976861956,-0.0010713610935783424,0.07833842933177948,0.025942659005522728,0.006717362441122532,0.1399218142105137,-0.001335318957373804,-0.0032834575433483425,0.00110892074774,0.00350626295506,0.00221209644977,-0.061583384878734215,0.02727797796289653,0.010000819984470874,3.84090063635e-10,1.2144427492e-09,7.66190251099e-10,-2.1330258510490984e-08,9.448105568373534e-09,3.4639225499816785e-09
10002,10001,155300000,0.06060000000001,2,0.00601848658187,0.0112355566573,0.000794611961455,0.396534714408,0.4,True,low,True,0.3288903698767078,0.3786213786213786,0.06283339112997055,7.731671212241054e-05,-0.0004834144492633641,0.143278521739946,0.003295563707651569,0.00017954186718764815,0.07757756859064102,0.045324862003326416,0.004077439662069082,0.143039811607479,0.002318965977671569,-0.0035928242739323517,0.000238710132467,0.00097659772998,0.00377236614112,-0.06546224301683798,0.04300589602565485,0.007670263936001434,8.2680491058e-11,3.38257865498e-10,1.30661016261e-09,-2.2673735473525362e-08,1.4895675206803113e-08,2.656699915587746e-09
10002,10001,161700000,0.0734,2,0.00768104747407,0.0112263768766,0.000766956457902,0.3998253501,0.4,True,low,True,0.3288903698767078,0.3786213786213786,0.06192903593182564,-0.000519418390467763,-0.0006894277175888419,0.15049692208607993,-0.004763263276549591,-0.00018327789812287807,0.44979822635650635,-0.2872910797595978,0.17568637430667877,0.1497966846000829,-0.004430012881579591,-0.004891258645242878,0.000700237485997,-0.00033325039497,0.00470798074712,0.30000154175642346,-0.2828610668780182,0.18057763295192164,2.42537209732e-10,-1.15426012681e-10,1.63067607306e-09,1.0390979961475378e-07,-9.797295242560537e-08,6.25456307493759e-08
10002,10001,151750000,0.05350000000001,2,0.00515456978467,0.0113363028776,0.000728974303261,0.39812234964,0.4,True,mid,True,0.3288903698767078,0.3786213786213786,0.05742266774177551,0.00042881607078015804,-0.0003080321184825152,0.13722011357335426,0.0017453701404493809,-0.0006114995845573207,0.17590972781181335,0.06298647820949554,-0.015904074534773827,0.11292314556575425,0.03253089172794938,0.01143385640224268,0.0242969680076,-0.0307855215875,-0.0120453559868,0.0629865822460591,0.030455586481546164,-0.027337930937016506,8.41627026235e-09,-1.06638519575e-08,-4.17241243269e-09,2.181803502891858e-08,1.0549565145237074e-08,-9.469634857657353e-09
10002,10001,156500000,0.06300000000001,2,0.00628603448879,0.0113091327464,0.000805680134232,0.397273204198,0.4,True,mid,True,0.3288903698767078,0.3786213786213786,0.06439585238695145,-1.7704890353797964e-07,-0.0005264763021841645,0.14611826969424588,0.003215353845380218,-0.0006626670627679827,0.053701769560575485,0.022041184827685356,-0.007652308791875839,0.13451590249034587,0.017173623342080217,-0.0019645273391179826,0.0116023672039,-0.0139582694967,0.00130186027635,-0.08081413292977038,0.004867561485605139,-0.005687781452757857,4.01876331719e-09,-4.83478762902e-09,4.50931110071e-10,-2.799194916184158e-08,1.6859988309916555e-09,-1.970102053902167e-09
10002,10001,161300000,0.0726,2,0.00756187213099,0.0112297489745,0.000771340252366,0.397086797618,0.4,True,mid,True,0.3288903698767078,0.3786213786213786,0.06222942844033241,-0.0005020239623263478,-0.0007000452023930848,0.1496574691805689,-0.00415963818473016,0.00013326575246732763,0.28464505076408386,-0.1452123522758484,0.031822893768548965,0.1478176690886289,-0.00407468813810866,-0.0066626653853026725,0.00183980009194,-8.49500466215e-05,0.00679593113777,0.13682738167545497,-0.14113766413773973,0.038485559153851635,6.37244097031e-10,-2.94238031563e-11,2.35387910912e-09,4.739234532431113e-08,-4.888528038158239e-08,1.33300870562937e-08
10003,10002,126050000,0.0021,0,0.00180758683348,0.00518684006568,0.00672815649664,0.440403301697,0.440403301697,False,low,True,0.8897034321892703,0.6693306693306693,0.11680980771780014,-0.000919097859878093,0.0016604374395683408,0.09763301088546375,-2.32628999566494e-05,-0.0014495685467258391,0.21881625056266785,0.04815740883350372,-0.04815657436847687,0.09401425929895375,-0.0002110021508586494,-0.0071805834116158394,0.00361875158651,0.000187739250902,0.00573101486489,0.1248019912637141,0.04836841098436237,-0.040975990956861025,9.64354150916e-10,5.00302719235e-11,1.52724712979e-09,3.3258242639930404e-08,1.288960482390564e-08,-1.0919613027449395e-08
10003,10002,126850000,0.0037,0,0.00196240014845,0.00518670321868,0.00671699301614,0.420738022486,0.420738022486,False,low,True,0.8897034321892703,0.6693306693306693,0.11429945379495621,-0.0006336643127724528,0.0008346269023604691,0.09866819543494267,0.0002630550613882907,-0.0016074638634221323,0.09855292737483978,0.0035435687750577927,0.011970186606049538,0.09816115474323267,9.693812257829075e-05,-0.006756273656812133,0.00050704069171,0.00016611693881,0.00514880979339,0.0003917726316071124,0.003446630652479502,0.01872646026286167,1.53248586414e-10,5.02073826977e-11,1.55618244344e-09,1.1840982976492657e-10,1.0417137796188683e-09,5.659907795827912e-09
10003,10002,127650000,0.0053,0,0.00212044226572,0.00518727811259,0.00670639506082,0.400550437661,0.400550437661,False,low,True,0.8897034321892703,0.6693306693306693,0.11172831803560257,-0.00034221046371385455,-6.981580895626394e-07,0.0995927618123503,0.0006066686563688691,-0.001998063716475671,0.02071082405745983,-0.015052135102450848,-0.005413401871919632,0.0993039514881793,0.000547033888453769,-0.006540453147995671,0.000288810324171,5.96347679151e-05,0.00454238943152,-0.07859312743071947,-0.015599168990904617,0.0011270512760760392,9.96672519809e-11,2.05797125074e-11,1.56755986257e-09,-2.712216420268921e-08,-5.383208896601861e-09,3.8894074805116727e-10
10003,10002,125050000,0.0001,0,0.0016642200411,0.00518733373219,0.0067392206672,0.458557003559,0.458557003559,False,mid,True,0.8897034321892703,0.6693306693306693,0.11912617087364197,-0.0011831109877675772,0.0024325610138475895,0.10632230790123391,0.0018736389522581078,-0.0010743288886859476,0.4406237304210663,0.127529576420784,-0.21558675169944763,0.011327427618533907,0.0006106650223281079,-0.0011352367168465476,0.0949948802827,0.00126297392993,6.09078281606e-05,0.4292963028025324,0.1269189113984559,-0.2144515149826011,2.25973208993e-08,3.00435424489e-10,1.44887149089e-11,1.0212072783756716e-07,3.0191388846700216e-08,-5.101358817423986e-08
10003,10002,128500000,0.007,0,0.0021730721482,0.00512337388334,0.00668388491716,0.403886983607,0.403886983607,False,mid,True,0.8897034321892703,0.6693306693306693,0.11083587259054184,-0.00022243925195652992,-0.0002806693664751947,0.10098745779490852,0.0001849378879154734,-0.002110956300533068,0.00685898307710886,-0.005343188531696796,-0.003934760112315416,0.009025492208908515,-0.007149993799644526,-0.020691112286133066,0.091961965586,0.00733493168756,0.0185801559856,-0.002166509131799655,0.0018068052679477298,0.01675635217381765,3.10458891792e-08,2.47623541818e-09,6.27256561978e-09,-7.314024007966805e-10,6.099682163127219e-10,5.656858782009615e-09
10003,10002,138600000,0.0272,0,0.00350544934483,0.00508525811471,0.00640279449283,0.376921317873,0.4,True,high,True,0.8897034321892703,0.6693306693306693,0.12049928307533264,0.0005711282137781382,-0.0030788301955908537,0.13380081388418935,0.003427817282583394,-0.003564022147716686,0.015481657348573208,0.0037557517644017935,0.007986518554389477,0.02897321352318935,0.029001045497083395,0.040652104136783315,0.104827600361,-0.0255732282145,-0.0442161262845,-0.013491556174616143,-0.0252452937326816,-0.03266558558239384,3.63174458792e-08,-8.85982630946e-09,-1.53186447824e-08,-4.6741398210992955e-09,-8.746213646820682e-09,-1.1316968359622025e-08
10003,10002,144450000,0.0389,0,0.00491844712787,0.00519740814261,0.0063485388222,0.376070916906,0.4,True,low,True,0.8897034321892703,0.6693306693306693,0.14125831425189972,0.0005175439873710275,-0.004873536992818117,0.1473054377061337,0.00042335086140456667,-0.0059782575195098655,0.29008036851882935,0.05586310476064682,0.0921185314655304,0.1469666265564017,0.0006563964059555666,-0.010383074335359866,0.000338811149732,-0.000233045544551,0.00440481681585,0.14311374196242765,0.055206708354691256,0.10250160580089027,1.17351969632e-10,-8.07185763769e-11,1.52566977095e-09,4.956944160173527e-08,1.9121613817702727e-08,3.550286152230752e-08
10003,10002,156250000,0.06250000000001,0,0.00790373822573,0.00527224032489,0.00595568243941,0.385885816721,0.4,True,low,True,0.8897034321892703,0.6693306693306693,0.15231363475322723,0.0004701640864368528,-0.0043744235299527645,0.15759399351159864,0.0007441150529514094,-0.003798514910487991,0.03469431772828102,-0.01896553672850132,-0.03595026582479477,0.15689809425758464,0.0008986883490844094,-0.008314371189647991,0.000695899254014,-0.000154573296133,0.00451585627916,-0.12220377652930361,-0.01986422507758573,-0.027635894635146777,2.4103449574e-10,-5.35386354754e-11,1.56413034617e-09,-4.232699702339087e-08,-6.8802537827406756e-09,-9.572080856929202e-09
10003,10002,130400000,0.0108,0,0.002358479025,0.00499773473637,0.00661429489042,0.399494969998,0.4,True,mid,True,0.8897034321892703,0.6693306693306693,0.10781612992286682,0.00021185098739806563,-0.0012193493312224746,0.10520970194399458,-0.0001732239587649842,-0.0015232368849763898,0.003394421422854066,-0.001725840033032,0.0030896577518433332,0.08281020316929458,-0.03442828126836498,-0.01440742535887639,0.0223994987747,0.0342550573096,0.0128841884739,-0.07941578174644051,0.03270244123533298,0.01749708311071972,7.75903455653e-09,1.18657196785e-08,4.46299556105e-09,-2.7509088533612416e-08,1.1327903993696491e-08,6.060870998028512e-09
10003,10002,142500000,0.035,0,0.00438578690795,0.00517931008639,0.00643467228071,0.375511710837,0.4,True,mid,True,0.8897034321892703,0.6693306693306693,0.1331622153520584,0.0004806872457265854,-0.004260134883224964,0.1443061063005221,0.00242169176294435,-0.006234003085574577,0.10406384617090225,-0.03288999944925308,-0.06082821637392044,0.10079583388992208,0.01994767984194435,-0.05116100124657458,0.0435102724106,-0.017525988079,0.044926998161,0.0032680122809801704,-0.05283767929119743,-0.009667215127345863,1.50723928648e-08,-6.07117728837e-09,1.55631608124e-08,1.1320720891160146e-09,-1.8303499753460935e-08,-3.3488198587387057e-09
10004,10003,125050000,0.0001,6,0.000788423275334,0.0127943022583,0.0114666885512,0.631723840095,0.631723840095,False,high,True,0.38745847176079734,0.3956043956043956,0.14852383732795715,0.003242401173338294,0.007130567450076342,0.2534974965387278,0.00015069788081710798,-0.003075674855623912,0.3389381468296051,-0.28299179673194885,0.29000842571258545,0.011200769560727783,-5.403240916989201e-05,-0.001247851951373912,0.242296726978,0.000204730289987,-0.00182782290425,0.3277373772688773,-0.28293776432277895,0.29125627766395934,2.07545538861e-08,1.75367033994e-11,-1.56566906345e-10,2.8073194144440953e-08,-2.4235767231733852e-08,2.494831104338611e-08
10004,10003,136150000,0.0223,6,0.00403428259449,0.0128887777425,0.0113717459683,0.482283551721,0.482283551721,False,high,True,0.38745847176079734,0.3956043956043956,0.13866472244262695,-0.0008439562516286969,-0.003416918683797121,0.3985613083710886,-0.0018871908457353814,-0.0073206001630931605,0.06347954273223877,-0.007503848522901535,0.06624605506658554,0.11698570190108862,0.15209485687326463,0.07784857067150684,0.28157560647,-0.153982047719,-0.0851691708346,-0.05350615916884985,-0.15959870539616616,-0.011602515604921301,5.79315643257e-08,-3.16803753502e-08,-1.75227654151e-08,-1.1008395011809544e-08,-3.283595047123586e-08,-2.3871097625713503e-09
10004,10003,149750000,0.0495,6,0.00977299491215,0.012511609792,0.0108666484026,0.419591667734,0.419591667734,False,high,True,0.38745847176079734,0.3956043956043956,0.23354339599609375,0.004335127770900726,-0.004620091523975134,0.28106395790183697,0.005562290248165236,-0.005723802737241556,0.048359762877225876,0.008655406534671783,0.031711921095848083,0.19322116151723698,-0.09625783770383477,0.020759249994558443,0.0878427963846,0.101820127952,-0.0264830527318,-0.1448613986400111,0.10491324423850655,0.01095267110128964,2.67555903194e-08,3.10128746111e-08,-8.06633825951e-09,-4.412259621320438e-08,3.195499115990422e-08,3.3360183526818276e-09
10004,10003,128250000,0.0065,6,0.0015581084605,0.0127591755468,0.0117387968252,0.559547498228,0.559547498228,False,low,True,0.38745847176079734,0.3956043956043956,0.11232267320156097,0.0015617146855220199,0.0031739624682813883,0.23485659731329314,0.0058076452480645595,0.00834307225229625,0.36564362049102783,0.335592120885849,-0.1177949383854866,0.23142232608636315,0.0035707840791345596,0.01133338201366625,0.00343427122693,0.00223686116893,-0.00299030976137,0.13422129440466468,0.3320213368067144,-0.12912832039915284,4.46234296132e-10,2.90648030777e-10,-3.88547870395e-10,1.7440132382360752e-08,4.314141130407878e-08,-1.6778373447088844e-08
10004,10003,148950000,0.0479,6,0.00927071634921,0.0125095528979,0.0108834993841,0.421221317539,0.421221317539,False,low,True,0.38745847176079734,0.3956043956043956,0.23082633316516876,0.00389980454929173,-0.005525618325918913,0.32648632592645244,0.008762045522554012,-0.008473542680617865,0.13291315734386444,0.04155680909752846,-0.031162358820438385,0.32336284874750243,0.009032152371154012,-0.013061795881507864,0.00312347717895,-0.0002701068486,0.00458825320089,-0.190449691403638,0.032524656726374446,-0.01810056293893052,9.41093358554e-10,-8.13823014396e-11,1.38242553646e-09,-5.738186304889928e-08,9.799571657114423e-09,-5.453639835353667e-09
10004,10003,149400000,0.0488,6,0.00956324411154,0.0125174368985,0.0108717349244,0.420159380903,0.420159380903,False,low,True,0.38745847176079734,0.3956043956043956,0.23199564218521118,0.0041452874429523945,-0.004991017282009125,0.3229525641115055,0.008373574893054956,-0.007397237852927829,0.07935220748186111,0.027577213943004608,0.02204050123691559,0.3258105567702355,0.008600056195382956,-0.012880884915677829,-0.00285799265873,-0.000226481302328,0.00548364706275,-0.2464583492883744,0.018977157747621654,0.034921386152593416,-8.67051205267e-10,-6.87093738867e-11,1.66361616797e-09,-7.476996420735528e-08,5.757246243205028e-09,1.0594369394422492e-08
10004,10003,127300000,0.0046,6,0.00115997639005,0.0127593994988,0.011684033144,0.600438487489,0.600438487489,False,mid,True,0.38745847176079734,0.3956043956043956,0.1235504224896431,0.0022487728856503963,0.0048142168670892715,0.2680750707476014,0.007867573344308647,0.013267864451672946,0.2077513486146927,-0.1256874054670334,0.05209746211767197,0.1662890829796014,-0.006230286668891354,0.053666008463972945,0.101785987768,0.0140978600132,-0.0403981440123,0.04146226563509128,-0.11945711879814203,-0.001568546346300978,1.03164003247e-08,1.42887219358e-09,-4.09450686823e-09,4.202359676811168e-09,-1.2107437243383243e-08,-1.589781893473271e-10
10004,10003,137900000,0.0258,6,0.00500635362501,0.0130573570226,0.0114322262142,0.468722596417,0.468722596417,False,mid,True,0.38745847176079734,0.3956043956043956,0.13376973569393158,-0.0013179705711081624,-0.0047751134261488914,0.332063000903504,-0.005105228802213343,-0.012532682972407791,0.19880926609039307,-0.04881765693426132,-0.0784892812371254,0.325997205086824,-0.0015985855550633432,-0.01614731418597779,0.00606579581668,-0.00350664324715,0.00361463121357,-0.12718793899643094,-0.04721907137919798,-0.062341967051147605,1.35482248954e-09,-7.83224374448e-10,8.07343967313e-10,-2.8407992184134967e-08,-1.0546589725933123e-08,-1.3924355773878039e-08
10004,10003,150200000,0.0504,6,0.00998128225037,0.012473258417,0.0108706036161,0.419714444823,0.419714444823,False,mid,True,0.38745847176079734,0.3956043956043956,0.23409044742584229,0.004474258050322533,-0.004252991639077663,0.23939664150931123,0.004617783216761595,-0.004273839530711048,0.10663321614265442,0.025639809668064117,-0.0002246365329483524,0.24359260048301123,-0.012555927684438403,-0.004527145943314048,-0.0041959589737,0.0171737109012,0.000253306412603,-0.13695938434035682,0.03819573735250252,0.004302509410365696,-1.27667189838e-09,5.22531183835e-09,7.7071577839e-11,-4.167156978965523e-08,1.1621520806465412e-08,1.30909117347625e-09
10005,10004,125050000,0.0001,2,0.00132775114026,0.0140571172411,0.00161646504413,0.46152143022,0.46152143022,False,high,True,0.2962345884705098,0.5334665334665335,0.052264533936977386,0.000694669724907726,-0.00020636621047742665,0.19371567813236398,-0.003646017750535066,0.0027101334193492697,0.3931067883968353,0.02156485803425312,-0.01772484742105007,0.021315598392364004,-0.0007848747369650659,-0.00028232188261073047,0.17240007974,-0.00286114301357,0.00299245530196,0.3717911900044713,0.022349732771218187,-0.017442525538439342,4.0270731374e-08,-6.68331023372e-10,6.99004106006e-10,8.684626574691781e-08,5.2206477286308736e-09,-4.074378976517668e-09
10005,10004,135650000,0.0213,2,0.00322434733745,0.0140881703924,0.00132219194912,0.408808047362,0.408808047362,False,high,True,0.2962345884705098,0.5334665334665335,0.03584275022149086,0.000511840102262795,-0.0001794381532818079,0.19888712696924277,0.0009313646201012512,0.00047679260382676916,0.0010953386081382632,-0.0025136983022093773,0.012623324990272522,0.00042010210124276243,0.002285771503951251,-0.0072960607329432305,0.198467024868,-0.00135440688385,0.00777285333677,0.0006752365068955008,-0.0047994698061606285,0.019919385723215752,6.48731219391e-08,-4.42716380667e-10,2.54072061929e-09,2.2071525624318807e-10,-1.5688076655815745e-09,6.511070238663604e-09
10005,10004,126200000,0.0024,2,0.00165827261913,0.0140628578889,0.00159874245028,0.431493274401,0.431493274401,False,low,True,0.2962345884705098,0.5334665334665335,0.04866734519600868,0.000644658925011754,-0.00021403258142527193,0.18691605681918283,0.005103627114408615,-0.004614756387512677,0.42206108570098877,-0.07406454533338547,-0.1585838496685028,0.18325318171373284,0.0042890142767896145,-0.010051292412762676,0.00366287510545,0.000814612837619,0.00543653602525,0.23880790398725593,-0.07835355961017508,-0.14853255725574013,1.03303068445e-09,2.29743038728e-10,1.53325144033e-09,6.735034239642542e-08,-2.2097840898958008e-08,-4.189023236318264e-08
10005,10004,169350000,0.0887,2,0.0081422915304,0.0147188630584,0.000828846978429,0.418517476056,0.418517476056,False,low,True,0.2962345884705098,0.5334665334665335,0.008570708334445953,-5.1349510613363236e-05,-6.377042882377282e-05,0.0750053088262762,-0.0006368466692693144,-2.387432069152727e-05,0.31970351934432983,0.07644253224134445,0.135677769780159,0.07491231700602431,-0.0006152876859623144,-0.005052649303331528,9.29918202519e-05,-2.1558983307e-05,0.00502877498264,0.24479120233830554,0.07705781992730677,0.14073041908349052,2.85138748421e-11,-6.61058306069e-12,1.54196207877e-09,7.505978146272581e-08,2.362806779201247e-08,4.3151855134753186e-08
10005,10004,190150000,0.1303,2,0.00999662636319,0.0148627362885,0.000824077224571,0.413440393657,0.413440393657,False,low,True,0.2962345884705098,0.5334665334665335,0.004125035367906094,-6.455027323681861e-05,-3.000159267685376e-05,0.03610943982593119,-9.592822009367722e-05,-0.00022377274934834,0.6011781692504883,-0.0861039012670517,-0.3001481294631958,0.03615804864547399,-0.00012489275225937722,-0.00504092985653834,-4.86088195428e-05,2.89645321657e-05,0.00481715710719,0.5650201206050143,-0.08597900851479232,-0.29510719960665743,-1.54064728524e-11,9.18025335091e-12,1.52678877816e-09,1.7908205200256925e-07,-2.725088313224706e-08,-9.353366533160415e-08
10005,10004,125200000,0.0004,2,0.0013445343396,0.0140569459278,0.00161596221344,0.459460917917,0.459460917917,False,mid,True,0.2962345884705098,0.5334665334665335,0.05211782827973366,0.0006926062633283436,-0.00020691649115178734,0.19427350391664142,0.0040039930004737885,-0.004553394246399086,0.4001999497413635,0.01406056061387062,-0.004960229620337486,0.08554735749164141,0.00011295794037378806,-0.0033586972483890857,0.108726146425,0.0038910350601,-0.00119469699801,0.3146525922497221,0.013947602673496833,-0.0016015323719484006,2.57198416642e-08,9.20448382899e-10,-2.82612955906e-10,7.443301467026076e-08,3.2993915829157605e-09,-3.788523771052393e-10
10005,10004,183400000,0.1168,2,0.00950684988075,0.0148559566173,0.000873179958845,0.415097387398,0.415097387398,False,mid,True,0.2962345884705098,0.5334665334665335,0.004597129765897989,-6.013788151904009e-05,-3.3639771572779864e-05,0.038371292601546945,-0.000303740376186315,2.9885656121427483e-05,0.23262478411197662,0.01968243159353733,-0.011059124022722244,0.03740742411054795,0.005693362596683685,0.0033891278356414276,0.000963868490999,-0.00599710297287,-0.00335924217952,0.19521736000142867,0.013989068996853645,-0.014448251858363672,3.02207463322e-10,-1.88030762872e-09,-1.05324332856e-09,6.120766859094312e-08,4.386076622739847e-09,-4.530046976655815e-09
10006,10005,125050000,0.0001,4,0.00408033291994,0.0038931117765,0.0116126097383,0.475206910286,0.475206910286,False,high,True,0.4500205676676265,0.43656343656343655,0.1225481927394867,-0.005427719559520483,-0.0004984013503417373,0.32924303768180596,-0.024852834882394342,-0.005361502403174985,0.218767449259758,-0.05152864381670952,0.12178585678339005,0.03965216604580596,-0.0028202306124943447,-0.001824661471064985,0.289590871636,-0.0220326042699,-0.00353684093211,0.17911528321395204,-0.04870841320421517,0.12361051825445503,6.22007812855e-08,-4.73234944043e-09,-7.59672665153e-10,3.847189827891091e-08,-1.0462005723327137e-08,2.655011453605778e-08
10006,10005,129450000,0.0089,4,0.00609487998472,0.003320614659,0.0116999758216,0.464455810663,0.464455810663,False,high,True,0.4500205676676265,0.43656343656343655,0.13232679665088654,-0.005487683694809675,-0.00045822045649401844,0.33994762164084735,-0.02250614520685079,0.0013306838261427367,0.09859783202409744,0.0449446402490139,-0.016685547307133675,0.14281157559484736,0.07344631200554921,0.07819189752704274,0.197136046046,-0.0959524572124,-0.0768612137009,-0.04421374357074992,-0.028501671756535313,-0.09487744483417641,4.52272022303e-08,-2.20135346827e-08,-1.76335973326e-08,-1.0143573242646006e-08,-6.538889758060071e-09,-2.1766903976601024e-08
10006,10005,137300000,0.0246,4,0.00968933819595,0.00349826691567,0.0117514779912,0.450984661294,0.450984661294,False,high,True,0.4500205676676265,0.43656343656343655,0.12841372191905975,0.0014859398361295462,-0.0030366405844688416,0.2770866266181182,0.005821914416117822,-0.003998404272145692,0.029314931482076645,0.009586930274963379,-0.015763118863105774,0.17726929241621822,-0.007779756523782178,-0.07609521389394569,0.0998173342019,0.0136016709399,0.0720968096218,-0.14795436093414158,0.017366686798745555,0.060332095030839916,2.48934516321e-08,3.39212162263e-09,1.79802281587e-08,-3.6898347938433366e-08,4.3310791786877375e-09,1.5046225202469555e-08
10006,10005,133250000,0.0165,4,0.00789742281868,0.00342929569329,0.0118886364904,0.454718077331,0.454718077331,False,low,True,0.4500205676676265,0.43656343656343655,0.11386185139417648,-0.002460382878780365,-0.0012242560042068362,0.24719669462355207,-0.004258239668023986,-0.0014632351960174267,0.3640601336956024,-0.03447708487510681,0.030084479600191116,0.24258428979509206,0.00020598154821601348,-0.0009764565994724267,0.00461240482846,-0.00446422121624,-0.000486778596545,0.12147584390051036,-0.03468306642332283,0.031060936199663543,1.12348581125e-09,-1.08739136768e-09,-1.18569134058e-10,2.958898711352359e-08,-8.448073069553463e-09,7.56579753994993e-09
10006,10005,134150000,0.0183,4,0.00833654115317,0.00342690686052,0.0118778673151,0.458428266565,0.458428266565,False,low,True,0.4500205676676265,0.43656343656343655,0.11534405499696732,-0.0015397039242088795,-0.0016148147406056523,0.24064054746411703,0.0014613388962543934,-0.0027910921028310217,0.3845769464969635,0.046487465500831604,0.07891585677862167,0.24255928821082703,-0.00028091754448560666,-0.008492915727101022,-0.00191874074671,0.00174225644074,0.00570182362427,0.14201765828613647,0.04676838304531721,0.0874087725057227,-4.56701960396e-10,4.14694863474e-10,1.35715782943e-09,3.380328638014175e-08,1.1131890672579489e-08,2.0805185811432566e-08
10006,10005,136450000,0.0229,4,0.00948275384585,0.00350521241757,0.011876994961,0.454775361536,0.454775361536,False,low,True,0.4500205676676265,0.43656343656343655,0.11522522568702698,0.0008929769392125309,-0.002557220170274377,0.2595559962245315,0.007770924330787836,-0.0029232162559452105,0.14269109070301056,-0.10574702173471451,-0.12499522417783737,0.2547981507853615,0.009595361445917836,-0.0075118355921752105,0.00475784543917,-0.00182443711513,0.00458861933623,-0.11210706008235094,-0.11534238318063235,-0.11748338858566217,1.15849955904e-09,-4.44236707644e-10,1.11729427649e-09,-2.7297225462868534e-08,-2.808500228971726e-08,-2.8606320993600743e-08
10006,10005,125400000,0.0008,4,0.0041786381562,0.00388521703272,0.0116090971707,0.472036225336,0.472036225336,False,mid,True,0.4500205676676265,0.43656343656343655,0.12375695258378983,-0.005578284151852131,-0.0005511917406693101,0.32516323991165524,-0.02886578464852646,-0.004148141435075544,0.3055102229118347,-0.07360894978046417,0.20693211257457733,0.21473516957365524,-0.017727014636626463,-0.007366041910675545,0.110428070338,-0.0111387700119,0.0032179004756,0.09077505333817948,-0.05588193514383771,0.21429815448525288,2.41735839883e-08,-2.43836545893e-09,7.04424039781e-10,1.987138206070537e-08,-1.2233000617447264e-08,4.6911572575077336e-08
10006,10005,130950000,0.0119,4,0.00692189730427,0.00333592675954,0.0117499064987,0.461376801755,0.461376801755,False,mid,True,0.4500205676676265,0.43656343656343655,0.12846089899539948,-0.004364493768662214,-0.000739850162062794,0.2666645420719113,-0.015303601447351883,-0.0006203986745955299,0.3440122902393341,0.0035182961728423834,-0.025426531210541725,0.2773143142747113,-0.017768622019741883,-0.00653044923129553,-0.0106497722028,0.00246502057239,0.0059100505567,0.06669797596462279,0.021286918192584266,-0.018896081979246193,-2.48899102274e-09,5.76107540957e-10,1.38125609631e-09,1.5588189141438913e-08,4.975031134383196e-09,-4.4162614481863745e-09
10006,10005,137950000,0.0259,4,0.00999316421595,0.00349745555792,0.0116941637679,0.44788042961,0.44788042961,False,mid,True,0.4500205676676265,0.43656343656343655,0.13463152945041656,0.0023081849794834852,-0.0034671372268348932,0.29089695585668973,0.01058158038769263,-0.0028431301407358424,0.20106272399425507,-0.06386628746986389,0.03652400150895119,0.27136934449718975,0.00614481040772263,-0.020402329957835842,0.0195276113595,0.00443676997997,0.0175591998171,-0.07030662050293468,-0.07001109787758653,0.05692633146678703,4.96456550831e-09,1.12797386251e-09,4.46413010584e-09,-1.787427129351117e-08,-1.7799139655252106e-08,1.4472558702195344e-08
10007,10006,125050000,0.0001,4,0.00299877343541,0.00331057525565,0.0103727482695,0.441690118733,0.441690118733,False,high,True,0.7187604131956015,0.47652347652347654,0.2253626585006714,-0.00802038237452507,0.0019064234802499413,0.2335247472578293,-0.007276106865536201,-0.0041417977163909344,0.032170508056879044,-0.15944711863994598,0.22396881878376007,0.03289088674782928,-0.0007323251959762008,-0.0019775062545809344,0.20063386051,-0.00654378166956,-0.00216429146181,-0.0007203786909502352,-0.15871479344396977,0.225946325038341,5.30561826385e-08,-1.73045603829e-09,-5.72331324276e-10,-1.9049896811427812e-10,-4.1970986587158376e-08,5.974988198532191e-08
10007,10006,148200000,0.0464,4,0.0090555233766,0.00334343872689,0.0101275758657,0.420221111406,0.420221111406,False,high,True,0.7187604131956015,0.47652347652347654,0.26034024357795715,9.839808626566082e-05,-0.005240666680037975,0.22199896178214587,0.004336905947413636,-0.006516116415228174,0.060563746839761734,-0.01603684201836586,-0.0646590143442154,0.14118549870314587,0.022974827218313634,-0.08861280656732817,0.080813463079,-0.0186379212709,0.0820966901521,-0.08062175186338413,-0.039011669236679494,0.02395379222311278,2.45131638495e-08,-5.6534443708e-09,2.49024053732e-08,-2.4455012048322207e-08,-1.183341739862947e-08,7.26590856536916e-09
10007,10006,132000000,0.014,4,0.00407894557758,0.00330944055536,0.00997259929543,0.431760190439,0.431760190439,False,low,True,0.7187604131956015,0.47652347652347654,0.2290792018175125,-0.009225348010659218,0.00046616903273388743,0.23122973981607195,-0.011863573422503155,-0.0005843876712052012,0.10581109672784805,0.023115940392017365,0.07416816055774689,0.22699280433278196,-0.010449786670363155,-0.005815191110975201,0.00423693548329,-0.00141378675214,0.00523080343977,-0.12118170760493391,0.03356572706238052,0.07998335166872209,1.1928947942e-09,-3.98046858016e-10,1.47271494158e-09,-3.411829817184456e-08,9.450316445470057e-09,2.2519040991842356e-08
10007,10006,137800000,0.0256,4,0.00612843626782,0.00342779445378,0.0100476388765,0.40737400847,0.40737400847,False,low,True,0.7187604131956015,0.47652347652347654,0.24753201007843018,-0.009329288266599178,-0.0014544271398335695,0.19126907764374468,-0.01023044563107882,0.000753009545823643,0.1913539320230484,-0.15869206190109253,0.0077876318246126175,0.19110189604149166,-0.01078887591552382,-0.004383136732906357,0.000167181602253,0.000558430284445,0.00513614627873,0.00025203598155673634,-0.1479031859855687,0.012170768557518974,5.51422752902e-11,1.841896241e-10,1.69407870374e-09,8.313018472617339e-11,-4.8783586758631535e-08,4.0143404612182174e-09
10007,10006,150400000,0.0508,4,0.00998014541544,0.00337538574566,0.0100046987789,0.415872397759,0.415872397759,False,low,True,0.7187604131956015,0.47652347652347654,0.25568556785583496,0.004042717628180981,-0.006957008503377438,0.22523898895170621,0.0030531992167988587,-0.006028595784066117,0.17797717452049255,0.1847878098487854,-0.027853306382894516,0.2273463713551462,0.0034101615950718586,-0.010954091411516117,-0.00210738240344,-0.000356962378273,0.00492549562745,-0.049369196834653656,0.18137764825371355,-0.016899214971378397,-6.57405335291e-10,-1.11355666438e-10,1.53652564392e-09,-1.5400894182800618e-08,5.658139380383684e-08,-5.271769407516725e-09
10007,10006,128850000,0.0077,4,0.00326391720529,0.00322543819431,0.0100698743539,0.437666225757,0.437666225757,False,mid,True,0.7187604131956015,0.47652347652347654,0.22097712755203247,-0.007794560864567757,0.0015742675168439746,0.22148059351288962,-0.008565529067388188,-0.002002045788614029,0.03442472219467163,-0.04863956198096275,0.007578123360872269,0.13782122155108964,-0.04252808886528819,-0.07317338468281404,0.0836593719618,0.0339625597979,0.0711713388942,-0.10339649935641801,-0.006111473115674566,0.0807515080436863,2.26898202922e-08,9.21121400279e-09,1.93028569495e-08,-2.8042859206626792e-08,-1.6575336804892376e-09,2.1901158983979897e-08
10007,10006,140800000,0.0316,4,0.00686008014375,0.00316212994227,0.0102517538877,0.42099284197,0.42099284197,False,mid,True,0.7187604131956015,0.47652347652347654,0.2672808766365051,-0.008802753873169422,-0.0012870824430137873,0.2371520544815388,-0.011365606264199468,-0.0008512242629370517,0.021005284041166306,-0.013993765227496624,-0.01369270496070385,0.19089994307403882,-0.053136346490399465,0.02520557248946295,0.0462521114075,0.0417707402262,-0.0260567967524,-0.1698946590328725,0.03914258126290284,-0.0388982774501668,1.39581546317e-08,1.260574779e-08,-7.86352854406e-09,-5.127151712030815e-08,1.1812611042502907e-08,-1.1738884021367835e-08
10007,10006,149650000,0.0493,4,0.00963621932738,0.00336955635437,0.0100213451761,0.415525748263,0.415525748263,False,mid,True,0.7187604131956015,0.47652347652347654,0.2560443580150604,0.0025941459462046623,-0.0063209994696080685,0.2326877054462966,0.004128096655409804,-0.0060168663434116,0.236046701669693,0.07787244766950607,0.08264213800430298,0.2284076035719866,0.004258974538091804,-0.0114786867087416,0.00428010187431,-0.000130877882682,0.00546182036533,0.007639098097706382,0.07361347313141427,0.09412082471304457,1.33821979675e-09,-4.09203749595e-11,1.70769676839e-09,2.3884460239118178e-09,2.3016042595375997e-08,2.9427886208277494e-08
10008,10007,152000000,0.05400000000001,0,0.0091284212214,0.00732841112901,0.00298374411908,0.400016938815,0.400016938815,False,low,True,0.7504165278240587,0.5354645354645354,0.19712570309638977,0.0020852619782090187,-0.003394640516489744,0.18964235218290676,0.003133810681679637,-0.004319996634201886,0.15431566536426544,0.02474643662571907,-0.0057827080599963665,0.18779056987268675,0.002759781257536637,-0.006501325373841886,0.00185178231022,0.000374029424143,0.00218132873964,-0.033474904508421305,0.021986655368182433,0.0007186173138455194,6.4131605331e-10,1.29535244391e-10,7.55445783533e-10,-1.159315191952102e-08,7.614499268291184e-09,2.488741884032373e-10
10008,10007,152900000,0.05580000000001,0,0.00946991275891,0.00733429163648,0.00296908976441,0.401922332111,0.401922332111,False,low,True,0.7504165278240587,0.5354645354645354,0.19837120175361633,0.0024830615147948265,-0.0033647026866674423,0.19155642368534115,0.003237264390233596,-0.003787883334105552,0.20911528170108795,-0.06363444775342941,-0.021644866093993187,0.19100031991929214,0.003275289754741096,-0.008465008026885552,0.000556103766049,-3.80253645075e-05,0.00467712469278,0.018114961781795808,-0.0669097375081705,-0.013179858067107635,1.90165111509e-10,-1.30031445986e-11,1.59938844699e-09,6.194588020326556e-09,-2.2880437916674346e-08,-4.506981128392731e-09
10008,10007,153900000,0.05780000000001,0,0.0098569007288,0.00734124491992,0.00295278513181,0.403092477741,0.403092477741,False,low,True,0.7504165278240587,0.5354645354645354,0.19979968667030334,0.0029397013131529093,-0.003336095716804266,0.20384622299601776,0.003790099445795644,-0.002982974319376639,0.024180943146348,-0.020609384402632713,-0.005747949704527855,0.20009410817185777,0.003743163757707644,-0.0077269461099566394,0.00375211482416,4.6935688088e-05,0.00474397179058,-0.17591316502550977,-0.024352548160340357,0.0019789964054287845,1.27314174212e-09,1.59258941957e-11,1.60969181197e-09,-5.968964274232551e-08,-8.263138801153406e-09,6.714994208151546e-10
10008,10007,153850000,0.05770000000001,0,0.00983693856159,0.00734087120579,0.00295356029801,0.40395236732,0.40395236732,False,mid,True,0.7504165278240587,0.5354645354645354,0.19972647726535797,0.0029160636477172375,-0.003337411442771554,0.20426526490152452,0.0037933825970949786,-0.002986308910933261,0.049126774072647095,-0.03622237965464592,-0.005372709594666958,0.19909550246171454,0.0037305005426931785,-0.007777154622083261,0.00516976243981,6.28820544018e-05,0.00479084571115,-0.14996872838906744,-0.0399528801973391,0.0024044450274163034,1.74419551801e-09,2.12154037497e-11,1.61635504806e-09,-5.059706068570861e-08,-1.34794655234336e-08,8.112214611303042e-10
10008,10007,153950000,0.05790000000001,0,0.00987616336399,0.00734117887524,0.0029539524191,0.402015887527,0.402015887527,False,mid,True,0.7504165278240587,0.5354645354645354,0.19983768463134766,0.00296034081839025,-0.0033346915151923895,0.20299309382694158,0.003689760384837284,-0.0025425485898731906,0.025125449523329735,-0.02141653187572956,-0.007192399352788925,0.17896073723424158,-0.008545989033362716,0.04636636917252681,0.0240323565927,0.0122357494182,-0.0489089177624,-0.15383528771091184,-0.012870542842366845,-0.053558768525315735,8.21391187992e-09,4.18200217352e-09,-1.67163606737e-08,-5.2578676269434325e-08,-4.3989653842776325e-09,-1.8305612409124753e-08
10008,10007,154000000,0.05800000000001,0,0.00989430179227,0.00734044863363,0.00295804526867,0.400983378949,0.400983378949,False,mid,True,0.7504165278240587,0.5354645354645354,0.19982223212718964,0.0029763206839561462,-0.0033331068698316813,0.20216827568741286,0.0036053244908780015,-0.0025810432161492286,0.032983582466840744,-0.027235329151153564,-0.011342638172209263,0.18361398397671286,-0.006147420642231999,0.03586110370565077,0.0185542917107,0.00975274513311,-0.0384421469218,-0.1506304015098721,-0.021087908508921567,-0.047203741877860035,6.38512594845e-09,3.35623191599e-09,-1.32291738026e-08,-5.1836744851484576e-08,-7.25702462365657e-09,-1.6244319202704923e-08
10008,10007,125050000,0.0001,0,0.00334775831053,0.00690264786583,0.00245628111408,0.39208927165,0.4,True,high,True,0.7504165278240587,0.5354645354645354,0.1530326008796692,-0.0013325532199814916,7.18387818778865e-05,0.17239746823678592,-0.0009617519670606845,0.0015737234231988073,0.7376057505607605,0.3054226040840149,-0.2565782368183136,0.031132458692785917,-3.344906087768448e-05,-0.00023630983646119274,0.141265009544,-0.000928302906183,0.00181003325966,0.7064732918679746,0.3054560531448926,-0.25634192698185243,4.89438101152e-08,-3.21627282766e-10,6.27118664763e-10,2.447704124344855e-07,1.0583075817515523e-07,-8.881428344686033e-08
10008,10007,125850000,0.0017,0,0.00356385809288,0.00690091473969,0.00245168656984,0.390149824018,0.4,True,low,True,0.7504165278240587,0.5354645354645354,0.15588632225990295,-0.0014311575796455145,3.681912494357675e-05,0.1769102784323722,-0.0013895687635853673,0.000501413727555966,0.5143396258354187,0.1564260572195053,-0.2301533818244934,0.1716647943014922,-0.0013867705060950372,-0.003749776010464034,0.00524548413088,-2.79825749033e-06,0.00425118973802,0.3426748315339265,0.15781282772560035,-0.22640360581402938,1.81685591305e-09,-9.69220483886e-13,1.47246641498e-09,1.1869081640358905e-07,5.4660954461886134e-08,-7.841844903080676e-08
10008,10007,142850000,0.0357,0,0.00675532350577,0.00733185405798,0.00246221277593,0.382817012564,0.4,True,low,True,0.7504165278240587,0.5354645354645354,0.18464186787605286,-0.0005919224349781871,-0.002179159549996257,0.20297251506022385,-0.0014514216631781583,-0.0017117936137550612,0.44536125659942627,-0.13726168870925903,-0.059475913643836975,0.20255296951858484,-0.0017229541090131582,-0.006122583112415061,0.000419545541639,0.000271532445835,0.00441078949866,0.24280828708084143,-0.13553873460024587,-0.05335333053142191,1.45315457671e-10,9.40490548056e-11,1.52773854344e-09,8.41000412630721e-08,-4.694573364718024e-08,-1.847967115603836e-08
10008,10007,151950000,0.05390000000001,0,0.00910966381328,0.00732813950148,0.00298436740713,0.399910217839,0.4,True,low,True,0.7504165278240587,0.5354645354645354,0.1970607191324234,0.002063704188913107,-0.0033963772002607584,0.1895303185740308,0.0031162418882796873,-0.004325288806694413,0.1615268886089325,0.03441467508673668,0.00583994947373867,0.1873457035019808,0.002670265715138687,-0.005943657658414413,0.00218461507205,0.000445976173141,0.00161836885172,-0.025818814893048297,0.03174440937159799,0.011783607132153083,7.56669142613e-10,1.54469504891e-10,5.60542581221e-10,-8.942674056563902e-09,1.0995078871910881e-08,4.081401808330848e-09
10008,10007,125100000,0.0002,0,0.00335232330851,0.00690263322005,0.00245622600492,0.392048694085,0.4,True,mid,True,0.7504165278240587,0.5354645354645354,0.15309566259384155,-0.0013346903724595904,7.109937723726034e-05,0.17203524122000982,-0.0013753394723726863,0.0005367394045324352,0.7385772466659546,0.3083466589450836,-0.2593027651309967,0.05912004964800982,-0.0002661477007026861,-0.0008804542047275649,0.112915191572,-0.00110919177167,0.00141719360926,0.6794571970179448,0.30861280664578633,-0.25842231092626916,3.91190699228e-08,-3.84275577711e-10,4.90981728169e-10,2.3539554978965052e-07,1.0691781853418703e-07,-8.952949828978638e-08
10008,10007,134750000,0.0195,0,0.00544817279796,0.00730867924482,0.00260494326392,0.380203615507,0.4,True,mid,True,0.7504165278240587,0.5354645354645354,0.1900150626897812,-0.002435376401990652,-0.0007294616661965847,0.1919884744683349,-0.0021786350276519553,-0.000568678145089048,0.040685851126909256,0.023239469155669212,-0.022086694836616516,0.1477295715175349,0.048617262789048044,0.035272871093310953,0.0442589029508,-0.0507958978167,-0.0358415492384,-0.10704372039062565,-0.02537779363337883,-0.05735956592992747,1.53321083708e-08,-1.75966451537e-08,-1.24161802589e-08,-3.708193859358041e-08,-8.791340414172701e-09,-1.9870422046301277e-08
10008,10007,154250000,0.05850000000001,0,0.00998947753651,0.00733926962905,0.00296746521698,0.395641190357,0.4,True,mid,True,0.7504165278240587,0.5354645354645354,0.19994553923606873,0.0030735484324395657,-0.0033253233414143324,0.19791010325272468,0.0036288567816275463,-0.002835394035790538,0.026175910606980324,-0.02192416973412037,-0.016521820798516273,0.19439121309271468,0.0002622933374575462,0.006954383252139463,0.00351889016001,0.00336656344417,-0.00978977728793,-0.16821530248573435,-0.022186463071577914,-0.023476204050655737,1.21883413325e-09,1.16607289541e-09,-3.39087444418e-09,-5.8264550208116844e-08,-7.684700930726019e-09,-8.131427102010695e-09
10009,10008,136450000,0.0229,0,0.00198922653454,0.0027987512673,2.51477976481e-05,0.486666671052,0.486666671052,False,low,True,0.06431189603465512,0.1928071928071928,0.0019704957958310843,-8.124538908305112e-06,-1.4154790733300615e-05,0.00356830223633206,-5.324597714707858e-05,-9.358924171826849e-05,0.019026227295398712,0.00518630538135767,-0.003176699625328183,0.0004468993623220602,0.0006479170192979215,0.0013255802363017315,0.00312140287401,-0.000701162996445,-0.00141916947802,0.01857932793307665,0.0045383883620597485,-0.004502279861629915,6.24865930035e-10,-1.4036408806e-10,-2.84100031798e-10,3.7193497593637514e-09,9.085287542761483e-10,-9.013002827798465e-10
10009,10008,205750000,0.1615,0,0.00246988924761,0.00279424820431,2.4999997136e-05,0.429951304891,0.429951304891,False,low,True,0.06431189603465512,0.1928071928071928,0.0017827701522037387,2.2779718165111262e-06,-1.3917574506194796e-05,0.003561109970795235,-6.804217532302603e-05,-5.803730790221865e-05,0.12840516865253448,-0.11240469664335251,0.013491378165781498,0.003561328179088984,-6.803730630321815e-05,-8.871865433372026e-14,-2.18208293749e-07,-4.86901980788e-09,-5.80373078135e-05,0.1248438404734455,-0.1123366593370493,0.013491378165870217,-6.21501134061e-14,-1.38679482818e-15,-1.65301932407e-11,3.555803819447918e-08,-3.199574130528791e-08,3.8426160097198736e-09
10009,10008,275000000,0.3000000000002,0,0.00303134208969,0.00280362705868,2.49999971679e-05,0.425298610202,0.425298610202,False,low,True,0.06431189603465512,0.1928071928071928,0.001845184015110135,1.101512407331029e-05,-1.3059655429970007e-05,0.004088562822103222,7.71452622369847e-05,3.16996626892259e-05,0.347375750541687,0.04084344208240509,0.0021651785355061293,0.004088560851703967,7.714594874001544e-05,8.18325899111953e-13,1.97039925522e-09,-6.86503030746e-10,3.16996618709e-05,0.34328718968998306,0.04076629613366507,0.0021651785346878034,5.78236881228e-16,-2.01462404333e-16,9.30263933448e-12,1.0074167121526036e-07,1.196335000286631e-08,6.353971561270368e-10
10009,10008,125050000,0.0001,0,0.00163029208354,0.0027649486333,0.000271306366687,0.50693354612,0.50693354612,False,mid,True,0.06431189603465512,0.1928071928071928,0.022766459733247757,-0.00017151715292129666,-0.00015689319116063416,0.041023709182273826,0.0008809870985986262,0.0010730558718350933,0.18678238987922668,-0.08694659918546677,-0.08024751394987106,0.003373220954973829,0.00018756050903562615,-0.0007302810470549066,0.0376504882273,0.000693426589563,0.00180333691889,0.18340916892425285,-0.08713415969450239,-0.07951723290281616,6.67284256471e-09,1.22896851547e-10,3.19607631067e-10,3.2505833703065315e-08,-1.544289482089953e-08,-1.409293747105062e-08
10009,10008,130750000,0.0115,0,0.00186700228486,0.00279842068251,0.0001212012851,0.492361633225,0.492361633225,False,mid,True,0.06431189603465512,0.1928071928071928,0.009715304709970951,-5.192135358811356e-05,-6.846174073871225e-05,0.01732719000542081,-0.0003679815713770907,-0.0004440401599679275,0.07574582099914551,0.01654759608209133,-0.027865074574947357,0.01661044191177881,0.0016188650469129093,-0.011680066542467928,0.000716748093642,-0.00198684661829,0.0112360263825,0.0591353790873667,0.014928731035178422,-0.01618500803247943,1.38631372965e-10,-3.84290208801e-10,2.1732401912e-09,1.1437796439734561e-08,2.8874725979459717e-09,-3.1304581133651093e-09
10009,10008,136400000,0.0228,0,0.00198912277052,0.00279869652533,2.51408107548e-05,0.486680018779,0.486680018779,False,mid,True,0.06431189603465512,0.1928071928071928,0.0019699970725923777,-8.124524356389884e-06,-1.4151299183140509e-05,0.0035669433043584264,-5.367343638513937e-05,-0.00010132172716586195,0.01918257400393486,0.005228923633694649,-0.0032028041314333677,0.004450771019855426,-7.327830490213937e-05,-0.007771686006975862,-0.000883827715497,1.9604868517e-05,0.00767036427981,0.014731802984079435,0.005302201938596788,0.004568881875542494,-1.76918733144e-10,3.92437173068e-12,1.53540232711e-09,2.9489139966689548e-09,1.0613593955058166e-09,9.145682796922284e-10
10010,10009,125900000,0.0018,4,0.00197144910441,0.000240181287526,0.00908831473776,0.468963145334,0.468963145334,False,low,True,0.1709430189936688,0.4925074925074925,0.019882624968886375,-0.00039366952842101455,0.0005430850433185697,0.032036283666490785,-0.0006916875670860497,0.001316870281642778,0.676978588104248,0.13947992026805878,0.06984630972146988,0.029747179248960785,-0.0007674512036140497,-0.005133493774807222,0.00228910441753,7.5763636528e-05,0.00645036405645,0.6472314088552873,0.14024737147167282,0.0749798034962771,5.10524810971e-10,1.68970956155e-11,1.43858483056e-09,1.443480210562268e-07,3.127850449359124e-08,1.672228217881849e-08
10010,10009,174450000,0.09889999999999,4,0.00364030656332,2.73122605375e-05,0.0085641195237,0.408245722004,0.408245722004,False,low,True,0.1709430189936688,0.4925074925074925,0.0020216733682900667,-3.5830311389872804e-05,1.5381667253677733e-05,0.004155282138942648,4.150520653945465e-05,9.225138577174854e-05,0.0,0.0,0.0,0.004095522700822948,-0.00022404842877054535,-0.004649636615478251,5.97594381197e-05,0.00026555363531,0.00474188800125,-0.004095522700822948,0.00022404842877054535,0.004649636615478251,1.95977568027e-11,8.70867552746e-11,1.55507432396e-09,-1.3431026193714783e-09,7.34753665233786e-11,1.524821023729041e-09
10010,10009,209950000,0.1699,4,0.00394650390833,3.00088484047e-05,0.0082474634771,0.400000052509,0.400000052509,False,low,True,0.1709430189936688,0.4925074925074925,0.002122244331985712,-2.569710159150418e-05,1.0387897418695502e-05,0.004562262156981933,4.741789386387898e-05,0.00010251443565121188,0.35728323459625244,0.005288237705826759,0.04631785303354263,0.004558997449392173,4.737559883596588e-05,-0.004329221680158788,3.26470758976e-06,4.22950279131e-08,0.00443173611581,0.35272423714686024,0.005240862106990794,0.05064707471370142,1.13077665435e-12,1.46494682431e-14,1.53499313498e-09,1.2217092092418718e-07,1.815245119606436e-09,1.754231523736416e-08
10010,10009,125050000,0.0001,4,0.00193437886742,0.000240949742427,0.0090950916463,0.473705118776,0.473705118776,False,mid,True,0.1709430189936688,0.4925074925074925,0.020106837153434753,-0.00039896435919217765,0.0005653759581036866,0.03396892048412075,0.0015104141471139997,-0.001207314211089369,0.7340867519378662,0.1663072109222412,0.12395238131284714,0.00328088499402075,0.00030933727192399967,-0.001256634771247569,0.0306880354901,0.00120107687519,4.93205601582e-05,0.7308058669438454,0.1659978736503172,0.1252090160840947,6.64829097535e-09,2.6020266278e-10,1.06848623498e-11,1.5832261571461553e-07,3.596196849005579e-08,2.712542391098573e-08
10010,10009,137900000,0.0258,4,0.00256066550269,0.000145020370417,0.00890339862634,0.421598660752,0.421598660752,False,mid,True,0.1709430189936688,0.4925074925074925,0.010519495233893394,-0.00019032284035347402,0.00014199642464518547,0.02131028007790711,6.18151845837309e-05,0.0005420130518594586,0.04283370450139046,-0.0029375397134572268,-0.014733856543898582,0.019758273566777108,-0.003077163973606269,-0.007508861819100541,0.00155200651113,0.00313897915819,0.00805087487096,0.02307543093461335,0.00013962426014904215,-0.007224994724798041,4.66476749389e-10,9.43463048389e-10,2.41980037622e-09,6.9356358597066235e-09,4.196597794072483e-11,-2.1715708209953792e-09
10010,10009,164150000,0.0783,4,0.00353686362283,6.12446279642e-05,0.00866317399917,0.409839230556,0.409839230556,False,mid,True,0.1709430189936688,0.4925074925074925,0.00459072832018137,-8.77818965818733e-05,3.884044417645782e-05,0.009313025133562618,8.700008455207221e-05,0.00020593945639302107,0.0064350576139986515,-0.0022425432689487934,0.00333587103523314,0.006975054539502619,-0.004116171394017928,-0.004825785701656979,0.00233797059406,0.00420317147857,0.00503172515805,-0.0005399969255039678,0.0018736281250691343,0.008161656736890118,7.58728113238e-10,1.36403099921e-09,1.63291674634e-09,-1.7524208793808364e-10,6.080377297522584e-10,2.648655390531555e-09
10010,10009,210000000,0.17,4,0.00394695984355,3.00135864662e-05,0.00824703057181,0.399988487007,0.4,True,low,True,0.1709430189936688,0.4925074925074925,0.0021224452648311853,-2.5680923499749042e-05,1.038053505908465e-05,0.004562931325820448,4.74319108083118e-05,0.00010252927962224167,0.3573988974094391,0.005361008923500776,0.046297911554574966,0.004559705390146048,4.73857464280083e-05,-0.004328895588287758,3.2259356744e-06,4.61643803035e-08,0.00443142486791,0.35283919201929304,0.005313623177072768,0.050626807142862724,1.11734785527e-12,1.59896775783e-14,1.53488586621e-09,1.2221077983226413e-07,1.840447566180086e-09,1.7535301410078575e-08
10010,10009,242500000,0.2350000000001,4,0.00425906996501,3.32549333391e-05,0.00796608554315,0.392364249664,0.4,True,low,True,0.1709430189936688,0.4925074925074925,0.002254472579807043,-1.2710240298474673e-05,5.0169514906883705e-06,0.005055708121794729,5.251983995617718e-05,0.00011350843138738416,0.07329109311103821,0.014092376455664635,-0.004034893587231636,0.005052071202120279,5.248018750747418e-05,-0.004316655590022616,3.63691967445e-06,3.9652448703e-08,0.00443016402141,0.06823902190891792,0.014039896268157161,0.00028176200279097976,1.25969789758e-12,1.37341791231e-14,1.53444915018e-09,2.3635537797520962e-08,4.862914057622725e-09,9.759220282729593e-11
10010,10009,275000000,0.3000000000002,0,0.00461339276762,3.62507658154e-05,0.00768313406407,0.386513669907,0.4,True,low,True,0.1709430189936688,0.4925074925074925,0.0024240536149591208,-6.837594241915212e-07,-4.3660196524797357e-07,0.005889347199799505,3.4507123002941986e-05,1.5426779076855787e-05,0.018392205238342285,-0.006215936969965696,0.0701214000582695,0.005886785116889725,3.4493074055287486e-05,-0.004414676018463144,2.56208290978e-06,1.40489476545e-08,0.00443010279754,0.01250542012145256,-0.0062504300440209834,0.07453607607673264,8.87413180203e-13,4.86604913094e-15,1.53442794423e-09,4.331426823627712e-09,-2.164923696200968e-09,2.5816610406625462e-08
10011,10010,125050000,0.0001,0,0.000884171101005,0.00100655145486,0.00221959239779,0.582708359353,0.582708359353,False,high,True,0.7620793068977008,0.3276723276723277,0.0870559960603714,-0.0011375752510502934,-0.000596226251218468,0.17819154053395864,0.0017022984800501722,0.00200507145520518,0.5564265251159668,-0.3775917887687683,-0.023289421573281288,0.009782435285958627,0.00023783502310017213,-0.0006744955416048198,0.168409105248,0.00146446345695,0.00267956699681,0.5466440898300081,-0.37782962379186846,-0.022614926031676467,1.91254543111e-08,1.66312438363e-10,3.04306207765e-10,6.207987714845266e-08,-4.290838786044382e-08,-2.5682740486673966e-09
10011,10010,145750000,0.0415,0,0.00729668649575,0.000954362873913,0.00162113044907,0.418757761108,0.418757761108,False,high,True,0.7620793068977008,0.3276723276723277,0.0565909817814827,0.0012058538850396872,4.253529914421961e-05,0.2715469710213707,0.0053597357670503165,0.0013457903723520653,0.0062689404003322124,0.002414591144770384,-0.01004013791680336,0.10620476193937071,-0.07915942886524968,-0.07207136381354794,0.165342209082,0.0845191646323,0.0734171541859,-0.0999358215390385,0.08157402001002007,0.06203122589674458,5.06411450236e-08,2.58865978456e-08,2.24862651406e-08,-3.060842394515045e-08,2.4984556577658397e-08,1.8998973849864855e-08
10011,10010,129850000,0.0097,0,0.00208057880451,0.000856107651558,0.00211084153311,0.43562810747,0.43562810747,False,low,True,0.7620793068977008,0.3276723276723277,0.05725324898958206,-0.0001758933358360082,-0.00046867941273376346,0.12703021630781852,-0.0015559858037482274,-0.0022459350572396775,0.16299867630004883,0.07789649069309235,0.07426680624485016,0.12977616837603853,-0.0017029976156572274,-0.008257042593989678,-0.00274595206822,0.000147011811909,0.00601110753675,0.0332225079240103,0.07959948830874958,0.08252384883883984,-7.54275719681e-10,4.03821470567e-11,1.65116955822e-09,9.12577148161914e-09,2.1864897798232757e-08,2.2668179898082398e-08
10011,10010,140900000,0.0318,0,0.00515303076127,0.000927867113455,0.00175294632126,0.416838706527,0.416838706527,False,low,True,0.7620793068977008,0.3276723276723277,0.05675539746880531,0.0011654909467324615,-0.0002685810613911599,0.24100849405390953,0.005279925611325712,-0.0010483335121384187,0.4873565137386322,0.2164236605167389,0.02074584923684597,0.23723110379082954,0.004645705652688712,-0.006385656096838418,0.00377739026308,0.000634219958637,0.0053373225847,0.25012540994780263,0.21177795486405018,0.02713150533368439,1.17097589991e-09,1.96605654984e-10,1.65454869141e-09,7.753787843064943e-08,6.565032046111213e-08,8.410658327927383e-09
10011,10010,153100000,0.05620000000001,0,0.00999653825847,0.000966788207744,0.00148818955957,0.407029683565,0.407029683565,False,low,True,0.7620793068977008,0.3276723276723277,0.0527273491024971,0.0003122288326267153,0.00046874620602466166,0.25952949603007014,-0.0001631359675660559,0.0017410315702116657,0.1428201049566269,0.06316835433244705,-0.026191608980298042,0.2587400858573121,0.0002121610285539441,-0.0024035349623383346,0.000789410172758,-0.00037529699612,0.00414456653255,-0.11591998090068523,0.06295619330389311,-0.02378807401795971,2.60966495352e-10,-1.24067240547e-10,1.37012802733e-09,-3.832130899871354e-08,2.0812320000709795e-08,-7.863960361652498e-09
10011,10010,125350000,0.0007,0,0.000909882175733,0.00100639944283,0.00221746772156,0.579421046993,0.579421046993,False,mid,True,0.7620793068977008,0.3276723276723277,0.08661019802093506,-0.0011165629839524627,-0.0005952049978077412,0.17817039427598635,-0.00419199873288338,-0.004578054294649634,0.5014044046401978,-0.37070292234420776,-0.039543770253658295,0.07096881909898634,-0.0009981577806933797,-0.006374148949709634,0.107201575177,-0.00319384095219,0.00179609465506,0.4304355855412114,-0.36970476456351437,-0.03316962130394866,1.24076914103e-08,-3.69660547272e-10,2.07883029581e-10,4.981934182020288e-08,-4.279025400557618e-08,-3.839108004302973e-09
10011,10010,152350000,0.05470000000001,0,0.00961209002057,0.000966605360519,0.00148975545601,0.409417634191,0.409417634191,False,mid,True,0.7620793068977008,0.3276723276723277,0.05279272422194481,0.00043853066745214164,0.00040705266292206943,0.2577265287908764,0.0016207878471705371,0.0031364092699879766,0.1804027259349823,-0.013167774304747581,-0.1278480440378189,0.25137242689698636,-0.0016262022825694628,0.0014769735039879765,0.00635410189389,0.00324699012974,0.001659435766,-0.07096970096200406,-0.011541572022178119,-0.1293250175418069,2.0677868053e-09,1.05665339639e-09,5.40022718942e-10,-2.309535063740443e-08,-3.755921881392319e-09,-4.208565889146966e-08
10012,10011,125600000,0.0012,4,0.00258000837829,0.00690489592301,0.00918496182387,0.410534611223,0.410534611223,False,high,True,0.830056647784072,0.5044955044955045,0.14749860763549805,-0.0005906298174522817,-0.0019359331345185637,0.12199742741572185,-0.0002270493809450394,-0.0039080623816475785,0.034009430557489395,0.02630968950688839,0.003835673676803708,-0.0015346805412781465,0.04111961589875496,-0.01666249698664758,0.123532107957,-0.0413466652797,0.012754434605,0.03554411109876754,-0.014809926391866568,0.020498170663451287,3.99172678977e-08,-1.33604610326e-08,4.12137533658e-09,1.1485465830534722e-08,-4.785572019338412e-09,6.623629947850977e-09
10012,10011,125050000,0.0001,4,0.00249402261404,0.00690414683635,0.00919143069932,0.413201886551,0.413201886551,False,mid,True,0.830056647784072,0.5044955044955045,0.1467507779598236,-0.0004931055591441691,-0.0016931843711063266,0.12263807821992315,-0.000336390678012687,-0.006309300362141423,0.11612556129693985,0.03541772440075874,0.037662360817193985,0.019148807077923144,4.613689426231297e-05,-0.002561011535121423,0.103489271142,-0.000382527572275,-0.00374828882702,0.0969767542190167,0.03537158750649643,0.040223372352315406,3.28590963273e-08,-1.21457134701e-10,-1.19012707569e-09,3.079129337010404e-08,1.123090720709297e-08,1.2771407626593933e-08
10012,10011,126400000,0.0028,4,0.00262759425618,0.00697247202747,0.00915350158592,0.407949559529,0.407949559529,False,mid,True,0.830056647784072,0.5044955044955045,0.14721138775348663,-0.0005705513176508248,-0.0020582829602062702,0.12482792464413717,0.00019514698369251654,-0.004444164137868734,0.052225228399038315,0.05750741437077522,-0.008365310728549957,0.04110632336433717,0.049355951523492515,-0.023543413985668733,0.0837216012798,-0.0491608045398,0.0190992498478,0.011118905034701143,0.008151462847282707,0.015178103257118776,2.75153439098e-08,-1.61568391326e-08,6.27702313321e-09,3.654259967008145e-09,2.6790015979464712e-09,4.988327082073677e-09
10012,10011,127700000,0.0054,4,0.00280104224787,0.00710501522576,0.00908688012212,0.400148975084,0.400148975084,False,mid,True,0.830056647784072,0.5044955044955045,0.14765213429927826,-0.0006379131227731705,-0.002504834206774831,0.13349575723504215,0.0005650753236608949,-0.004131058744554623,0.028303492814302444,0.016183918341994286,0.021838150918483734,0.09665771237124215,0.045174570150760894,-0.024621280923954623,0.0368380448638,-0.0446094948271,0.0204902221794,-0.06835421955693971,-0.02899065180876661,0.04645943184243836,1.27483003182e-08,-1.5437714982e-08,7.09091665684e-09,-2.365489596833885e-08,-1.0032604527354088e-08,1.6077910538727418e-08
10012,10011,139200000,0.0284,4,0.00529602286831,0.00729979922663,0.00893245085753,0.369042737132,0.4,True,high,True,0.830056647784072,0.5044955044955045,0.17525649070739746,-0.0032542229164391756,-0.008061773143708706,0.15666013349567703,-0.002870312910887461,-0.0077369026900589305,0.005701825954020023,-0.004790575243532658,0.004546666517853737,-0.008728778923322963,-0.01262162014680746,0.05018139553284107,0.165388912419,0.00975130723592,-0.0579182982229,0.014430604877342986,0.007831044903274803,-0.04563472901498733,5.73062765435e-08,3.37877008168e-09,-2.00683465799e-08,5.000118942049362e-09,2.7134105804796326e-09,-1.5812162754271247e-08
10012,10011,158100000,0.06620000000001,4,0.00846603728451,0.00705742903684,0.00861634067262,0.374788705723,0.4,True,high,True,0.830056647784072,0.5044955044955045,0.17263497412204742,-0.0029563065618276596,-0.006426858715713024,0.1344764746149491,-0.002761262244806415,-0.007403101617829616,0.016061265021562576,-0.051433712244033813,-0.020430108532309532,0.025343116526949098,-0.020003789491306417,-0.045353493661629614,0.109133358088,0.0172425272465,0.0379503920438,-0.009281851505386522,-0.03142992275272739,0.02492338512932008,3.78091901979e-08,5.9736638144e-09,1.31478918637e-08,-3.215692205427134e-09,-1.0888878964985513e-08,8.634692684611703e-09
10012,10011,128800000,0.0076,4,0.00305867682439,0.00715723983336,0.00904859867308,0.394918794838,0.4,True,low,True,0.830056647784072,0.5044955044955045,0.15015889704227448,-0.0008919312967918813,-0.003157921601086855,0.12112394889089674,-0.000563795948230052,-0.0042918055975865715,0.0386960543692112,0.005567328073084354,0.02811947837471962,0.12381016806170674,0.002523181245419948,-0.009822902186166571,-0.00268621917081,-0.00308697719365,0.00553109658858,-0.08511411369249554,0.0030441468276644064,0.03794238056088619,-9.30414512462e-10,-1.06922339466e-09,1.91578281913e-09,-2.948061999389682e-08,1.0543884197188497e-09,1.3141943849882639e-08
10012,10011,147050000,0.0441,4,0.00646797101967,0.0070658517588,0.00878529717734,0.345884424625,0.4,True,low,True,0.830056647784072,0.5044955044955045,0.17242582142353058,-0.004023818764835596,-0.007834856398403645,0.12541515072279058,-0.004388930822670059,-0.007642929956018265,0.10701040178537369,-0.009138469584286213,0.022221634164452553,0.12514902001951658,-0.0041393615500730585,-0.012650653300248265,0.000266130703274,-0.000249569272597,0.00500772334423,-0.018138618234142895,-0.004999108034213154,0.03487228746470082,9.21782036202e-11,-8.644191348e-11,1.734497134e-09,-6.282571775473853e-09,-1.731513097242064e-09,1.2078519220364008e-08
10012,10011,164550000,0.0791,4,0.00998674835368,0.00706385734328,0.00838620495396,0.381043629259,0.4,True,low,True,0.830056647784072,0.5044955044955045,0.170756995677948,-0.0007752813398838043,-0.004284333903342485,0.14890918830030325,-0.00044795379492765003,-0.003597431462333764,0.16623209416866302,0.06935753673315048,-0.03932550922036171,0.14909405499619424,-0.00082185988224965,-0.007200378954633764,-0.000184866695891,0.000373906087322,0.0036029474923,0.017138039172468783,0.07017939661540014,-0.03212513026572795,-6.40310477883e-11,1.29507364375e-10,1.24792895738e-09,5.935988632014094e-09,2.430757079723803e-08,-1.112696768517556e-08
10012,10011,127750000,0.0055,4,0.00281083445419,0.00710947084527,0.00908443650372,0.399752757762,0.4,True,mid,True,0.830056647784072,0.5044955044955045,0.1477176696062088,-0.0006451138760894537,-0.0025299338158220053,0.13390086236380339,0.000579502971426317,-0.004155239203069948,0.05142862722277641,0.028999410569667816,0.04036029800772667,0.0991856719158034,0.04391955306612632,-0.024243823770169946,0.034715190448,-0.0433400500947,0.0200885845671,-0.04775704469302698,-0.014920142496458504,0.06460412177789662,1.20255328634e-08,-1.50132316714e-08,6.95879615732e-09,-1.6543302888496853e-08,-5.168419403776174e-09,2.2379223029542494e-08
10012,10011,145250000,0.0405,4,0.00607585782936,0.00703549157038,0.00889881264019,0.345065587071,0.4,True,mid,True,0.830056647784072,0.5044955044955045,0.17489935457706451,-0.003939101006835699,-0.007847336120903492,0.12295407362611854,-0.003813370503294465,-0.009665376142172825,0.0006658658967353404,0.0003288724983576685,-0.0005749423871748149,0.07748522455871854,0.021411012742005534,-0.05470385615227283,0.0454688490674,-0.0252243832453,0.0450384800101,-0.0768193586619832,-0.021082140243647865,0.05412891376509801,1.57509961206e-08,-8.73805189247e-09,1.5601910725e-08,-2.661121724192856e-08,-7.303125458481073e-09,1.8750954295398094e-08
10012,10011,164050000,0.0781,4,0.00983863505506,0.00706502120172,0.0083909654981,0.379064164325,0.4,True,mid,True,0.830056647784072,0.5044955044955045,0.17043866217136383,-0.0009522244799882174,-0.004480926785618067,0.15079280792452388,-0.0015706183442988327,-0.0038202880825070566,0.16907481849193573,0.022141898050904274,-0.005925861652940512,0.14508448841213387,-0.0012366947376318328,0.0004206748053629431,0.00570831951239,-0.000333923606667,-0.00424096288787,0.023990330079801864,0.023378592788536108,-0.006346536458303455,1.97716781985e-09,-1.15659785329e-10,-1.46892536917e-09,8.309434767695887e-09,8.09754976653788e-09,-2.1982244731795617e-09
10013,10012,125050000,0.0001,6,5.21099440537e-05,0.00977763901092,0.00990110818348,0.709956044292,0.709956044292,False,high,True,0.8027324225258248,0.5374625374625375,0.24521884322166443,0.006773463450372219,0.018093079328536987,0.20224764318515973,0.0048522841919957475,0.009263077574246466,0.13312317430973053,0.24714834988117218,0.34096696972846985,0.006190923045159734,0.00015411787319574772,-0.0006934322866235355,0.19605672014,0.0046981663188,0.00995650986087,0.1269322512645708,0.24699423200797643,0.3416604020150934,1.14246441403e-08,2.73772193404e-10,5.80187110948e-10,7.396613590135273e-09,1.439288183227198e-08,1.990928190100801e-08
10013,10012,147350000,0.0447,6,0.00306742968223,0.00994328881934,0.00939619847421,0.417599673883,0.417599673883,False,low,True,0.8027324225258248,0.5374625374625375,0.15958216786384583,0.00031865015625953674,-0.0013763889437541366,0.12725332020556845,0.0009320689817958479,-0.0015458455653455819,0.0604042150080204,0.0487121045589447,-0.0019936058670282364,0.12197969786893845,-0.0004513875705441521,-0.003265242796945582,0.00527362233663,0.00138345655234,0.0017193972316,-0.061575482860918046,0.04916349212948885,0.0012716369299173454,1.62672075378e-09,4.26746047021e-10,5.30371532525e-10,-1.8993797716253756e-08,1.5165149847729875e-08,3.9225375901514947e-10
10013,10012,150100000,0.0502,6,0.00367129735798,0.00999276245714,0.00935092200765,0.418674158019,0.418674158019,False,low,True,0.8027324225258248,0.5374625374625375,0.17008048295974731,-0.0003311936743557453,-0.0029392740689218044,0.11660996442342288,0.001244670511149667,-0.0031844363041113252,0.1167086809873581,-0.00829899962991476,0.05031992867588997,0.11343843489142287,0.003015358920429667,-0.008378638511841325,0.003171529532,-0.00177068840928,0.00519420220773,0.0032702460959352225,-0.011314358550344428,0.058698567187731296,9.71492270343e-10,-5.42391324264e-10,1.59107056847e-09,1.0017307965325059e-09,-3.4657762964623674e-09,1.7980347881882342e-08
10013,10012,153450000,0.05690000000001,6,0.00444394062441,0.0100018348424,0.00941708392588,0.417884904996,0.417884904996,False,low,True,0.8027324225258248,0.5374625374625375,0.1881585270166397,-0.0011083075078204274,-0.004977071657776833,0.1600042549724296,-0.00018775319682719246,-0.005184633505541327,0.010331492871046066,-0.0010825437493622303,-0.004316169302910566,0.1541281836004696,-4.818344003819248e-05,-0.008769124026851326,0.00587607137196,-0.000139569756789,0.00358449052131,-0.14379669072942353,-0.0010343603093240377,0.00445295472394076,1.80919904097e-09,-4.29724988257e-11,1.10363819685e-09,-4.427394061339762e-08,-3.184719111098255e-10,1.3710319201494739e-09
10013,10012,125900000,0.0018,6,0.000162947344433,0.00978006132999,0.00989455993733,0.68652446111,0.68652446111,False,mid,True,0.8027324225258248,0.5374625374625375,0.24121655523777008,0.0065294355154037476,0.017286552116274834,0.2291403014810059,0.005182103358942973,0.012901608522506717,0.17407086491584778,0.29909151792526245,0.4262514114379883,0.11485717258800587,0.0025231243582729728,-0.006132002289493284,0.114283128893,0.00265897900067,0.019033610812,0.059213692327841905,0.2965683935669895,0.43238341372748157,7.4391413661e-09,1.73083471437e-10,1.23897309173e-09,3.854453691480028e-09,1.9304811006070327e-08,2.8145548430747022e-08
10013,10012,160050000,0.07010000000001,6,0.00528714874695,0.00993793625536,0.00894859579708,0.400113262832,0.400113262832,False,mid,True,0.8027324225258248,0.5374625374625375,0.17992939054965973,-0.0019051844719797373,-0.006661958992481232,0.1665106639206922,-0.0028587884627601437,-0.007203774062132767,0.008445723913609982,-0.003979568835347891,-0.0025040737818926573,0.07027205203009221,-0.026027010942160145,-0.029727627874232766,0.0962386118906,0.0231682224794,0.0225238538121,-0.061826328116482226,0.022047442106812254,0.02722355409234011,3.33155290759e-08,8.02029013601e-09,7.79722495824e-09,-2.1402811112471893e-08,7.63230250446435e-09,9.424149934163494e-09
10013,10012,164950000,0.0799,6,0.00658874742466,0.00988569610932,0.00878466179426,0.3875711849,0.4,True,high,True,0.8027324225258248,0.5374625374625375,0.17477822303771973,-0.002376153599470854,-0.008398139849305153,0.1310357840391527,-0.005901566473302797,-0.010675775999046414,0.09474770724773407,-0.12994158267974854,-0.038887497037649155,0.0396669913779527,-0.11477042227530279,-0.032142525819746415,0.0913687926612,0.108868855802,0.0214667498207,0.05508071586978137,-0.015171160404445744,-0.00674497121790274,3.16565369902e-08,3.77197822188e-08,7.43758278912e-09,1.9083810441094812e-08,-5.2563505168371564e-09,-2.336929542771522e-09
10013,10012,186000000,0.122,6,0.00999772274903,0.00995369607472,0.00890855053743,0.376949825601,0.4,True,high,True,0.8027324225258248,0.5374625374625375,0.1768290102481842,0.00013702780415769666,-0.005855273455381393,0.17500339612743204,0.0005655235544749088,-0.005965790088523352,0.015248944982886314,0.009697175584733486,0.004796076100319624,0.06963394976143204,0.07468773734357491,-0.019125361806423352,0.105369446366,-0.0741222137891,0.0131595717179,-0.05438500477854573,-0.06499056175884142,0.023921437906742976,3.65062008861e-08,-2.56803136015e-08,4.55925304038e-09,-1.8842178431287506e-08,-2.251656988899957e-08,8.287799241853235e-09
10013,10012,161050000,0.0721,6,0.0055458735474,0.00991945243848,0.00889221330979,0.396397681423,0.4,True,low,True,0.8027324225258248,0.5374625374625375,0.17787030339241028,-0.00201069051399827,-0.007007840555161238,0.1518987218039497,-0.003286332939731674,-0.00770337682457336,0.04416479170322418,0.017894569784402847,-0.0016441980842500925,0.1528498312250987,-0.003465190829323674,-0.01419206037406336,-0.000951109421149,0.000178857889592,0.00648868354949,-0.10868503952187453,0.02135976061372652,0.012547862289813267,-3.29431565593e-10,6.19502165333e-11,2.24745663623e-09,-3.764475667049064e-08,7.39828585774982e-09,4.346147590439768e-09
10013,10012,167500000,0.085,6,0.00710363444847,0.00962503410896,0.00869626451983,0.383512185756,0.4,True,low,True,0.8027324225258248,0.5374625374625375,0.17212842404842377,-0.0027319963555783033,-0.008961772546172142,0.16106060744460424,-0.0037321030120882888,-0.01032832218735829,0.1408633589744568,0.04537130147218704,-0.02176418900489807,0.15659317976263423,-0.005899999692558289,-0.01485813081550829,0.00446742768197,0.00216789668047,0.00452980862815,-0.015729820788177445,0.051271301164745334,-0.006906058189389781,1.54736372356e-09,7.50885054798e-10,1.56897034375e-09,-5.448270413853669e-09,1.775862020154835e-08,-2.392021690284227e-09
10013,10012,184500000,0.119,6,0.00987561217113,0.00975645682998,0.00895696078292,0.374017426864,0.4,True,low,True,0.8027324225258248,0.5374625374625375,0.17933104932308197,-0.0001219789483002387,-0.00597634119912982,0.16711697288077107,-0.0001697645223731579,-0.005639124181848548,0.010620029643177986,-0.030458487570285797,0.012790564447641373,0.16487545903196107,-0.0004654267344061579,-0.010412076888648548,0.00224151384881,0.000295662212033,0.0047729527068,-0.1542554293887831,-0.02999306083587964,0.023202641336289923,7.76381062218e-10,1.02406925729e-10,1.65318188615e-09,-5.3428621101293345e-08,-1.0388534714258695e-08,8.03657373628877e-09
10013,10012,160100000,0.07020000000001,6,0.00529446681273,0.00993545586393,0.00894553433782,0.399968680122,0.4,True,mid,True,0.8027324225258248,0.5374625374625375,0.17980696260929108,-0.001909347134642303,-0.006672305520623922,0.16611633678242518,-0.002834221666901504,-0.0072650178485774534,0.0041077774949371815,-0.0019355574622750282,-0.0012179154437035322,0.07730032755462518,-0.023815001131401503,-0.03198196015167745,0.0888160092278,0.0209807794645,0.0247169423031,-0.073192550059688,0.021879443669126475,0.03076404470797392,3.0768751633e-08,7.26842376757e-09,8.56275197978e-09,-2.535627769985373e-08,7.579750249721556e-09,1.0657664750715308e-08
10013,10012,184050000,0.1181,6,0.00972996370946,0.00975697897222,0.00896654745275,0.369563824008,0.4,True,mid,True,0.8027324225258248,0.5374625374625375,0.17983660101890564,-0.00029311649268493056,-0.006213934626430273,0.16292398630163796,-0.00086942150058994,-0.00631786897779524,0.04898393154144287,-0.05883052200078964,0.01294970978051424,0.15762788519347795,-0.00052766741667894,-0.01082092182403524,0.00529610110816,-0.000341754083911,0.00450305284624,-0.10864395365203508,-0.058302854584110705,0.02377063160454948,1.83438873776e-09,-1.18371955106e-10,1.55970387612e-09,-3.7630558959373126e-08,-2.019411972021914e-08,8.233335809569758e-09
10014,10013,134650000,0.0193,4,0.00466352224777,0.00453628478032,0.0127110263989,0.469361002309,0.469361002309,False,low,True,0.40253248917027656,0.26873126873126874,0.024447433650493622,-0.001172719756141305,-0.000415948627050966,0.0775814112808496,-0.006434313586630237,-0.0012403599114977797,0.2548266351222992,-0.03552686423063278,-0.011874193325638771,0.07295699740189959,-0.010548123763380237,-0.0019366620300087798,0.00462441387895,0.00411381017675,0.000696302118511,0.1818696377203996,-0.024978740467252545,-0.009937531295629992,1.02883388354e-09,9.1523540303e-10,1.54912434625e-10,4.0462132190491103e-08,-5.557239302866751e-09,-2.210889678842868e-09
10014,10013,152000000,0.05400000000001,4,0.0075493498141,0.00423300913874,0.0126811946415,0.453449611779,0.453449611779,False,low,True,0.40253248917027656,0.26873126873126874,0.0287487655878067,-0.0008931861375458539,-0.000388161075534299,0.07740735662021776,-0.0023711196832042485,-0.00025062987527435347,0.28486552834510803,-0.0730658769607544,0.029830802232027054,0.07731753100417396,-0.0021030989825412483,-0.005960474980654353,8.98256160438e-05,-0.000268020700663,0.00570984510538,0.20754799734093407,-0.07096277797821314,0.03579127721268141,2.20533791118e-11,-6.58026338349e-11,1.40184264049e-09,5.095578378241545e-08,-1.742230239551541e-08,8.787232863297736e-09
10014,10013,169650000,0.0893,4,0.00977055948256,0.00409356574807,0.0126954432261,0.463237504898,0.463237504898,False,low,True,0.40253248917027656,0.26873126873126874,0.02915068157017231,0.00032728604855947196,-0.0006272050668485463,0.07127113261930872,0.0014853408614255966,-0.0009602724381133632,0.8388503789901733,0.20546963810920715,-0.04015664756298065,0.06927167438800871,0.0012682185030145965,-0.007589080730553363,0.0019994582313,0.000217122358411,0.00662880829244,0.7695787046021646,0.20420141960619256,-0.032567566832427286,4.61945907745e-10,5.01629808402e-11,1.53149028871e-09,1.7780002988477593e-07,4.7177784794946606e-08,-7.524265317442e-09
10014,10013,125050000,0.0001,4,0.00352437795534,0.0046527717479,0.0128356823578,0.48359409854,0.48359409854,False,mid,True,0.40253248917027656,0.26873126873126874,0.012832099571824074,-0.0004956031334586442,-0.00015209437697194517,0.04440646288736922,-0.003398118444299606,-0.000719344996936368,1.132224440574646,-0.6147110462188721,-0.08884177356958389,0.00511166181286922,-0.000365464469989606,-0.001038533701129368,0.0392948010745,-0.00303265397431,0.000319188704193,1.1271127787617767,-0.6143455817488824,-0.08780323986845452,8.01496213137e-09,-6.18570551243e-10,6.51049326352e-11,2.298972381214374e-07,-1.253080926394386e-07,-1.7909230313267673e-08
10014,10013,144200000,0.0384,4,0.00633549621332,0.00433856326598,0.012634330232,0.459407894423,0.459407894423,False,mid,True,0.40253248917027656,0.26873126873126874,0.03235948458313942,-0.0013254681834951043,-0.0004786806821357459,0.09544975642680863,-0.008578444085702009,0.0003620107572712139,0.2797677218914032,-0.13218186795711517,0.1404249221086502,0.057876299116608625,-0.03941284171340201,0.024432849132171214,0.0375734573102,0.0308343976277,-0.0240708383749,0.22189142277479457,-0.09276902624371317,0.115992072976479,8.8900574266e-09,7.29556408296e-09,-5.69527402529e-09,5.2500558430173073e-08,-2.194958967729676e-08,2.7444272196673117e-08
10014,10013,171150000,0.0923,4,0.00999324267257,0.00409932546771,0.0126726284687,0.461281684181,0.461281684181,False,mid,True,0.40253248917027656,0.26873126873126874,0.03142537921667099,0.0004785157216247171,-0.0007024071528576314,0.08194821043194854,0.003011199689350803,-0.0010217207469903622,0.5699446797370911,-0.2780838906764984,0.10739123821258545,0.07949837997876855,0.002653740592517803,-0.0075965645366403624,0.00244983045318,0.000357459096833,0.00657484378965,0.49044629975832255,-0.28073763126901624,0.1149878027492258,5.72887681777e-10,8.35910554743e-11,1.53751334579e-09,1.1468983224499804e-07,-6.564990265186563e-08,2.6889655022432133e-08
10015,10014,125050000,0.0001,4,8.46510975069e-05,0.00573734898154,0.0108163135005,0.715047790374,0.715047790374,False,high,True,0.5638120626457848,0.5284715284715285,0.2221287190914154,-0.0031386492773890495,0.01406130287796259,0.2578797714026259,0.00032032001860701954,0.0020783619334625867,0.10790981352329254,-0.08696363866329193,0.09713412076234818,0.007843519869625887,1.581328200801952e-05,-0.0009168280544974133,0.250036251533,0.000304506736599,0.00299518998796,0.10006629365366665,-0.08697945194529995,0.09805094881684559,1.42311817428e-08,1.73314496752e-11,1.70475652276e-10,5.695420574347293e-09,-4.95056369199861e-09,5.580714252878429e-09
10015,10014,139400000,0.0288,4,0.00286927845712,0.00616949600359,0.0108523406425,0.45714617896,0.45714617896,False,high,True,0.5638120626457848,0.5284715284715285,0.15601560473442078,-0.0024688858538866043,-0.0017396562034264207,0.22937037872899582,-0.0027064894586177196,-0.004750147265669521,0.026915181428194046,-0.023493219166994095,0.08731454610824585,0.0022092606339958088,0.011551047930782281,-0.03280257633446952,0.227161118095,-0.0142575373894,0.0280524290688,0.024705920794198238,-0.035044267097776374,0.12011712244271537,5.45292085312e-08,-3.4224705177e-09,6.7338845984e-09,5.930567335817956e-09,-8.412250143963804e-09,2.8833682774474848e-08
10015,10014,152850000,0.05570000000001,4,0.00519618509086,0.00597875945084,0.0103876003769,0.41028384585,0.41028384585,False,high,True,0.5638120626457848,0.5284715284715285,0.21438553929328918,-0.007635890040546656,-0.006995382718741894,0.20548894703511747,-0.007091922709119999,-0.007459722941009425,0.0008414070471189916,0.00022842730686534196,-0.00048389891162514687,0.10835860562381747,0.03576567960278,-0.08663934919370943,0.0971303414113,-0.0428576023119,0.0791796262527,-0.10751719857669848,-0.03553725229591466,0.08615545028208428,3.14378456767e-08,-1.38715736811e-08,2.56277990452e-08,-3.479972424000199e-08,-1.1502221007581453e-08,2.7885640169939406e-08
10015,10014,145650000,0.0413,4,0.00392014285928,0.00638788740222,0.0104798009574,0.429785369747,0.429785369747,False,low,True,0.5638120626457848,0.5284715284715285,0.19658799469470978,-0.004267285577952862,-0.0046239569783210754,0.2274837873607036,-0.003378677267314871,-0.010898080424602012,0.1578240990638733,-0.04092942550778389,-0.041092127561569214,0.2212272954451536,-0.003370348831871131,-0.011094924468739012,0.00625649191555,-8.32843544374e-06,0.000196844044137,-0.06340319638128031,-0.03755907667591276,-0.029997203092830202,1.7838946997e-09,-2.37466171865e-12,5.61255495482e-11,-1.807796245808167e-08,-1.0709106430915413e-08,-8.553012187249057e-09
10015,10014,146400000,0.0428,4,0.00425704827325,0.00638236526637,0.0104583993164,0.424503967034,0.424503967034,False,low,True,0.5638120626457848,0.5284715284715285,0.20254148542881012,-0.004940403159707785,-0.005506755318492651,0.22428000590480743,-0.004605425811738586,-0.010003262200510614,0.07443393766880035,0.009359202347695827,-0.03131052851676941,0.22506446250660944,-0.004192167428895586,-0.015287929377380613,-0.000784456601802,-0.000413258382843,0.00528466717687,-0.1506305248378091,0.013551369776591413,-0.016022599139388798,-2.31392935825e-10,-1.21899758687e-10,1.55883021458e-09,-4.443182616739145e-08,3.997278153892607e-09,-4.726222261242662e-09
10015,10014,169400000,0.0888,4,0.00999927280268,0.00533362330805,0.00957939782934,0.400897122452,0.400897122452,False,low,True,0.5638120626457848,0.5284715284715285,0.19859649240970612,0.0013312462251633406,-0.003844402963295579,0.18170240199283733,0.0017329709349098153,-0.003587063408104981,0.09424939751625061,0.028757616877555847,0.035312291234731674,0.18224242628417733,0.0013744032651198152,-0.00872518202490498,-0.00054002429134,0.00035856766979,0.0051381186168,-0.08799302876792672,0.027383213612436032,0.04403747325963665,-1.85930640352e-10,1.23455032528e-10,1.76905687382e-09,-3.029604491441058e-08,9.428054484762206e-09,1.516212461909717e-08
10015,10014,126100000,0.0022,4,0.000283049511287,0.00573642475413,0.0108048884957,0.680898310538,0.680898310538,False,mid,True,0.5638120626457848,0.5284715284715285,0.21770863234996796,-0.0031329330522567034,0.012876656837761402,0.2719824183905226,-0.001533327377173108,0.012231696782653633,0.1488986313343048,-0.05532196909189224,0.1251290738582611,0.16244774463952263,-0.0008585518357881078,-0.008128813780846365,0.109534673751,-0.000674775541385,0.0203605105635,-0.013549113305217825,-0.05446341725610414,0.13325788763910748,7.3259643429e-09,-4.51307461496e-11,1.36176399019e-09,-9.061999963370404e-10,-3.642655235525821e-09,8.912634692038214e-09
10015,10014,138450000,0.0269,4,0.00266063583304,0.00616001402224,0.0109030788072,0.457113918974,0.457113918974,False,mid,True,0.5638120626457848,0.5284715284715285,0.15019355714321136,-0.002107454463839531,-0.0012928840005770326,0.22727839912134845,-0.002937343012798647,-0.003007400547361875,0.0640612319111824,-0.006461388897150755,0.0463491827249527,0.19865104321724844,-0.0014572430809686467,-0.014123424986261875,0.0286273559041,-0.00148009993183,0.0111160244389,-0.13458981130606604,-0.005004145816182108,0.06047260771121457,6.87018551926e-09,-3.55204342055e-10,2.66769835074e-09,-3.2299768646873665e-08,-1.200928588645833e-09,1.4512623352324626e-08
10015,10014,153950000,0.05790000000001,4,0.00556007140511,0.00600563583987,0.0103049395103,0.4011273648,0.4011273648,False,mid,True,0.5638120626457848,0.5284715284715285,0.21173357963562012,-0.0074356719851493835,-0.006956379860639572,0.18427475710134258,-0.00735305756087664,-0.006757816307603084,0.17554518580436707,-0.010692361742258072,0.07292736321687698,0.18606029032489257,-0.00521695985343664,-0.013299249005013085,-0.00178553322355,-0.00213609770744,0.00654143269741,-0.010515104520525509,-0.005475401888821432,0.08622661222189007,-6.13821090495e-10,-7.34336279435e-10,2.24877885148e-09,-3.614826561805046e-09,-1.8823044645570542e-09,2.9642524958807964e-08
10015,10014,154550000,0.05910000000001,4,0.00577737284577,0.00599667406234,0.0102907574231,0.39883913988,0.4,True,high,True,0.5638120626457848,0.5284715284715285,0.21108359098434448,-0.007459302432835102,-0.006900087930262089,0.17423532596815702,-0.00849055864417439,-0.006711252859598388,0.09400170296430588,-0.0607694648206234,0.03436946123838425,0.06469791254815703,-0.08941402301237439,-0.0027373419142483874,0.10953741342,0.0809234643682,-0.00397391094535,0.029303790416148848,0.02864455819175099,0.037106803152632636,3.79507929041e-08,2.8037083782e-08,-1.37681789808e-09,1.0152714462266002e-08,9.92431409345407e-09,1.2856179069878228e-08
10015,10014,166200000,0.0824,4,0.009311046265,0.00545922627762,0.00991827434011,0.39791875659,0.4,True,high,True,0.5638120626457848,0.5284715284715285,0.20525230467319489,-0.0007436462328769267,-0.004297392908483744,0.18857830118732105,-0.0007314901202739449,-0.004678610991193037,0.07070865482091904,-0.006126190070062876,-0.09799014031887054,0.05211768552832106,-0.039785121652773946,-0.03728817394459304,0.136460615659,0.0390536315325,0.0326095629534,0.01859096929259798,0.03365893158271107,-0.06070196637427751,4.7279693389e-08,1.35309643421e-08,1.12982792181e-08,6.441238182267018e-09,1.1661855381106626e-08,-2.103149208601837e-08
10015,10014,167650000,0.0853,4,0.00945923421157,0.00536979615069,0.00972094103698,0.397276990769,0.4,True,high,True,0.5638120626457848,0.5284715284715285,0.20000432431697845,-0.00014425312110688537,-0.004135583061724901,0.18052627960938905,0.000521503772227136,-0.005273529067384264,0.1317307949066162,-0.08882145583629608,-0.08831103146076202,0.09322041440038907,-0.026773823466972865,-0.07811744374698426,0.087305865209,0.0272953272392,0.0728439146796,0.03851038050622714,-0.062047632369323216,-0.010193587713777763,3.02470750059e-08,9.45645299245e-09,2.52367392014e-08,1.3341902802154786e-08,-2.1496372388257303e-08,-3.5315635601281736e-09
10015,10014,154250000,0.05850000000001,4,0.00567071592259,0.00600193295408,0.0102975284554,0.399945255751,0.4,True,low,True,0.5638120626457848,0.5284715284715285,0.21140162646770477,-0.007446485571563244,-0.0069292946718633175,0.17887793374586294,-0.007374169448121444,-0.006667035136945019,0.259244441986084,-0.12975093722343445,0.10562906414270401,0.18238484420172293,-0.006790165366251444,-0.011709193922845019,-0.00350691045586,-0.00058400408187,0.0050421587859,0.07685959778436105,-0.122960771857183,0.11733825806554903,-1.21467202878e-09,-2.0227873847e-10,1.74642874945e-09,2.66214962562102e-08,-4.258934241160922e-08,4.064189883697045e-08
10015,10014,159100000,0.06820000000001,4,0.00720014411013,0.00581860374854,0.0102444004823,0.387657277231,0.4,True,low,True,0.5638120626457848,0.5284715284715285,0.20723919570446014,-0.007536493707448244,-0.0062196156941354275,0.18810745328874612,-0.007064800494724096,-0.006305249122270764,0.285837322473526,0.059259071946144104,-0.053374338895082474,0.1837320480406461,-0.007962554358639096,-0.009463186185370764,0.0043754052481,0.000897753863915,0.0031579370631,0.1021052744328799,0.0672216263047832,-0.04391115270971171,1.51548614527e-09,3.10950292711e-10,1.09379808164e-09,3.536566786111706e-08,2.3283201795239905e-08,-1.5209275434162833e-08
10015,10014,169200000,0.0884,4,0.00992631454109,0.0053331536463,0.00958305583987,0.399946069057,0.4,True,low,True,0.5638120626457848,0.5284715284715285,0.1983208954334259,0.0011423059040680528,-0.0038797936867922544,0.18259918885919402,0.0015831565851992368,-0.003574194740325792,0.06782791763544083,-0.009924116544425488,0.013665256090462208,0.18244829456225603,0.0009311131668952367,-0.009716701733145792,0.000150894296938,0.000652043418304,0.00614250699282,-0.1146203769268152,-0.010855229711320724,0.023381957823608,5.22645467749e-11,2.25845207054e-10,2.12755121006e-09,-3.9700519985280955e-08,-3.759874776666191e-09,8.098698580129843e-09
10015,10014,154600000,0.05920000000001,4,0.00578496899618,0.00598856436434,0.0102903971834,0.398769687348,0.4,True,mid,True,0.5638120626457848,0.5284715284715285,0.21101967990398407,-0.007473050616681576,-0.0068856109865009785,0.17370233073678273,-0.00857163474807017,-0.006714177980287039,0.10755840688943863,-0.06742516905069351,0.0364573709666729,0.08640478333528273,-0.07337022991967017,-0.004406740754317039,0.0872975474015,0.0647985951716,-0.00230743722597,0.021153623554155898,0.0059450608689766565,0.040864111720989936,3.02436494973e-08,2.24490384738e-08,-7.99396143152e-10,7.328530931424776e-09,2.0596264444225155e-09,1.4157097291902833e-08
10015,10014,161900000,0.0738,4,0.00794415118264,0.00564976900013,0.00997501154501,0.391770077842,0.4,True,mid,True,0.5638120626457848,0.5284715284715285,0.20063789188861847,-0.005261295009404421,-0.005421977490186691,0.1849507683641192,-0.0053986995932835125,-0.005153832410668335,0.08922195434570312,0.003974294755607843,0.022338446229696274,0.1813674917662192,-0.007045849558633513,-0.013887211757178336,0.0035832765979,0.00164714996535,0.00873337934651,-0.09214553742051607,0.011020144314241356,0.03622565798687461,1.24113190992e-09,5.70519837518e-10,3.02496206816e-09,-3.1916254222797056e-08,3.817023996508032e-09,1.2547404270060346e-08
10015,10014,169100000,0.0882,4,0.00988983916754,0.0053329993477,0.00958508690026,0.399473318138,0.4,True,mid,True,0.5638120626457848,0.5284715284715285,0.19818903505802155,0.0010475573362782598,-0.0038975058123469353,0.1830062264075218,0.001517787484084784,-0.0035978013790396914,0.04858807474374771,-0.024038970470428467,0.004874047823250294,0.18225908873415878,0.0005905937293477839,-0.010659931936629691,0.000747137673363,0.000927193754737,0.00706213055759,-0.13367101399041106,-0.02462956419977625,0.015533979759879985,2.58783114711e-10,3.21148425981e-10,2.44608217112e-09,-4.629909932294989e-08,-8.530844534838444e-09,5.38044300191341e-09
10016,10015,125050000,0.0001,0,0.00146993729564,0.00515897583121,0.00256539179408,0.524522627355,0.524522627355,False,high,True,0.8587137620793069,0.5764235764235764,0.17352744936943054,-0.0019324265886098146,0.0001969838049262762,0.16142860858490216,0.0008572554318476076,0.003135484794089708,0.08318444341421127,0.017637409269809723,-0.005719163455069065,0.013014933093902134,0.0002215961430346076,-0.00047921015195029207,0.148413675491,0.000635659288813,0.00361469494604,0.07016951032030914,0.017415813126775117,-0.0052399533031187735,2.36992196738e-08,1.01504319419e-10,5.77207250586e-10,1.1204915139944912e-08,2.781018526249765e-09,-8.367342429882475e-10
10016,10015,154100000,0.05820000000001,0,0.0095764147688,0.00537790283431,0.00252487897322,0.402161409763,0.402161409763,False,high,True,0.8587137620793069,0.5764235764235764,0.19385504722595215,0.0038345325738191605,-0.0007920126663520932,0.2080927588640381,0.006242098558051249,-0.0005369411151738036,0.042972054332494736,0.008769338019192219,0.010075611993670464,0.09667304897703811,0.030952746711851248,0.030775229108426196,0.111419709887,-0.0247106481538,-0.0313121702236,-0.05370099464454338,-0.02218340869265903,-0.020699617114755733,3.80500506929e-08,-8.43873508431e-09,-1.06931678922e-08,-1.833899559205003e-08,-7.575677823551372e-09,-7.068960073036587e-09
10016,10015,126850000,0.0037,0,0.00192380927401,0.00515666962902,0.00254258141978,0.466057998935,0.466057998935,False,low,True,0.8587137620793069,0.5764235764235764,0.159280925989151,-0.0009906518971547484,0.0002044471475528553,0.1565827636866807,-0.0005363880773841838,-0.0006696939073557711,0.20666709542274475,0.2955910563468933,-0.07795318961143494,0.1576507091623007,-0.0008677790029321837,-0.007399500007605771,-0.00106794547562,0.000331390925548,0.00672980610025,0.04901638626044405,0.2964588353498255,-0.07055368960382917,-2.42475130724e-10,7.52417233159e-11,1.52799056802e-09,1.1129083775771698e-08,6.731045404174246e-08,-1.6019090393949705e-08
10016,10015,149400000,0.0488,0,0.00829658697643,0.00526410158704,0.00235314122939,0.406296666096,0.406296666096,False,low,True,0.8587137620793069,0.5764235764235764,0.18164685368537903,0.0035632022190839052,-0.0012733350740745664,0.20994983618373048,0.005912397734895505,-0.0015590540235237054,0.1385488361120224,0.14174434542655945,0.12093902379274368,0.20997128456415687,0.006105959504524506,-0.006267593140103706,-2.14483804264e-05,-0.000193561769629,0.00470853911658,-0.07142244845213447,0.13563838592203495,0.12720661693284738,-7.12490658286e-12,-6.42990052954e-11,1.56412282328e-09,-2.372572021864489e-08,4.505751993998757e-08,4.2256582751173896e-08
10016,10015,155250000,0.06050000000001,0,0.0099843330341,0.00540273134028,0.00253325337162,0.401024098725,0.401024098725,False,low,True,0.8587137620793069,0.5764235764235764,0.19425085186958313,0.0038879362400621176,-0.0006129853427410126,0.20127221520730026,0.004608332758406252,-0.0007428370470355036,0.23382975161075592,-0.20330044627189636,-0.15870854258537292,0.20132700672425566,0.0051048092184562514,-0.004865740170985504,-5.47915169554e-05,-0.00049647646005,0.00412290312395,0.03250274488650026,-0.2084052554903526,-0.15384280241438741,-1.88487647832e-11,-1.70792278365e-10,1.41831501527e-09,1.1181230730895325e-08,-7.169324484150451e-08,-5.292328005187206e-08
10016,10015,125200000,0.0004,0,0.00148024865938,0.00515901540955,0.00256492936342,0.523200284852,0.523200284852,False,mid,True,0.8587137620793069,0.5764235764235764,0.17320510745048523,-0.001910870778374374,0.0001971665333257988,0.16907578944620863,-0.0013844247053249514,5.484865442551869e-06,0.09441125392913818,0.02268860675394535,-0.0025841810274869204,0.05396889060820862,-4.8015834344951317e-05,-0.0026410756019174483,0.115106898838,-0.00133640887098,0.00264656046736,0.04044236332092956,0.022736622588290303,5.6894574430527926e-05,1.85235212412e-08,-2.15060942119e-10,4.25896445201e-10,6.508167482419009e-09,3.6588798388190564e-09,9.155731486226088e-12
10016,10015,129400000,0.0088,0,0.00250126921051,0.00516189100868,0.00233739777852,0.401883996931,0.401883996931,False,mid,True,0.8587137620793069,0.5764235764235764,0.13162736594676971,0.00016697768296580762,0.0001987407449632883,0.14643846746812972,0.0009252871968195281,0.0002197298121202739,0.05720159783959389,-0.040277037769556046,-0.007421924266964197,0.1443427353594597,0.0009820074919943281,-0.006805406243689726,0.00209573210867,-5.67202951748e-05,0.00702513605581,-0.08714113751986582,-0.04125904526155037,-0.0006165180232744708,7.16842851996e-10,-1.94011142889e-11,2.40294002515e-09,-2.980652979814983e-08,-1.411261084067505e-08,-2.1087930861170654e-10
10016,10015,154750000,0.05950000000001,0,0.00978375480787,0.0053967862307,0.00253735224683,0.401659430133,0.401659430133,False,mid,True,0.8587137620793069,0.5764235764235764,0.1946999430656433,0.0038705698680132627,-0.0007106966804713011,0.20460152158127404,0.005375203881451109,-0.0008009820564615984,0.10144886374473572,-0.025860430672764778,-0.025868132710456848,0.19719358529047404,0.00723365932396111,-0.0024560560985415984,0.0074079362908,-0.00185845544251,0.00165507404208,-0.09574472154573832,-0.03309408999672589,-0.02341207661191525,2.53766570165e-09,-6.36633260517e-10,5.66962844361e-10,-3.279835117945434e-08,-1.1336725076364235e-08,-8.020050590371839e-09
10016,10015,130800000,0.0116,0,0.00291466211229,0.00516793289056,0.00232620631833,0.397068912479,0.4,True,high,True,0.8587137620793069,0.5764235764235764,0.13649559020996094,0.00032420759089291096,0.00012136016448494047,0.1636642546968181,0.000618125743121041,0.00028156579138007704,0.02198461815714836,0.018998941406607628,0.01704482175409794,0.01518433904281811,0.04906181549102104,0.008945937807990077,0.148479915654,-0.0484436897479,-0.00866437201661,0.006800279114330251,-0.03006287408441341,0.008098883946107862,5.14452544296e-08,-1.6784747847e-08,-3.00202772143e-09,2.3561576506033463e-09,-1.0416171098602317e-08,2.80609766895576e-09
10016,10015,144650000,0.0393,0,0.00670827196492,0.00521118092035,0.00252021973125,0.399103419973,0.4,True,high,True,0.8587137620793069,0.5764235764235764,0.18992897868156433,0.0030031839851289988,-0.0013012825511395931,0.2016078318268037,0.0019321522111834522,0.0004957936601003368,0.12328239530324936,-0.09647928178310394,-0.04296980798244476,0.12928760163300368,-0.07616243607891655,0.052526960790500336,0.0723202301938,0.0780945882901,-0.0520311671304,-0.00600520632975432,-0.02031684570418739,-0.0954967687729451,2.50553936884e-08,2.70559240382e-08,-1.80262337803e-08,-2.0805078795943055e-09,-7.038785223186972e-09,-3.308492148279542e-08
10016,10015,129700000,0.0094,0,0.00258862838439,0.00516245125135,0.0023340204663,0.399954451623,0.4,True,low,True,0.8587137620793069,0.5764235764235764,0.13260194659233093,0.00020090900943614542,0.0001822394406190142,0.14854093071850624,0.0007426868670639729,0.0005149762477563644,0.10259012132883072,-0.04396712779998779,0.007676457986235619,0.14677784769556623,0.0008684083940059729,-0.004794691433823635,0.00176308302294,-0.000125721526942,0.00530966768158,-0.044187726366735514,-0.04483553619399377,0.012471149420059254,6.10669979536e-10,-4.35455173044e-11,1.83908222827e-09,-1.5305075033347202e-08,-1.552945358433305e-08,4.319567746979159e-09
10016,10015,139200000,0.0284,0,0.00477423554882,0.00531055448549,0.00238187794407,0.387035343991,0.4,True,low,True,0.8587137620793069,0.5764235764235764,0.165339857339859,0.0008274210267700255,-0.00022168360010255128,0.1887735125094168,0.0014155273782018194,-0.0007237137039863509,0.4421505928039551,-0.242948517203331,-0.10166031122207642,0.1879286566031688,0.0014470437666043194,-0.004925395489116351,0.000844855906248,-3.15163884025e-05,0.00420168178513,0.25422193620078626,-0.2443955609699353,-0.09673491573296006,2.92627543911e-10,-1.09161376076e-11,1.45531067722e-09,8.80532884346298e-08,-8.464978728362902e-08,-3.3505477788535526e-08
10016,10015,144550000,0.0391,0,0.00668158642809,0.00522548506265,0.00251040831281,0.398906633885,0.4,True,low,True,0.8587137620793069,0.5764235764235764,0.18899685144424438,0.002937914337962866,-0.001286159036681056,0.20204145449024472,0.0024410724217198633,-8.057567708843853e-05,0.11590532958507538,-0.09102573990821838,-0.04714079201221466,0.20128856180714272,0.0022167624235008634,-0.0047583323559184385,0.000752892683102,0.000224309998219,0.00467775667883,-0.08538323222206734,-0.09324250233171924,-0.04238245965629622,2.60775069815e-10,7.76929524732e-11,1.6202074371e-09,-2.957369468914506e-08,-3.2295864471823983e-08,-1.467976661729572e-08
10016,10015,130150000,0.0103,0,0.00272245134945,0.00516311743964,0.00233020273572,0.398036054642,0.4,True,mid,True,0.8587137620793069,0.5764235764235764,0.13416622579097748,0.00025288641336373985,0.00015714674373157322,0.1570526407658841,0.0003144694756870145,0.0005848847954160177,0.07212810963392258,0.01531155500560999,0.03468651697039604,0.1517964229694641,0.0005904730937220145,-0.003929761355283982,0.00525621779642,-0.000276003618035,0.0045146461507,-0.07966831333554153,0.014721081911887975,0.03861627832568002,1.82057441658e-09,-9.55982315307e-11,1.56371931305e-09,-2.759438415383565e-08,5.098880250242428e-09,1.3375360593141505e-08
10016,10015,137050000,0.0241,0,0.0040069574385,0.00529354575041,0.00239091184197,0.390772169081,0.4,True,mid,True,0.8587137620793069,0.5764235764235764,0.15542855858802795,0.0006001852452754974,-7.927132537588477e-05,0.17804330042847305,0.000698309406400378,0.0002768959537723793,0.02417590282857418,0.004975634161382914,0.01505334209650755,0.16886511132256304,-0.012109967191699622,0.004100006889652379,0.00917818910591,0.0128082765981,-0.00382311093588,-0.14468920849398886,0.017085601353082534,0.01095333520685517,3.1790761714e-09,4.43644018006e-09,-1.32422210271e-09,-5.011642380361512e-08,5.917989650114633e-09,3.793938711832941e-09
10016,10015,145000000,0.04,0,0.00680848589574,0.00516321965194,0.00254692557114,0.399902527879,0.4,True,mid,True,0.8587137620793069,0.5764235764235764,0.1926828920841217,0.003228195710107684,-0.0013540837680920959,0.20079773668376097,0.002621811698513228,2.3136166458843227e-05,0.08982457965612411,-0.043876249343156815,0.0018168300157412887,0.15509021140936097,-0.06209269332248677,0.026973019925658842,0.0457075252744,0.064714505021,-0.0269498837592,-0.06526563175323685,0.018216443979329956,-0.025156189909917553,1.58341944338e-08,2.24186728343e-08,-9.33609283919e-09,-2.2609596490360008e-08,6.31061765278127e-09,-8.714713821335124e-09
10017,10016,128700000,0.0074,0,0.00436460523095,0.00327207634559,0.00725134010838,0.360873902593,0.4,True,high,True,0.6117960679773409,0.4355644355644356,0.15358968079090118,0.0003339006216265261,-0.001581263612024486,0.1399096761479833,0.0007303824891507632,-0.0012152271545742485,0.06186438724398613,-0.07519996166229248,0.026611879467964172,0.027142088424983304,-0.05556177252414924,0.028033825698525753,0.112767587723,0.0562921550133,-0.0292490528531,0.03472229881900282,-0.01963818913814324,-0.0014219462305615806,3.90693444368e-08,1.95029231157e-08,-1.01335972813e-08,1.2029852545302762e-08,-6.8038271549963616e-09,-4.926460534820129e-10
10017,10016,148800000,0.0476,0,0.00885910551118,0.00336453501407,0.0071224034774,0.35176409974,0.4,True,high,True,0.6117960679773409,0.4355644355644356,0.1682872772216797,0.00038450880674645305,-0.004400474019348621,0.1478804620995315,0.00499259358622605,-0.003920345638039387,0.019044525921344757,0.01579083502292633,0.0033439933322370052,0.039298436431531504,0.05681671327782605,0.026990334986060613,0.108582025668,-0.0518241196916,-0.0309106806241,-0.020253910510186747,-0.04102587825489972,-0.023646341653823608,3.76187924299e-08,-1.79547285985e-08,-1.07091617707e-08,-7.017069820621742e-09,-1.4213623192527093e-08,-8.192394762665837e-09
10017,10016,125750000,0.0015,0,0.00356267217163,0.00326752074965,0.00728507147377,0.367009579754,0.4,True,low,True,0.6117960679773409,0.4355644355644356,0.1432705670595169,0.00026639987481758,-0.0009883013553917408,0.1338970258389891,0.0006092254780954094,-0.0013552433366151324,0.08400505036115646,-0.02984497882425785,0.0089094964787364,0.1284893862427991,0.0005929528506044094,-0.0053462503945251325,0.00540763959619,1.6272627491e-05,0.00399100705791,-0.044484335881642634,-0.03043793167486226,0.014255746873261532,1.87302088111e-09,5.63628003293e-12,1.38234795851e-09,-1.5407848194514015e-08,-1.0542655550687964e-08,4.93770176331383e-09
10017,10016,138750000,0.0275,0,0.00636776816465,0.00309542308695,0.00734861996578,0.390320465634,0.4,True,low,True,0.6117960679773409,0.4355644355644356,0.167991042137146,0.00028571602888405323,-0.0026443402748554945,0.16792732044575942,0.0014422551606428826,-0.002885034080605557,0.1958298236131668,0.0768137276172638,-0.08356641978025436,0.16736688373232642,0.0008968822085358827,-0.007403412464995557,0.000560436713433,0.000545372952107,0.00451837838439,0.028462939880840393,0.07591684540872791,-0.07616300731525881,1.94115145149e-10,1.88897599356e-10,1.56500396013e-09,9.858539909881609e-09,2.6294868113678438e-08,-2.638012975530742e-08
10017,10016,153150000,0.05630000000001,0,0.00998846565739,0.00355498755104,0.00711594809444,0.372019740029,0.4,True,low,True,0.6117960679773409,0.4355644355644356,0.1662866771221161,0.0003238100907765329,-0.004847149830311537,0.15960083435831476,0.00043013185863741854,-0.005890040438947299,0.3330361247062683,0.11019987612962723,0.07421541959047318,0.15873000894488876,0.0004666285757164185,-0.010187699732217299,0.000870825413426,-3.6496717079e-05,0.00429765929327,0.17430611576137955,0.10973324755391081,0.08440311932269047,3.01622508118e-10,-1.26411461743e-11,1.4885541408e-09,6.037335039324932e-08,3.800763831735443e-08,2.9234195684378056e-08
10017,10016,125050000,0.0001,0,0.00342425531383,0.00326659895153,0.00729079152805,0.368065078101,0.4,True,mid,True,0.6117960679773409,0.4355644355644356,0.1414952576160431,0.00025601149536669254,-0.000885537825524807,0.1296145010350474,0.002091060708435223,-0.001826545360321683,0.17799584567546844,-0.11478734016418457,0.03296634927392006,0.023511559249047416,0.0007882338618752229,-0.001564264935088683,0.106102941786,0.00130282684656,-0.000262280425233,0.15448428642642104,-0.1155755740260598,0.03453061420900874,3.67584398295e-08,4.51353010966e-10,-9.08647683755e-11,5.351973518945463e-08,-4.004015074497589e-08,1.1962830467392423e-08
10017,10016,150800000,0.05160000000001,0,0.00926600947068,0.00354527821365,0.00716253141321,0.351814406707,0.4,True,mid,True,0.6117960679773409,0.4355644355644356,0.16581307351589203,0.00034506170777603984,-0.004578535910695791,0.1489513711671842,0.0028626005287989637,-0.00586932052807306,0.2240121215581894,-0.05092925578355789,0.05136438086628914,0.14461572757638422,0.008469164331708964,-0.00813002128423306,0.0043356435908,-0.00560656380291,0.00226070075616,0.07939639398180517,-0.05939842011526686,0.0594944021505222,1.50172060133e-09,-1.94192446616e-09,7.83030437781e-10,2.7500231053810665e-08,-2.0573607886719475e-08,2.060685282410469e-08
10018,10017,125050000,0.0001,6,0.00244254005853,0.0132581524556,0.0114435088433,0.478455084873,0.478455084873,False,high,True,0.6857714095301566,0.35664335664335667,0.09475798904895782,0.00023297782172448933,-2.4710734578548e-05,0.315464850981275,-0.00411821929368807,-0.00942390958916146,0.08664807677268982,0.09003967046737671,0.008774042129516602,0.03505442442127502,-0.0005783819512480692,-0.0022669240384314594,0.28041042656,-0.00353983734244,-0.00715698555073,0.0515936523514148,0.09061805241862478,0.011040966167948061,5.90449992499e-08,-7.45370619035e-10,-1.5070203047e-09,1.0863886916619557e-08,1.9081112292164504e-08,2.3248559160305482e-09
10018,10017,134400000,0.0188,6,0.00714875334253,0.0126929587457,0.0112460270082,0.443882252819,0.443882252819,False,high,True,0.6857714095301566,0.35664335664335667,0.17480240762233734,0.0013846239307895303,-0.006719603203237057,0.28458187852146144,-0.0016269183411394272,-0.01093148460847515,0.0032999103423208,-0.0035051254089921713,-0.0019859569147229195,0.16576326537946146,-0.08087590544023943,0.07092302518972485,0.118818613142,0.0792489870991,-0.0818545097982,-0.16246335503714066,0.07737078003124725,-0.07290898210444777,3.09865147044e-08,2.06672156754e-08,-2.13467057426e-08,-4.2368556631533264e-08,2.017740107995677e-08,-1.9013815986586974e-08
10018,10017,142350000,0.0347,6,0.00977290560566,0.0125119222936,0.010866446505,0.419585471437,0.419585471437,False,high,True,0.6857714095301566,0.35664335664335667,0.2335359752178192,0.004334921482950449,-0.004620116204023361,0.28124116235581187,0.0056479026310956165,-0.005821898514594123,0.047872982919216156,0.0085234884172678,0.03136511892080307,0.19137184459581186,-0.09801236684790439,0.021011326447605876,0.08986931776,0.103660269479,-0.0268332249622,-0.1434988616765957,0.10653585526517219,0.010353792473197194,2.73741038435e-08,3.15748138728e-08,-8.17337334787e-09,-4.3709609006238983e-08,3.245071441249927e-08,3.15375477859279e-09
10018,10017,128900000,0.0078,6,0.00413909293669,0.01310832196,0.0113363184539,0.489816108584,0.489816108584,False,low,True,0.6857714095301566,0.35664335664335667,0.12817344069480896,-0.0008373849559575319,-0.003324132179841399,0.40137440274163466,-0.005879716088627968,-0.010567368674584693,0.2707829773426056,-0.07392851263284683,0.3102138638496399,0.39857165854028465,-0.007480717777547968,-0.016603133550314692,0.00280274420135,0.00160100168892,0.00603576487573,-0.12778868119767905,-0.06644779485529886,0.32681699739995457,5.50488542406e-10,3.14453629304e-10,1.18548792542e-09,-2.5099045719029712e-08,-1.3051048225640069e-08,6.41903076439798e-08
10018,10017,141700000,0.0334,6,0.00936580980126,0.0125111884784,0.0108799417202,0.420892508382,0.420892508382,False,low,True,0.6857714095301566,0.35664335664335667,0.23126409947872162,0.003980480134487152,-0.005353459622710943,0.3268297455086447,0.008380737870905746,-0.008124488781941712,0.08841658383607864,0.04853322356939316,-0.01667487807571888,0.3250544476857647,0.008448600566360646,-0.013104061375241711,0.00177529782288,-6.78626954549e-05,0.0049795725933,-0.23663786384968605,0.04008462300303251,-0.0035708167004771686,5.36031462952e-10,-2.0490387278e-11,1.50352664644e-09,-7.145017512814032e-08,1.210310677640084e-08,-1.0781684488229052e-09
10018,10017,142000000,0.034,6,0.00956127410211,0.0125162576227,0.0108720971246,0.420185557918,0.420185557918,False,low,True,0.6857714095301566,0.35664335664335667,0.23206216096878052,0.00414495961740613,-0.004996228031814098,0.3235690569489733,0.008372242911572481,-0.007562156889465335,0.07992567867040634,0.02817503921687603,0.021610025316476822,0.32612616682271334,0.00846573095763658,-0.012972269690305335,-0.00255710987374,-9.34880460641e-05,0.00541011280084,-0.246200488152307,0.01970930825923945,0.03458229500678216,-7.75638060246e-10,-2.83573605694e-11,1.64102819423e-09,-7.467902377718827e-08,5.978346798456111e-09,1.0489711253064484e-08
10018,10017,125950000,0.0019,6,0.00270950233503,0.0133077315656,0.0113574650834,0.481937514179,0.481937514179,False,mid,True,0.6857714095301566,0.35664335664335667,0.09844709932804108,4.029570482089184e-05,-0.0005756792379543185,0.3454293726357779,0.000779061336982436,-0.00047740737964023505,0.007699952926486731,0.021165449172258377,0.012923657894134521,0.2449824424007779,0.028851790864882435,-0.05025696051944024,0.100446930235,-0.0280727295279,0.0497795531398,-0.23728248947429117,-0.007686341692624058,0.06318061841357475,2.06990997276e-08,-5.7849476013e-09,1.02580729189e-08,-4.889680452896038e-08,-1.5839244948909634e-09,1.3019630548515964e-08
10018,10017,132500000,0.015,6,0.00637047646058,0.0128730857307,0.0111548505519,0.456599206651,0.456599206651,False,mid,True,0.6857714095301566,0.35664335664335667,0.17056290805339813,0.0002381010417593643,-0.0063847703859210014,0.3959485228509405,-0.003297722284282715,-0.017395578093640056,0.4882274866104126,0.08895289152860641,0.1320439875125885,0.3558122457186405,0.018500326423217285,-0.04528607257534006,0.0401362771323,-0.0217980487075,0.0278904944817,0.1324152408917721,0.07045256510538914,0.17733006008792856,9.66355241327e-09,-5.24828412705e-09,6.71515333542e-09,3.188142279505359e-08,1.696276047979095e-08,4.269549775283309e-08
10018,10017,142800000,0.0356,6,0.00998051556588,0.0124728791149,0.0108704837592,0.419737099462,0.419737099462,False,mid,True,0.6857714095301566,0.35664335664335667,0.23409420251846313,0.004473279230296612,-0.004254857078194618,0.23968639763737978,0.004707190698967157,-0.004411117479469429,0.10773136466741562,0.02587774768471718,1.1674006600514986e-05,0.24349149274479978,-0.012764112787932843,-0.004554135286051429,-0.00380509510742,0.0174713034869,0.000143017806582,-0.13576012807738416,0.03864186047265002,0.004565809292651944,-1.15757712791e-09,5.31507905593e-09,4.3508542391e-11,-4.1300628422797416e-08,1.1755536353330553e-08,1.3889998169247959e-09
10019,10018,140950000,0.0319,2,0.00167447068029,0.0119355712806,2.51051159503e-05,0.516110300082,0.516110300082,False,low,True,0.4475174941686105,0.0,0.001946867792867124,2.404404767730739e-05,-8.03211241873214e-06,0.002653864775084514,3.852372402117321e-05,-3.3437164654957514e-05,0.12848538160324097,-0.08581332862377167,-0.017990518361330032,0.002545365448091514,3.674751335939321e-05,0.0022146945243350425,0.000108499326993,1.77621066178e-06,-0.00224813168899,0.12594001615514946,-0.08585007613713105,-0.020205212885665076,1.82048867308e-11,2.98026861586e-13,-3.77209554091e-10,2.113122534981001e-08,-1.4404613883145727e-08,-3.3901925675623793e-09
10019,10018,207950000,0.1659,2,0.0020258280903,0.011940697572,2.49999255155e-05,0.47490299927,0.47490299927,False,low,True,0.4475174941686105,0.0,0.001826137420721352,2.1385772924986668e-05,-8.614948455942795e-06,0.002625113504863181,3.837536934920386e-05,-3.317465282577475e-05,0.0,0.0,0.0,0.00033598404967318126,-0.00018202485595579613,-8.012560747534318e-10,0.00228912945519,0.000220400225305,-3.31738515697e-05,-0.00033598404967318126,0.00018202485595579613,8.012560747534318e-10,4.92265698704e-10,4.73959524912e-11,-7.13386880966e-12,-7.225166868163938e-11,3.914352362004729e-11,1.7230606184593785e-16
10019,10018,275000000,0.3000000000002,2,0.00230387543768,0.0119938438078,2.49999248095e-05,0.442540190921,0.442540190921,False,low,True,0.4475174941686105,0.0,0.0017433682223781943,1.976287785510067e-05,-9.16653880267404e-06,0.0026249635520872506,3.9931328594825606e-05,-3.304923194687711e-05,0.0006848117336630821,0.0004237396642565727,0.00011852559691760689,0.0011582009628872507,0.0013846702952348257,-4.828677109985956e-12,0.0014667625892,-0.00134473896664,-3.30492271182e-05,-0.00047338922922416857,-0.000960930630978253,0.000118525601746284,3.85626688038e-10,-3.53545446141e-10,-8.6889753595e-12,-1.2445880605548022e-10,-2.5263836110022487e-10,3.1161576921650665e-11
10019,10018,125050000,0.0001,2,0.00107912578988,0.0119270619435,0.000336237641638,0.552526955735,0.552526955735,False,mid,True,0.4475174941686105,0.0,0.02863679639995098,0.00038081646198406816,-9.346789011033252e-05,0.038767978552644515,-0.000616429653270221,0.00035893265713984814,0.16389401257038116,-0.0033688966650515795,0.001232373877428472,0.002395856477444514,-0.000132942994237221,-0.0008464761600001519,0.0363721220752,-0.000483486659033,0.00120540881714,0.16149815609293666,-0.0032359536708143587,0.0020788500374286237,4.92456611154e-09,-6.54611796236e-11,1.63205088754e-10,2.1865876973775724e-08,-4.381286236986291e-10,2.8146376568649513e-10
10019,10018,132950000,0.0159,2,0.00149171600754,0.0119335208914,0.000175674334331,0.521355295057,0.521355295057,False,mid,True,0.4475174941686105,0.0,0.014035102911293507,0.00017766098608262837,-5.395386688178405e-05,0.018785737141457023,0.00026083872300492367,-0.00041638526426850814,0.3716651201248169,-0.09446576982736588,-0.09470388293266296,0.019804142162407022,0.0002748279019722237,-0.009954255804008508,-0.00101840502095,-1.39891789673e-05,0.00953787053974,0.3518609779624099,-0.0947405977293381,-0.08474962712865446,-1.6564326707e-10,-2.27533570641e-12,1.55133174384e-09,5.723008110221027e-08,-1.5409529420171007e-08,-1.3784501089157817e-08
10019,10018,140900000,0.0318,2,0.00167415707705,0.0119355667527,2.55242925246e-05,0.51610196755,0.51610196755,False,mid,True,0.4475174941686105,0.0,0.0019794770050793886,2.4447846953989938e-05,-8.165660801751073e-06,0.0027001840679935895,3.805951348072591e-05,-4.428223156716267e-05,0.13061077892780304,-0.0871664509177208,-0.01828543096780777,0.0036091971560685892,5.2137558558225916e-05,-0.009179394285207162,-0.000909013088075,-1.40780450775e-05,0.00913511205364,0.12700158177173446,-0.08721858847627902,-0.009106036682600608,-1.52531657955e-10,-2.362284531e-12,1.53286438383e-09,2.131076228127877e-08,-1.4635208314707258e-08,-1.5279855601821742e-09
10020,10019,125050000,0.0001,2,0.00360198697989,0.0116641631809,0.00164459543606,0.415398810125,0.415398810125,False,high,True,0.6794401866044651,0.5344655344655345,0.11870958656072617,0.001206853543408215,-0.0005982858128845692,0.24167124197246256,0.0016847629249112977,-0.0016227964381545722,0.48745715618133545,-0.16765598952770233,-0.6153467297554016,0.04071208665346258,-3.134169310870219e-05,-0.0008616509059925724,0.200959155319,0.00171610461802,-0.000761145532162,0.44674506952787285,-0.16762464783459363,-0.6144850788494091,6.29109670485e-08,5.37232558054e-10,-2.38279273303e-10,1.3985510788764052e-07,-5.247548279001701e-08,-1.9236670499497835e-07
10020,10019,154600000,0.05920000000001,2,0.00975644517354,0.0116258638382,0.00167124920823,0.407159279157,0.407159279157,False,high,True,0.6794401866044651,0.5344655344655345,0.14246264100074768,-0.0019727398175746202,-0.0011957066599279642,0.24224345867305344,-0.009129799059566845,-0.00434964244002134,0.004469726234674454,0.001969970529899001,-0.0022090463899075985,0.15387702465775344,-0.012916605988166845,-0.08411695023792135,0.0883664340153,0.0037868069286,0.0797673077979,-0.14940729842307898,0.014886576518065846,0.08190790384801375,2.91949374212e-08,1.25110391223e-09,2.63539157755e-08,-4.936191865544544e-08,4.91830042373165e-09,2.7061136434812595e-08
10020,10019,126850000,0.0037,2,0.00429162422974,0.0116719159355,0.00171872806524,0.408620576888,0.408620576888,False,low,True,0.6794401866044651,0.5344655344655345,0.13126112520694733,0.001392966601997614,-0.0006244373507797718,0.24558095952438067,0.0029529731872747623,-0.0018841252833484757,0.08412417769432068,-0.027446789667010307,-0.0014533662470057607,0.24090605495501066,0.0028265836874987625,0.0007203865420615242,0.00467490456937,0.000126389499776,-0.00260451182541,-0.15678187726068998,-0.03027337335450907,-0.0021737527890672848,1.52932859002e-09,4.13465286011e-11,-8.52029028302e-10,-5.1288962958252256e-08,-9.903503847061433e-09,-7.11112331519603e-10
10020,10019,127500000,0.005,2,0.00460740841513,0.011675683597,0.00171348867749,0.402168098088,0.402168098088,False,low,True,0.6794401866044651,0.5344655344655345,0.13415305316448212,0.0014498017262667418,-0.0006218095077201724,0.24144539065745108,0.0029493353915288857,-0.0017601724967798733,0.11314156651496887,-0.005979157518595457,0.02660614438354969,0.2425400989904911,0.0029302348660534857,-0.005933653750719873,-0.00109470833304,1.91005254754e-05,0.00417348125394,-0.12939853247552222,-0.008909392384648943,0.03253979813426956,-3.73734847631e-10,6.52094422117e-12,1.42483192413e-09,-4.4176827159025175e-08,-3.04167813914756e-09,1.110912937315671e-08
10020,10019,154150000,0.05830000000001,2,0.00963929486526,0.0116251445367,0.00174031639447,0.408276541104,0.408276541104,False,low,True,0.6794401866044651,0.5344655344655345,0.14825093746185303,-0.0019940740894526243,-0.0012567670783028007,0.24550341243072044,-0.009393291421039392,-0.003046316772634236,0.02473605051636696,-0.01789621077477932,-0.019292425364255905,0.24282889300885044,-0.013803366606319391,0.0008929078947357642,0.00267451942187,0.00441007518528,-0.00393922466737,-0.21809284249248348,-0.004092844168459928,-0.020185333258991668,8.76918209078e-10,1.44597014393e-09,-1.29158824281e-09,-7.150801870696683e-08,-1.3419568199402028e-09,-6.618342774546041e-09
10020,10019,125200000,0.0004,2,0.00362905309194,0.0116643648144,0.00164385090523,0.415215772909,0.415215772909,False,mid,True,0.6794401866044651,0.5344655344655345,0.1189250573515892,0.0012111295945942402,-0.0005980040295980871,0.2421820191922826,0.003413361577941224,-0.002713717734848957,0.42041873931884766,-0.1498064398765564,-0.5177493095397949,0.1309698813982826,0.0013728199173912241,-0.003870845311528957,0.111212137794,0.00204054166055,0.00115712757668,0.2894488579205651,-0.1511792597939476,-0.513878464228266,3.48500755894e-08,6.39435879252e-10,3.62604157368e-10,9.070336006382775e-08,-4.737440297324155e-08,-1.610319132187932e-07
10020,10019,155200000,0.06040000000001,2,0.00999071430729,0.0116059783062,0.00160564633066,0.404148413374,0.404148413374,False,mid,True,0.6794401866044651,0.5344655344655345,0.1368245631456375,-0.0019996878691017628,-0.0011288549285382032,0.2338591653644987,-0.005989749136502695,-0.0009818622221177097,0.2976595461368561,0.3657416105270386,-0.01342261116951704,0.2244219351768787,-0.010997026779862695,-0.02142010728591771,0.00943723018762,0.00500727764336,0.0204382450638,0.07323761095997738,0.37673863730690127,0.00799749611640067,3.17994856417e-09,1.68724138713e-09,6.88682661679e-09,2.4677986144833393e-08,1.269450320650655e-07,2.6948189020221903e-09
10020,10019,128050000,0.0061,2,0.00486543376023,0.0116707185661,0.00170412957541,0.396881612662,0.4,True,high,True,0.6794401866044651,0.5344655344655345,0.13601423799991608,0.001483176602050662,-0.0006187324179336429,0.23873056851400426,0.002908011945497009,-0.0008359457308924206,0.0016939162742346525,-0.0007570669404231012,0.0014985230518504977,0.12691352776500428,0.05530420560349701,0.09487448592010758,0.111817040749,-0.052396193658,-0.095710431651,-0.12521961149076963,-0.05606127254392011,-0.09337596286825708,3.87423018987e-08,-1.81542020738e-08,-3.31616935402e-08,-4.338601665297334e-08,-1.9424076430365592e-08,-3.2352848182157555e-08
10020,10019,127750000,0.0055,2,0.00472834185145,0.0116770838397,0.00171043713607,0.399703438525,0.4,True,low,True,0.6794401866044651,0.5344655344655345,0.13517269492149353,0.0014706534566357732,-0.0006203727098181844,0.23979077149217304,0.0024293570794717157,-0.0019837996131091985,0.05280672386288643,-0.008063721470534801,0.023275870829820633,0.24113847643782305,0.0025735217097557156,-0.006268525435259198,-0.00134770494565,-0.000144164630284,0.00428472582215,-0.18833175257493662,-0.010637243180290516,0.02954439626507983,-4.66796486171e-10,-4.99334391136e-11,1.48407480765e-09,-6.523134059877969e-08,-3.6843581787913523e-09,1.0233115495412286e-08
10020,10019,132100000,0.0142,2,0.00638442017519,0.0117376319401,0.00186584382816,0.394455000971,0.4,True,low,True,0.6794401866044651,0.5344655344655345,0.15556418895721436,0.0002750505809672177,-0.0011489336611703038,0.2327809200171546,0.002709329391193745,-0.0017108799360409164,0.17200511693954468,-0.048315711319446564,-0.09242274612188339,0.2313126709785346,0.0033944054633647447,-0.005074936990350916,0.00146824903862,-0.000685076072171,0.00336405705431,-0.059307554038989935,-0.05171011678281131,-0.08734780913153248,5.08547772581e-10,-2.37285297922e-10,1.16518633884e-09,-2.0541967820564354e-08,-1.7910493396031907e-08,-3.025408674242631e-08
10020,10019,133950000,0.0179,2,0.00725782979826,0.0117440201696,0.00184224490556,0.395959807727,0.4,True,low,True,0.6794401866044651,0.5344655344655345,0.15642410516738892,-0.0006317677325569093,-0.0014328528195619583,0.2427598419493031,-0.0018797151148730127,-0.0013983899036267983,0.05009043961763382,0.06174894794821739,-0.041666142642498016,0.2413837032398031,-0.0008210512347430126,-0.006354868057106798,0.0013761387095,-0.00105866388013,0.00495647815348,-0.19129326362216928,0.0625699991829604,-0.03531127458539122,4.76645711644e-10,-3.66683674438e-10,1.71674849374e-09,-6.625721167668391e-08,2.167203173794821e-08,-1.2230574932313674e-08
10020,10019,127950000,0.0059,2,0.00482254456375,0.0116750989234,0.00170659692922,0.397775085979,0.4,True,mid,True,0.6794401866044651,0.5344655344655345,0.13581599295139313,0.0014823069795966148,-0.0006190997082740068,0.23878995757468233,0.0020658670161129503,-0.002062614510914145,0.015174162574112415,-0.0045895990915596485,0.0118405157700181,0.21594782170198232,-0.03329534840458705,-0.022074624324214146,0.0228421358727,0.0353612154207,0.0200120098133,-0.2007736591278699,0.0287057493130274,0.03391514009423224,7.91242537725e-09,1.22489849384e-08,6.93208092181e-09,-6.954720015770403e-08,9.943557844301227e-09,1.1748070173926145e-08
10020,10019,130900000,0.0118,2,0.00587326040687,0.0116882774694,0.00182713795823,0.392615895915,0.4,True,mid,True,0.6794401866044651,0.5344655344655345,0.15011103451251984,0.0007481460343115032,-0.0009612113353796303,0.22893020311772683,0.004312620874009375,0.001018416456110921,0.07569564878940582,0.004944144748151302,0.04004410281777382,0.16754527930962682,0.04644854112260938,0.06960189928901092,0.0613849238081,-0.0421359202486,-0.0685834828329,-0.09184963052022099,-0.041504396374458075,-0.029557796471237102,2.12660441394e-08,-1.45974660271e-08,-2.37598954708e-08,-3.1820163252814095e-08,-1.4378682427622941e-08,-1.0239931328859895e-08
10021,10020,129650000,0.0093,2,0.0036573057508,0.00864825228505,0.00651399364629,0.384849960019,0.4,True,high,True,0.9750083305564812,0.9250749250749251,0.1228085532784462,-0.0015558562008664012,-0.0029100014362484217,0.17176110793545982,-0.004444660998230536,-0.003967700146008873,0.03182217851281166,0.05463442951440811,0.018284277990460396,0.02434569433445983,0.049737681645769465,-0.022156919310308873,0.147415413601,-0.054182342644,0.0181892191643,0.007476484178351832,0.004896747868638647,0.04044119730076927,5.10766150523e-08,-1.87731431216e-08,6.30221577693e-09,2.5904584533875454e-09,1.6966292722388613e-09,1.4012099659921387e-08
10021,10020,125800000,0.0016,2,0.00262568150727,0.00871494043261,0.00645882446164,0.383144617999,0.4,True,low,True,0.9750083305564812,0.9250749250749251,0.10857849568128586,-0.0010538767091929913,-0.0013272179057821631,0.13065168486671658,-0.003697458581636153,-0.001988137121898618,0.32539984583854675,-0.26741355657577515,0.24551603198051453,0.12506558728691658,-0.003470976720637153,-0.006018618231968618,0.0055860975798,-0.000226481860999,0.00403048111007,0.20033425855163017,-0.26394257985513797,0.25153465021248317,1.93483333276e-09,-7.84455780921e-11,1.39602094081e-09,6.938894203009825e-08,-9.142069112519105e-08,8.712300825800524e-08
10021,10020,128400000,0.0068,2,0.00326434085575,0.00865934301433,0.00653295778787,0.384072645602,0.4,True,low,True,0.9750083305564812,0.9250749250749251,0.11724745482206345,-0.0013589642476290464,-0.0023388261906802654,0.1559959678934373,-0.005676992924437721,-0.0025637692502530392,0.4030038118362427,0.2450839877128601,0.024519281461834908,0.1530245430890973,-0.005564481871030721,-0.006819419296233039,0.00297142480434,-0.000112511053407,0.00425565004598,0.24997926874714538,0.2506484695838908,0.031338700758067946,1.02919618022e-09,-3.89698390585e-11,1.47400626302e-09,8.658395398515475e-08,8.681574142395313e-08,1.0854614616605383e-08
10021,10020,129600000,0.0092,2,0.00365029785753,0.00864506855057,0.00651574142456,0.384840391825,0.4,True,low,True,0.9750083305564812,0.9250749250749251,0.12271606922149658,-0.0015530267264693975,-0.002903042361140251,0.17200129131968242,-0.006571691606519239,-0.00327928531500366,0.03292163088917732,0.05652204528450966,0.018915997818112373,0.16879781123633242,-0.006404604508365238,-0.00753429386634366,0.00320348008335,-0.000167087098154,0.00425500855134,-0.1358761803471551,0.06292664979287489,0.026450291684456034,1.10957223388e-09,-5.78730630213e-11,1.47378451579e-09,-4.706270463248631e-08,2.1795566560286982e-08,9.161445823750863e-09
10021,10020,125050000,0.0001,2,0.00248053884897,0.00871888967981,0.00646577074642,0.382592414557,0.4,True,mid,True,0.9750083305564812,0.9250749250749251,0.10713500529527664,-0.0009635052410885692,-0.001053443062119186,0.1278776885732206,-0.0035330230080814844,-0.0023368390931967934,0.27129507064819336,-0.35379815101623535,0.38678762316703796,0.021469131375220586,-0.0007275412068214845,-0.0014680903790737932,0.106408557198,-0.00280548180126,-0.000868748714123,0.24982593927297278,-0.35307060980941385,0.38825571354611177,3.68643449637e-08,-9.71935449881e-10,-3.00970646794e-10,8.655008439877954e-08,-1.2231832757904196e-07,1.345079092808187e-07
10021,10020,127150000,0.0043,2,0.00290661710646,0.00867639929241,0.0065355745318,0.383382140987,0.4,True,mid,True,0.9750083305564812,0.9250749250749251,0.11223714798688889,-0.0011807982809841633,-0.00180174654815346,0.1409722022137754,-0.004993254178017731,-0.0014990734382687235,0.3950427770614624,0.06225376948714256,0.06171784549951553,0.1268453939774754,-0.01247568134738773,0.019098249130531278,0.0141268082363,0.00748242716937,-0.0205973225688,0.268197383083987,0.0747294508345303,0.042619596368984256,4.89324975138e-09,2.5917662556e-09,-7.13450921489e-09,9.289832183918393e-08,2.588481846714246e-08,1.4762593633891455e-08
10022,10021,130550000,0.0111,6,0.00498475214895,0.00877486427093,0.00905034228866,0.400549896192,0.400549896192,False,low,True,0.5134955014995002,0.45554445554445555,0.18127146363258362,-0.0022788308560848236,-0.007191145326942205,0.10719913392835984,-0.002940152227808015,-0.007826123188825803,0.062389884144067764,0.016378730535507202,0.03609415516257286,0.10371675899678984,-0.007320531109348015,-0.010936089841795803,0.00348237493157,0.00438037888154,0.00310996665297,-0.04132687485272207,0.023699261644855217,0.04703024500436866,1.20176244622e-09,1.51166228321e-09,1.07324489924e-09,-1.4261843481421555e-08,8.178580195301642e-09,1.6230068098193842e-08
10022,10021,130750000,0.0115,6,0.0050267700518,0.00877251720262,0.00904577005292,0.401262926573,0.401262926573,False,low,True,0.5134955014995002,0.45554445554445555,0.18139638006687164,-0.002316679572686553,-0.007252867799252272,0.10862601208747101,-0.0031274186964730744,-0.008211308942346214,0.02411862462759018,0.006611698307096958,0.017773965373635292,0.10620687446870102,-0.004811755224803075,-0.011849748964156213,0.00241913761877,0.00168433652833,0.00363844002181,-0.08208824984111084,0.011423453531900033,0.029623714337791505,8.30883857182e-10,5.7850699381e-10,1.24966891341e-09,-2.8194262752124317e-08,3.923531699585248e-09,1.0174644816404382e-08
10022,10021,133250000,0.0165,6,0.00537797530459,0.008832708535,0.00906946547337,0.400044966096,0.400044966096,False,low,True,0.5134955014995002,0.45554445554445555,0.18297310173511505,-0.0025619494263082743,-0.007536925841122866,0.12486318255971872,-0.00432763950146613,-0.009722063330651957,0.03354066610336304,0.0067542484030127525,-0.00466609001159668,0.12188255213115871,-0.0019196761836761307,-0.013403054269621958,0.00298063042856,-0.00240796331779,0.00368099093897,-0.08834188602779568,0.008673924586688883,0.008736964258025278,1.03207553253e-09,-8.33783349895e-10,1.27458293627e-09,-3.058933378427761e-08,3.0034402290029873e-09,3.025268397212498e-09
10022,10021,133100000,0.0162,6,0.00534173977842,0.00883297827916,0.00907339896297,0.400359701444,0.400359701444,False,mid,True,0.5134955014995002,0.45554445554445555,0.18306021392345428,-0.0025347541086375713,-0.007506202440708876,0.12380687178306639,-0.004430725838220771,-0.009532380135399395,0.0294874869287014,0.007845132611691952,-0.010812381282448769,0.11954245502400639,0.00038448551938922813,-0.012771589068259395,0.00426441675906,-0.00481521135761,0.00323920893286,-0.09005496809530499,0.0074606470923027236,0.001959207785810626,1.47351245211e-09,-1.66383219462e-09,1.11926553319e-09,-3.1117295602302455e-08,2.5779273022444785e-09,6.769781735182265e-10
10022,10021,136250000,0.0225,6,0.00618274942624,0.00879676185231,0.00897611608788,0.392895927294,0.4,True,high,True,0.5134955014995002,0.45554445554445555,0.1808697134256363,-0.0031441524624824524,-0.008204055018723011,0.15284811907331405,-0.009841970282730126,-0.014530126250029645,0.011146241798996925,0.005779776722192764,-0.008616608567535877,-0.017389998317685944,0.010890366413869874,-0.0012389016432296457,0.170238117391,-0.0207323366966,-0.0132912246068,0.02853624011668287,-0.00511058969167711,-0.007377706924306232,5.89860444147e-08,-7.18357646307e-09,-4.60529508315e-09,9.887561920608093e-09,-1.7707754007065995e-09,-2.556312035078873e-09
10022,10021,137650000,0.0253,6,0.00625645826463,0.00881092894971,0.00883143816505,0.389063461582,0.4,True,high,True,0.5134955014995002,0.45554445554445555,0.17579729855060577,-0.0030743954703211784,-0.008154261857271194,0.1556858201235362,-0.00768642698774733,-0.014963272695276288,0.0332631841301918,0.011508711613714695,-0.0353710763156414,0.053031107829536205,0.00394371961125267,-0.07561157494237629,0.102654712294,-0.011630146599,0.0606483022471,-0.0197679236993444,0.007564992002462025,0.040240498626734886,3.55648992475e-08,-4.02928402197e-09,2.10117072148e-08,-6.848630705672706e-09,2.6209043146978626e-09,1.394138902487654e-08
10022,10021,153850000,0.05770000000001,6,0.00978586551876,0.00905358644434,0.00819046436345,0.36225985245,0.4,True,high,True,0.5134955014995002,0.45554445554445555,0.15878742933273315,-0.0006045473855920136,-0.005357174668461084,0.1395995417693583,-0.0001621190102630357,-0.006717181718081777,0.025512486696243286,0.006019366439431906,0.0013528543058782816,0.05090556831865829,0.05129808699683697,-0.10098579508978178,0.0886939734507,-0.0514602060071,0.0942686133717,-0.025393081622415006,-0.04527872055740506,0.10233864939566006,3.07294923064e-08,-1.78292384821e-08,3.26609183988e-08,-8.797852616052311e-09,-1.568756073133837e-08,3.545691569447409e-08
10022,10021,125650000,0.0013,6,0.00415295547517,0.00893086410638,0.00911275321091,0.348335086679,0.4,True,low,True,0.5134955014995002,0.45554445554445555,0.16972211003303528,-0.0013215746730566025,-0.004960352089256048,0.08681107373922846,-0.00032337027000600525,-0.006487399208253715,0.11207006126642227,-0.08202411979436874,0.09560773521661758,0.08049209396858846,-0.00027429187224080527,-0.008017840020963715,0.00631897977064,-4.90783977652e-05,0.00153044081271,0.03157796729783381,-0.08174982792212794,0.1036255752375813,2.18867680696e-09,-1.69990654838e-11,5.30091950408e-10,1.093751952757314e-08,-2.831532285915549e-08,3.5892327774840484e-08
10022,10021,136150000,0.0223,6,0.00616390168804,0.00879728823473,0.00897867532514,0.393035265577,0.4,True,low,True,0.5134955014995002,0.45554445554445555,0.18092970550060272,-0.0031318641267716885,-0.008189449086785316,0.15272422942019181,-0.010030271760631015,-0.014324527508283214,0.0226691123098135,0.012386451475322247,-0.01694180816411972,0.1505845842013018,-0.009404335495930016,-0.018632941043013215,0.00213964521889,-0.000625936264701,0.00430841353473,-0.1279154718914883,0.021790786971252262,0.0016911328788934941,7.41096674014e-10,-2.16801963157e-10,1.49228054851e-09,-4.430535022194695e-08,7.547550222792186e-09,5.857480206521551e-10
10022,10021,153800000,0.05760000000001,6,0.00977545415516,0.00905164217975,0.00819502566655,0.361935656106,0.4,True,low,True,0.5134955014995002,0.45554445554445555,0.158919557929039,-0.0006158454925753176,-0.005373829510062933,0.139456116036663,-0.0008404895298380845,-0.005425073025760999,0.03547113761305809,0.007606809958815575,0.003215491073206067,0.13820351776440298,-0.0009917763313780845,-0.010107291065061,0.00125259827226,0.00015128680154,0.0046822180393,-0.1027323801513449,0.008598586290193659,0.013322782138267066,4.3385529602e-10,5.24003437654e-11,1.62175306997e-09,-3.558282666405762e-08,2.9782431310280295e-09,4.614535814419694e-09
10022,10021,125050000,0.0001,6,0.00408161072381,0.00893100272351,0.00911990007555,0.343863731424,0.4,True,mid,True,0.5134955014995002,0.45554445554445555,0.16875527799129486,-0.0012429741909727454,-0.004777390044182539,0.08186774018871418,1.175693288649648e-05,-0.004091864660617236,0.09111751616001129,-0.055541981011629105,0.08232531696557999,0.015381070354814182,2.123163565287648e-05,-0.0018554394923572359,0.0664866698339,-9.47470276638e-06,-0.00223642516826,0.07573644580519712,-0.05556321264728198,0.08418075645793723,2.30317258875e-08,-3.28214298483e-12,-7.74722686092e-10,2.623595171538267e-08,-1.9247718171448668e-08,2.9161155350166632e-08
10022,10021,155050000,0.06010000000001,6,0.00999760233737,0.00915305156019,0.00805770159298,0.36789615904,0.4,True,mid,True,0.5134955014995002,0.45554445554445555,0.15460990369319916,-0.0003695663472171873,-0.005032525863498449,0.1444317671130776,0.0004711495610794855,-0.0053276805369024405,0.01625845395028591,0.0014212169917300344,-0.0011955437948927283,0.11644235356577758,0.033237446366379486,-0.03627342689700244,0.0279894135473,-0.0327662968053,0.0309457463601,-0.10018389961549166,-0.03181622937464945,0.035077883102109714,9.69555909211e-09,-1.13502759309e-08,1.071963555e-08,-3.47037967466085e-08,-1.102117168226673e-08,1.2151011591174566e-08
10023,10022,125050000,0.0001,2,0.00166702343655,0.0118014495896,0.00169698520152,0.436126159003,0.436126159003,False,high,True,0.5284905031656114,0.47652347652347654,0.13037367165088654,0.0015829942421987653,-0.000526648887898773,0.16522843500857012,-0.0017370706979404121,0.001252765071799165,0.574181318283081,0.1823647916316986,0.16386689245700836,0.021111223714570106,-0.0007974685065364122,-0.00028440813765083506,0.144117211294,-0.000939602191404,0.00153717320945,0.553070094568511,0.18316226013823503,0.1641513005946592,3.94738899948e-08,-2.57358251727e-10,4.21033724065e-10,1.5148661201800512e-07,5.016837921701197e-08,4.49612528857384e-08
10023,10022,154100000,0.05820000000001,2,0.00976478726671,0.0116391032865,0.00166626018046,0.407054039545,0.407054039545,False,high,True,0.5284905031656114,0.47652347652347654,0.1421954482793808,-0.0019743330776691437,-0.0011901052203029394,0.24048991330939834,-0.008813060604646579,-0.002423211304223502,0.005433216225355864,0.0023946154396981,-0.0026852265000343323,0.13866297824539836,-0.010038023864956579,-0.07286300354172351,0.101826935064,0.00122496326031,0.0704397922375,-0.1332297620200425,0.012432639304654679,0.07017777704168918,3.3665805855e-08,4.04994761701e-10,2.32886550935e-08,-4.404814207022159e-08,4.1104529055367265e-09,2.3202028183759974e-08
10023,10022,130500000,0.011,2,0.00246632127751,0.0119967245577,0.0017056766488,0.414100772267,0.414100772267,False,low,True,0.5284905031656114,0.47652347652347654,0.11537379771471024,0.001271238666959107,-0.0006444873288273811,0.16157923986824713,0.001694480860729618,-0.0015860413543738131,0.20160353183746338,-0.20484194159507751,0.1075594425201416,0.15715174519687714,0.001864567254926618,-0.006717646253593813,0.00442749467137,-0.000170086394197,0.00513160489922,0.044451786640586244,-0.20670650885000413,0.11427708877373541,1.39724503946e-09,-5.36764893494e-11,1.61945073278e-09,1.4028258188643614e-08,-6.523319971065986e-08,3.606398364426606e-08
10023,10022,136600000,0.0232,2,0.0043088173173,0.011776862882,0.00177876309339,0.408487524559,0.408487524559,False,low,True,0.5284905031656114,0.47652347652347654,0.13710841536521912,0.0015509773511439562,-0.0006372354691848159,0.23883369844572147,0.003910005739526493,-0.002579287585483833,0.13429224491119385,-0.0348716676235199,0.011517022736370564,0.24246733122426148,0.0035429256946994934,-0.007492433618733833,-0.00363363277854,0.000367080044827,0.00491314603325,-0.10817508631306763,-0.03841459331821939,0.019009456355104398,-1.18973543221e-09,1.20190498712e-10,1.60867767208e-09,-3.541902578297539e-08,-1.257782653616579e-08,6.2241357757109864e-09
10023,10022,152300000,0.05460000000001,2,0.00960377138382,0.0116915520803,0.00177763051725,0.408806068298,0.408806068298,False,low,True,0.5284905031656114,0.47652347652347654,0.1522333025932312,-0.0020325148943811655,-0.0012796582886949182,0.2469643720121232,-0.007754876738789445,-0.001811663327268522,0.004891128279268742,-0.0045537021942436695,-0.004268951714038849,0.24904536456255322,-0.007773248034740846,-0.006766885008488522,-0.00208099255043,1.83712959514e-05,0.00495522168122,-0.24415423628328448,0.003219545840497176,0.002497933294449673,-6.79936193751e-10,6.00257268623e-12,1.6190517205e-09,-7.977409725582389e-08,1.0519430951073315e-09,8.161659474086767e-10
10023,10022,125150000,0.0003,2,0.00167584254801,0.0118013322648,0.00169674136749,0.435077794222,0.435077794222,False,mid,True,0.5284905031656114,0.47652347652347654,0.1301635056734085,0.0015779478708282113,-0.0005276429001241922,0.1637527162529972,0.0030323622931456647,-0.002929230412751578,0.5586517453193665,0.17797815799713135,0.17364650964736938,0.06439003046889719,-0.00014379161898433532,-0.002276206084216578,0.0993626857841,0.00317615391213,-0.000653024328535,0.49426171485046927,0.1781219496161157,0.17592271573158597,2.73949991598e-08,8.75688223075e-10,-1.80043451829e-10,1.362714700815448e-07,4.910948835137336e-08,4.8503143927976776e-08
10023,10022,133200000,0.0164,2,0.00318039665569,0.0120384480674,0.00187805863754,0.413595455285,0.413595455285,False,mid,True,0.5284905031656114,0.47652347652347654,0.13449963927268982,0.0016002763295546174,-0.0006919257575646043,0.225435577103515,0.002682820406885652,-0.0014166100411266474,0.12392903119325638,0.015398063696920872,-0.013742641545832157,0.207968862450515,0.001737568156517652,0.0008727576414733526,0.017466714653,0.000945252250368,-0.0022893676826,-0.08403983125725861,0.01366049554040322,-0.014615399187305509,5.53058539989e-09,2.99300606838e-10,-7.24895535993e-10,-2.6610010697164557e-08,4.325400551387971e-09,-4.627757134911414e-09
10023,10022,154700000,0.05940000000001,2,0.00998953371513,0.0116339746477,0.00160416560203,0.40415672681,0.40415672681,False,mid,True,0.5284905031656114,0.47652347652347654,0.1369967758655548,-0.002006246941164136,-0.001125915558077395,0.2310369206199085,-0.007478024134907758,-0.0031872967972839047,0.2962804138660431,0.37989541888237,-0.012905341573059559,0.22024462642040848,-0.005686976896357759,-0.022365091715983904,0.0107922941995,-0.00179104723855,0.0191777949187,0.0760357874456346,0.38558239577872777,0.009459750142924345,3.63633979297e-09,-6.03472832026e-10,6.46173811753e-09,2.5619386802098045e-08,1.2991756741649981e-07,3.187354351213405e-09
10023,10022,138000000,0.026,2,0.00487309012194,0.0116693319423,0.00171032232013,0.396672724108,0.4,True,high,True,0.5284905031656114,0.47652347652347654,0.136572927236557,0.0014884405536577106,-0.0006211601430550218,0.23860070394241667,0.002402621057212003,-0.0018344054829148998,0.003452385077252984,-0.0015429845079779625,0.00305415247566998,0.040193345881416674,-0.025799837606687998,0.0391813224844851,0.198407358061,0.0282024586639,-0.0410157279674,-0.03674096080416369,0.024256853098710035,-0.03612717000881512,6.87513550106e-08,9.77260756214e-09,-1.42126123852e-08,-1.2731336500637655e-08,8.405391489141874e-09,-1.2518648073728277e-08
10023,10022,144800000,0.0396,2,0.00742345162395,0.0116561961536,0.00172358204274,0.395790521915,0.4,True,high,True,0.5284905031656114,0.47652347652347654,0.14546573162078857,-0.0008003714610822499,-0.0014196980046108365,0.2455963238114724,-0.004255012877755808,-0.002471995784061168,0.03864532709121704,0.06333358585834503,-0.050095658749341965,0.1571018559451724,-0.041905918856355806,-0.08110513851686117,0.0884944678663,0.0376509059786,0.0786331427328,-0.11845652885395536,0.10523950471470084,0.031009479767519207,3.06593565549e-08,1.30443470518e-08,2.72428505217e-08,-4.1039864320978125e-08,3.6460759372943965e-08,1.0743391306798456e-08
10023,10022,139400000,0.0288,2,0.00523347347497,0.0116615878135,0.00179435377029,0.39307507079,0.4,True,low,True,0.5284905031656114,0.47652347652347654,0.14523786306381226,0.0013446627417579293,-0.0007321060402318835,0.23500087389798824,0.003942099176586614,-0.0027604565707460096,0.31987887620925903,0.2180018424987793,-0.2249956578016281,0.22879038682381825,0.005473961038266614,-0.0035462537090350096,0.00621048707417,-0.00153186186168,0.000785797138289,0.09108848938544079,0.21252788146051269,-0.22144940409259312,2.1510984062e-09,-5.30584086212e-10,2.72173011808e-10,3.15499093710587e-08,7.361232406137607e-08,-7.670243163032402e-08
10023,10022,142150000,0.0343,2,0.00642219134968,0.0117452224692,0.00185981280802,0.39462299899,0.4,True,low,True,0.5284905031656114,0.47652347652347654,0.15529067814350128,0.00024097584537230432,-0.0011564197484403849,0.23325843674276664,0.0019437336227172,-0.0013354332115112569,0.17380182445049286,-0.06219148635864258,-0.08542443811893463,0.23202299975263663,0.0032975941643372,-0.005308748019871257,0.00123543699013,-0.00135386054162,0.00397331480836,-0.05822117530214377,-0.06548908052297978,-0.08011569009906337,4.27910795988e-10,-4.68928441231e-10,1.37621288333e-09,-2.0165714371487983e-08,-2.2683054497341274e-08,-2.774918429296758e-08
10023,10022,143900000,0.0378,2,0.00724923333533,0.0117484298117,0.00183996457166,0.39603290412,0.4,True,low,True,0.5284905031656114,0.47652347652347654,0.1562751978635788,-0.0006192813743837178,-0.0014267913065850735,0.2422407897196589,-0.002485601088777353,1.0856618790401791e-05,0.06319095194339752,0.07830625772476196,-0.052322376519441605,0.24085526845707889,-0.001726536560007353,-0.004671048286719598,0.00138552126258,-0.00075906452877,0.00468190490551,-0.17766431651368136,0.08003279428476931,-0.04765132823272201,4.79895168546e-10,-2.62912890484e-10,1.62164493929e-09,-6.153658512539021e-08,2.7720506599018132e-08,-1.6504721227489715e-08
10023,10022,137650000,0.0253,2,0.00473151296186,0.0116899208117,0.00172484684739,0.399616926469,0.4,True,mid,True,0.5284905031656114,0.47652347652347654,0.1364765763282776,0.001497327582910657,-0.0006240264629013836,0.23932425351100634,0.0012619454991090948,-0.003675956404577241,0.028347766026854515,-0.005169990938156843,0.01189678255468607,0.19772505537080634,-0.052608861307190904,-0.03709263599337724,0.0415991981402,0.0538708068063,0.0334166795888,-0.16937728934395183,0.04743887036903406,0.04898941854806331,1.44107215999e-08,1.86618308514e-08,1.15761478076e-08,-5.867538489214047e-08,1.643369065907669e-08,1.6970828852459863e-08
10023,10022,140750000,0.0315,2,0.00583533434725,0.0116822003817,0.00180730216461,0.392489518421,0.4,True,mid,True,0.5284905031656114,0.47652347652347654,0.14829140901565552,0.0007723240996710956,-0.0009391206549480557,0.22916086869007232,0.004590820221930542,-0.00016513855015028167,0.05054032802581787,0.013638660311698914,0.026317568495869637,0.16785954568707231,0.02983535560723054,0.06735248407634972,0.061301323003,-0.0252445353853,-0.0675176226265,-0.11731921766125444,-0.016196695295531627,-0.041034915580480086,2.12367737873e-08,-8.74552882514e-09,-2.33903023317e-08,-4.064319600820162e-08,-5.611062490052835e-09,-1.4215830537951659e-08
10024,10023,126000000,0.002,6,0.00165842611986,0.010328957272,0.00844855218409,0.459164049446,0.459164049446,False,low,True,0.850383205598134,0.5514485514485514,0.14258655905723572,0.002132331719622016,0.005634894594550133,0.07999515605593152,-0.00031625329293134537,0.0002733679935343911,0.18180425465106964,-0.0757097601890564,-0.11170285940170288,0.07624307055668152,3.374672917465465e-05,-0.005371570503495609,0.00375208549925,-0.000350000022106,0.00564493849703,0.10556118409438812,-0.07574350691823105,-0.10633128889820727,8.89009515338e-10,-8.29281076039e-11,1.33749725009e-09,2.5011396229886626e-08,-1.794647227222368e-08,-2.5193862887040047e-08
10024,10023,126550000,0.0031,6,0.00174414185532,0.0103287483528,0.00844209864593,0.448314129854,0.448314129854,False,low,True,0.850383205598134,0.5514485514485514,0.14044685661792755,0.0019149741856381297,0.004996452946215868,0.07884909427659047,-0.00047303063978569734,-0.000582018688064137,0.13425478339195251,-0.04551367089152336,-0.09717502444982529,0.07865894016650547,-0.00032278062936869735,-0.006278800196344137,0.000190154110085,-0.000150250010417,0.00569678150828,0.05559584322544704,-0.045190890262154663,-0.09089622425348115,4.82098171764e-11,-3.80929212086e-11,1.44430638331e-09,1.4095227478762624e-08,-1.1457257256263997e-08,-2.3044941554677448e-08
10024,10023,129600000,0.0092,6,0.00214773789477,0.0102895836163,0.00831316401833,0.40027048879,0.40027048879,False,low,True,0.850383205598134,0.5514485514485514,0.12654107809066772,0.0007989798905327916,0.0019519234774634242,0.08787851417073976,-0.0007050263037448987,-0.0011903402307270597,0.2398936152458191,-0.05776488408446312,0.04586760699748993,0.08565531825294977,-0.0010717719788088987,-0.006278126325817059,0.00222319591779,0.000366745675064,0.00508778609509,0.15423829699286934,-0.05669311210565422,0.05214573332330699,7.68649806815e-10,1.26798987904e-10,1.7590558564e-09,5.332649103865285e-08,-1.9601128860981137e-08,1.8028913927245125e-08
10024,10023,125050000,0.0001,6,0.00155006177936,0.0103286089766,0.0084555990489,0.472939645278,0.472939645278,False,mid,True,0.850383205598134,0.5514485514485514,0.14525067806243896,0.002406106097623706,0.006441593635827303,0.08513450497633951,0.0003297117216593041,-6.143552950506077e-05,0.19454476237297058,-0.0655234307050705,-0.06384967267513275,0.008451364816139503,-3.5986501870695864e-05,-0.0012404684716250608,0.0766831401602,0.00036569822353,0.00117903294212,0.18609339755683107,-0.0654874442031998,-0.06260920420350768,1.66925497825e-08,7.9605970607e-11,2.56654409829e-10,4.050920836604232e-08,-1.4255446767136585e-08,-1.3628905334685182e-08
10024,10023,127650000,0.0053,6,0.0018664580951,0.0103123171823,0.00838830472898,0.434047042178,0.434047042178,False,mid,True,0.850383205598134,0.5514485514485514,0.13554410636425018,0.001563526107929647,0.0040666828863322735,0.0791482829736014,-0.0010584406654956541,-0.0007255540219382808,0.03469870984554291,-0.0034662706311792135,-0.022961443290114403,0.0556266310898014,-0.010434499760455655,-0.03192740207563828,0.0235216518838,0.00937605909496,0.0312018480537,-0.02092792124425849,0.006968229129276441,0.008965958785523878,6.52695346619e-09,2.60173484887e-09,8.65810833827e-09,-5.807226838485518e-09,1.933593248175686e-09,2.487937329481962e-09
10024,10023,129350000,0.0087,6,0.00210554374416,0.0102902398692,0.0083165597502,0.405537982439,0.405537982439,False,mid,True,0.850383205598134,0.5514485514485514,0.12755803763866425,0.0009063206380233169,0.0022658284287899733,0.08580583159531868,-0.0008720449786440736,-0.0010861054844098989,0.201817587018013,-0.05426928400993347,0.02909054607152939,0.08303122918032868,-0.0016130078316320736,-0.007513265333989899,0.00277460241499,0.000740962852988,0.00642715984958,0.11878635783768432,-0.052656276178301396,0.036603811405519285,9.26329977309e-10,2.47378182578e-10,2.14577440193e-09,3.965806544601373e-08,-1.7579847423859357e-08,1.2220564505203677e-08
10024,10023,141650000,0.0333,6,0.00474907245211,0.0102235992666,0.00818141154411,0.385745164615,0.4,True,high,True,0.850383205598134,0.5514485514485514,0.1475101262331009,-0.0015816001687198877,-0.005604783073067665,0.13581633476304883,-0.0018196528726918725,-0.005535101898910523,0.05826382339000702,0.007132689002901316,-0.03290196880698204,0.00032881779604882074,-0.008532636642531873,-0.04469110377821052,0.135487516967,0.00671298376984,0.0391560018793,0.0579350055939582,0.015665325645433187,0.01178913497122848,4.69420845684e-08,2.32583383978e-09,1.35663003701e-08,2.0072623610956788e-08,5.4275335300328535e-09,4.084557627123372e-09
10024,10023,129650000,0.0093,6,0.00215632768958,0.010289480163,0.00831254231851,0.399195547332,0.4,True,low,True,0.850383205598134,0.5514485514485514,0.12633714079856873,0.0007771944510750473,0.0018880447605624795,0.08831067618543341,-0.0005755428812808146,-0.0012940067869944612,0.24732141196727753,-0.058889057487249374,0.048636533319950104,0.0861381308706334,-0.0009924385301958146,-0.006163400531894461,0.0021725453148,0.000416895648915,0.0048693937449,0.16118328109664412,-0.05789661895705356,0.05479993385184456,7.52492913725e-10,1.44397918623e-10,1.68658589637e-09,5.5828191941360727e-08,-2.0053342591730544e-08,1.8980760316079373e-08
10024,10023,140150000,0.0303,6,0.00437249277944,0.0102288281008,0.00821106269296,0.388510989232,0.4,True,low,True,0.850383205598134,0.5514485514485514,0.14315108954906464,-0.0013405636418610811,-0.004795977380126715,0.12440913860193378,-0.0012586675537426294,-0.004614961803138653,0.4299456477165222,-0.05294185131788254,-0.11193699389696121,0.12359184411048278,-0.0006391009411826294,-0.009177640143728653,0.000817294491451,-0.00061956661256,0.00456267834059,0.3063538036060394,-0.05230275037669991,-0.10275935375323256,2.83081508982e-10,-2.14595660968e-10,1.58034818926e-09,1.0610997371755598e-07,-1.811579749460016e-08,-3.55921558591466e-08
10024,10023,162000000,0.074,2,0.00836529511956,0.0104255380821,0.00694466394727,0.365074968748,0.4,True,low,True,0.850383205598134,0.5514485514485514,0.14755088090896606,-0.0010172041365876794,-0.007003642152994871,0.1614396120900482,-0.002197312018413377,-0.009694707329342949,0.02449840120971203,-0.05167757347226143,-0.04195868968963623,0.1601457269414882,-0.002116798258912677,-0.014157248215382948,0.00129388514856,-8.05137595007e-05,0.00446254088604,-0.13564732573177618,-0.04956077521334875,-0.027801441474253282,4.48155396147e-10,-2.78870777863e-11,1.54566406519e-09,-4.698336716164594e-08,-1.716607449577676e-08,-9.629421924547879e-09
10024,10023,130800000,0.0116,6,0.00236514160375,0.0102880650467,0.00829967455567,0.394863376627,0.4,True,mid,True,0.850383205598134,0.5514485514485514,0.12149380147457123,0.0002497951500117779,0.00033590890234336257,0.09701587834859182,8.791533407183708e-05,-0.0009012422544974474,0.12765438854694366,0.015906386077404022,0.042573750019073486,0.07920104157489183,-0.014138407533428163,0.014079430199602552,0.0178148367737,0.0142263228675,-0.0149806724541,0.048453346972051836,0.030044793610832184,0.028494319819470933,6.17072696728e-09,4.92773272519e-09,-5.189025343e-09,1.6783335071384304e-08,1.0406955759156084e-08,9.869900575438329e-09
10024,10023,147550000,0.0451,2,0.00597811265208,0.0102587809918,0.0077846326573,0.369218893859,0.4,True,mid,True,0.850383205598134,0.5514485514485514,0.1380673348903656,-0.0017392081208527088,-0.007145320996642113,0.1251167277978081,-0.0012018805617273857,-0.006908721631423725,0.12137167900800705,0.05644829571247101,-0.009406615979969501,0.1121382872458081,0.006460058900472614,-0.03842328944992372,0.012978440552,-0.0076619394622,0.0315145678185,0.00923339176219895,0.04998823681199839,0.02901667346995422,4.49556512129e-09,-2.65399742517e-09,1.09162415415e-08,3.1983283192689498e-09,1.7315283218099e-08,1.0051003020349799e-08
10024,10023,160900000,0.0718,2,0.00802413591848,0.0104291462816,0.00697573792422,0.365685776922,0.4,True,mid,True,0.850383205598134,0.5514485514485514,0.14683745801448822,-0.001153441146016121,-0.00748341903090477,0.15238580445595967,-0.0019093518423677171,-0.008913127949047767,0.140909343957901,-0.0007362763280980289,0.018219027668237686,0.14909541665340967,-9.317308194771697e-05,-0.015321829916227768,0.00329038780255,-0.00181617876042,0.00640870196718,-0.008186072695508667,-0.000643103246150312,0.033540857584465456,1.13967925172e-09,-6.2906300864e-10,2.21975800445e-09,-2.8353792209280293e-09,-2.2274925338085493e-10,1.1617420732077954e-08
10025,10024,159350000,0.06870000000001,6,0.00302829117164,0.0141886051712,0.00892701237507,0.417089694555,0.417089694555,False,high,True,0.481839386871043,0.5364635364635365,0.059773143380880356,3.985955845564604e-05,-0.0010821702890098095,0.13250461436659286,-0.001308502387133998,-0.005790025168126312,0.028482910245656967,-0.026833750307559967,-0.03272530809044838,0.006674099708592874,-0.031034493880634,-0.019645230454326312,0.125830514658,0.0297259914935,0.0138552052862,0.021808810537064093,0.0042007435730740325,-0.013080077636122067,3.89538516693e-08,9.20239312783e-09,4.28921087251e-09,6.751440006850492e-09,1.300440854835822e-09,-4.0492515304832015e-09
10025,10024,128000000,0.006,6,0.000942250648386,0.0140757362739,0.00913830582315,0.450106422139,0.450106422139,False,low,True,0.481839386871043,0.5364635364635365,0.08327717334032059,0.0017216207925230265,0.004113827366381884,0.050917267360487024,-0.0015094297841834574,0.002892333249478193,0.18085449934005737,0.13465937972068787,0.2027386724948883,0.05324362865922702,-0.0008433489205484574,-0.003565968862271807,-0.00232636129874,-0.000666080863635,0.00645830211175,0.12761087068083035,0.13550272864123633,0.20630464135716012,-5.83215864081e-10,-1.6698563832e-10,1.6190882511e-09,3.19918854610485e-08,3.397036436803474e-08,5.172031521427756e-08
10025,10024,159250000,0.06850000000001,6,0.00300977837783,0.0141904492687,0.00892959418641,0.41736812235,0.41736812235,False,low,True,0.481839386871043,0.5364635364635365,0.059553369879722595,4.299834472476505e-05,-0.001059293164871633,0.13126768899852126,-0.0005599564712452565,-0.0053713990465344055,0.046507302671670914,-0.044493574649095535,-0.05643770471215248,0.12705218085876127,-0.00031573084759325645,-0.010147180397004405,0.00421550813976,-0.000244225623652,0.00477578135047,-0.08054487818709036,-0.044177843801502276,-0.046290524315148074,1.30229366371e-09,-7.54484327047e-11,1.47537843263e-09,-2.4882666817310963e-08,-1.3647827059426555e-08,-1.4300495813737235e-08
10025,10024,167150000,0.0843,6,0.00512706707547,0.0140071699604,0.00861356461864,0.400042411147,0.400042411147,False,low,True,0.481839386871043,0.5364635364635365,0.08275497704744339,-0.00021438079420477152,-0.003923966083675623,0.12643413439109685,0.000859956504396501,-0.008518526620950616,0.4135900139808655,-0.1433972716331482,-0.3525347113609314,0.12921893198391685,0.000752890797913501,-0.013025018946470615,-0.00278479759282,0.000107065706483,0.00450649232552,0.2843710819969486,-0.14415016243106168,-0.3395096924144608,-9.64282686583e-10,3.70732894034e-11,1.5604482487e-09,9.846823756265293e-08,-4.991440177137666e-08,-1.1756090251064654e-07
10025,10024,125050000,0.0001,6,0.000607936366617,0.0140748228487,0.00915888057435,0.540471728007,0.540471728007,False,mid,True,0.481839386871043,0.5364635364635365,0.08718612045049667,0.002067651366814971,0.005123164504766464,0.07591042597190263,-0.00027175037043271333,0.004465897167958249,0.3351413309574127,-0.19252099096775055,0.25645744800567627,0.004972937280702625,-0.00010825659775171332,-0.0007337942430417514,0.0709374886912,-0.000163493772681,0.005199691411,0.3301683936767101,-0.19241273436999884,0.25719124224871803,1.03090680011e-08,-2.37599110346e-11,7.55650831877e-10,4.7982082323833565e-08,-2.7962590718890036e-08,3.7376598108389766e-08
10025,10024,164850000,0.0797,6,0.00446686708305,0.0140078779001,0.00867431079447,0.406208558073,0.406208558073,False,mid,True,0.481839386871043,0.5364635364635365,0.07982436567544937,-0.0001837300369516015,-0.0032260504085570574,0.15566135332998968,-0.00031920135142496017,-0.008321514536117822,0.1530284583568573,-0.03679971769452095,0.06812182813882828,0.15607293730048968,-0.00396056502504496,-0.014772653101867823,-0.0004115839705,0.00364136367362,0.00645113856575,-0.003044478943632384,-0.03283915266947599,0.0828944812406961,-1.36803916756e-10,1.21033093752e-09,2.14425508908e-09,-1.0119360174869717e-09,-1.091520814735804e-08,2.7552797300110788e-08
10025,10024,171300000,0.0926,6,0.00610060732359,0.0139891718002,0.00849031204478,0.367123672806,0.4,True,high,True,0.481839386871043,0.5364635364635365,0.08268484473228455,8.229537343140692e-05,-0.004091888666152954,0.161328847724268,0.003071632418640592,-0.01553402949315369,0.10814176499843597,0.09842316061258316,0.048151932656764984,0.063608898444368,0.05414982909534059,-0.06311159922515369,0.0977199492799,-0.0510781966767,0.047577569732,0.044532866554067976,0.04427333151724257,0.11126353188191868,3.38552640161e-08,-1.76961392909e-08,1.64833403659e-08,1.542849710516216e-08,1.5338580693437632e-08,3.854746420749979e-08
10025,10024,138650000,0.0273,6,0.00130688074944,0.0140298386112,0.00895059728137,0.399543374048,0.4,True,low,True,0.481839386871043,0.5364635364635365,0.08041694760322571,0.0013766284100711346,0.003108580829575658,0.05355154012240247,0.0004968725762438571,0.0017769079037527652,0.007040619850158691,0.004427200648933649,0.0033463770523667336,0.05324761383067547,0.0010461729776698571,-0.003297515533897235,0.000303926291727,-0.000549300401426,0.00507442343765,-0.04620699398051678,0.003381027671263792,0.006643892586263968,1.05269271548e-10,-1.90258147102e-10,1.75760002787e-09,-1.6004461374937463e-08,1.1710678862847537e-09,2.301208391113475e-09
10025,10024,175050000,0.1001,6,0.00704108138539,0.0140836148431,0.00832971963369,0.373443179855,0.4,True,low,True,0.481839386871043,0.5364635364635365,0.07314487546682358,0.0002528008772060275,-0.0037907548248767853,0.08850836672007947,0.0014712317882942861,-0.007116374546089408,0.03615918755531311,0.022661706432700157,0.010649400763213634,0.08927522132217847,0.001452915361858986,-0.011834959908089408,-0.000766854602099,1.83164264353e-05,0.004718585362,-0.053116033766865356,0.02120879107084117,0.022484360671303043,-2.65611000412e-10,6.34415485821e-12,1.63434916489e-09,-1.839749390320372e-08,7.345966495403651e-09,7.787778172280937e-09
10025,10024,190500000,0.131,6,0.00999646947263,0.0141855333863,0.0079862372635,0.38607406302,0.4,True,low,True,0.481839386871043,0.5364635364635365,0.06298034638166428,6.439032586058602e-05,-0.0012673564488068223,0.08002807331031554,0.0004628876904441887,-0.0014318018198182045,0.10588613152503967,0.14004257321357727,0.0548684187233448,0.08127081494711554,0.0005481604436616887,-0.005961934259898205,-0.0012427416368,-8.52727532175e-05,0.00453013244008,0.024615316577924137,0.1394944127699156,0.060830352983243005,-4.30441166926e-10,-2.95354257997e-11,1.56907553114e-09,8.525863524866678e-09,4.831586553001453e-08,2.1069454299430902e-08
10025,10024,142100000,0.0342,6,0.0016833839563,0.0140344175891,0.00893279604488,0.380526837273,0.4,True,mid,True,0.481839386871043,0.5364635364635365,0.07582839578390121,0.000987024512141943,0.0019218421075493097,0.06312658366973795,0.0010109557419616041,0.0015366253592602915,0.05041051656007767,0.011532104574143887,0.036243535578250885,0.02314794086533794,0.017518962032561605,0.012677030281860291,0.0399786428044,-0.0165080062906,-0.0111404049226,0.027262575694739728,-0.005986857458417719,0.023566505296390594,1.38483842858e-08,-5.7182835351e-09,-3.85897563411e-09,9.443607845529171e-09,-2.073814840440305e-09,8.163309175209011e-09
10025,10024,168950000,0.0879,6,0.00554547777068,0.0139914318372,0.00856210263085,0.375446686336,0.4,True,mid,True,0.481839386871043,0.5364635364635365,0.08339643478393555,-7.860120240366086e-05,-0.004027860704809427,0.10782201181090857,0.0010949443016479814,-0.008942016625044753,0.08406815677881241,-0.024099908769130707,0.01846199296414852,0.10201456016065857,-0.019344919538152018,-0.014236429344894753,0.00580745165025,0.0204398638398,0.00529441271985,-0.017946403381846165,-0.004754989230978689,0.032698422309043275,2.01156909689e-09,7.07990370322e-09,1.83386408615e-09,-6.216225741933714e-09,-1.6470200647627842e-09,1.1325989400400115e-08
10025,10024,189300000,0.1286,6,0.00979091558913,0.0141838487487,0.00800117633725,0.386164410821,0.4,True,mid,True,0.481839386871043,0.5364635364635365,0.06313284486532211,8.438895019935444e-05,-0.0014472136972472072,0.08814084055517257,0.0008227694252412343,-0.0019646556621458642,0.2609284222126007,-0.04527124762535095,0.11222749203443527,0.09345109964383257,0.0006087787661962342,-0.006439491478565864,-0.00531025908866,0.000213990659045,0.00447483581642,0.16747732256876813,-0.04588002639154719,0.11866698351300113,-1.83929252861e-09,7.41190615754e-11,1.54993041704e-09,5.800842914987699e-08,-1.5891275424681678e-08,4.110219341915396e-08
10026,10025,144150000,0.0383,0,0.00656618434526,0.000911383383441,0.00716392650502,0.400016522766,0.400016522766,False,low,True,0.8070643118960347,0.42157842157842157,0.064877949655056,0.0001633925421629101,-0.0007379219168797135,0.17265276860754072,-0.0017856623688287374,0.0019773154291449794,0.2009608894586563,-0.04165393486618996,0.23930636048316956,0.17270781336377813,-0.0020619597064967373,-0.0025755101408350203,-5.50447562374e-05,0.000276297337668,0.00455282556998,0.028253076094878177,-0.03959197515969322,0.24188187062400457,-1.90634252404e-11,9.56889266262e-11,1.57676145411e-09,9.78477226102825e-09,-1.3711726786879492e-08,8.376995871810357e-08
10026,10025,144350000,0.0387,0,0.00663517063486,0.000910604949297,0.00716290365486,0.400113880166,0.400113880166,False,low,True,0.8070643118960347,0.42157842157842157,0.06490585952997208,0.00016181869432330132,-0.0007634968496859074,0.1684190989026486,-0.0014324106553492897,0.0015764739833689038,0.08626729995012283,-0.015857277438044548,0.10598774999380112,0.1716800888568686,-0.0018117728032642896,-0.002601932823121096,-0.00326098995422,0.000379362147915,0.00417840680649,-0.08541278890674578,-0.014045504634780258,0.10858968281692222,-1.12863446828e-09,1.31297919376e-10,1.44615408526e-09,-2.956151933775703e-08,-4.861174329794308e-09,3.758308386321549e-08
10026,10025,145200000,0.0404,0,0.00688888547957,0.000936341376981,0.00717062674538,0.400094207912,0.400094207912,False,low,True,0.8070643118960347,0.42157842157842157,0.06704927235841751,0.00015780898684170097,-0.0008842135430313647,0.14663437485752664,0.0004302772872654722,-0.0003782260668622455,0.044696155935525894,-0.04358617961406708,0.05930885300040245,0.15111709665760664,0.0019484781398654723,-0.0032465453441222454,-0.00448272180008,-0.0015182008526,0.00286831927726,-0.10642094072208075,-0.04553465775393255,0.0625553983445247,-1.55168225686e-09,-5.25521196805e-10,9.92861107162e-10,-3.683732625873544e-08,-1.5761700962049857e-08,2.1653385155467735e-08
10026,10025,144400000,0.0388,0,0.00664967990721,0.000913363748415,0.00716405941554,0.400090741012,0.400090741012,False,mid,True,0.8070643118960347,0.42157842157842157,0.06511935591697693,0.00016162019164767116,-0.0007713282248005271,0.16715589780070444,-0.00025011326204570083,0.0019477420978838943,0.09264282882213593,-0.01905965246260166,0.1166834831237793,0.12910584613410445,0.0451423595318543,0.019985803135283895,0.0380500516666,-0.0453924727939,-0.0180380610374,-0.03646301731196852,-0.06420201199445597,0.0966976799884954,1.31728593762e-08,-1.57147923501e-08,-6.24474425281e-09,-1.26234309401378e-08,-2.2226620953935532e-08,3.347656270359315e-08
10026,10025,144450000,0.0389,0,0.00666297915602,0.000917410685868,0.00716582629677,0.400046986093,0.400046986093,False,mid,True,0.8070643118960347,0.42157842157842157,0.06542303413152695,0.00016150641022250056,-0.0007798246224410832,0.16621581142830125,-0.0003344135478802607,0.001795391817242845,0.09589787572622299,-0.02235996536910534,0.12565678358078003,0.13656983978040124,0.03612487731911974,0.015510563836942845,0.0296459716479,-0.036459290867,-0.0137151720197,-0.04067196405417825,-0.058484842688225076,0.11014621974383719,1.02660837474e-08,-1.26254635152e-08,-4.74941777037e-09,-1.4084267303215744e-08,-2.025267716381314e-08,3.814246096511225e-08
10026,10025,144500000,0.039,0,0.00667693814069,0.000920647541398,0.00716718997273,0.400016565337,0.400016565337,False,mid,True,0.8070643118960347,0.42157842157842157,0.06567008048295975,0.000161344330990687,-0.0007879313779994845,0.1651247796978547,-0.0003969954784139862,0.001635163002906873,0.09325962513685226,-0.025435352697968483,0.12798525393009186,0.1423584575303547,0.028876967645386015,0.011891302781606872,0.0227663221675,-0.0292739631238,-0.0102561397787,-0.049098832393502434,-0.054312320343354495,0.11609395114848499,7.88515212225e-09,-1.01390839835e-08,-3.55223042821e-09,-1.70054591865357e-08,-1.8811159082617903e-08,4.020932579896734e-08
10026,10025,129200000,0.0084,0,0.00355092588213,0.00123496732968,0.00720072956927,0.375952793419,0.4,True,high,True,0.8070643118960347,0.42157842157842157,0.07628706842660904,0.00017736473819240928,0.00012761718244291842,0.1759312648374409,0.00039964879136846626,0.0027416291277307867,0.029471380636096,-0.04379705339670181,0.0055309017188847065,-0.011180539150559108,-0.04076210664603153,0.04232900900693079,0.187111803988,0.0411617554374,-0.0395873798792,0.04065191978665511,-0.0030349467506702796,-0.036798107288046084,6.48359933022e-08,1.42629339409e-08,-1.37173980582e-08,1.4086271110815228e-08,-1.0516374862784043e-09,-1.275088897017951e-08
10026,10025,130950000,0.0119,0,0.00367046637022,0.0010490835492,0.00729842785988,0.378409265342,0.4,True,high,True,0.8070643118960347,0.42157842157842157,0.06539827585220337,0.00012243505625519902,0.00010470176493981853,0.16473623613289406,0.0002044395574432173,0.002642589374150607,0.11300809681415558,-0.07976384460926056,0.08844603598117828,0.06729368829059405,-0.06711044610145678,0.029746566382450608,0.0974425478423,0.0673148856589,-0.0271039770083,0.045714408523561526,-0.012653398507803781,0.058699469598727676,3.37592617959e-08,2.33214432303e-08,-9.39025380385e-09,1.5837893398367137e-08,-4.383807713280703e-09,2.0336606598905904e-08
10026,10025,145750000,0.0415,0,0.00698481437448,0.000901496124034,0.00715989520877,0.397681281479,0.4,True,high,True,0.8070643118960347,0.42157842157842157,0.0646735355257988,0.0001522711681900546,-0.0008872320759110153,0.14366040444490127,6.955545788219636e-06,-3.655286954303005e-05,0.003982392605394125,-0.0030909599736332893,0.0019032787531614304,0.031238045099901267,-0.02289511662281178,0.02164771261355697,0.112422359345,0.0229020721686,-0.0216842654831,-0.027255652494507142,0.019804156649178492,-0.01974443386039554,3.89486576523e-08,7.93440889894e-09,-7.51250051738e-09,-9.442704140740543e-09,6.861137961483746e-09,-6.840447037828515e-09
10026,10025,125750000,0.0015,0,0.0026726867559,0.00124544853578,0.00714426240478,0.393726249364,0.4,True,low,True,0.8070643118960347,0.42157842157842157,0.07141918689012527,0.00014802765508648008,0.0003061962779611349,0.12974103527087963,-3.463526494536801e-05,0.00034582288786215746,0.10235768556594849,0.06511007249355316,0.05806935578584671,0.12432517604305962,-0.00021902688135936802,-0.0038342263046578424,0.00541585922782,0.000184391616414,0.00418004919252,-0.021967490477111135,0.06532909937491253,0.061903582090504554,1.87586838586e-09,6.38669487703e-11,1.44782606079e-09,-7.608787298432002e-09,2.2627765427269012e-08,2.1441283410521583e-08
10026,10025,139000000,0.028,0,0.00552093885313,0.000904324551895,0.00730631902527,0.396308710847,0.4,True,low,True,0.8070643118960347,0.42157842157842157,0.06304965168237686,0.00013396212307270616,-0.0003257865319028497,0.12993980673932393,6.562255711156358e-05,0.00023662598914813305,0.16589070856571198,0.11063244193792343,0.07587140798568726,0.12621706192491391,0.00028093551151456357,-0.004324766549791867,0.00372274481441,-0.000215312954403,0.00456139253894,0.03967364664079806,0.11035150642640887,0.08019617453547913,1.28942877055e-09,-7.45768866574e-11,1.57990704888e-09,1.3741565420544745e-08,3.822190731655057e-08,2.7777153656539777e-08
10026,10025,157500000,0.06500000000001,0,0.00999796899427,0.000977864663565,0.00714278051856,0.371464284274,0.4,True,low,True,0.8070643118960347,0.42157842157842157,0.07034726440906525,0.00022689629986416548,-0.002338840626180172,0.14647263796953064,0.00038858211428096956,-0.004469429208483478,0.07665909826755524,-0.026444435119628906,0.012518181465566158,0.14498795035865064,0.0007003781510589696,-0.008778404393323478,0.00148468761088,-0.000311796036778,0.00430897518484,-0.0683288520910954,-0.027144813270687875,0.021296585858889636,5.14242434915e-10,-1.07994942488e-10,1.49247415739e-09,-2.3666658909732265e-08,-9.401987845328733e-09,7.376372030840134e-09
10026,10025,125050000,0.0001,0,0.00253801034246,0.00124568427319,0.00714858882115,0.398740540661,0.4,True,mid,True,0.8070643118960347,0.42157842157842157,0.07058180123567581,0.00013883838255424052,0.00033661603811196983,0.1300568259888245,0.0013619228885385038,-0.0010054438342485025,0.08035718649625778,0.1073743924498558,0.06220622360706329,0.02225312176882449,0.0006162057068435039,-0.0013417530504175024,0.10780370422,0.000745717181695,0.000336309216169,0.05810406472743329,0.1067581867430123,0.0635479766574808,3.73477931673e-08,2.58348182605e-10,1.16511831729e-10,2.0129721954554098e-08,3.698558139762234e-08,2.2015724835953152e-08
10026,10025,156850000,0.06370000000001,0,0.00981285494186,0.000974869485114,0.00715343655557,0.365129042915,0.4,True,mid,True,0.8070643118960347,0.42157842157842157,0.07015292346477509,0.0002208746736869216,-0.0022517447359859943,0.14257328988557122,0.0003899355983305276,-0.004523411079969889,0.11011754721403122,0.018143679946660995,-0.07881050556898117,0.13886699248702122,0.006293970639410527,-0.006669944476999889,0.00370629739855,-0.00590403504108,0.00214653339703,-0.028749445272990004,0.011849709307250468,-0.07214056109198128,1.28373591284e-09,-2.04495781042e-09,7.43486480864e-10,-9.957834302671806e-09,4.104338038385952e-09,-2.498704747289932e-08
10027,10026,125050000,0.0001,0,0.00110939396228,0.00331877689008,0.00141533555827,0.50908228975,0.50908228975,False,high,True,0.8417194268577141,0.5254745254745254,0.12263248860836029,-0.0015354249626398087,-0.0006014090613462031,0.2069103992743468,0.0034911615359063328,0.004681579625609329,0.0636228546500206,0.054556019604206085,-0.00016588754078838974,0.017090325758346802,0.0007390634446163326,-0.000100072971480671,0.189820073516,0.00275209809129,0.00478165259709,0.046532528891673794,0.05381695615958975,-6.581456930771874e-05,3.32255835856e-08,4.81719680505e-10,8.36967319097e-10,8.144925873760826e-09,9.41997198759011e-09,-1.1520001194707933e-11
10027,10026,160000000,0.07000000000001,0,0.00998973007513,0.00426135324969,0.000950731255653,0.408750313155,0.408750313155,False,high,True,0.8417194268577141,0.5254745254745254,0.07674203813076019,0.001206666580401361,0.0002082429564325139,0.17042911412990874,0.0038878429392711356,0.001302168772674403,0.10800312459468842,0.03737080469727516,-0.05356047302484512,0.08219305990390872,0.04943848236667114,-0.062449399205825595,0.088236054226,-0.0455506394274,0.0637515679785,0.02581006469077969,-0.012067677669395975,0.008888926180980472,2.88476643529e-08,-1.48922066924e-08,2.08427705788e-08,8.43827491671633e-09,-3.945374914812182e-09,2.9061222328631336e-09
10027,10026,126350000,0.0027,0,0.00145482460405,0.00333363688104,0.00142321160191,0.466200425409,0.466200425409,False,low,True,0.8417194268577141,0.5254745254745254,0.11632771790027618,-0.0011195236584171653,-0.000591096468269825,0.18585965116639142,-0.0043247358142152695,-0.005395698467351661,0.17853328585624695,-0.08988185226917267,0.03593313694000244,0.1811030642790714,0.0004869408709947302,-0.005521640789555661,0.00475658688732,-0.00481167668521,0.000125942322204,-0.0025697784228244647,-0.0903687931401674,0.0414547777295581,1.0790268279e-09,-1.09152389171e-09,2.85698858542e-11,-5.829515839126259e-10,-2.050006748808767e-08,9.40397355801227e-09
10027,10026,143500000,0.037,0,0.00535605255337,0.00393374404256,0.00153672639179,0.402800419054,0.402800419054,False,low,True,0.8417194268577141,0.5254745254745254,0.12042620778083801,0.0018626583041623235,-0.0004107094428036362,0.22402820564882003,0.005503085719320784,-0.003029984324142012,0.17848503589630127,-0.13245141506195068,0.053423695266246796,0.22168166586883004,0.006386685842055784,-0.009142989977732012,0.00234653977999,-0.000883600122735,0.00611300565359,-0.043196629972528766,-0.13883810090400647,0.0625666852439788,7.97757862337e-10,-3.00399316085e-10,2.07825086293e-09,-1.4685645426052041e-08,-4.720106922228299e-08,2.1270922189087748e-08
10027,10026,158200000,0.06640000000001,0,0.00982562785831,0.00407710710633,0.0011702586817,0.411369545567,0.411369545567,False,low,True,0.8417194268577141,0.5254745254745254,0.09587880969047546,0.0014418408973142505,0.00027888655313290656,0.2161448841515856,0.0046736048389112135,0.0028668545723285308,0.04439321160316467,0.16721932590007782,0.007639283314347267,0.21946210768873559,0.005173004289173213,-0.002128955404341469,-0.00331722353715,-0.000499399450262,0.00499580997667,-0.1750688960855709,0.1620463216109046,0.009768238718688736,-1.06575196926e-09,-1.60446210997e-10,1.6050453824e-09,-5.6245838928247427e-08,5.2061968219568426e-08,3.1383232194226406e-09
10027,10026,125300000,0.0006,0,0.00114095603755,0.00331874415737,0.00141405576974,0.505286979073,0.505286979073,False,mid,True,0.8417194268577141,0.5254745254745254,0.12190380692481995,-0.001495493110269308,-0.0006001981091685593,0.20683145630728722,-0.0057279014641615665,-0.0057112162265803,0.06098015978932381,0.028795652091503143,0.002780906856060028,0.10074971108028723,-0.0013716583438815669,-0.0053526577951783,0.106081745227,-0.00435624312028,-0.000358558431402,-0.03976955129096342,0.03016731043538471,0.008133564651238328,1.89900616384e-08,-7.79826210335e-10,-6.41867900903e-11,-7.11928549752674e-09,5.400355013078113e-09,1.456017656349937e-09
10027,10026,144700000,0.0394,0,0.00570289035413,0.00375254628698,0.00154752900816,0.404831831474,0.404831831474,False,mid,True,0.8417194268577141,0.5254745254745254,0.1243935376405716,0.0021242713555693626,-0.00043042711331509054,0.23106045022529662,0.005340957389757234,-0.004756746233353074,0.12403321266174316,-0.03403237462043762,-0.02257704548537731,0.2012420009189966,-0.04047018843414277,-0.012163333198563074,0.0298184493063,0.0458111458239,0.00740658696521,-0.07720878825725344,0.0064378138137051455,-0.010413712286814238,1.00028848781e-08,1.53677883482e-08,2.48461065133e-09,-2.5900428710496948e-08,2.1596264038978475e-09,-3.493379688819547e-09
10027,10026,160050000,0.07010000000001,0,0.00999809806813,0.00426627166794,0.000944507073743,0.408599269323,0.408599269323,False,mid,True,0.8417194268577141,0.5254745254745254,0.07620716840028763,0.0011991370702162385,0.00020735755970235914,0.16907151954847993,0.003821968721555824,0.0013306089514193015,0.1195162907242775,0.03324882686138153,-0.06025567650794983,0.08516897558197992,0.048914430448555826,-0.062016226714880704,0.0839025439665,-0.045092461727,0.0633468356663,0.03434731514229758,-0.015665603587174295,0.0017605502069308748,2.74579567024e-08,-1.47569644873e-08,2.07308931139e-08,1.1240506514282947e-08,-5.1267273276611605e-09,5.761578739922704e-10
10027,10026,135200000,0.0204,0,0.00389759024924,0.00399812736407,0.00140398849294,0.395287565017,0.4,True,high,True,0.8417194268577141,0.5254745254745254,0.09939774870872498,0.000923114363104105,-0.00032327743247151375,0.20629528023646143,0.00801739137056752,0.001749380448257033,0.02433941140770912,0.015443847514688969,0.005602594465017319,0.10758652205856144,0.12563708987756753,0.007616124046647033,0.0987087581779,-0.117619698507,-0.00586674359839,-0.08324711065085232,-0.11019324236287856,-0.002013529581629714,3.42003589525e-08,-4.07525733591e-08,-2.03269436928e-09,-2.8843246724764057e-08,-3.8179473762212645e-08,-6.976425975207366e-10
10027,10026,133800000,0.0176,0,0.00334546641057,0.00398170561742,0.00141324650849,0.399859018662,0.4,True,low,True,0.8417194268577141,0.5254745254745254,0.09578201919794083,0.0006298892549239099,-0.000317469792207703,0.19211529166603633,0.0025642823807356754,0.0006789345644219085,0.27656611800193787,-0.06424224376678467,0.07774275541305542,0.19000166409342634,0.005790007003105675,-0.004199895154388091,0.00211362757261,-0.00322572462237,0.00487882971881,0.08656445390851153,-0.07003225076989034,0.08194265056744351,7.32087289617e-10,-1.11727913964e-09,1.68985741464e-09,2.998292474061672e-08,-2.4256742917466232e-08,2.8382092349441108e-08
10027,10026,134750000,0.0195,0,0.00371576070959,0.00398870704807,0.00140630977615,0.396154013497,0.4,True,low,True,0.8417194268577141,0.5254745254745254,0.09819969534873962,0.0008283506031148136,-0.00032223673770204186,0.2093836211017132,0.0034213121976753667,0.0012697818585122186,0.5879258513450623,0.1133766770362854,0.17032010853290558,0.20477986812481322,0.003369242442722167,-0.0032845601725977817,0.0046037529769,5.20697549532e-05,0.00455434203111,0.38314598322024906,0.11000743459356323,0.17360466870550337,1.59458127109e-09,1.80351674938e-11,1.5774670234e-09,1.3270855582427267e-07,3.810278174429616e-08,6.013067049437116e-08
10027,10026,136600000,0.0232,0,0.00435980692163,0.00413150982756,0.00140409893553,0.395871209926,0.4,True,low,True,0.8417194268577141,0.5254745254745254,0.1018480435013771,0.0011104984441772103,-0.00030212951241992414,0.18625257276959847,0.0037701864162815496,0.0001732236060675396,0.014756433665752411,-0.007753191515803337,-0.0323089100420475,0.18522635920064848,0.0059077491034215494,-0.00378038224273246,0.00102621356895,-0.00213756268714,0.0039536058488,-0.17046992553489607,-0.013660940619224887,-0.02852852779931504,3.55443535136e-10,-7.40374967819e-10,1.36938711584e-09,-5.90446616565776e-08,-4.731659348367668e-09,-9.881257742005688e-09
10027,10026,134400000,0.0188,0,0.00357581808751,0.00398638050267,0.00140868662474,0.396790674629,0.4,True,mid,True,0.8417194268577141,0.5254745254745254,0.0972694531083107,0.000753518776036799,-0.00032023226958699524,0.20018259157484936,0.0032803014393060943,0.001012739578764061,0.6508925557136536,-0.17012177407741547,0.09302379935979843,0.19480674772834936,0.0032976302890004943,-0.0035089844863859395,0.0053758438465,-1.73288496944e-05,0.00452172406515,0.4560858079853042,-0.17341940436641595,0.09653278384618437,1.86200916575e-09,-6.00212317994e-12,1.56617117139e-09,1.5797258608790136e-07,-6.00665736708671e-08,3.343566767360913e-08
10027,10026,136050000,0.0221,0,0.00415890547054,0.00411725949098,0.00140741404474,0.394664882596,0.4,True,mid,True,0.8417194268577141,0.5254745254745254,0.10061702877283096,0.0010164800332859159,-0.00029929899028502405,0.18601596326936073,0.004038582202364912,0.0010488064720339764,0.07360278815031052,0.019792847335338593,-0.04947258532047272,0.17724330050662074,0.02823392932206491,-0.0018571540150660237,0.00877266276274,-0.0241953471197,0.0029059604871,-0.10364051235631022,-0.008441081986726318,-0.04761543130540669,3.03867744736e-09,-8.38079128447e-09,1.00656742814e-09,-3.589903043658675e-08,-2.9238244029267603e-09,-1.6493046771202358e-08
10027,10026,142250000,0.0345,0,0.00482114611522,0.0039192399686,0.00156799626107,0.399997562947,0.4,True,mid,True,0.8417194268577141,0.5254745254745254,0.12003795057535172,0.0016465155640617013,-0.0004037369799334556,0.21762878666560842,0.004359913124295917,-0.000771836180790166,0.09531264007091522,-0.0380207896232605,-0.09726482629776001,0.20843472759991843,-0.008986523618104083,-0.003170487083860166,0.00919405906569,0.0133464367424,0.00239865090307,-0.11312208752900321,-0.029034266005156413,-0.09409433921389984,3.18457427639e-09,4.6228459952e-09,8.30828028121e-10,-3.918244242976201e-08,-1.0056687257877568e-08,-3.259174321964191e-08
10028,10027,125050000,0.0001,6,0.00161795692857,0.0117111999561,0.0105477733603,0.535580253336,0.535580253336,False,high,True,0.5241586137954015,0.5044955044955045,0.2283300906419754,0.0033839356619864702,0.006506207399070263,0.16857161908323623,-0.0010898516551635096,-0.004918756446037146,0.07880919426679611,0.036064039915800095,0.040449582040309906,0.012531227238236254,-0.00026150582854250954,-0.001712563417207146,0.156040391845,-0.000828345826621,-0.00320619302883,0.06627796702855986,0.0363255457443426,0.04216214545751705,2.33436979844e-08,-1.23920829566e-10,-4.79647614695e-10,9.915207383429145e-09,5.434314531949897e-09,6.307471919913388e-09
10028,10027,136600000,0.0232,6,0.00367328134299,0.0117585460756,0.0102558406363,0.444521071824,0.444521071824,False,high,True,0.5241586137954015,0.5044955044955045,0.23451641201972961,-0.000674517301376909,-0.004447207786142826,0.2307598447170958,-0.003067371465647707,-0.004257978264431179,0.0030247862450778484,-0.0032176850363612175,0.0016208032611757517,0.0366904444220958,-0.035698282282747705,0.01231074552136882,0.194069400295,0.0326309108171,-0.0165687237858,-0.03366565817701795,0.03248059724638649,-0.010689942260193068,5.04114301079e-08,8.47619912005e-09,-4.303888505e-09,-8.744984895337742e-09,8.437153695842536e-09,-2.77681734620706e-09
10028,10027,150100000,0.0502,6,0.00677666493157,0.0117583877431,0.00975262706256,0.400356151575,0.400356151575,False,high,True,0.5241586137954015,0.5044955044955045,0.24335861206054688,-1.4221718629414681e-05,-0.010234229266643524,0.18150468119698804,-0.0009726204781654729,-0.011547821046326026,0.039744675159454346,-0.024391768500208855,-0.020877636969089508,0.09423307525238805,-0.040829703043465476,-0.08664233128722602,0.0872716059446,0.0398570825653,0.0750945102409,-0.05448840009293371,0.01643793454325662,0.06576469431813652,3.01638456677e-08,1.377587675e-08,2.59550536842e-08,-1.883292593615184e-08,5.681473547919621e-09,2.2730372247941084e-08
10028,10027,142500000,0.035,6,0.00516716941037,0.0114851903265,0.00995321554495,0.427605499301,0.427605499301,False,low,True,0.5241586137954015,0.5044955044955045,0.24807769060134888,-0.0018576839938759804,-0.008871897123754025,0.213033491058022,-0.0014928212058031203,-0.009037389825152018,0.06889968365430832,-0.01394521165639162,0.10044874995946884,0.213570679756684,-0.00486275266657312,-0.014838343593762017,-0.000537188698662,0.00336993146077,0.00580095376861,-0.1446709961023757,-0.0090824589898185,0.11528709355323086,-1.55324308365e-10,9.74391819271e-10,1.67730470542e-09,-4.1830594102213374e-08,-2.626128703670809e-09,3.333444674865212e-08
10028,10027,144900000,0.0398,6,0.00600228365932,0.0115763213904,0.00997291121616,0.416584694586,0.416584694586,False,low,True,0.5241586137954015,0.5044955044955045,0.24978704750537872,-0.001040482660755515,-0.009645190089941025,0.19448657646772216,-0.0016836485325793962,-0.007466436714828506,0.018442729488015175,-0.004646587651222944,0.01724039949476719,0.19663561577984215,-0.0016284741509909962,-0.012378887511288506,-0.00214903931212,-5.51743815884e-05,0.00491245079646,-0.17819288629182697,-0.003018113500231948,0.029619287006055695,-6.67295032836e-10,-1.71321159953e-11,1.52535786435e-09,-5.533041077422957e-08,-9.371499794755883e-10,9.19704120062861e-09
10028,10027,152500000,0.05500000000001,6,0.00750506902136,0.0116748855325,0.00960270110736,0.400445015665,0.400445015665,False,low,True,0.5241586137954015,0.5044955044955045,0.23573245108127594,0.0005051610060036182,-0.010635768994688988,0.16457255549906505,0.0019631963864020917,-0.008515203883215625,0.6541617512702942,0.12462514638900757,0.10753181576728821,0.16569196498322505,0.0019056960764198916,-0.013051923207755625,-0.00111940948416,5.75003099822e-05,0.00453671932454,0.48846978628706916,0.12271945031258767,0.12058373897504383,-3.865750979e-10,1.98570659576e-11,1.56670346449e-09,1.6868738216520567e-07,4.2379740559465284e-08,4.1642197389540146e-08
10028,10027,125250000,0.0005,6,0.00163386674971,0.0117111807125,0.0105465707389,0.5339743921,0.5339743921,False,mid,True,0.5241586137954015,0.5044955044955045,0.22790591418743134,0.0033390920143574476,0.006389744114130735,0.1677400206842953,0.0026083179871763743,0.005316693652382128,0.09584236890077591,0.04551162198185921,0.05538911372423172,0.0634263265482953,0.00033611869893637416,-0.003575271535767872,0.104313694136,0.00227219928824,0.00889196518815,0.032416042352480606,0.04517550328292283,0.05896438525999959,1.57515643696e-08,3.4310637396e-10,1.34270349827e-09,4.894883475769609e-09,6.821586118523597e-09,8.903733279025607e-09
10028,10027,149450000,0.0489,6,0.0065758198196,0.0117712552301,0.00980421570118,0.404409839962,0.404409839962,False,mid,True,0.5241586137954015,0.5044955044955045,0.24577628076076508,-0.0002093324437737465,-0.01012588944286108,0.1872385474093394,-0.000800860667240169,-0.009650833138959682,0.04896233603358269,0.0005458305822685361,0.0032153085339814425,0.1843804526505994,0.0045649209719498315,-0.014055563051429682,0.00285809475874,-0.00536578163919,0.00440472991247,-0.13541811661701672,-0.004019090389681295,0.017270871585411122,9.61357844556e-10,-1.80485138053e-09,1.48158896466e-09,-4.554966846584978e-08,-1.3518740280667997e-09,5.809285304540169e-09
10028,10027,150150000,0.0503,6,0.00678625111881,0.011754145513,0.00974417355391,0.399964505354,0.4,True,high,True,0.5241586137954015,0.5044955044955045,0.24294407665729523,-1.1840095794468652e-05,-0.010235536843538284,0.180946190785943,-0.0009858397864076496,-0.011481472576252302,0.03815449774265289,-0.02370089292526245,-0.019212020561099052,0.09788153206104301,-0.04363610445190765,-0.08224356385495231,0.0830646587249,0.0426502646655,0.0707620912787,-0.05972703431839012,0.0199352115266452,0.06303154329385326,2.87777252192e-08,1.47761709481e-08,2.45155045481e-08,-2.0692412491148352e-08,6.906547842450391e-09,2.1837258599469713e-08
10028,10027,157550000,0.06510000000001,6,0.00887264492225,0.011629933927,0.00940681013565,0.36706438209,0.4,True,high,True,0.5241586137954015,0.5044955044955045,0.2281125783920288,0.0014011235907673836,-0.007581157609820366,0.14462561454434925,0.0005560788470157438,-0.006155155857554254,0.054097019135951996,-0.1008288711309433,0.02908378839492798,0.025236968699349244,-0.047017153346384254,0.011402203888545745,0.119388645845,0.0475732321934,-0.0175573597461,0.028860050436602752,-0.053811717784559045,0.017681584506382235,4.1363299074e-08,1.64821856987e-08,-6.08290945081e-09,9.998831036662436e-09,-1.8643566652883015e-08,6.12594826638133e-09
10028,10027,162300000,0.0746,6,0.00986600357839,0.01135617652,0.00943865508709,0.387054552844,0.4,True,high,True,0.5241586137954015,0.5044955044955045,0.22371847927570343,0.0018924458418041468,-0.005601329263299704,0.14045953496789798,-0.0002484432996852498,-0.005638764202300309,0.06776833534240723,-0.029830176383256912,-0.023981206119060516,0.04427546150099797,-0.08588599787048525,-0.025956521005600308,0.0961840734669,0.0856375545708,0.0203177568033,0.02349287384140926,0.05605582148722833,0.001975314886539792,3.33239092619e-08,2.96699650479e-08,7.03928477672e-09,8.139335006036156e-09,1.9421085440764532e-08,6.843670856316663e-10
10028,10027,151550000,0.05310000000001,6,0.0071877704278,0.0116729091087,0.00962829347862,0.398991114895,0.4,True,low,True,0.5241586137954015,0.5044955044955045,0.23680531978607178,0.00022030201216693968,-0.010437136515974998,0.1680262366200553,0.0017126676581974793,-0.008732266587527808,0.27115240693092346,-0.031646594405174255,0.03860747814178467,0.1677112873748403,-0.0015223934559925206,-0.014760520568057808,0.000314949245215,0.00323506111419,0.00602825398053,0.10344111955608315,-0.030124200949181733,0.053367998709842476,1.09087646795e-10,1.1205145259e-09,2.08798100331e-09,3.582846596907906e-08,-1.0433992914860959e-08,1.8484849485573847e-08
10028,10027,154700000,0.05940000000001,6,0.00821840829982,0.0116829058087,0.00954548500754,0.375822425701,0.4,True,low,True,0.5241586137954015,0.5044955044955045,0.23400914669036865,0.001089553814381361,-0.009058322757482529,0.158402031171808,0.0017351118871969083,-0.008382678082810438,0.12465397268533707,0.07280800491571426,-0.0979272723197937,0.158753696823977,0.0017168792963382082,-0.012917798822240438,-0.000351665652169,1.82325908587e-05,0.00453512073943,-0.03409972413863993,0.07109112561937606,-0.08500947349755326,-1.21804339306e-10,6.31511400012e-12,1.57080278364e-09,-1.181091853467717e-08,2.4623410143001853e-08,-2.94442254744717e-08
10028,10027,162250000,0.0745,6,0.0098571995105,0.0113608159228,0.00944051594397,0.386848380568,0.4,True,low,True,0.5241586137954015,0.5044955044955045,0.22388865053653717,0.0018928898498415947,-0.005618014372885227,0.14092422582942707,0.0014631983539873151,-0.005198882133295333,0.07569775730371475,-0.03380945324897766,-0.026153892278671265,0.14123021095420507,0.0015490765165192151,-0.009713614326875333,-0.000305985124778,-8.58781625319e-05,0.00451473219358,-0.06553245365049032,-0.035358529765496874,-0.01644027795179593,-1.0598224154e-10,-2.97451066325e-11,1.56374084583e-09,-2.2698084871224754e-08,-1.2246922934083819e-08,-5.694320958079937e-09
10028,10027,150200000,0.0504,6,0.00679624006563,0.011749681664,0.00973616025973,0.399585939208,0.4,True,mid,True,0.5241586137954015,0.5044955044955045,0.24254345893859863,-9.437902008357923e-06,-0.010237208567559719,0.18045203607490468,-0.0009482763204274949,-0.011389148690828688,0.04015670344233513,-0.025203237310051918,-0.017952868714928627,0.10189219514190467,-0.04554195017632749,-0.0781042577988287,0.078559840933,0.0445936738559,0.066715109108,-0.061735491699569545,0.020338712866275574,0.06015138908390007,2.72167421999e-08,1.54492996761e-08,2.31131823062e-08,-2.1388013802164054e-08,7.046265600654262e-09,2.08392077964897e-08
10028,10027,158500000,0.06700000000001,6,0.00894713932205,0.0115276372211,0.00943698321789,0.365365860401,0.4,True,mid,True,0.5241586137954015,0.5044955044955045,0.22722986340522766,0.0013360281009227037,-0.007464008871465921,0.14255357510975114,0.00024118812428969988,-0.005895621995996157,0.04672824963927269,-0.03896195441484451,0.035733237862586975,0.05566619536645113,-0.0589730124299103,0.017820698343503843,0.0868873797433,0.0592142005542,-0.0237163203395,-0.008937945727178438,0.020011058015065787,0.017912539519083132,3.0101486543e-08,2.05143194144e-08,-8.21634280673e-09,-3.096484826950623e-09,6.932682229929007e-09,6.205666103379215e-09
10028,10027,163200000,0.0764,6,0.00999506171365,0.0112462919166,0.00939063145914,0.389570694749,0.4,True,mid,True,0.5241586137954015,0.5044955044955045,0.21955032646656036,0.0018118828302249312,-0.005374203436076641,0.13214785609089946,0.0003447638164962019,-0.005314870983837074,0.026844631880521774,-0.01656285487115383,-0.0067099276930093765,0.08739141868419947,-0.0517528397297038,-0.027721127877537072,0.0447564374067,0.0520976035462,0.0224062568937,-0.0605467868036777,0.03518998485854997,0.021011200184527696,1.55043251053e-08,1.8047419084e-08,7.76187541729e-09,-2.097434740290196e-08,1.2190357349917276e-08,7.278606104253795e-09
10029,10028,125050000,0.0001,0,0.00111834377093,0.00705386090132,0.00129365041319,0.521808088184,0.521808088184,False,high,True,0.6527824058647118,0.5634365634365635,0.09313880652189255,-0.0005082465941086411,0.00022775185061618686,0.15630099830755673,0.0009855449485142408,0.0020310216181108477,0.3395209312438965,-0.3318363428115845,-0.004868037533015013,0.011676433064556728,0.0001630856250882407,-0.00043893249713915233,0.144624565243,0.000822459323426,0.00246995411525,0.32784449817933975,-0.33199942843667274,-0.0044291050358758605,2.346801729e-08,1.33459274986e-10,4.00795852247e-10,5.3198848610378245e-08,-5.387306308392913e-08,-7.187044150246241e-10
10029,10028,176400000,0.1028,0,0.00993730681164,0.00654564792913,0.000633166046935,0.409025556042,0.409025556042,False,high,True,0.6527824058647118,0.5634365634365635,0.04948394373059273,0.0008948621689341962,-0.0005342384101822972,0.12089077263967879,0.005176257280327456,-0.0022128944048286983,0.016577251255512238,0.02032916620373726,-0.0015969404485076666,0.002975183927678787,0.033709123361327455,0.0589028880285713,0.117915588712,-0.028532866081,-0.0611157824334,0.01360206732783345,-0.013379957157590196,-0.060499828477078965,3.84827343413e-08,-9.31193845856e-09,-1.99456445508e-08,4.439147946316796e-09,-4.366660442591988e-09,-1.9744622847659524e-08
10029,10028,131450000,0.0129,0,0.00207399576349,0.00723630200898,0.00111441493246,0.426254801435,0.426254801435,False,low,True,0.6527824058647118,0.5634365634365635,0.06904446333646774,-0.00047100739902816713,0.00012938136933371425,0.09090212040983482,-0.00013711607029610317,-0.0005633281583277529,0.39679190516471863,-0.14319947361946106,0.06126503273844719,0.09442701692015482,0.00013537533466689684,-0.006453764067257753,-0.00352489651032,-0.000272491404963,0.00589043590893,0.3023648882445638,-0.14333484895412796,0.06771879680570494,-1.02808889695e-09,-7.94762022479e-11,1.7180339163e-09,8.818925137860278e-08,-4.180575694194187e-08,1.97512020301921e-08
10029,10028,167250000,0.0845,0,0.00828438589901,0.00656797888098,0.00062429524168,0.405855605629,0.405855605629,False,low,True,0.6527824058647118,0.5634365634365635,0.04813746362924576,0.0005622584139928222,-0.0006124046049080789,0.11691391991990947,0.006772086763398425,-0.0020004087218662998,0.013886634260416031,0.013046386651694775,-0.007712658029049635,0.11761859869805548,0.005834534213844425,-0.0075056642887063,-0.000704678778146,0.000937552549554,0.00550525556684,-0.10373196443763945,0.007211852437850349,-0.00020699374034333518,-2.3477003962e-10,3.1235402006e-10,1.83412514699e-09,-3.455923203052024e-08,2.402693163295645e-09,-6.896181654489996e-11
10029,10028,176350000,0.1027,0,0.00992588420114,0.00654493490862,0.000633465539879,0.409123993559,0.409123993559,False,low,True,0.6527824058647118,0.5634365634365635,0.04950220510363579,0.0008931353222578764,-0.0005348254344426095,0.1208850567159215,0.005233289787472504,-0.00221562386327606,0.031364187598228455,0.038323722779750824,-0.0029138559475541115,0.1212837623941655,0.005481168070736504,-0.00690126946832606,-0.000398705678244,-0.000247878283264,0.00468564560505,-0.08991957479593704,0.03284255470901432,0.0039874135207719485,-1.29999168729e-10,-8.08214493264e-11,1.52776864453e-09,-2.931854401336713e-08,1.0708412355517079e-08,1.3001080028853722e-09
10029,10028,125200000,0.0004,0,0.00112805870042,0.00705391539409,0.00129310023723,0.520623611893,0.520623611893,False,mid,True,0.6527824058647118,0.5634365634365635,0.09296610951423645,-0.0005082212155684829,0.00022683087445329875,0.15224458059509008,-0.0003033796274756304,-0.0033853170018204085,0.34305065870285034,-0.3211170434951782,-0.0009694246691651642,0.05066226833409009,0.00014214227823836957,-0.0033394534414825086,0.101582312261,-0.000445521905714,-4.58635603379e-05,0.29238839036876024,-0.3212591857734166,0.0023700287723173443,1.65979281321e-08,-7.27955527663e-11,-7.4938250708e-12,4.777447354744146e-08,-5.2491784825135466e-08,3.872481966433359e-10
10029,10028,166500000,0.083,0,0.0081066725689,0.00656783528117,0.000643133163452,0.403971338026,0.403971338026,False,mid,True,0.6527824058647118,0.5634365634365635,0.04951569810509682,0.0005439820815809071,-0.0006395411910489202,0.12058190111380171,0.006397963135051223,-0.0023618998014915647,0.01834312453866005,0.020368242636322975,-0.020946083590388298,0.1185135576443817,-0.012681782422048777,-0.022121456706691564,0.00206834346942,0.0190797455571,0.0197595569052,-0.10017043310572166,0.03305002505837175,0.001175373116303266,6.97769814811e-10,6.4366826501e-09,6.66602165759e-09,-3.379318067391824e-08,1.1149651982599717e-08,3.96520159162952e-10
10029,10028,177150000,0.1043,0,0.00999849205391,0.00660717714471,0.000681980682193,0.408213774955,0.408213774955,False,mid,True,0.6527824058647118,0.5634365634365635,0.05338098481297493,0.0009727271972224116,-0.0005941760609857738,0.13027677098481244,0.005993527464611147,-0.0020449229183760777,0.008864732459187508,0.009735913015902042,0.00037651549791917205,0.05476263302591245,0.052506892977411145,0.02415249158412392,0.0755141379589,-0.0465133655128,-0.0261974145025,-0.04589790056672494,-0.0427709799615091,-0.02377597608620475,2.4774408043e-08,-1.52599384409e-08,-8.59475396396e-09,-1.5058018904709675e-08,-1.403214998684021e-08,-7.800337117021706e-09
10029,10028,138000000,0.026,0,0.00330693231273,0.00733006843443,0.00103809278173,0.394631376718,0.4,True,high,True,0.6527824058647118,0.5634365634365635,0.06471686065196991,-0.0007441677153110504,3.5946555726695806e-05,0.1623308798973879,0.0008598109286702821,-0.0012321814503536907,0.00850647408515215,-0.0069380272179841995,-0.005736618302762508,0.0264774675593879,0.03736358606137028,-0.04826857764425369,0.135853412338,-0.0365037751327,0.0470363961939,-0.017970993474235752,-0.04430161327935448,0.042531959341491184,4.70695928523e-08,-1.26475868622e-08,1.62968598284e-08,-6.226471101653313e-09,-1.5349330310312853e-08,1.4736192304346191e-08
10029,10028,141900000,0.0338,0,0.00339640623238,0.00730942043901,0.00093011271253,0.39380832057,0.4,True,high,True,0.6527824058647118,0.5634365634365635,0.05847051739692688,-0.0006818497786298394,2.6879593860940076e-05,0.16800238941008372,-0.0022813869781691948,-0.0011621657553159206,0.0012504012556746602,-0.001180920866318047,-0.0009269315050914884,0.019064080732083696,-0.028054220345569196,-0.02298735950731592,0.148938308678,0.0257728333674,0.021825193752,-0.017813679476409036,0.02687329947925115,0.022060428002224432,5.16036587342e-08,8.92968712689e-09,7.56192184659e-09,-6.172025482633837e-09,9.310973031037386e-09,7.64342504129223e-09
10029,10028,161600000,0.0732,0,0.00696968565555,0.00675608828683,0.000654216938032,0.394116639868,0.4,True,high,True,0.6527824058647118,0.5634365634365635,0.04940086230635643,0.00017287812079302967,-0.0005718700122088194,0.1328120579950312,-0.0032352100346922513,0.000348412841640406,0.006578718312084675,0.015577102079987526,0.01724948175251484,0.04179239041763122,-0.08817100128909225,-0.016098448480559593,0.0910196675774,0.0849357912544,0.0164468613222,-0.035213672105546545,0.10374810336907977,0.03334793023307443,3.15343182047e-08,2.94265221976e-08,5.6981152778e-09,-1.2199991176501067e-08,3.594416230967653e-08,1.155359354112912e-08
10029,10028,144150000,0.0383,0,0.00379791299897,0.00726655069715,0.000787807041995,0.390704599928,0.4,True,low,True,0.6527824058647118,0.5634365634365635,0.05139314383268356,-0.0006481388700194657,2.632948053360451e-06,0.14054316283394844,-0.0019674074560275282,0.0002082785676362194,0.0409807451069355,0.0028837057761847973,0.01695827580988407,0.14065355601888044,-0.001258956782143528,-0.006443979878793781,-0.000110393184932,-0.000708450673884,0.00665225844643,-0.09967281091194494,0.0041426625583283255,0.02340225568867785,-3.82364103866e-11,-2.45382998253e-10,2.30411400951e-09,-3.4523240766854874e-08,1.4348761272856232e-09,8.1057381670662e-09
10029,10028,156500000,0.06300000000001,0,0.00636619760118,0.00681007046188,0.000914862989802,0.393461113751,0.4,True,low,True,0.6527824058647118,0.5634365634365635,0.0680919736623764,-7.734231621725485e-05,-0.0005840273224748671,0.18352113928686553,-0.0034103034404319426,0.00041849853208827535,2.9109323804732412e-05,-0.0004908114788122475,-0.00043099033064208925,0.18149546323488552,-0.004807775029691943,-0.0015800102630117248,0.00202567605198,0.00139747158926,0.0019985087951,-0.1814663539110808,0.004316963550879695,0.0011490199323696355,7.0161923635e-10,4.84032453423e-10,6.9220950373e-10,-6.285323091518094e-08,1.4952364505478312e-09,3.9797799194644195e-10
10029,10028,165400000,0.0808,0,0.00783321390917,0.00658190891808,0.000673799426192,0.399884706084,0.4,True,low,True,0.6527824058647118,0.5634365634365635,0.05175279453396797,0.0005076263914816082,-0.000686749117448926,0.12900264563671682,0.004873918960144819,-0.0012052659014455099,0.2859843969345093,0.06406840682029724,-0.43425196409225464,0.13000759937848683,0.0044678422500308195,-0.00545101293015551,-0.00100495374177,0.000406076710114,0.00424574702871,0.15597679755602245,0.05960056457026642,-0.42880095116209915,-3.48079719896e-10,1.40650322137e-10,1.47057359466e-09,5.4024735415104385e-08,2.06434853257132e-08,-1.4852117940142336e-07
10029,10028,135150000,0.0203,0,0.00268756196518,0.00729459633679,0.00107197719752,0.399836174353,0.4,True,mid,True,0.6527824058647118,0.5634365634365635,0.06283219158649445,-0.0005685673095285892,7.849853864172474e-05,0.08460101318875571,-0.00031666148737553856,3.856663149058408e-05,0.05776219069957733,0.025438006967306137,-0.01049766130745411,0.07474375401059571,0.026881664087824463,-0.007061263604869416,0.00985725917816,-0.0271983255752,0.00709983023636,-0.016981563311018383,-0.0014436571205183255,-0.0034363977025846934,3.41438940994e-09,-9.42104424098e-09,2.4592622283e-09,-5.8821289859084074e-09,-5.000586364627614e-10,-1.1903105835001179e-09
10029,10028,150050000,0.0501,0,0.00493527533357,0.00705898307029,0.000806417321365,0.385345038966,0.4,True,mid,True,0.6527824058647118,0.5634365634365635,0.05794563144445419,-0.0007834057905711234,-5.820795558975078e-05,0.10885478416278528,-0.0015131939265306052,0.001018116852953388,0.049851421266794205,-0.036071110516786575,0.011855924502015114,0.052928267723185284,-0.03676316445493061,0.029000654613253386,0.0559265164396,0.0352499705284,-0.0279825377603,-0.003076846456391079,0.0006920539381440327,-0.017144730111238272,1.93737944994e-08,1.2211125037e-08,-9.69357597529e-09,-1.0658663322385502e-09,2.397379925243394e-10,-5.939194841174966e-09
10029,10028,163600000,0.0772,0,0.0073529675763,0.00657520896052,0.000689111878777,0.395467012663,0.4,True,mid,True,0.6527824058647118,0.5634365634365635,0.05258675292134285,0.0003993687278125435,-0.0006795413792133331,0.1364975502463583,0.001268231826862776,9.324423856501811e-05,0.0795673057436943,0.004141311161220074,0.02064410038292408,0.1333140269815383,-0.005989422945957224,0.0002500191882910181,0.00318352326482,0.00725765477282,-0.000156774949726,-0.05374672123784399,0.010130734107177297,0.02039408119463306,1.10266618754e-09,2.51380934051e-09,-5.4301609172e-11,-1.8616070080302117e-08,3.5089481136818976e-09,7.063828936886611e-09
10030,10029,125050000,0.0001,6,0.000973541841463,0.00887277647503,0.0101422488854,0.591936828443,0.591936828443,False,high,True,0.8203932022659114,0.5174825174825175,0.2284690886735916,0.003413134254515171,0.011109680868685246,0.17304328588680237,0.0024629038584264725,-0.0011954358714645094,0.12182292342185974,0.11559174954891205,0.19459190964698792,0.009014531161802381,0.00013299574957647252,-0.0013469132883965093,0.164028754725,0.00232990810885,0.000151477416932,0.11280839226005736,0.11545875379933558,0.19593882293538442,1.76524879222e-08,2.50740638862e-10,1.63017348841e-11,1.2140242027881212e-08,1.2425469304891329e-08,2.108659369606124e-08
10030,10029,149150000,0.0483,6,0.00534809177897,0.0091421361713,0.00944336940089,0.411088300732,0.411088300732,False,high,True,0.8203932022659114,0.5174825174825175,0.1978079378604889,-0.002424925100058317,-0.0075372192077338696,0.15893172216878684,-0.003965969901348804,-0.010428352506681199,0.007609731517732143,0.0008086655871011317,-0.006278206594288349,0.07035780469038684,0.016825101207451197,-0.0834452693359812,0.0885739174784,-0.0207910711088,0.0730169168293,-0.0627480731726547,-0.016016435620350065,0.07716706274169285,2.85163821726e-08,-6.69368755945e-09,2.35078041555e-08,-2.0201748845776943e-08,-5.156493155041987e-09,2.4843944074339413e-08
10030,10029,134000000,0.018,6,0.00228521883979,0.0085469470549,0.0099136660805,0.43844456894,0.43844456894,False,low,True,0.8203932022659114,0.5174825174825175,0.1745496243238449,0.0012849419144913554,0.0011848034337162971,0.14995836795158876,0.0014500455092635854,-0.0005028660837658669,0.04553976655006409,-0.0394800528883934,0.026569683104753494,0.14846452516353875,-0.0005196095191764149,-0.006860936151105867,0.00149384278805,0.00196965502844,0.00635807006734,-0.10292475861347467,-0.03896044336921699,0.03343061925585936,4.03062078063e-10,5.31443639972e-10,1.71550644707e-09,-2.7770704804199132e-08,-1.0512135140490822e-08,9.020102366842012e-09
10030,10029,148550000,0.0471,6,0.00517201127531,0.00914494144259,0.00946588085119,0.412712170298,0.412712170298,False,low,True,0.8203932022659114,0.5174825174825175,0.19849517941474915,-0.0022741546854376793,-0.007348567247390747,0.15381068455228902,-0.004212747880360272,-0.007798552858592614,0.048210509121418,-0.016309650614857674,-0.021377235651016235,0.15133679875530903,-0.004069141686761272,-0.012299955754672614,0.00247388579698,-0.000143606193599,0.00450140289608,-0.10312628963389103,-0.012240508928096402,-0.009077279896343621,7.87840332596e-10,-4.57332151168e-11,1.43352888768e-09,-3.284187589567194e-08,-3.898145434530345e-09,-2.8907749991232467e-09
10030,10029,152000000,0.05400000000001,6,0.00616966349803,0.00912525331149,0.00924091958336,0.400095270896,0.400095270896,False,low,True,0.8203932022659114,0.5174825174825175,0.19107350707054138,-0.0030285113025456667,-0.008319485001266003,0.15779881702845733,-0.005947305252520743,-0.011933695452028673,0.17066438496112823,0.04608473181724548,0.04729132726788521,0.15972530325450732,-0.005829755520152743,-0.016158841620528674,-0.00192648622605,-0.000117549732368,0.0042251461685,0.010939081706620918,0.05191448733739823,0.06345016888841389,-6.66842068769e-10,-4.06891602212e-11,1.46250991767e-09,3.786499886184171e-09,1.796989963749798e-08,2.1962909110454033e-08
10030,10029,125350000,0.0007,6,0.000997492659938,0.00887300720569,0.01014071451,0.589088032556,0.589088032556,False,mid,True,0.8203932022659114,0.5174825174825175,0.22754034399986267,0.0033799363300204277,0.010933923535048962,0.1731858838207313,0.0004407305146823084,0.00808814977880291,0.11893908679485321,0.12205686420202255,0.1843768209218979,0.0664004926957313,0.0004623560252208084,-0.00317576731559709,0.106785391125,-2.16255105385e-05,0.0112639170944,0.05253859409912191,0.12159450817680174,0.187552588237495,1.16824801918e-08,-2.36586293163e-12,1.23228923873e-09,5.747800128853878e-09,1.3302619564733002e-08,2.0518531363905854e-08
10030,10029,133550000,0.0171,6,0.0021546461093,0.00854980635321,0.00992068239884,0.442385716281,0.442385716281,False,mid,True,0.8203932022659114,0.5174825174825175,0.1792851984500885,0.0014351872960105538,0.00215265154838562,0.15305260040044094,0.00121460676667393,-0.0003037125482806338,0.0034839941654354334,8.507047459715977e-05,-0.0010398743906989694,0.13852099516634095,-0.007468114880756069,-0.009339763384480634,0.0145316052341,0.00868272164743,0.0090360508362,-0.13503700100090552,0.007553185355353229,0.008299888993781665,3.82438061459e-09,2.28509045046e-09,2.37807847748e-09,-3.553859883754865e-08,1.9878227619091285e-09,2.184337797491622e-09
10030,10029,150800000,0.05160000000001,6,0.00577193509576,0.00913847289446,0.00927911982425,0.404266975251,0.404266975251,False,mid,True,0.8203932022659114,0.5174825174825175,0.19203849136829376,-0.002729908563196659,-0.007908163592219353,0.16817850797116993,-0.005224223307651693,-0.01055370242957606,0.04989728704094887,0.008432069793343544,0.01106049120426178,0.16467405978169994,-0.005158102051675293,-0.01698955455113606,0.00350444818947,-6.61212559764e-05,0.00643585212156,-0.11477677274075107,0.013590171845018838,0.02805004575539784,1.179883109e-09,-2.22618080948e-11,2.16683277928e-09,-3.8643223737478466e-08,4.5755603568332815e-09,9.443933368127335e-09
10030,10029,145000000,0.04,6,0.00439343861518,0.008955220185,0.00962719984794,0.375266413009,0.4,True,high,True,0.8203932022659114,0.5174825174825175,0.19248543679714203,-0.0014644088223576546,-0.005680398549884558,0.13531026595120688,0.0012695003143245037,-0.005492511314302374,0.007359027862548828,0.002189233433455229,0.013448193669319153,0.038346798788506886,0.06852993151332451,-0.04493075017330237,0.0969634671627,-0.067260431199,0.039438238859,-0.030987770925958058,-0.06634069807986928,0.058378943842621524,3.35934988482e-08,-2.33027271418e-08,1.36635835171e-08,-1.0735874833797504e-08,-2.2984080806393367e-08,2.0225689531564806e-08
10030,10029,158700000,0.06740000000001,6,0.00723231827539,0.00948294312899,0.00919448268094,0.394342808402,0.4,True,high,True,0.8203932022659114,0.5174825174825175,0.1911880522966385,-0.003329148283228278,-0.009536190889775753,0.17346855154497035,-0.003865850684618498,-0.010031857047103514,0.05608133599162102,0.037713758647441864,0.04176035523414612,0.08605434543567035,0.0547409023056815,0.043419071937896486,0.0874142061093,-0.0586067529903,-0.053450928985,-0.029973009444049334,-0.017027143658239638,-0.001658716703750368,3.02846830521e-08,-2.03043305891e-08,-1.85180935136e-08,-1.0384159869801995e-08,-5.899060026097877e-09,-5.746629968074308e-10
10030,10029,172950000,0.0959,6,0.00999795293974,0.00995387275873,0.0089079688225,0.376947163656,0.4,True,high,True,0.8203932022659114,0.5174825174825175,0.17680975794792175,0.00013720682181883603,-0.005854708142578602,0.17495112066065444,0.0005760552445805839,-0.0061101707072147605,0.015198658220469952,0.00971246138215065,0.004759497009217739,0.06996210089165443,0.07490202085288059,-0.01937662111791476,0.104989019769,-0.0743259656083,0.0132664504107,-0.05476344267118448,-0.06518955947072994,0.0241361181271325,3.63743841537e-08,-2.57508950134e-08,4.59628030298e-09,-1.8973284117554692e-08,-2.2585505457771385e-08,8.362173822244147e-09
10030,10029,139400000,0.0288,6,0.00300175690753,0.0089005995332,0.00976242031752,0.392713742402,0.4,True,low,True,0.8203932022659114,0.5174825174825175,0.1711055487394333,0.000356600881787017,-0.001737793441861868,0.12389023778921383,0.0016637288732265537,-0.0013261738087137678,0.1804870367050171,-0.0068311141803860664,-0.012933014892041683,0.12361751749783684,0.005445597732586554,-0.006700266423333768,0.000272720291377,-0.00378186885936,0.00537409261462,0.05686951920718025,-0.01227671191297262,-0.006232748468707915,9.44609251421e-11,-1.30990924591e-09,1.86140076932e-09,1.9697644680529055e-08,-4.2522305881640146e-09,-2.1588096124473524e-09
10030,10029,155750000,0.06150000000001,6,0.00696372826885,0.00926573676708,0.00907635710421,0.392655140241,0.4,True,low,True,0.8203932022659114,0.5174825174825175,0.18620628118515015,-0.003317900700494647,-0.009057974442839622,0.16421513142031127,-0.005392957006971658,-0.011005567761648464,0.17439432442188263,0.0035457194317132235,0.40922439098358154,0.16528879886749126,-0.005215807632151658,-0.015587338267928465,-0.00107366744718,-0.00017714937482,0.00458177050628,0.00910552555439137,0.00876152706386488,0.42481172925151,-3.71879935682e-10,-6.13581964202e-11,1.58696114487e-09,3.153827813643937e-09,3.034679061516088e-09,1.4713956259553254e-07
10030,10029,171600000,0.0932,6,0.00988144807011,0.00975702175749,0.00895727128955,0.374245173369,0.4,True,low,True,0.8203932022659114,0.5174825174825175,0.17933037877082825,-0.0001146015856647864,-0.0059674810618162155,0.1671439685413911,-0.0005005321412887082,-0.005625703657422316,0.008718687109649181,-0.02380112186074257,0.010550132021307945,0.1650092266378711,-0.0005044789526718782,-0.010189416902082317,0.00213474190352,3.94681138317e-06,0.00456371324466,-0.15629053952822192,-0.02329664290807069,0.020739548923390264,7.39398644805e-10,1.36703504213e-12,1.5807078986e-09,-5.4133482334362193e-08,-8.069128247434726e-09,7.183441868304875e-09
10030,10029,139000000,0.028,6,0.00290403252242,0.00889131270672,0.00976910760935,0.399889415419,0.4,True,mid,True,0.8203932022659114,0.5174825174825175,0.1694962978363037,0.00048646179493516684,-0.0014585118042305112,0.12617423530046318,0.0022152545000751547,-0.0013236783250589468,0.13034088909626007,0.019563009962439537,0.0013324411120265722,0.11922761422950318,0.020617591015375154,-0.011115022402848947,0.00694662107096,-0.0184023365153,0.00979134407779,0.011113274866756895,-0.0010545810529356166,0.01244746351487552,2.40615184977e-09,-6.37415163343e-09,3.39149932375e-09,3.849386141039585e-09,-3.652829376079264e-10,4.311518802489622e-09
10030,10029,158750000,0.06750000000001,6,0.00724109854123,0.00948840858845,0.00919881560907,0.394410334435,0.4,True,mid,True,0.8203932022659114,0.5174825174825175,0.19136768579483032,-0.0033311485312879086,-0.00955288391560316,0.17369957915945888,-0.0038656168740297397,-0.009990787365486913,0.03359144181013107,0.02252623811364174,0.02470082975924015,0.08956354155275888,0.05454791893477026,0.043224187439613086,0.0841360376067,-0.0584135358088,-0.0532149748051,-0.055972099742627804,-0.03202168082112852,-0.018523357680372936,2.91487931733e-08,-2.02372743268e-08,-1.84362413354e-08,-1.939144277868406e-08,-1.1093859157963511e-08,-6.4173870942792336e-09
10030,10029,171150000,0.0923,6,0.00973551662883,0.00975738893462,0.00896656851158,0.369570070466,0.4,True,mid,True,0.8203932022659114,0.5174825174825175,0.17982783913612366,-0.0002862066321540624,-0.00620528869330883,0.1634244948381652,-0.000535790751734203,-0.005903982106309543,0.0494295172393322,-0.060436755418777466,0.013434980995953083,0.1581200405171052,-0.00020677991169320295,-0.010449265085989543,0.00530445432106,-0.000329010840041,0.00454528297968,-0.10869052327777301,-0.06022997550708426,0.023884246081942624,1.83728213933e-09,-1.13958138475e-10,1.57433106807e-09,-3.764669182656747e-08,-2.0861610177753176e-08,8.272688589959825e-09
10031,10030,128800000,0.0076,2,0.00402011724141,0.00838486712344,0.0036559775954,0.387534618542,0.4,True,high,True,0.5191602799066978,0.5514485514485514,0.15722808241844177,-0.0018513844115659595,-0.0011277698213234544,0.14523794741764,-0.005419123192060587,-0.00032630459013132523,0.0418737456202507,-0.0621931329369545,-0.03497064486145973,-0.01603662259336,-0.006169122948943587,-0.05942547102183132,0.161274570011,0.000749999756883,0.0590991664317,0.0579103682136107,-0.05602400998801091,0.02445482616037159,5.58802220588e-08,2.59868328626e-10,2.04773421096e-08,2.006543396806315e-08,-1.9411827410490106e-08,8.473382481551391e-09
10031,10030,135950000,0.0219,2,0.00471146747218,0.00808773558639,0.00357516070363,0.379261596303,0.4,True,high,True,0.5191602799066978,0.5514485514485514,0.16974639892578125,-0.0024891002103686333,-0.001383950817398727,0.15670457343100438,-0.003804546736741829,0.0008369290408068858,0.012043598107993603,0.0025488990359008312,0.008132297545671463,0.045335573998004385,-0.002123249190961829,0.04298969441570689,0.111368999433,-0.00168129754578,-0.0421527653749,-0.03329197589001078,0.00467214822686266,-0.034857396870035424,3.85839189897e-08,-5.82487484259e-10,-1.46038744417e-08,-1.1534043650271233e-08,1.6186711707111538e-09,-1.2076385563959576e-08
10031,10030,155100000,0.06020000000001,2,0.00909812097006,0.00814021298354,0.00345738753955,0.355308615618,0.4,True,high,True,0.5191602799066978,0.5514485514485514,0.18577797710895538,0.0006453437963500619,-0.0036328148562461138,0.15491027084736675,0.0033327941461418348,-0.0032947069918350946,0.02405037358403206,-0.009806159883737564,0.015291275456547737,0.06038134628036676,0.033582638200641834,0.057705282368764904,0.094528924567,-0.0302498440545,-0.0609999893606,-0.0363309726963347,-0.0433887980843794,-0.04241400691221717,3.274946909e-08,-1.04800338878e-08,-2.11333967376e-08,-1.2586835963467541e-08,-1.5032013833067425e-08,-1.4694298223711332e-08
10031,10030,125800000,0.0016,2,0.0032795268127,0.00830740499799,0.00373048241409,0.39173472095,0.4,True,low,True,0.5191602799066978,0.5514485514485514,0.1454797238111496,-0.0015039377612993121,-0.0007670149207115173,0.1355204406091963,-0.003112716028041536,0.0009255676199357533,0.1980169266462326,0.17331407964229584,0.08181005716323853,0.1305183079031863,-0.003023416454004036,-0.003350088337694247,0.00500213270601,-8.92995740375e-05,0.00427565595763,0.0674986187430463,0.17633749609629987,0.08516014550093277,1.73256667066e-09,-3.0930300089e-11,1.4809401195e-09,2.337919923820577e-08,6.107724174469036e-08,2.9496544461156252e-08
10031,10030,146700000,0.0434,2,0.00723475954736,0.00767798702498,0.00347367537246,0.371514296511,0.4,True,low,True,0.5191602799066978,0.5514485514485514,0.1832956075668335,-0.0006466608610935509,-0.0037968354299664497,0.17512006684561304,-0.0009371357687898544,-0.004227958014588072,0.21069121360778809,-0.09874643385410309,-0.08727692812681198,0.17288651109104305,-0.0009688949370203544,-0.008238763465438071,0.00223355575457,3.17591682305e-05,0.00401080545085,0.03780470251674503,-0.09777753891708274,-0.07903816466137391,7.73623487178e-10,1.10002351301e-11,1.38919894564e-09,1.3094191059647446e-08,-3.3866627448140805e-08,-2.7375981298133304e-08
10031,10030,158650000,0.06730000000001,2,0.00999328035709,0.00824332129687,0.00357687868852,0.385119470319,0.4,True,low,True,0.5191602799066978,0.5514485514485514,0.18596412241458893,0.0011505888542160392,-0.0034202937968075275,0.15569816540159315,0.004152461210230002,-0.0050474206344650226,0.033360812813043594,0.01138575840741396,0.019047828391194344,0.15427153494713314,0.004021706650506002,-0.009460990101925023,0.00142663045446,0.000130754559724,0.00441356946746,-0.12091072213408954,0.007364051756907957,0.028508818493119367,4.94133600403e-10,4.52886878752e-11,1.52870209994e-09,-4.187913574137652e-08,2.550643298549288e-09,9.874431799154696e-09
10031,10030,125050000,0.0001,2,0.00312758443665,0.00831094625061,0.00373426682733,0.392351665905,0.4,True,mid,True,0.5191602799066978,0.5514485514485514,0.14316947758197784,-0.001419311505742371,-0.0006855199462734163,0.13109763853348502,-0.002990747546499353,0.0018280031565120558,0.26774948835372925,0.09306034445762634,0.1401282399892807,0.023299314445485015,-0.0005730320839193528,-0.0002204946021279443,0.107798324088,-0.00241771546258,0.00204849775864,0.24445017390824422,0.0936333765415457,0.14034873459140865,3.73459323828e-08,-8.37599646842e-10,7.0968690309e-10,8.468795542951518e-08,3.2438591032632535e-08,4.8622781443090695e-08
10031,10030,140200000,0.0304,2,0.00548997042287,0.00794618765628,0.00361575963325,0.356867803164,0.4,True,mid,True,0.5191602799066978,0.5514485514485514,0.17528893053531647,-0.0023615448735654354,-0.0020797792822122574,0.15805968471395776,-0.004047904869322617,-0.0028739068941466515,0.02916625328361988,0.007407297845929861,-0.022672196850180626,0.14915270555530777,-0.012809941753082617,-0.020097735332646652,0.00890697915865,0.00876203688376,0.0172238284385,-0.11998645227168789,0.020217239599012476,-0.002574461517533974,3.08517069176e-09,3.03496605442e-09,5.96593410087e-09,-4.156052005547727e-08,7.002782196764816e-09,-8.917336708085338e-10
10031,10030,156950000,0.06390000000001,2,0.00948695848657,0.00823079309996,0.00360479741778,0.361310609611,0.4,True,mid,True,0.5191602799066978,0.5514485514485514,0.18399487435817719,0.0007615390350110829,-0.003585201222449541,0.1464018371977069,0.002520409516640888,-0.0050621939471201405,0.10467769205570221,-0.052645646035671234,0.03612667694687843,0.14206920926533692,0.005859700970620888,-0.0004556611079401408,0.00433262793237,-0.00333929145398,-0.00460653283918,-0.03739151720963471,-0.05850534700629212,0.03658233805481857,1.50067513068e-09,-1.15661711952e-09,-1.59554648549e-09,-1.2951151322208516e-08,-2.0264264699095116e-08,1.2670879151864482e-08
10032,10031,125050000,0.0001,0,0.00185067569155,0.000992592954765,0.00251571978015,0.493982944155,0.493982944155,False,high,True,0.6537820726424525,0.44555444555444557,0.08260852843523026,-0.0004406728548929095,-0.0006512349937111139,0.1414656819343819,0.0018276724247948384,0.0014051633445936163,0.4009164273738861,-0.21963892877101898,-0.2977026402950287,0.012931441840381891,0.00039742440841483825,-0.0005651710077163837,0.128534240094,0.00143024801638,0.00197033435231,0.38798498553350425,-0.22003635317943382,-0.29713746928731233,2.46257606632e-08,2.74019944527e-10,3.77494604947e-10,7.433369806890226e-08,-4.215656907169144e-08,-5.692830328624522e-08
10032,10031,156700000,0.06340000000001,0,0.00984146064065,0.00177584671461,0.00220532085154,0.404637517731,0.404637517731,False,high,True,0.6537820726424525,0.44555444555444557,0.1435454934835434,0.000988149200566113,0.0012078015133738518,0.2339462635767497,0.002958488343989693,0.002657408805278344,0.17074720561504364,0.01149428728967905,0.23003815114498138,0.1513060966884497,0.0868049563405897,0.028927604304178345,0.0826401668883,-0.0838464679966,-0.0262701954989,0.019441108926593953,-0.07531066905091065,0.20111054684080304,2.77621195983e-08,-2.81673641289e-08,-8.82520373289e-09,6.53104188273284e-09,-2.5299849697118167e-08,6.756103314044367e-08
10032,10031,128650000,0.0073,0,0.00254326358183,0.00101580234326,0.002470011434,0.424470000495,0.424470000495,False,low,True,0.6537820726424525,0.44555444555444557,0.07333029806613922,0.00014691430260427296,-0.0006407363107427955,0.09750434536803468,6.867557385728182e-05,-0.0014079928881947272,0.22445353865623474,0.012749229557812214,0.08745642751455307,0.09329601899336468,0.003326344538047282,-0.005802354853534727,0.00420832637467,-0.00325766896419,0.00439436196534,0.13115751966287006,0.009422885019764932,0.0932587823680878,1.24161572247e-09,-9.61135768575e-10,1.29650327009e-09,3.869643749909667e-08,2.78010808808954e-09,2.7514874117966363e-08
10032,10031,147250000,0.0445,0,0.00644200726001,0.0016599162303,0.00208207507343,0.419173604958,0.419173604958,False,low,True,0.6537820726424525,0.44555444555444557,0.12409516423940659,0.002607086207717657,-0.00017040334932971746,0.30836451223779215,0.008010661864745217,-0.0003327264423794553,0.12844857573509216,-0.08579576760530472,-0.045863352715969086,0.3072271803048622,0.0077958642510752175,-0.0045806287494894555,0.00113733193293,0.00021479761367,0.00424790230711,-0.17877860456977002,-0.09359163185637993,-0.04128272396647963,3.47253907376e-10,6.55827102734e-11,1.29698343253e-09,-5.458526855236309e-08,-2.8575703291948853e-08,-1.2604576368107545e-08
10032,10031,156150000,0.06230000000001,0,0.0096954261212,0.00167931213374,0.00216856746183,0.405852685756,0.405852685756,False,low,True,0.6537820726424525,0.44555444555444557,0.13349924981594086,0.0010399315506219864,0.0010634575737640262,0.23026319803699638,0.0022758720170055007,0.002701664040638716,0.20620153844356537,0.07704741507768631,0.306501179933548,0.23483438709958637,0.002904502073510501,-0.0023567111441112846,-0.00457118906259,-0.000628630056505,0.00505837518475,-0.028632848656021004,0.0741429130041758,0.30885789107765926,-1.52296600735e-09,-2.09438330847e-10,1.68527999024e-09,-9.539499373053313e-09,2.4701917738490584e-08,1.0290103138858773e-07
10032,10031,125150000,0.0003,0,0.00185626623791,0.000992665651745,0.00251543159283,0.493290317712,0.493290317712,False,mid,True,0.6537820726424525,0.44555444555444557,0.08252011984586716,-0.0004358493024483323,-0.0006511203246191144,0.14429301429865313,-0.002191871359104815,-0.002518333772603434,0.41115236282348633,-0.2213870733976364,-0.2964390218257904,0.04185869131665313,0.00017534006557518519,-0.0024006313607774343,0.102434322982,-0.00236721142468,-0.000117702411826,0.3692936715068332,-0.2215624134632116,-0.29403839046501296,1.97061649923e-08,-4.55400665991e-10,-2.26434175569e-11,7.10441755211745e-08,-4.262385252026769e-08,-5.6566674800907035e-08
10032,10031,138400000,0.0268,0,0.00444497493738,0.00145252111431,0.00248863646966,0.407948528365,0.407948528365,False,mid,True,0.6537820726424525,0.44555444555444557,0.12117043137550354,0.00204031215980649,-0.0007090782164596021,0.20309214544440174,0.002106502449256902,-0.003142092315700894,0.13618724048137665,0.009378917515277863,-0.022321229800581932,0.20518879822629174,0.012565992229756903,-0.001361170715510894,-0.00209665278189,-0.0104594897805,-0.00178092160019,-0.06900155774491509,-0.00318707471447904,-0.020960059085071037,-6.8894216419e-10,-3.43689884559e-09,-5.85195599429e-10,-2.2673321465413063e-08,-1.0472454810775337e-09,-6.887296071296136e-09
10032,10031,157100000,0.06420000000001,0,0.00998264690979,0.00183281136318,0.00222211905195,0.403587564276,0.403587564276,False,mid,True,0.6537820726424525,0.44555444555444557,0.14925789833068848,0.0008967093308456242,0.0013205389259383082,0.23737251404112844,0.0014987003691808581,0.0020758286093162572,0.09308077394962311,0.0028345792088657618,0.08818380534648895,0.20076036877862843,0.05056989409788086,0.011650102600766257,0.0366121452625,-0.0490711937287,-0.00957427399145,-0.10767959482900533,-0.0477353148890151,0.0765337027457227,1.23837628616e-08,-1.65979355243e-08,-3.23842096201e-09,-3.6421754525359276e-08,-1.6146085280496554e-08,2.5886907716806058e-08
10033,10032,134800000,0.0196,4,0.00494845532723,0.00234386378532,0.0128898139986,0.478446954144,0.478446954144,False,low,True,0.29056981006331223,0.15384615384615385,0.011287148110568523,-0.0005873642512597144,0.00010647258022800088,0.03745744414091483,-0.0016875136300149537,0.0010128877234520123,0.32372868061065674,-0.30762097239494324,0.008115633390843868,0.03480133583804483,-0.0024422337692379535,0.007364136158682012,0.00265610830287,0.000754720139223,-0.00635124843523,0.2889273447726119,-0.30517873862570527,0.000751497232161856,5.58960159252e-10,1.58825786115e-10,-1.33657759097e-09,6.080281985183252e-08,-6.422281657650558e-08,1.5814754696288425e-10
10033,10032,136750000,0.0235,4,0.00509244457526,0.0023338973948,0.0128998510538,0.483074680366,0.483074680366,False,low,True,0.29056981006331223,0.15384615384615385,0.010275720618665218,-0.0005279027973301709,9.038803545990959e-05,0.04361001363277511,-0.0027723284685729193,0.0007225169627546597,0.39591655135154724,-0.34618479013442993,-0.006177177652716637,0.040745758659395115,-0.002730140723076119,-0.00282541410067534,0.00286425497338,-4.21877454968e-05,0.00354793106343,0.3551707926921521,-0.3434546494113538,-0.0033517635520412966,5.86020426523e-10,-8.63152227711e-12,7.2589908873e-10,7.266718269024791e-08,-7.027008489468443e-08,-6.857636364874464e-10
10033,10032,159850000,0.06970000000001,4,0.00906667012349,0.00227081865939,0.0127436905157,0.491103050128,0.491103050128,False,low,True,0.29056981006331223,0.15384615384615385,0.02685530111193657,6.646104884566739e-05,-0.0005403239629231393,0.11108205905642315,0.0012740677178096254,-0.0017535414867799921,0.3741733133792877,-0.13115668296813965,0.07506763935089111,0.10893168679989315,0.003476504092429625,-0.007943999054379992,0.00215037225653,-0.00220243637462,0.0061904575676,0.26524162657939454,-0.1346331870605693,0.08301163840527111,4.19085393291e-10,-4.29232153388e-10,1.20645638749e-09,5.1692859715205626e-08,-2.6238620768108742e-08,1.6178112893334263e-08
10033,10032,125050000,0.0001,4,0.00404724648711,0.00239295339109,0.0128506942286,0.480924044293,0.480924044293,False,mid,True,0.29056981006331223,0.15384615384615385,0.014600812457501888,-0.0006647369009442627,0.00018276517221238464,0.04676708430783706,-0.001700380195294504,0.0009519132434448365,0.579278826713562,0.03268219158053398,0.031376007944345474,0.005484986906537065,-0.0001763956633245039,-0.0008347262979051635,0.0412820974013,-0.00152398453197,0.00178663954135,0.5737938398070249,0.032858587243858484,0.03221073424225064,8.55812572175e-09,-3.15934800886e-10,3.70385391654e-10,1.1895228509585252e-07,6.811861275807556e-09,6.677555904084888e-09
10033,10032,145000000,0.04,4,0.00615452832299,0.0022661847025,0.0127946824767,0.488720106128,0.488720106128,False,mid,True,0.29056981006331223,0.15384615384615385,0.0209680013358593,-0.0008400272345170379,7.365006604231894e-05,0.08999748886376364,-0.005658036401340865,0.0014708880197880862,0.902080774307251,-0.11978192627429962,-0.09744232892990112,0.08780259930321364,-0.005520078575549865,-0.006311680747951914,0.00219488956055,-0.000137957825791,0.00778256876774,0.8142781750040373,-0.11426184769874975,-0.09113064818194921,4.33966733595e-10,-2.72765920019e-11,1.53874527804e-09,1.6099654679470507e-07,-2.25914969534705e-08,-1.8018068167410048e-08
10033,10032,163850000,0.0777,4,0.00999948693113,0.00228036019988,0.0126696618415,0.47969018833,0.47969018833,False,mid,True,0.29056981006331223,0.15384615384615385,0.03461365029215813,0.0006895183469168842,-0.0010568974539637566,0.1088357532542347,0.001945704863403162,-0.0034185384851492945,0.3693149983882904,-0.16848157346248627,0.0697142705321312,0.1104514835367447,0.001513736661152162,-0.010226015609019295,-0.00161573028251,0.000431968202251,0.00680747712387,0.2588635148515457,-0.16999531012363842,0.0799402861411505,-3.37453147318e-10,9.02186651877e-11,1.42177478854e-09,5.4064907217709035e-08,-3.5504349365537115e-08,1.669591852547082e-08
10034,10033,125050000,0.0001,2,0.00374071822175,0.00971764766072,0.00157564086049,0.400769801544,0.400769801544,False,high,True,0.4145284905031656,0.47952047952047955,0.1007995456457138,-0.0002839137159753591,-0.0005481520784087479,0.2267925717960413,-0.0013785508017490021,-0.001944087831531056,0.14217637479305267,-0.0076428665779531,-0.04835807904601097,0.041875848088041276,-0.0004232516390530022,-0.000915961857111056,0.184916723708,-0.000955299162696,-0.00102812597442,0.1003005267050114,-0.007219614938900098,-0.047442117188899915,6.37460704737e-08,-3.29318876777e-10,-3.54424356582e-10,3.457645320378491e-08,-2.48880725041849e-09,-1.6354651353874875e-08
10034,10033,125100000,0.0002,2,0.00374678820348,0.00971759795273,0.00157548852605,0.400686415107,0.400686415107,False,high,True,0.4145284905031656,0.47952047952047955,0.10084082931280136,-0.00028505228692665696,-0.000548906740732491,0.22478939686782984,-0.000834420770967675,-0.0028552512297755545,0.14294299483299255,-0.009991245344281197,-0.05174395814538002,0.07811910421782985,-0.000546355247742675,-0.0021200365938735546,0.14667029265,-0.000288065523225,-0.000735214635902,0.06482389061516271,-0.009444890096538521,-0.04962392155150647,5.05852727249e-08,-9.9351223698e-11,-2.53568955215e-10,2.235718035745728e-08,-3.257458158416705e-09,-1.71148469128114e-08
10034,10033,125150000,0.0003,2,0.00375610962056,0.00971754085139,0.00157522305773,0.400558214893,0.400558214893,False,high,True,0.4145284905031656,0.47952047952047955,0.10090218484401703,-0.0002867845178116113,-0.0005500591942109168,0.22657839325365642,-0.0007095784092412016,-0.0028999948882699644,0.14245955646038055,-0.013996372930705547,-0.05706917494535446,0.1073065745636564,-0.0005894083484932016,-0.0031531431413729643,0.11927181869,-0.000120170060748,0.000253148253103,0.03515298189672415,-0.013406964582212346,-0.053916031803981496,4.11684482055e-08,-4.1478489857e-11,8.73778974839e-11,1.213357631651091e-08,-4.6276139079453646e-09,-1.8609923007356658e-08
10034,10033,156850000,0.06370000000001,2,0.00882337171092,0.0102905410824,0.000757994868371,0.400008457568,0.400008457568,False,low,True,0.4145284905031656,0.47952047952047955,0.056385450065135956,-0.0007247997564263642,-0.0006889321375638247,0.15005570425764878,-0.007177228766994375,-0.0003531893137723877,0.2863742709159851,0.037577539682388306,-0.12951365113258362,0.14871795184622877,-0.004188704443644374,-0.0028740489056723875,0.00133775241142,-0.00298852432335,0.0025208595919,0.13765631906975634,0.04176624412603268,-0.12663960222691123,4.63322794048e-10,-1.03505807783e-09,8.73085108691e-10,4.767646825035325e-08,1.4465496574859306e-08,-4.38608922249993e-08
10034,10033,158400000,0.06680000000001,2,0.00928520096463,0.0102716674198,0.000742759256385,0.404011295186,0.404011295186,False,low,True,0.4145284905031656,0.47952047952047955,0.055755097419023514,-0.0007172762998379767,-0.0006329954485408962,0.1469250183949666,-0.006198487683078136,-0.0001231357310833665,0.44276073575019836,0.02035864256322384,0.003604559227824211,0.1475854741348186,-0.006291154643839335,-0.005223535003773367,-0.000660455739852,9.26669607612e-05,0.00510039927269,0.29517526161537977,0.026649797207063175,0.008828094231597578,-2.22739296548e-10,3.12520164604e-11,1.72011427499e-09,9.954812436883912e-08,8.987668249210888e-09,2.9772827766712716e-09
10034,10033,161650000,0.0733,2,0.00999369976392,0.0103033984536,0.000746736772107,0.404745672755,0.404745672755,False,low,True,0.4145284905031656,0.47952047952047955,0.057156309485435486,-0.0007359082228504121,-0.0005681407055817544,0.09070727868332114,-0.00245229892610396,-0.0002160140856286583,0.4286423921585083,-0.07547000795602798,-0.2753009498119354,0.09190617774256114,-0.0027207090687759597,-0.004758900221268659,-0.00119889905924,0.000268410142672,0.00454288613564,0.33673621441594714,-0.07274929888725203,-0.27054204959066674,-4.02367083363e-10,9.00821511366e-11,1.52465533304e-09,1.130133245271535e-07,-2.441566951308739e-08,-9.079764854416357e-08
10034,10033,125200000,0.0004,2,0.00376807017149,0.00971748081319,0.00157486482752,0.400393607495,0.400393607495,False,mid,True,0.4145284905031656,0.47952047952047955,0.10097972303628922,-0.0002889961760956794,-0.0005515344673767686,0.2282504148720259,-0.0006803293127178068,-0.002850989464199408,0.1407567411661148,-0.019411390647292137,-0.06402801722288132,0.1310956436288259,-0.0006094756493298068,-0.003979295354529408,0.0971547712432,-7.0853663388e-05,0.00112830589033,0.009661097537288915,-0.01880191499796233,-0.06004872186835191,3.35695844049e-08,-2.44818448241e-11,3.89860007238e-10,3.338168831772031e-09,-6.4965669150502835e-09,-2.0748447156753448e-08
10034,10033,159400000,0.06880000000001,2,0.00955058751097,0.010276585553,0.000739816742697,0.406714136786,0.406714136786,False,mid,True,0.4145284905031656,0.47952047952047955,0.05591068044304848,-0.0007185637950897217,-0.0006053075776435435,0.11405860142322936,-0.003630377913882439,0.0006011463180903252,0.11067832261323929,0.004797701258212328,0.06247589737176895,0.10668036905502937,0.031763717092217564,0.010069240572860325,0.0073782323682,-0.0353940950061,-0.00946809425477,0.003997953558209921,-0.026966015834005236,0.05240665679890863,2.44439092497e-09,-1.17259799248e-08,-3.13675722288e-09,1.3245125537405382e-09,-8.933777237897238e-09,1.7362201391055205e-08
10034,10033,160250000,0.07050000000001,2,0.00972581970796,0.0103092106674,0.000757103271522,0.408363723746,0.408363723746,False,mid,True,0.4145284905031656,0.47952047952047955,0.05762442573904991,-0.0007416050648316741,-0.0006011940422467887,0.09789389022208407,-0.0036368226082920535,-0.00019305972970735464,0.07576864957809448,-0.011704137548804283,0.026966523379087448,0.09973669645322407,0.0035661516373179467,0.0018387302180926453,-0.00184280623114,-0.00720297424561,-0.0020317899478,-0.023968046875129587,-0.01527028918612223,0.025127793160994803,-6.03871755939e-10,-2.36035272302e-09,-6.65800094846e-10,-7.854122863437336e-09,-5.003942459428041e-09,8.234161748835722e-09
10034,10033,125600000,0.0012,2,0.00390440981333,0.00971877599654,0.00156492040717,0.39850794856,0.4,True,high,True,0.4145284905031656,0.47952047952047955,0.10147871822118759,-0.00031188593129627407,-0.0005666821962222457,0.2320343618458613,-0.00041501027429375476,-0.0041496290622032445,0.051199205219745636,-0.0332694835960865,-0.05136611685156822,0.05094351355586129,0.028389701577306244,-0.08956483196510324,0.18109084829,-0.0288047118516,0.0854152029029,0.00025569166388434567,-0.06165918517339275,0.03819871511353502,6.27505919e-08,-9.98124828097e-09,2.95976002654e-08,8.860085092174618e-11,-2.1365797345568375e-08,1.3236405957714041e-08
10034,10033,155100000,0.06020000000001,2,0.00841630170098,0.0101810579746,0.000717259390114,0.393318877693,0.4,True,high,True,0.4145284905031656,0.47952047952047955,0.05219351872801781,-0.0006886577466502786,-0.0006986233638599515,0.14118170515271647,-0.005059301392284804,-0.0027189380122853374,0.15134197473526,0.026394624263048172,0.17952276766300201,0.05834175996321648,0.07860128295141519,0.0008118903720246626,0.0828399451895,-0.0836605843437,-0.00353082838431,0.09300021477204354,-0.05220665868836702,0.17871087729097734,2.86999129599e-08,-2.8984223533e-08,-1.22325608828e-09,3.221994006757703e-08,-1.8087005693381296e-08,6.191441352961596e-08
10034,10033,133000000,0.016,2,0.00516811015786,0.0101245539817,0.00114700756462,0.387881624747,0.4,True,low,True,0.4145284905031656,0.47952047952047955,0.08161637932062149,-0.00020570200285874307,-0.0006144842482171953,0.10039599730657041,2.962021802378279e-05,-0.0006301403727652982,0.10151701420545578,-0.03771834820508957,-0.04543116316199303,0.0963801536189104,0.002417643285283783,-0.005753560249145299,0.00401584368766,-0.00238802306726,0.00512341987638,0.005136860586545375,-0.04013599149037335,-0.03967760291284773,1.39095116562e-09,-8.27129671194e-10,1.77457774836e-09,1.7792331515396307e-09,-1.3901737340629302e-08,-1.374296718526303e-08
10034,10033,148500000,0.047,2,0.007409108916,0.0101375284544,0.000906717093434,0.379848815879,0.4,True,low,True,0.4145284905031656,0.47952047952047955,0.06408189237117767,-0.0008538784459233284,-0.0009793773060664535,0.07949840068753723,-0.0009133649737905472,-0.0003725762021475013,0.2584880292415619,-0.041043318808078766,0.12319083511829376,0.08070247865937723,-0.0007269281419695472,-0.005010279299957501,-0.00120407797184,-0.000186436831821,0.00463770309781,0.17778555058218465,-0.04031639066610922,0.12820111441825127,-4.17049547622e-10,-6.45750509432e-11,1.60633449343e-09,6.157855652046253e-08,-1.3964155878834571e-08,4.440428113724136e-08
10034,10033,156800000,0.06360000000001,2,0.0088085161163,0.0102909241282,0.000758259259687,0.399875246401,0.4,True,low,True,0.4145284905031656,0.47952047952047955,0.056387484073638916,-0.0007247835164889693,-0.0006905611953698099,0.15012610519810698,-0.007268039657719373,-0.00038013818247498903,0.28231653571128845,0.0422373004257679,-0.1250510960817337,0.148378638763567,-0.0034410161161993733,-0.002395095720234989,0.00174746643454,-0.00382702354152,0.00201495753776,0.13393789694772146,0.04567831654196727,-0.12265600036149872,6.05259704504e-10,-1.32554370836e-09,6.97909029774e-10,4.6391284162152354e-08,1.5821330713996986e-08,-4.248363978108699e-08
10034,10033,125300000,0.0006,2,0.00379804622704,0.0097173559228,0.00157394364262,0.399980823895,0.4,True,mid,True,0.4145284905031656,0.47952047952047955,0.10117234289646149,-0.0002945173473563045,-0.0005552268121391535,0.23037559805492336,-0.0007201584454103985,-0.0027337042365596456,0.13682088255882263,-0.03307889401912689,-0.08172468096017838,0.16625366685582335,-0.0006401297174006984,-0.005138255092679646,0.0641219311991,-8.00287280097e-05,0.00240455085612,-0.02943278429700072,-0.032438764301726195,-0.07658642586749873,2.22124390316e-08,-2.77227028015e-11,8.32958993767e-10,-1.0195792835642785e-08,-1.1237092533523853e-08,-2.65302570184263e-08
10034,10033,138350000,0.0267,2,0.00670417160323,0.0101178904352,0.00100044999828,0.381372354214,0.4,True,mid,True,0.4145284905031656,0.47952047952047955,0.07072320580482483,-0.0007078413618728518,-0.0009117829031310976,0.16398781366550452,-0.0008124780615091941,-0.002472769614395017,0.06341879814863205,-0.0739990696310997,0.03177381306886673,0.17264393704666453,-0.000845813223067694,-0.007009541513425017,-0.00865612338116,3.33351615585e-05,0.00453677189903,-0.10922513889803248,-0.07315325640803201,0.03878335458229175,-2.9982043374e-09,1.15462339863e-11,1.57139271086e-09,-3.783209535921371e-08,-2.5337948756003195e-08,1.3433313829678176e-08
10034,10033,156650000,0.06330000000001,2,0.00876422918529,0.0102914885119,0.000758663001466,0.399464868348,0.4,True,mid,True,0.4145284905031656,0.47952047952047955,0.056361518800258636,-0.0007243783911690116,-0.0006951159448362887,0.15013912445517963,-0.007672502156187632,-0.0004063409627933744,0.2722703218460083,0.04748842492699623,-0.10782784223556519,0.14668233603724962,0.00014752758249236817,-4.4755648648374414e-05,0.00345678841793,-0.00782002973868,-0.000361585314145,0.12558798580875868,0.04734089734450386,-0.10778308658691681,1.19731777312e-09,-2.70860100775e-09,-1.25241255981e-10,4.3499546202582613e-08,1.639732923533636e-08,-3.73325149268981e-08
10035,10034,125050000,0.0001,0,0.0027989661821,0.00707644645699,0.00259342085212,0.398177815266,0.4,True,high,True,0.4489795918367347,0.5144855144855145,0.15340152382850647,-0.0012742517283186316,0.00017050241876859218,0.15984957999865101,-0.0007485666837237193,0.001660173116982569,0.18305572867393494,-0.10492449998855591,0.04008885473012924,0.02795820922265101,-1.3424797567194053e-06,-0.00015542424883743084,0.131891370776,-0.000747224203967,0.00181559736582,0.15509751945128392,-0.10492315750879919,0.04024427897896667,4.56952037034e-08,-2.58883974072e-10,6.29033506789e-10,5.37352269789898e-08,-3.635177212397996e-08,1.3943069323038487e-08
10035,10034,125850000,0.0017,0,0.00299753673858,0.00707490426726,0.00258835077787,0.396387808458,0.4,True,low,True,0.4489795918367347,0.5144855144855145,0.15615956485271454,-0.0013890512054786086,0.0001370510581182316,0.16289117364303315,-0.001140614021500912,0.00019852042330799693,0.196712926030159,-0.08398988097906113,-0.035304758697748184,0.15792804884180314,-0.001193635363274012,-0.004078134823762003,0.00496312480123,5.30213417731e-05,0.00427665524707,0.038784877188355854,-0.08279624561578712,-0.03122662387398618,1.71905556377e-09,1.83647674044e-11,1.48128614355e-09,1.3433746196375701e-08,-2.8677769023571815e-08,-1.0815827459130323e-08
10035,10034,142700000,0.0354,0,0.00666246565829,0.007362119658,0.0024346752667,0.382732121853,0.4,True,low,True,0.4489795918367347,0.5144855144855145,0.18224039673805237,-0.0007596247014589608,-0.002061632229015231,0.20341550295069646,-0.0017468259289939087,-0.0017542676963316923,0.4208647906780243,-0.08225689083337784,-0.04499366506934166,0.20301857844218146,-0.0019777540722809087,-0.0061580490654416925,0.000396924508515,0.000230928143287,0.00440378136911,0.21784621223584283,-0.08027913676109694,-0.03883561600389997,1.374803435e-10,7.998518555e-11,1.52531114188e-09,7.54540761424871e-08,-2.780579949339282e-08,-1.3451257641451558e-08
10035,10034,155750000,0.06150000000001,2,0.00986288873741,0.00796767130775,0.00250150027288,0.393448382803,0.4,True,low,True,0.4489795918367347,0.5144855144855145,0.19593839347362518,0.0021589193493127823,-0.0030881960410624743,0.20576864791328442,0.002415467958805802,-0.003777748652606398,0.041870392858982086,-0.0003157435276079923,0.03030923381447792,0.2035798216638844,0.0023786252257943018,-0.008222734255906397,0.0021888262494,3.68427330115e-05,0.0044449856033,-0.16170942880490233,-0.002694368753402294,0.038531968070384316,7.58131398996e-10,1.27610095723e-11,1.53958458551e-09,-5.601038251619505e-08,-9.332333039146268e-10,1.3346100389284244e-08
10035,10034,125100000,0.0002,0,0.00280312247302,0.00707643663827,0.00259337229915,0.3981408856,0.4,True,mid,True,0.4489795918367347,0.5144855144855145,0.15346282720565796,-0.0012767097214236856,0.00016980494547169656,0.15988798463997736,-0.0012282170202253405,0.00016022945894240395,0.18370471894741058,-0.10579206049442291,0.03872050344944,0.054199630444977366,-0.00020534950331534038,-0.000845911651737596,0.105688354195,-0.00102286751691,0.00100614111068,0.12950508850243322,-0.10558671099110757,0.0395664151011776,3.6614776361e-08,-3.54363218764e-10,3.48568506301e-10,4.486586899044012e-08,-3.657956299044952e-08,1.370742738280475e-08
10035,10034,136550000,0.0231,0,0.00554236576652,0.00732460808641,0.00263083999056,0.38067470384,0.4,True,mid,True,0.4489795918367347,0.5144855144855145,0.19005639851093292,-0.002331404946744442,-0.0008760198834352195,0.19083753040580492,-0.002675516245225485,6.327179963900448e-05,0.028271568939089775,0.018147654831409454,-0.03377706930041313,0.1698059976952049,0.026216767435974515,0.021933000342539005,0.0210315327106,-0.0288922836812,-0.0218697285429,-0.14153442875611513,-0.008069112604565061,-0.05571006964295214,7.28516420643e-09,-1.00080690177e-08,-7.57550891689e-09,-4.902645796377837e-08,-2.7950797087991984e-09,-1.9297547681601473e-08
10035,10034,156100000,0.06220000000001,2,0.00999578890858,0.00797935448394,0.00250482550734,0.395713522877,0.4,True,mid,True,0.4489795918367347,0.5144855144855145,0.19665057957172394,0.002276931656524539,-0.003084223484620452,0.2095403163910906,0.002304550121732918,-0.00298376333855873,0.0072570675984025,-0.000862372515257448,0.0024636685848236084,0.1676159163290906,-0.026906773014567082,0.03345609023124127,0.041924400062,0.0292113231363,-0.0364398535698,-0.1603588487306881,0.026044400499309634,-0.03099242164641766,1.45229609635e-08,1.01190453524e-08,-1.2623068431e-08,-5.554963927508129e-08,9.021997004369421e-09,-1.073603269384319e-08
10036,10035,149350000,0.0487,0,0.00795337839947,0.00716005188052,0.00434600503026,0.401461328295,0.401461328295,False,high,True,0.7244251916027991,0.6373626373626373,0.17380104959011078,6.241560913622379e-05,-0.004455015063285828,0.17650659904856134,-0.000962892925343059,-0.003137791676122865,0.09669195115566254,-0.06759266555309296,-0.119076207280159,0.06878295463456134,-0.09563214335694306,0.014569452608077136,0.107723644414,0.0946692504316,-0.0177072442842,0.027908996521101195,0.028039477803850105,-0.13364565988823612,3.6961603896e-08,3.24824448209e-08,-6.07562205012e-09,9.575996803294994e-09,9.620766895460389e-09,-4.585583759331462e-08
10036,10035,153850000,0.05770000000001,0,0.00853836255524,0.00704440952324,0.0043199519788,0.409088183585,0.409088183585,False,high,True,0.7244251916027991,0.6373626373626373,0.1748383343219757,0.000528337259311229,-0.004050021525472403,0.1635620257007247,0.0019314475923925658,-0.00439074487402661,0.0004390420508570969,1.9521761714713648e-05,0.0008288609678857028,0.022833528928724686,0.006800945989502566,0.03308079621487339,0.140728496772,-0.00486949839711,-0.0374715410889,-0.02239448687786759,-0.006781424227787852,-0.03225193524698769,4.59099861293e-08,-1.58858091286e-09,-1.22243750988e-08,-7.305773922969271e-09,-2.212310224126112e-09,-1.0521578314241442e-08
10036,10035,148950000,0.0479,0,0.00781754749666,0.00716732920586,0.00435058004726,0.400119732058,0.400119732058,False,low,True,0.7244251916027991,0.6373626373626373,0.17354945838451385,-3.410591307329014e-05,-0.004534258507192135,0.18271499727944382,0.00038285126734532375,-0.003200449237345443,0.26741328835487366,-0.05411883816123009,-0.18643058836460114,0.18043736570530383,0.00025701492916332377,-0.008095036423685443,0.00227763157414,0.000125836338182,0.00489458718634,0.08697592264956983,-0.05437585309039341,-0.1783355519409157,7.88261771983e-10,4.35504916778e-11,1.69395964318e-09,3.01013542690439e-08,-1.8818849719480535e-08,-6.171985837238524e-08
10036,10035,151950000,0.05390000000001,0,0.0084597813855,0.00700361907019,0.00427353288414,0.411685213689,0.411685213689,False,low,True,0.7244251916027991,0.6373626373626373,0.17537890374660492,0.0005488118622452021,-0.0040320148691535,0.16493543893293647,0.002828740126693492,-0.0057544318021606426,0.028141286224126816,-0.0015086944913491607,0.07649631053209305,0.16539144644521847,0.0005336976761934919,-0.010173108796540643,-0.000456007512282,0.0022950424505,0.00441867699438,-0.13725016022109165,-0.0020423921675426526,0.08666941932863369,-1.46201962802e-10,7.35820577379e-10,1.41668554172e-09,-4.400419352472857e-08,-6.548175976564401e-10,2.7787347531467336e-08
10036,10035,160500000,0.07100000000001,0,0.00972243684029,0.00701240738693,0.00447725141771,0.4009873016,0.4009873016,False,low,True,0.7244251916027991,0.6373626373626373,0.17377126216888428,0.001033618114888668,-0.0034433354157954454,0.17852613889645094,0.0018990492272097947,-0.0030580389626329507,0.16873201727867126,0.08389987051486969,-0.06550828367471695,0.18130148249169095,0.0019808452854055947,-0.00771922625867295,-0.00277534359524,-8.17960581958e-05,0.00466118729604,-0.012569465213019687,0.08191902522946409,-0.057789057416043996,-9.54979226127e-10,-2.81455371832e-11,1.60388682844e-09,-4.325078229066174e-09,2.818784940820559e-08,-1.9884870984764902e-08
10036,10035,149450000,0.0489,0,0.00797123763404,0.00714453125048,0.00434807554012,0.402452880234,0.402452880234,False,mid,True,0.7244251916027991,0.6373626373626373,0.17377910017967224,8.615229307906702e-05,-0.004437429830431938,0.17681478898219116,-0.0004758733664617307,-0.0030731227862259717,0.06503457576036453,-0.04558572918176651,-0.0809294730424881,0.10701193997389115,-0.06202099521876173,0.006720325574714028,0.0698028490083,0.0615451218523,-0.00979344836094,-0.041977364213526616,0.016435266036995223,-0.08764979861720212,2.37903959616e-08,2.09759750379e-08,-3.33782958213e-09,-1.4306838907760789e-08,5.60151186247452e-09,-2.9873041640616016e-08
10036,10035,155500000,0.06100000000001,0,0.00878145119686,0.00715632990452,0.00442452811693,0.401995844462,0.401995844462,False,mid,True,0.7244251916027991,0.6373626373626373,0.1737559288740158,0.0005204709596000612,-0.004063169937580824,0.15873767854811924,0.0022897094214480995,-0.0035394098413496066,0.02858576737344265,0.03698885068297386,-0.04654640704393387,0.13436156019131923,0.0398262996304481,0.012989504252150395,0.0243761183568,-0.037536590209,-0.0165289140935,-0.10577579281787658,-0.0028374489474742373,-0.059535911296084265,8.3323658381e-09,-1.28309436867e-08,-5.64999550455e-09,-3.6156806825179724e-08,-9.699108911126672e-10,-2.0350860877969714e-08
10036,10035,159950000,0.06990000000001,0,0.00952094362638,0.00701030086976,0.00448607080433,0.412114895675,0.412114895675,False,mid,True,0.7244251916027991,0.6373626373626373,0.17338833212852478,0.0009172768332064152,-0.0035614899825304747,0.18691207809701169,0.0021505955259734796,-0.0031176597952020397,0.16176891326904297,0.10001865029335022,-0.08386089652776718,0.18240912365656167,0.0016283679699604797,-0.00840894882741204,0.00450295444045,0.000522227556013,0.00529128903221,-0.020640210387518704,0.09839028232338974,-0.07545194770035514,1.4396510733e-09,1.66962706699e-10,1.69169154054e-09,-6.598934417494307e-09,3.145660863822481e-08,-2.4122935047597163e-08
10036,10035,128500000,0.007,2,0.00392891528574,0.00789362715224,0.00447869589743,0.384881368655,0.4,True,high,True,0.7244251916027991,0.6373626373626373,0.14652873575687408,-0.0021044870372861624,-0.0017020509112626314,0.1408785677482562,-0.0033495674811936937,-0.0003635943572578744,0.05755992978811264,-0.042650189250707626,-0.02767038904130459,0.037413801664256174,-0.051709025171993696,-0.024047330966657874,0.103464766084,0.0483594576908,0.0236837366094,0.020146128123856466,0.00905883592128607,-0.0036230580746467143,3.58452951731e-08,1.67540999795e-08,8.20521382973e-09,6.979611867169669e-09,3.138427310212494e-09,-1.2552059124107486e-09
10036,10035,138100000,0.0262,2,0.0056411457742,0.00751687112827,0.00449467113093,0.377548981573,0.4,True,high,True,0.7244251916027991,0.6373626373626373,0.16658708453178406,-0.0023990932386368513,-0.0032845805399119854,0.15045818873916034,-0.003197040053455981,-0.0034310920866420804,0.002478177659213543,-0.0017465500859543681,0.003202608786523342,0.017917482502160336,-0.04808808234955598,-0.0064754392299920804,0.132540706237,0.0448910422961,0.00304434714335,-0.015439304842946793,0.04634153226360161,0.009678048016515423,4.59209858589e-08,1.55532664417e-08,1.05476593636e-09,-5.349210212420396e-09,1.6055813403860083e-08,3.3531246265850848e-09
10036,10035,161600000,0.0732,0,0.00998910663208,0.00695347714581,0.00443534831184,0.386559682876,0.4,True,high,True,0.7244251916027991,0.6373626373626373,0.17459677159786224,0.0012208231491968036,-0.0032260229345411062,0.16693972979519633,0.0004060025155468369,-0.0022642297202201812,0.01003585010766983,-0.01050757896155119,-0.0005608769715763628,0.06421010449919634,-0.05938172228595316,8.277744239981879e-05,0.102729625296,0.0597877248015,-0.00234700716262,-0.05417425439152651,0.04887414332440197,-0.0006436544139761817,3.5590781624e-08,2.07135171677e-08,-8.13122983304e-10,-1.876872471923209e-08,1.6932495929052833e-08,-2.2299471669566989e-10
10036,10035,125750000,0.0015,2,0.00328445832055,0.00791670861084,0.00438321107988,0.386447480043,0.4,True,low,True,0.7244251916027991,0.6373626373626373,0.13787813484668732,-0.0017280584434047341,-0.001115857739932835,0.13176415550096696,-0.0024877330164623174,0.0009680258418043701,0.34760645031929016,0.02409498207271099,0.13042931258678436,0.12638126235607697,-0.0024364955643666176,-0.0033859470848156296,0.00538289314489,-5.12374520957e-05,0.00435397292662,0.2212251879632132,0.026531477637077607,0.1338152596716,1.86445038851e-09,-1.77469039223e-11,1.508067557e-09,7.662485145890681e-08,9.1895979460731e-09,4.634903687809918e-08
10036,10035,144100000,0.0382,0,0.00641481267821,0.0071847043417,0.0043260196881,0.386077387857,0.4,True,low,True,0.7244251916027991,0.6373626373626373,0.1703328937292099,-0.0012063744943588972,-0.003733663121238351,0.1417370223233095,-0.0033224863023919417,-0.0038318952675018498,0.38702264428138733,-0.022830070927739143,0.2312207818031311,0.14153000071916952,-0.003751125490599942,-0.00850530236728185,0.00020702160414,0.000428639188208,0.00467340709978,0.2454926435622178,-0.0190789454371392,0.23972608417041297,7.17048645444e-11,1.48465253453e-10,1.6187007363e-09,8.502985389590673e-08,-6.608262958383805e-09,8.303252438145648e-08
10036,10035,160950000,0.0719,0,0.00988297670897,0.00701412221874,0.0044703044431,0.392120475286,0.4,True,low,True,0.7244251916027991,0.6373626373626373,0.17407765984535217,0.0011272267438471317,-0.0033500217832624912,0.17204754564382457,0.0016558181390654123,-0.003261253485286238,0.04727521538734436,-0.013003779575228691,-0.013166028074920177,0.17528893755386457,0.0017794919500904124,-0.007727497186656238,-0.00324139191004,-0.000123673811025,0.00446624370137,-0.1280137221665202,-0.014783271525319103,-0.005438530888263939,-1.12270402143e-09,-4.28362533249e-11,1.54694955235e-09,-4.433944572689498e-08,-5.120404706381301e-09,-1.8837155976180756e-09
10036,10035,125050000,0.0001,2,0.00314825102817,0.00791938925478,0.00438693636651,0.386594477696,0.4,True,mid,True,0.7244251916027991,0.6373626373626373,0.13574427366256714,-0.0016491315327584743,-0.0010108000133186579,0.1284803817741103,-0.00247649265855984,0.001034889540673876,0.4746754467487335,-0.020320329815149307,0.03290679305791855,0.022916357301110295,-0.0004235690239298403,-0.0004708381505061239,0.105564024473,-0.00205292363463,0.00150572769118,0.4517590894476232,-0.019896760791219468,0.03337763120842467,3.65716951522e-08,-7.11216702006e-10,5.21645649441e-10,1.5650782341800166e-07,-6.89305162251402e-09,1.1563376439567936e-08
10036,10035,161650000,0.0733,0,0.00999573004892,0.00694765305187,0.00443525601586,0.386202088731,0.4,True,mid,True,0.7244251916027991,0.6373626373626373,0.1745886504650116,0.0012235473841428757,-0.0032169916667044163,0.1665983446503732,0.00046790704857731236,-0.002263058877430337,0.004479617811739445,-0.00460271118208766,-0.00023853486345615238,0.0682699622028732,-0.05705932526202269,-0.001946109581898337,0.0983283824475,0.0575272323106,-0.000316949295532,-0.06379034439113375,0.05245661407993503,0.0017075747184421845,3.40655954701e-08,1.99301501319e-08,-1.09806204652e-10,-2.2099987946882602e-08,1.81734485048801e-08,5.915845267206124e-10
10037,10036,129200000,0.0084,0,0.00353701429685,0.00500650148628,0.00409571636739,0.389645894102,0.4,True,high,True,0.9000333222259247,0.7002997002997003,0.14058922231197357,0.0010791767854243517,-0.0012192672584205866,0.13131928316400326,0.0005508595525111418,0.0017451097562509454,0.04487568512558937,-0.004966366570442915,0.03673117980360985,0.004616294894003261,-0.05803393085338886,0.04994284164125094,0.12670298827,0.0585847904059,-0.048197731885,0.04025939023158611,0.05306756428294594,-0.013211661837641095,4.38991517859e-08,2.02980422285e-08,-1.66992079402e-08,1.3948787686204531e-08,1.838647289362238e-08,-4.577482790849663e-09
10037,10036,125750000,0.0015,0,0.00272011480384,0.00504560953966,0.00404166377112,0.389440071187,0.4,True,low,True,0.9000333222259247,0.7002997002997003,0.12907931208610535,0.0007484521484002471,-0.0005637501017190516,0.12815346744679884,0.000982996014341373,-0.00018080897729059846,0.30151116847991943,-0.11551762372255325,0.08222947269678116,0.12333400790113885,0.0007096608566963731,-0.004620066473620598,0.00481945954566,0.000273335157645,0.00443925749633,0.17817716057878058,-0.11622728457924962,0.08684953917040175,1.66929488866e-09,9.46738897225e-11,1.53760598629e-09,6.171443511717402e-08,-4.025713054193577e-08,3.0081690788412634e-08
10037,10036,137600000,0.0252,0,0.00537876913695,0.00480390063685,0.00438830706584,0.381753858634,0.4,True,low,True,0.9000333222259247,0.7002997002997003,0.16313579678535461,0.0017996999667957425,-0.0027262279763817787,0.1455720298170063,0.001706355404295134,-0.0030484855181275804,0.39149346947669983,-0.1525985598564148,0.07621800154447556,0.1435833498344763,0.004664074458645134,0.0013170766267724195,0.00198867998253,-0.00295771905435,-0.0043655621449,0.24791011964222354,-0.15726263431505993,0.07490092491770313,6.88808895496e-10,-1.02444999342e-09,-1.51207739086e-09,8.586735784185155e-08,-5.4470252829419266e-08,2.594304956923857e-08
10037,10036,150450000,0.0509,0,0.00850757516367,0.00465441412697,0.00398216317719,0.382861298284,0.4,True,low,True,0.9000333222259247,0.7002997002997003,0.1817881166934967,0.0022733742371201515,-0.0021162342745810747,0.14000212153838498,0.0007388349593872824,-0.002139264762098565,0.07665514200925827,0.07039494812488556,0.006943876389414072,0.14126200006353498,0.0009223329008082823,-0.006605864058288565,-0.00125987852515,-0.000183497941421,0.00446659929619,-0.06460685805427671,0.06947261522407727,0.013549740447702636,-4.36376719401e-10,-6.35571034e-11,1.5470697443e-09,-2.2377497675984674e-08,2.406282138678398e-08,4.693143955769105e-09
10037,10036,125050000,0.0001,0,0.00258595854355,0.00504489014599,0.00404676007826,0.389429914332,0.4,True,mid,True,0.9000333222259247,0.7002997002997003,0.12697456777095795,0.0007058102055452764,-0.00046594793093390763,0.13033099052091965,0.0019906532953915764,0.000583112560143969,0.48192542791366577,-0.14531654119491577,0.2075202316045761,0.022182544463919644,0.0007503530452115764,-0.000514977649666031,0.108148446057,0.00124030025018,0.00109809020981,0.4597428834497461,-0.14606689424012734,0.20803520925424215,3.74672555604e-08,4.29693149919e-10,3.80425498649e-10,1.5927463347192408e-07,-5.0603830706216075e-08,7.207231018910673e-08
10037,10036,140650000,0.0313,0,0.00605130805134,0.00482645624364,0.00421543960786,0.385030530561,0.4,True,mid,True,0.9000333222259247,0.7002997002997003,0.1687893271446228,0.002004285342991352,-0.0027426527813076973,0.1329390839277961,0.0013709357724689892,-0.004175620502345358,0.13247992098331451,0.03624666854739189,0.0027616452425718307,0.12520398584180611,0.0033910915050489893,-0.02322030385734536,0.00773509808599,-0.00202015573258,0.019044683355,0.0072759351415083995,0.032855577042342904,0.02598194909991719,2.67925463914e-09,-6.99734063889e-10,6.59662691572e-09,2.5202114782818825e-09,1.1380393142223791e-08,8.999531342190062e-09
10038,10037,125350000,0.0007,2,0.00429925782859,0.00975824027799,0.000655359201473,0.400074056668,0.400074056668,False,high,True,0.7277574141952683,0.4005994005994006,0.04386003315448761,-0.0001513946190243587,-0.0002638401638250798,0.12399226119761073,-0.0006303792663691146,-0.001483469571940975,0.012661471031606197,-0.015160107053816319,0.012890088371932507,0.010771477285610733,-0.043278244540069115,0.019106585981859023,0.113220783912,0.0426478652737,-0.0205900555538,0.0018899937459954646,0.028118137486252796,-0.006216497609926517,3.9206424532e-08,1.47682276481e-08,-7.12998471914e-09,6.544725677393811e-10,9.736830970826384e-09,-2.152666992541517e-09
10038,10037,149850000,0.0497,2,0.00984450341475,0.00938713001104,0.000741434769943,0.400174042672,0.400174042672,False,low,True,0.7277574141952683,0.4005994005994006,0.055938635021448135,-0.000290468567982316,-0.0006879304419271648,0.14170668861577088,-0.00038009036261403215,-0.0017322500895429948,0.02821945771574974,0.0062496718019247055,0.019364330917596817,0.13950890947629088,-0.00043460500044193215,-0.006308158849642995,0.00219777913948,5.45146378279e-05,0.0045759087601,-0.11128945176054114,0.006684276802366638,0.025672489767239813,7.60349942511e-10,1.88600396618e-11,1.58309445211e-09,-3.850201629821427e-08,2.3125114762919957e-09,8.881727816943647e-09
10038,10037,150100000,0.0502,2,0.00991487032423,0.0093869193856,0.000738320732561,0.401804383237,0.401804383237,False,low,True,0.7277574141952683,0.4005994005994006,0.05580255016684532,-0.00028112492873333395,-0.00067988719092682,0.14435115256360462,-0.00043870069216122757,-0.0015179659069495541,0.09214765578508377,0.032491181045770645,0.06513909995555878,0.14198415779194462,-0.0004190041150391276,-0.006149476130169554,0.00236699477166,-1.96965771221e-05,0.00463151022322,-0.04983650200686085,0.03291018516080977,0.07128857608572833,8.10052839161e-10,-6.74072812095e-12,1.58503434433e-09,-1.7055466462339262e-08,1.1262800089827611e-08,2.439697550222679e-08
10038,10037,150350000,0.0507,2,0.00998649719894,0.00938670038611,0.000735282542144,0.403462785463,0.403462785463,False,low,True,0.7277574141952683,0.4005994005994006,0.05567313730716705,-0.00027172561385668814,-0.0006718671065755188,0.14691709529973185,-0.000525465132874336,-0.001366399042194052,0.12653350830078125,0.043867770582437515,0.11598873138427734,0.14452688653669185,-0.00046630802153293605,-0.006008129218214052,0.00239020876304,-5.91571113414e-05,0.00464173017602,-0.0179933782359106,0.04433407860397045,0.1219968606024914,8.09037393146e-10,-2.002348744e-11,1.57113191925e-09,-6.090395134909535e-09,1.500619022732692e-08,4.1293473440400255e-08
10038,10037,125050000,0.0001,2,0.00425918446477,0.00975859559832,0.000657213793715,0.40042699376,0.40042699376,False,mid,True,0.7277574141952683,0.4005994005994006,0.043843891471624374,-0.00014869160077068955,-0.0002623548498377204,0.12230382687032645,-0.0009137551663901673,-0.0011606148560293081,0.11188311874866486,-0.16617634892463684,0.13097576797008514,0.022815099329026457,-0.00024489008510416736,-0.0009286670094063082,0.0994887275413,-0.000668865081286,-0.000231947846623,0.0890680194196384,-0.16593145883953267,0.13190443497949145,3.43685590092e-08,-2.31060639567e-10,-8.01267987913e-11,3.07687067360035e-08,-5.732131946548164e-08,4.55666231662872e-08
10038,10037,125550000,0.0011,2,0.00431320193412,0.00974331720674,0.000661452756835,0.400073532391,0.400073532391,False,mid,True,0.7277574141952683,0.4005994005994006,0.044323474168777466,-0.00015770670142956078,-0.0002654361887834966,0.12490573405191714,-0.0010058805195316683,-0.0010680098728366588,0.028447341173887253,-0.03338642045855522,0.02830694057047367,0.04023386667381715,-0.041507656260631666,0.01693493198276334,0.0846718673781,0.0405017757411,-0.0180029418556,-0.011786525499929895,0.008121235802076444,0.011372008587710331,2.93187768317e-08,1.40242864721e-08,-6.23376158957e-09,-4.0812435281524256e-09,2.812087502633529e-09,3.9377114528757985e-09
10038,10037,126000000,0.002,2,0.00435961121301,0.00970081462001,0.000678243919933,0.400014113331,0.400014113331,False,mid,True,0.7277574141952683,0.4005994005994006,0.045635808259248734,-0.00017672081594355404,-0.00027004245202988386,0.1257582748490711,-0.0006082473951136147,-0.0020340514922374993,0.040163520723581314,-0.03305039927363396,0.034722402691841125,0.06217019183597111,-0.05046445892851362,0.0194309920045625,0.0635880830131,0.0498562115334,-0.0214650434968,-0.022006671112389797,0.01741405965487966,0.015291410687278625,2.20263765104e-08,1.72697718594e-08,-7.43531032024e-09,-7.622925565494456e-09,6.032083628836141e-09,5.296815900288749e-09
10038,10037,127850000,0.0057,2,0.00468397786714,0.00957742580243,0.000716194114502,0.39659201674,0.4,True,low,True,0.7277574141952683,0.4005994005994006,0.049497973173856735,-0.0002519770059734583,-0.0002898757520597428,0.10058695069568277,-0.0005259198033504605,-0.0010365721933063906,0.06068775802850723,0.01602216809988022,0.05284474045038223,0.09918627688107277,-0.0058410541696004604,-0.0029357274006463906,0.00140067381461,0.00531513436625,0.00189915520734,-0.03849851885256554,0.02186322226948068,0.05578046785102862,4.85144403537e-10,1.84097658209e-09,6.57800917445e-10,-1.3334539970003027e-08,7.57265525829502e-09,1.932040245375421e-08
10038,10037,139550000,0.0291,2,0.00721099851527,0.00944324058433,0.000737839660214,0.375200200634,0.4,True,low,True,0.7277574141952683,0.4005994005994006,0.05228422209620476,-0.0005452249315567315,-0.0007908873376436532,0.11844644507957654,-0.0021760865668951166,-0.002473592296549372,0.2928450405597687,0.04712167754769325,0.04072650149464607,0.11860712315644653,-0.0022662141841002167,-0.006879962713739372,-0.00016067807687,9.01276172051e-05,0.00440637041719,0.17423791740332215,0.04938789173179347,0.04760646420838544,-5.56530924175e-11,3.12169569575e-11,1.52620783638e-09,6.034973226446632e-08,1.710618496558865e-08,1.6489162702648216e-08
10038,10037,149800000,0.0496,2,0.00983057662163,0.00938717423464,0.000742067142458,0.399851229173,0.4,True,low,True,0.7277574141952683,0.4005994005994006,0.05596667528152466,-0.00029233345412649214,-0.0006895421538501978,0.14120975332200908,-0.00039709887230694957,-0.0017237631222033235,0.0273709949105978,0.0049983845092356205,0.017769426107406616,0.13902663257177908,-0.0004512494070123496,-0.006341418909103324,0.00218312075023,5.41505347054e-05,0.0046176557869,-0.11165563766118128,0.0054496339162479705,0.024110845016509938,7.56155471766e-10,1.87558215056e-11,1.59939192078e-09,-3.86735462810751e-08,1.887559588477502e-09,8.35114016769443e-09
10038,10037,126050000,0.0021,2,0.0043659372456,0.00969575924001,0.000680184852633,0.399999994003,0.4,True,mid,True,0.7277574141952683,0.4005994005994006,0.045791711658239365,-0.00017909961752593517,-0.0002706058439798653,0.12512843221151937,-0.0007029399006699549,-0.0019428128840765016,0.04034282639622688,-0.0325264073908329,0.03557303547859192,0.06434072970111937,-0.05061921822536995,0.0193768227287235,0.0607877025104,0.0499162783247,-0.0213196356128,-0.023997903304892487,0.01809281083453705,0.01619621274986842,2.10582319311e-08,1.72921252603e-08,-7.38560289139e-09,-8.313415259732371e-09,6.267757969198358e-09,5.610733592595886e-09
10038,10037,136550000,0.0231,2,0.00647514798751,0.00953707824125,0.000731535758764,0.374927596384,0.4,True,mid,True,0.7277574141952683,0.4005994005994006,0.05172332748770714,-0.0004758910508826375,-0.000625023094471544,0.13495898448335528,-0.003477596737739466,-0.001826436167804417,0.0721743255853653,-0.031195389106869698,0.0326383113861084,0.08879474811015527,-0.061109375068539466,0.038830884679195585,0.0461642363732,0.0576317783308,-0.040657320847,-0.01662042252478997,0.02991398596166977,-0.006192573293087186,1.59924315727e-08,1.99650713144e-08,-1.40847000331e-08,-5.757724828107421e-09,1.036294350653636e-08,-2.1452603233342644e-09
10038,10037,148150000,0.0463,2,0.00939146671991,0.00938905722651,0.000765334518074,0.389644622148,0.4,True,mid,True,0.7277574141952683,0.4005994005994006,0.0570809505879879,-0.0003542893100529909,-0.0007444570073857903,0.12707061785302565,-0.000706809494070967,-0.0032700218409218236,0.19460803270339966,-0.09026947617530823,0.07614414393901825,0.13288753902256564,0.000723865044119033,-0.007094489563661824,-0.00581692116954,-0.00143067453819,0.00382446772274,0.061720493680834015,-0.09099334121942726,0.08323863350268007,-2.01478368833e-09,-4.95537009842e-10,1.32466556787e-09,2.137788020145159e-08,-3.151699916364695e-08,2.8831032109929546e-08
10039,10038,141550000,0.0331,2,0.00263676635948,0.00751658353054,0.000988960124763,0.402835198847,0.402835198847,False,low,True,0.7637454181939354,0.3116883116883117,0.05777965858578682,-0.000564915535505861,7.333485700655729e-05,0.07276097102199255,-0.0006246891327146694,6.568107612852769e-05,0.19819210469722748,0.14501698315143585,-0.06841354817152023,0.06943091073204255,-0.0005891703426691694,-0.004451696156701472,0.00333006028995,-3.55187900455e-05,0.00451737723283,0.12876119396518493,0.14560615349410502,-0.06396185201481876,1.13186343733e-09,-1.20725801608e-11,1.53542388944e-09,4.376499970163925e-08,4.949047976325351e-08,-2.1740171461144747e-08
10039,10038,175950000,0.1019,2,0.00928995061663,0.00753161088178,0.000567607708671,0.400948126789,0.400948126789,False,low,True,0.7637454181939354,0.3116883116883117,0.04449518769979477,0.0005425859708338976,-0.000746414007153362,0.10614035843345161,0.005793351015851616,-0.0018746836846360079,0.007678972091525793,-0.00330951320938766,0.025675470009446144,0.10648341233253661,0.0060865968960296165,-0.006155350878706008,-0.000343053899085,-0.000293245880178,0.00428066719407,-0.09880444024101082,-0.009396110105417277,0.03183082088815215,-1.18073305219e-10,-1.00930234015e-10,1.47333269056e-09,-3.4006804355457375e-08,-3.2339809554898235e-09,1.0955626040454982e-08
10039,10038,125050000,0.0001,2,7.2743795691e-05,0.00761518477067,0.00127525323575,0.690667039348,0.690667039348,False,mid,True,0.7637454181939354,0.3116883116883117,0.10590303689241409,6.657736958004534e-05,0.0003489752998575568,0.10193206117759633,0.00015727707593331207,0.0025660621842850456,0.17534537613391876,-0.15931664407253265,0.05090535059571266,0.0033385978535963334,7.064190014312077e-06,-0.0008482321567149546,0.098593463324,0.000150212885919,0.003414294341,0.17200677828032243,-0.15932370826254696,0.05175358275242762,6.291263354e-09,9.58510628008e-12,2.17866622625e-10,1.097577774784565e-08,-1.0166469189966607e-08,3.302403705391457e-09
10039,10038,218450000,0.1869,0,0.00950136446381,0.00742612741776,0.00049119112048,0.405557866432,0.405557866432,False,mid,True,0.7637454181939354,0.3116883116883117,0.03865121304988861,0.0005423214752227068,-0.0006344649009406567,0.09066789630288662,0.00033138360701331026,-0.002111134125159156,0.00012686946138273925,-5.7106120948446915e-05,0.00037237475044094026,1.6909144866157565e-06,-8.197320796896957e-07,2.3017271760844138e-05,0.0906662053884,0.000332203339093,-0.00213415139692,0.00012517854689612348,-5.628638886875722e-05,0.0003493574786800961,3.02714410496e-08,1.10915348809e-10,-7.12545958288e-10,4.179434869704392e-11,-1.8792780565110565e-11,1.1664273668228843e-10
10039,10038,275000000,0.3000000000002,0,0.00950136402206,0.00742612761999,0.000491185140691,0.405557892381,0.405557892381,False,mid,True,0.7637454181939354,0.3116883116883117,0.038650743663311005,0.0005423147813417017,-0.0006344572175294161,0.09066972323177697,0.0003356308230028285,-0.002111361989854383,0.000126838349387981,-5.709146353183314e-05,0.0003722718101926148,2.4087696453874126e-10,-1.8873317152276704e-10,2.617355616971322e-09,0.0906697229909,0.000335631011736,-0.00211136460721,0.00012683810851101646,-5.709127479866162e-05,0.00037226919283699783,3.02726105032e-08,1.12059754413e-10,-7.04937836756e-10,4.2348432632820486e-11,-1.906151103256931e-11,1.2429243087271992e-10
10039,10038,170550000,0.0911,0,0.00834435704271,0.00748792992192,0.000734521445338,0.390752187074,0.4,True,high,True,0.7637454181939354,0.3116883116883117,0.056650906801223755,0.00036624178756028414,-0.0009482128079980612,0.13523730643328105,-0.0007605182611965036,-0.0034530533287426626,0.010701509192585945,-0.00024725543335080147,-0.002405106322839856,0.031427894828281046,-0.020119705077896503,-0.05964599203284266,0.103809411605,0.0193591868167,0.0561929387041,-0.0207263856356951,0.019872449644545702,0.057240885710002805,3.59649327196e-08,6.70702049655e-09,1.94681313434e-08,-7.1806886618764375e-09,6.884841204563166e-09,1.983119421968612e-08
10039,10038,143450000,0.0369,2,0.00296028788882,0.00751435740271,0.000971995529753,0.39999029622,0.4,True,low,True,0.7637454181939354,0.3116883116883117,0.05867698788642883,-0.0006558297318406403,5.3147068683756515e-05,0.10830437680505524,-0.00028234285928604145,9.43661399367985e-05,0.16860121488571167,0.04166378080844879,0.06221293285489082,0.10327342739092524,-0.00033220529185214143,-0.004444492351213201,0.00503094941413,4.98624325661e-05,0.00453885849115,0.06532778749478643,0.04199598610030093,0.06665742520610403,1.74254853271e-09,1.72706385124e-11,1.57210509447e-09,2.2627307665782495e-08,1.4545970936108481e-08,2.3087848619820028e-08
10039,10038,162350000,0.0747,0,0.00671686396298,0.0074798024579,0.00083844024778,0.384887633487,0.4,True,low,True,0.7637454181939354,0.3116883116883117,0.06280233711004257,-0.00030438663088716567,-0.0007475044694729149,0.1532462481824372,-0.003462984380964441,-0.002891720286629783,0.39730164408683777,-0.1992555856704712,0.04385296255350113,0.1557384013398972,-0.003563684769334441,-0.007714736403079783,-0.00249215315746,0.00010070038837,0.00482301611645,0.24156324274694058,-0.19569190090113675,0.051567698956580914,-8.63193929001e-10,3.48790617579e-11,1.67052262367e-09,8.366898478311564e-08,-6.778077033776511e-08,1.7861231577431712e-08
10039,10038,175450000,0.1009,2,0.00918331157509,0.00752480924447,0.000573432947483,0.39990000938,0.4,True,low,True,0.7637454181939354,0.3116883116883117,0.04487364739179611,0.0005199483130127192,-0.0007532171439379454,0.1071927169551667,0.005904691597052826,-0.0017627641129713796,0.06304705888032913,-0.024427836760878563,0.13518840074539185,0.1064109813339297,0.008200960609952826,-0.00525202049816138,0.000781735621237,-0.0022962690129,0.00348925638519,-0.04336392245360057,-0.03262879737083139,0.14044042124355322,2.70764937422e-10,-7.95344511228e-10,1.20855217687e-09,-1.5019693909973235e-08,-1.1301434958629653e-08,4.864348103940324e-08
10039,10038,143600000,0.0372,2,0.00299177132298,0.00751426074162,0.000970674522483,0.399714762804,0.4,True,mid,True,0.7637454181939354,0.3116883116883117,0.05878075957298279,-0.0006646908004768193,5.1218241424066946e-05,0.11189447517040046,-0.0002796816678339026,0.00024242500474410972,0.15220603346824646,0.030245505273342133,0.062473248690366745,0.10663204974082047,-0.0003177311565429026,-0.00435446821615589,0.00526242542958,3.8049488709e-05,0.0045968932209,0.04557398372742599,0.030563236429885034,0.06682771690652263,1.82272474152e-09,1.31790455561e-11,1.59220707637e-09,1.5785274075832755e-08,1.0586063017349925e-08,2.314684258327843e-08
10039,10038,157850000,0.06570000000001,0,0.00579184471316,0.0074584979298,0.000977551161566,0.385034040152,0.4,True,mid,True,0.7637454181939354,0.3116883116883117,0.07200617343187332,-0.0008407416753470898,-0.00043645931873470545,0.16509347813434652,-0.003699279330657184,-0.0029044291810336464,0.17288494110107422,0.05320994183421135,0.03410464525222778,0.15723912772508652,-0.0034793368183911842,-0.007122564469843646,0.00785435040926,-0.000219942512266,0.00421813528881,0.015645813375987694,0.05668927865260254,0.04122720972207143,2.72049071181e-09,-7.61809100148e-11,1.46102443569e-09,5.419199265407676e-09,1.963531648039238e-08,1.4279760295718959e-08
10039,10038,175200000,0.1004,2,0.00913050152445,0.00751977348081,0.000575666162621,0.399411953547,0.4,True,mid,True,0.7637454181939354,0.3116883116883117,0.0450117252767086,0.000508603232447058,-0.0007558649522252381,0.10766864981803709,0.0059975984186810315,-0.001767465843715581,0.054751161485910416,-0.01658637821674347,0.08975698798894882,0.10437818678276709,0.012749358778401032,-0.003333102261515581,0.00329046303527,-0.00675176035972,0.0015656364178,-0.04962702529685667,-0.029335736995144503,0.0930900902504644,1.1397059176e-09,-2.33858309717e-09,5.42283888633e-10,-1.718913532751667e-08,-1.0160914343054835e-08,3.224328174808664e-08
10040,10039,125050000,0.0001,2,0.00145134070846,0.00803561270099,0.0022463535469,0.492297103976,0.492297103976,False,high,True,0.41393304024349004,0.42857142857142855,0.15385854244232178,-0.00020917128131259233,0.00022533489391207695,0.16025169431053646,-0.00029956678109325016,0.0022288154184901517,0.5262383222579956,-0.27579060196876526,0.2007216513156891,0.014983758858536445,-3.239706849625015e-05,-0.0004114738265498486,0.145267935452,-0.000267169712597,0.00264028924504,0.5112545633994592,-0.27575820490026903,0.20113312514223894,2.81171471177e-08,-5.17116877248e-11,5.11037765528e-10,9.89552149204181e-08,-5.337402222981054e-08,3.893006156018335e-08
10040,10039,127400000,0.0048,2,0.0018925864851,0.00796669703258,0.00226218211319,0.439669499684,0.439669499684,False,high,True,0.41393304024349004,0.42857142857142855,0.14455066621303558,-0.0005647235084325075,0.00015907440683804452,0.1506417797754087,0.00044158800624565994,-0.00034063170307342683,0.0024554585106670856,0.0008908711024560034,0.0020373736042529345,0.01805360779640871,0.00708864624576566,0.023141897720026575,0.132588171979,-0.00664705823952,-0.0234825294231,-0.015598149285741623,-0.006197775143309657,-0.02110452411577364,3.55078263933e-08,-1.78011798844e-09,-6.28874782406e-09,-4.177268368875077e-09,-1.659797556060939e-09,-5.6519051981102326e-09
10040,10039,129400000,0.0088,2,0.00220519820105,0.00801325881707,0.00231711150485,0.407720725879,0.407720725879,False,low,True,0.41393304024349004,0.42857142857142855,0.14047783613204956,-0.0007594231865368783,8.298885950352997e-05,0.1495548665849521,-0.0005123342050568822,-0.0009146681048439187,0.13889430463314056,-0.0011259953025728464,-0.12453345209360123,0.14505254728503209,0.0013088018654431178,-0.005239327612473919,0.00450231929992,-0.0018211360705,0.00432465950763,-0.006158242651891521,-0.0024347971680159643,-0.1192941244811273,1.4816330599e-09,-5.99303432051e-10,1.42316838777e-09,-2.0265679300171496e-09,-8.012483651130817e-10,-3.9257570800440896e-08
10040,10039,130900000,0.0118,2,0.00267005255912,0.00801176234237,0.0023002642441,0.404206448232,0.404206448232,False,low,True,0.41393304024349004,0.42857142857142855,0.1346655637025833,-0.0010644549038261175,-3.9442793422495015e-06,0.16668489591726474,-0.00025337406474448994,-0.0015029961330436164,0.6552163362503052,-0.18480418622493744,0.23073260486125946,0.16392986442094473,-0.00050118099316649,-0.005763309759823617,0.00275503149632,0.000247806928422,0.00426031362678,0.49128647182936047,-0.18430300523177096,0.23649591462108308,9.2793582237e-10,8.34650806067e-11,1.43493736246e-09,1.6547263320417624e-07,-6.207600927740756e-08,7.965536194933741e-08
10040,10039,132450000,0.0149,2,0.00320462208981,0.00800970488081,0.00228348200216,0.40000698515,0.40000698515,False,low,True,0.41393304024349004,0.42857142857142855,0.14082883298397064,-0.001391704543493688,-8.468425221508369e-05,0.18088602184213845,-0.0012123052626510091,-0.00036720556880195064,0.16046717762947083,0.014339673332870007,-0.041518185287714005,0.17946043440912846,-0.0011845362494814092,-0.00455561447585195,0.00142558743301,-2.77690131696e-05,0.00418840890705,-0.01899325677965763,0.015524209582351416,-0.03696257081186206,4.93749108075e-10,-9.61773733912e-12,1.450646319e-09,-6.578273192680947e-09,5.376776237897198e-09,-1.280190604091998e-08
10040,10039,125150000,0.0003,2,0.00145774029267,0.00803559991801,0.00224611519029,0.491486082656,0.491486082656,False,mid,True,0.41393304024349004,0.42857142857142855,0.15369217097759247,-0.000213516759686172,0.00022402385366149247,0.16339009574320282,-0.00031287507730198795,-0.0011098989197164855,0.5194932222366333,-0.27125826478004456,0.20065973699092865,0.04774948941520282,-9.238375099198797e-05,-0.0020391690662614854,0.115640606328,-0.00022049132631,0.000929270146545,0.47174373282143045,-0.2711658810290526,0.20269890605719013,2.24908865492e-08,-4.28832532323e-11,1.80733309026e-10,9.174921432951643e-08,-5.2738923289107617e-08,3.9422813876023164e-08
10040,10039,126850000,0.0037,2,0.00183502680953,0.00796781059581,0.00224800680562,0.44514316758,0.44514316758,False,mid,True,0.41393304024349004,0.42857142857142855,0.14499615132808685,-0.0005226733046583831,0.00016924260125961155,0.15292364492713917,6.641397990917591e-05,-0.0004410975526752209,0.018187208101153374,0.005514385178685188,0.01141001284122467,0.13613784113083918,-0.021255368048090823,0.0005749344536747791,0.0167858037963,0.021321782028,-0.00101603200635,-0.11795063302968581,0.02676975322677601,0.010835078387549891,4.34157452509e-09,5.51478539877e-09,-2.62792221866e-10,-3.050741387155779e-08,6.923879253137916e-09,2.802445499521505e-09
10040,10039,129350000,0.0087,2,0.00219074190094,0.00801310767596,0.00231763151405,0.409549779721,0.409549779721,False,mid,True,0.41393304024349004,0.42857142857142855,0.14085924625396729,-0.0007496686303056777,8.605780021753162e-05,0.14917193429733594,-0.00045855227541525254,-0.0008765456906478369,0.09319305419921875,0.0018127975054085255,-0.08156890422105789,0.14405386980659593,0.0017259621882547477,-0.005158006365387837,0.00511806449074,-0.00218451446367,0.00428146067474,-0.05086081560737718,8.68353171537778e-05,-0.07641089785567005,1.6641005231e-09,-7.10278596198e-10,1.39208502773e-09,-1.653701511790725e-08,2.823385616985678e-11,-2.4844433930564034e-08
10040,10039,133400000,0.0168,2,0.0035422055662,0.00800179269246,0.00228029748031,0.397103345674,0.4,True,high,True,0.41393304024349004,0.42857142857142855,0.14514599740505219,-0.0016060805646702647,-0.0001330772793153301,0.18564579954052784,-0.0030644882066836257,-0.00018183245723478458,0.017132040113210678,-0.015389891341328621,-0.02139895223081112,0.07892240900452785,-0.061528659764383625,0.07135986826536521,0.106723390536,0.0584641715577,-0.0715417007226,-0.06179036889131717,0.046138768423055004,-0.09275882049617633,3.69762335812e-08,2.02559612545e-08,-2.47869058829e-08,-2.1408382002478493e-08,1.5985604184723587e-08,-3.213795772565007e-08
10040,10039,143350000,0.0367,2,0.0067295562974,0.00811756406082,0.00249697730321,0.37499046566,0.4,True,high,True,0.41393304024349004,0.42857142857142855,0.1838580071926117,-0.0011671906104311347,-0.002270614728331566,0.1942575649305798,-0.003056242340292163,-0.0023358764902957074,0.04909581318497658,0.009634059853851795,0.033046867698431015,0.1110008909277798,0.010606511038007837,0.08154338509960429,0.0832566740028,-0.0136627533783,-0.0838792615899,-0.061905077742803225,-0.000972451184156042,-0.04849651740117328,2.88443636243e-08,-4.73347549937e-09,-2.90600597587e-08,-2.144708029703471e-08,-3.369067513038664e-10,-1.6801670246677337e-08
10040,10039,150000000,0.05,2,0.0087813766659,0.00805424670785,0.00249056513929,0.386073995617,0.4,True,high,True,0.41393304024349004,0.42857142857142855,0.19046726822853088,0.0008574269595555961,-0.003055289853364229,0.1941894433895664,0.001139284051047934,-0.0044632038328883405,0.029188141226768494,-0.005328293424099684,0.01269209012389183,0.10850523893926638,-0.06924368853425207,0.03687852536991166,0.0856842044503,0.0703829725853,-0.0413417292028,-0.07931709771249788,0.06391539511015239,-0.02418643524601983,2.96853431193e-08,2.43842223238e-08,-1.4322866442e-08,-2.7479455238329346e-08,2.214352629663629e-08,-8.379404742302217e-09
10040,10039,132500000,0.015,2,0.00322258377966,0.00800958600714,0.00228302390992,0.399857449805,0.4,True,low,True,0.41393304024349004,0.42857142857142855,0.14104069769382477,-0.0014027205761522055,-8.73619646881707e-05,0.18119388791531946,-0.0012404765693236645,-0.00041841303087736693,0.1553213894367218,0.010627884417772293,-0.048924896866083145,0.17977300592656945,-0.0011933574482082645,-0.004606895954897367,0.00142088198875,-4.71191211154e-05,0.00418848292402,-0.024451616489847644,0.011821241865980558,-0.044318000911185776,4.9214230357e-10,-1.63203650912e-11,1.45073950618e-09,-8.469158565345978e-09,4.094452072069102e-09,-1.535015802214222e-08
10040,10039,144550000,0.0391,2,0.00710523637075,0.00813257629012,0.00259998388046,0.376388455946,0.4,True,low,True,0.41393304024349004,0.42857142857142855,0.1922236680984497,-0.0008965987362898886,-0.0027777147479355335,0.19143940124095377,-0.0014623157836336467,-0.0030928963195672424,0.19620685279369354,0.04107276350259781,-0.021509654819965363,0.18807912090030376,-0.0007118666387546468,-0.0012739220621772423,0.00336028034065,-0.000750449144879,-0.00181897425739,0.008127731893389778,0.041784630141352454,-0.02023573275778812,1.16387863252e-09,-2.59928230973e-10,-6.30026383714e-10,2.8151500835025276e-09,1.447267289011073e-08,-7.008920263370472e-09
10040,10039,153000000,0.05600000000001,2,0.00987392263547,0.00796784677785,0.0025023749535,0.393527025963,0.4,True,low,True,0.41393304024349004,0.42857142857142855,0.19604827463626862,0.002171038882806897,-0.003089059377089143,0.20620978828277498,0.002279324145529148,-0.0030923399413325947,0.031500957906246185,-0.00027653606957755983,0.022411515936255455,0.20395713178284497,0.002347780865920648,-0.007972334053872595,0.00225265649993,-6.84567203915e-05,0.00487999411254,-0.17245617387659878,-0.0026243169354982078,0.03038384999012805,7.80240643047e-10,-2.37109899093e-11,1.690257589e-09,-5.973272711866677e-08,-9.089706901022769e-10,1.0523892415550666e-08
10040,10039,133450000,0.0169,2,0.00355119631231,0.00799624226902,0.00228665033959,0.396914954743,0.4,True,mid,True,0.41393304024349004,0.42857142857142855,0.14567624032497406,-0.0016202552942559123,-0.00013280137500260025,0.18541821202691938,-0.0029698178704305744,-0.0003910222582552275,0.009431429207324982,-0.007766288705170155,-0.012454397045075893,0.1001035822640194,-0.04990478373153057,0.05624655947494477,0.0853146297629,0.0469349658611,-0.0566375817332,-0.09067215305669442,0.04213849502636042,-0.06870095652002067,2.9556934271e-08,1.62604433123e-08,-1.96218782782e-08,-3.141302817061441e-08,1.4598723937907252e-08,-2.380118933717357e-08
10040,10039,142500000,0.035,2,0.00645326699273,0.00812352153668,0.00246665125782,0.374348284981,0.4,True,mid,True,0.41393304024349004,0.42857142857142855,0.1809885948896408,-0.001384205766953528,-0.0019545690156519413,0.19455513973541663,-0.00388628135966247,-0.0035886326405890154,0.028105642646551132,-0.00692889466881752,0.005660000257194042,0.17748858890591662,-0.01916221295126247,-0.018134295920989016,0.0170665508295,0.0152759315916,0.0145456632804,-0.1493829462593655,0.01223331828244495,0.023794296178183058,5.91153277858e-09,5.29129589392e-09,5.03834466187e-09,-5.174344788216848e-08,4.237391769436893e-09,8.241897452276995e-09
10040,10039,153300000,0.05660000000001,2,0.00998767976745,0.00797926810773,0.00250116165347,0.39555073601,0.4,True,mid,True,0.41393304024349004,0.42857142857142855,0.19633226096630096,0.0022652088664472103,-0.0030798655934631824,0.21003122204922037,0.0020943386277092677,-0.0027485028039334405,0.0018268449930474162,-0.0001959560322575271,0.0006274144980125129,0.17419154982732038,-0.04006781303529073,0.02513798467536656,0.0358396722219,0.042162151663,-0.0278864874793,-0.17236470483427296,0.0398718570030332,-0.024510570177354047,1.24151389771e-08,1.46052946363e-08,-9.66009441981e-09,-5.970846362695714e-08,1.381191889542498e-08,-8.490650619670975e-09
10041,10040,128100000,0.0062,2,0.00504536018501,0.0112788929513,0.00429012660108,0.375294465305,0.4,True,high,True,0.611462845718094,0.6583416583416584,0.17502900958061218,0.0008443893166258931,-0.0032092523761093616,0.12933328921258563,0.0018893343256393968,-0.0015165511723314491,0.024249358102679253,-0.005035162903368473,0.012637308798730373,0.004595722912585617,-0.05513028248156061,0.02267626512696855,0.1247375663,0.0570196168072,-0.0241928162993,0.019653635190093634,0.050095119578192134,-0.010038956328238178,4.3217388657e-08,1.97553873603e-08,-8.38200051299e-09,6.809326297827936e-09,1.7356281005386547e-08,-3.4781621144099765e-09
10041,10040,152300000,0.05460000000001,2,0.00880010289844,0.0114766682201,0.00440444429022,0.376422563417,0.4,True,high,True,0.611462845718094,0.6583416583416584,0.18842430412769318,-0.0015305851120501757,-0.004456960596144199,0.13824059162456515,-0.0027196025778464215,-0.0037932537795131657,-0.0004325046029407531,-0.0026893136091530323,0.004547846037894487,0.0035515605795651533,0.00841787317455358,-0.022009797037313164,0.134689031045,-0.0111374757524,0.0182165432578,-0.003984065182505906,-0.011107186783706612,0.02655764307520765,4.6664940961e-08,-3.85873774878e-09,6.31138192205e-09,-1.3803363576376645e-09,-3.848243702423426e-09,9.201275237875436e-09
10041,10040,158550000,0.06710000000001,2,0.00956767470641,0.0115626199848,0.0039525101694,0.384843122036,0.4,True,high,True,0.611462845718094,0.6583416583416584,0.19853205978870392,-0.0022312698420137167,-0.00323852919973433,0.14306064698886678,-0.005093729569815908,-0.0015541670115774772,0.026512054726481438,0.000928534020204097,0.02929539605975151,0.040706103945866795,-0.060980121564315905,-0.005268726803177477,0.102354543043,0.0558863919945,0.0037145597916,-0.014194049219385357,0.06190865558452,0.03456412286292899,3.54606621951e-08,1.93618026997e-08,1.28690672692e-09,-4.917518749877024e-09,2.1448211846466953e-08,1.1974716983464609e-08
10041,10040,126450000,0.0029,2,0.00462638162814,0.0112764154965,0.00430906058657,0.377274586619,0.4,True,low,True,0.611462845718094,0.6583416583416584,0.1692076325416565,0.0008232476538978517,-0.002837028121575713,0.13047047925434066,0.002386039343404517,-0.0019545989476470924,0.155780628323555,-0.00010529179417062551,0.08296924084424973,0.12751677379943066,-0.0025968953509654833,-0.005683420715757092,0.00295370545491,0.00498293469437,0.00372882176811,0.028263854524124332,0.002491603556794858,0.08865266156000681,1.02306263882e-09,1.72591830678e-09,1.29153644329e-09,9.78963340590017e-09,8.63006331745699e-10,3.070625262343594e-08
10041,10040,140600000,0.0312,2,0.00696843278505,0.0110544235553,0.00406783633737,0.361269810142,0.4,True,low,True,0.611462845718094,0.6583416583416584,0.18035788834095,-0.000763854943215847,-0.004477544687688351,0.1201234250634673,0.002109471042990151,-0.0022996595613522363,0.036703921854496,0.09661442041397095,-0.006930810399353504,0.11995692595381331,0.002219497270843151,-0.006996531729472236,0.000166499109654,-0.000110026227853,0.00469687216812,-0.08325300409931731,0.09439492314312779,6.572133011873219e-05,5.76693251241e-11,-3.81091425618e-11,1.62682820762e-09,-2.883585726628045e-08,3.269501875475346e-08,2.2763513643219993e-11
10041,10040,160900000,0.0718,2,0.00999583827829,0.0113501861203,0.00399174983889,0.387575236971,0.4,True,low,True,0.611462845718094,0.6583416583416584,0.19425351917743683,-0.002316640457138419,-0.0029921354725956917,0.1275672846564176,-0.0023316163210351138,-0.000658980253508011,0.030842246487736702,-0.0022136669140309095,-0.0071485149674117565,0.1262199396258276,-0.006079737350225114,-0.003122028249538011,0.00134734503059,0.00374812102919,0.00246304799603,-0.09537769313809089,0.003866070436194204,-0.004026486717873746,4.66672018203e-10,1.29821475973e-09,8.53111529075e-10,-3.303541374906962e-08,1.3390682059987387e-09,-1.3946306552781346e-09
10041,10040,125050000,0.0001,2,0.00434632214845,0.0113168945422,0.00431776845578,0.378342520622,0.4,True,mid,True,0.611462845718094,0.6583416583416584,0.16574114561080933,0.0008439464727416635,-0.002611204283311963,0.12737957273801315,0.0023855461040227645,-0.0019967385142194752,0.2461334466934204,-0.10453575849533081,0.1835346668958664,0.023622241207013155,0.00026133460710276444,-0.0011086069978894753,0.103757331531,0.00212421149692,-0.00088813151633,0.22251120548640727,-0.10479709310243357,0.18464327389375587,3.59456398626e-08,7.35910805854e-10,-3.07683853907e-10,7.708667464542196e-08,-3.6305854359621384e-08,6.396772669942228e-08
10041,10040,141250000,0.0325,2,0.00703631040508,0.0110817910161,0.00407461152597,0.36295853885,0.4,True,mid,True,0.611462845718094,0.6583416583416584,0.18106092512607574,-0.0007914515445008874,-0.004559870343655348,0.11869566388856316,0.0029848724667162485,-0.0014439715749960565,0.007757706567645073,0.018807360902428627,0.0006385438609868288,0.024402406576363164,0.03402742047871625,0.022420607298603942,0.0942932573122,-0.031042548012,-0.0238645788736,-0.01664470000871809,-0.015220059576287623,-0.021782063437617113,3.26667898659e-08,-1.0754325619e-08,-8.26760264227e-09,-5.766360533771469e-09,-5.2728106133716206e-09,-7.546139665178338e-09
10041,10040,160750000,0.0715,2,0.00995814174024,0.011352488074,0.00399244667486,0.387224191461,0.4,True,mid,True,0.611462845718094,0.6583416583416584,0.19422635436058044,-0.002298480598255992,-0.0030209168326109648,0.12753471638313443,-0.002256300806353892,-0.0004916667943584526,0.005312295164912939,-0.00038128389860503376,-0.0012312664184719324,0.12495030020800443,-0.009669491407833892,-0.0013477051526724526,0.00258441617513,0.00741319060148,0.000856038358314,-0.1196380050430915,0.009288207509228858,0.00011643873420052022,8.95155433058e-10,2.56768159365e-09,2.96503092159e-10,-4.143860855119643e-08,3.2171248173069015e-09,4.0330487999981817e-11
10042,10041,125050000,0.0001,2,0.00291908980873,0.00928218427865,0.00149268806082,0.412387775646,0.412387775646,False,high,True,0.408863712095968,0.4975024975024975,0.08910868316888809,-0.00029373334837146103,-0.00031537938048131764,0.17049410570528203,-0.001838370682758305,-0.0007289623825782344,0.19876918196678162,-0.22360865771770477,0.11216335743665695,0.028261393539282035,-0.00042969509876830474,-0.0006865076552121344,0.142232712166,-0.00140867558399,-4.24547273661e-05,0.17050778842749958,-0.22317896261893647,0.11284986509186909,4.54058539691e-08,-4.49700472432e-10,-1.35530928274e-11,5.4432286525602386e-08,-7.124684069740356e-08,3.602578068548509e-08
10042,10041,127000000,0.004,2,0.00301927114249,0.00938097927405,0.00150549879994,0.413119437479,0.413119437479,False,high,True,0.408863712095968,0.4975024975024975,0.0906575471162796,-0.00027970760129392147,-0.00035304564516991377,0.1649036355395305,-0.0008179143884853995,-0.0014039565544602195,0.10774654895067215,0.03371111676096916,0.11521370708942413,0.01829846613453048,0.0459993833535146,0.00735279280425978,0.146605169405,-0.046817297742,-0.00875674935872,0.08944808281614167,-0.012288266592545435,0.10786091428516435,4.65792248636e-08,-1.48747376909e-08,-2.78218427843e-09,2.8419341418998235e-08,-3.90421384949123e-09,3.426944493753e-08
10042,10041,128650000,0.0073,2,0.00316392576143,0.00958352752804,0.00153530626213,0.41038885722,0.41038885722,False,high,True,0.408863712095968,0.4975024975024975,0.09356183558702469,-0.00022981985239312053,-0.00042632839176803827,0.1776881566488419,0.0009014535769101967,-0.0017748491180415698,0.10855817794799805,0.08249954879283905,0.06620174646377563,0.0858360406810419,0.0739115177581102,0.00952942247665843,0.0918521159678,-0.0730100641812,-0.0113042715947,0.02272213726695614,0.008588031034728855,0.056672323987117204,2.97080056869e-08,-2.36138642974e-08,-3.65617450706e-09,7.349089087740613e-09,2.777652666251951e-09,1.8329699926437273e-08
10042,10041,130250000,0.0105,2,0.00368648181881,0.00971855889415,0.00154098282743,0.40159076917,0.40159076917,False,low,True,0.408863712095968,0.4975024975024975,0.09813601523637772,-0.000267242721747607,-0.0005291513516567647,0.2316566194602897,0.00014144864432459516,-0.003101690565329162,0.12553125619888306,-0.009720924310386181,-0.003696533152833581,0.2267237387696397,0.0023620473179545953,-0.007027400156329162,0.00493288069065,-0.00222059867363,0.003925709591,-0.10119248257075664,-0.012082971628340777,0.003330867003495581,1.69057728653e-09,-7.61034761545e-10,1.34540360577e-09,-3.4680285887667796e-08,-4.141028066491321e-09,1.1415415157371445e-09
10042,10041,130350000,0.0107,2,0.00373202375662,0.00971894671263,0.00153955599758,0.400956723955,0.400956723955,False,low,True,0.408863712095968,0.4975024975024975,0.0984187126159668,-0.00027514371322467923,-0.0005347721744328737,0.23232277310851518,0.00011864535835210159,-0.003131023403812859,0.14518198370933533,-0.029041262343525887,-0.0283527672290802,0.22860928777757517,0.0015719837504521016,-0.007227118265332859,0.00371348533094,-0.0014533383921,0.00409609486152,-0.08342730406823984,-0.03061324609397799,-0.021125648963747343,1.27804917227e-09,-5.00187226696e-10,1.4097297231e-09,-2.8712701790139165e-08,-1.0535987177597858e-08,-7.270694715522497e-09
10042,10041,130500000,0.011,2,0.00380092504108,0.00971930606019,0.00153735542379,0.400000009231,0.400000009231,False,low,True,0.408863712095968,0.4975024975024975,0.0988425463438034,-0.0002871712204068899,-0.0005431842873804271,0.23289628902350862,0.0015820192670588712,-0.002929074901993828,0.15625111758708954,-0.06422457844018936,-0.08075898140668869,0.2305837881652486,0.0010692857133918713,-0.007389072654663828,0.00231250085826,0.000512733553667,0.00445999775267,-0.07433267057815907,-0.06529386415358124,-0.07336990875202486,8.00967993551e-10,1.77592654394e-10,1.54478448665e-09,-2.5746191529270207e-08,-2.261547068212286e-08,-2.5412725098158227e-08
10042,10041,125100000,0.0002,2,0.00292327178924,0.00928212943953,0.00149256793763,0.4123984327,0.4123984327,False,mid,True,0.408863712095968,0.4975024975024975,0.08913564682006836,-0.0002947207249235362,-0.00031584667158313096,0.17003369608455202,-0.001419160212304703,-0.002035364075113042,0.19023697078227997,-0.21659240126609802,0.11178579181432724,0.05446976299155202,-0.0006453300627247031,-0.0017253916136630422,0.115563933093,-0.00077383014958,-0.00030997246145,0.13576720779072796,-0.2159470712033733,0.11351118342799028,3.68874699093e-08,-2.47002984352e-10,-9.89417678891e-11,4.333626121931905e-08,-6.892930067208315e-08,3.623224176438703e-08
10042,10041,129550000,0.0091,2,0.00339474229146,0.00969919307413,0.00154720285988,0.405846378429,0.405846378429,False,mid,True,0.408863712095968,0.4975024975024975,0.09613687545061111,-0.00022373697720468044,-0.0004878568579442799,0.2120271537701061,0.0013550652111390532,-0.0020850771770255508,0.012836204841732979,0.006058165337890387,-0.0039002844132483006,0.1760345748611061,0.03919771953353905,0.000946337778824449,0.035992578909,-0.0378426543224,-0.00303141495585,-0.16319837001937312,-0.033139554195648666,-0.004846622192072749,1.19932112512e-08,-1.26096812552e-08,-1.0101082239e-09,-5.437989126712432e-08,-1.1042545054747909e-08,-1.6149596824187706e-09
10042,10041,160350000,0.07070000000001,2,0.00999867754482,0.00989696101323,0.000975842583141,0.401092132015,0.401092132015,False,mid,True,0.408863712095968,0.4975024975024975,0.07292884588241577,-0.0008109394693747163,-0.0007777122664265335,0.08832378931599136,-0.0008326040873262823,-0.0009590245621444796,0.001254330505616963,-0.0022516055032610893,-0.0003312018816359341,0.041566465876491356,-0.025358819528926282,-0.03199035313204448,0.0467573234395,0.0245262154416,0.0310313285699,-0.04031213537087439,0.023107214025665193,0.031659151250408545,1.60796643891e-08,8.43447152287e-09,1.06715550046e-08,-1.3863188905811929e-08,7.946482372557958e-09,1.0887460819036382e-08
10042,10041,130800000,0.0116,2,0.00393614590469,0.00972155513129,0.00153067143266,0.398111941267,0.4,True,high,True,0.408863712095968,0.4975024975024975,0.09951448440551758,-0.0003093343402724713,-0.0005591416265815496,0.23526132514337267,0.0020339601195690643,-0.00433802594885295,0.03801095858216286,-0.02594953216612339,-0.035630352795124054,0.06333434479837265,0.06723062914066906,-0.10344019115885295,0.171926980345,-0.0651966690211,0.09910216521,-0.02532338621620979,-0.09318016130679245,0.06780983836372889,5.95760416516e-08,-2.25919135052e-08,3.43408271958e-08,-8.775045713885329e-09,-3.228873769539237e-08,2.34974274930107e-08
10042,10041,130550000,0.0111,2,0.00382400854934,0.0097194175721,0.00153661667852,0.399679812007,0.4,True,low,True,0.408863712095968,0.4975024975024975,0.09898407757282257,-0.0002911956107709557,-0.000545994087588042,0.2333485373419604,0.0013406280018566264,-0.0029820845836676354,0.14704842865467072,-0.06924188137054443,-0.09050318598747253,0.2310844882556504,0.0011490530671846263,-0.007387883825777635,0.00226404908631,0.000191574934672,0.00440579924211,-0.08403605960097968,-0.07039093443772906,-0.0831153021616949,7.84185912695e-10,6.63547296319e-11,1.5260118346e-09,-2.9107095997146447e-08,-2.438091095342048e-08,-2.878817843601134e-08
10042,10041,149000000,0.048,2,0.00748342568749,0.0100950964085,0.000929233751006,0.379085283025,0.4,True,low,True,0.408863712095968,0.4975024975024975,0.06529664993286133,-0.0009110238752327859,-0.0010273436782881618,0.07648715504121056,-0.0011630092973605951,-0.0005724188951119523,0.2101248949766159,-0.07917206734418869,0.13086704909801483,0.07680531955291556,-0.0009923700043685951,-0.004983543081071952,-0.000318164511705,-0.000170639292992,0.00441112418596,0.13331957542370035,-0.0781796973398201,0.1358505921790868,-1.10200718899e-10,-5.91033005517e-11,1.52785442299e-09,4.617709554189675e-08,-2.7078629241236474e-08,4.705374851772707e-08
10042,10041,159550000,0.06910000000001,2,0.00994713140477,0.00993949773443,0.00100943598351,0.39957953953,0.4,True,low,True,0.408863712095968,0.4975024975024975,0.07524868100881577,-0.0008803357486613095,-0.0008018893422558904,0.0824812395503887,-0.0007709729437387506,-0.0009237238088286399,0.016004052013158798,-0.029451552778482437,-0.003596310270950198,0.0866871689323887,-0.0009989006524447506,-0.00520506100721864,-0.004205929382,0.000227927708706,0.00428133719839,-0.0706831169192299,-0.028452652126037686,0.001608750736268442,-1.4567873931e-09,7.89462167391e-11,1.4829060333e-09,-2.4482168928806234e-08,-9.85500733673364e-09,5.572152022479672e-10
10042,10041,131250000,0.0125,2,0.00404686870129,0.00975968355771,0.00145443690465,0.397006020742,0.4,True,mid,True,0.408863712095968,0.4975024975024975,0.09538436681032181,-0.0002928274334408343,-0.0005542327999137342,0.2213144836666753,0.0017701074283351693,-0.004124640865291906,0.0034445382189005613,-0.0024887833278626204,-0.0028985461685806513,0.1509934091185753,0.02976294893933517,-0.0823345958843919,0.0703210745481,-0.027992841511,0.0782099550191,-0.14754887089967475,-0.03225173226719779,0.07943604971581125,2.43622694114e-08,-9.69793409537e-09,2.70953196759e-08,-5.111732673755113e-08,-1.1173398522821256e-08,2.7520092043431764e-08
10042,10041,159800000,0.06960000000001,2,0.00996214434998,0.00992641771627,0.00100315990541,0.399990387536,0.4,True,mid,True,0.408863712095968,0.4975024975024975,0.07483752816915512,-0.0008623187313787639,-0.0007977797649800777,0.08454604653264534,-0.000903542042900194,-0.000871085116615997,0.029605189338326454,-0.05398274585604668,-0.007531655486673117,0.02422005252454534,-0.028929952481700195,-0.014360825469315996,0.0603259940081,0.0280264104388,0.0134897403527,0.005385136813781114,-0.02505279337434648,0.00682916998264288,2.08976607474e-08,9.70869070532e-09,4.6730107327e-09,1.8654771307631265e-09,-8.678593454111817e-09,2.365707848333996e-09
10043,10042,130500000,0.011,6,0.00120648125376,0.0114616461166,0.00905182723522,0.430190767333,0.430190767333,False,low,True,0.5491502832389203,0.26873126873126874,0.19652023911476135,0.0038328480441123247,0.009110840037465096,0.04460040560855979,0.0006159451317804747,0.0010762012155445333,0.24001221358776093,-0.03714003041386604,0.10223820805549622,0.04926691281531979,0.0006987161443655747,-0.003929500588765467,-0.00466650720676,-8.27710125851e-05,0.00500570180431,0.19074530077244115,-0.03783874655823162,0.10616770864426169,-1.32709814606e-09,-2.35390737617e-11,1.42356098253e-09,5.4245653935401354e-08,-1.0760881357679817e-08,3.019281082631639e-08
10043,10042,141800000,0.0336,6,0.00273353254054,0.0115056920422,0.00892956395977,0.417182496853,0.417182496853,False,low,True,0.5491502832389203,0.26873126873126874,0.16244320571422577,0.00028003676561638713,-0.0016872613923624158,0.10709957747838447,-2.6834503024593436e-06,-0.003139061927149204,0.16599151492118835,0.023302586749196053,-0.06209704279899597,0.10515967388897447,-0.00032018428070845935,-0.007570500811539204,0.00193990358941,0.000317500830406,0.00443143888439,0.06083184103221388,0.02362277102990451,-0.05452654198745677,6.00015427075e-10,9.82035382545e-11,1.37065146396e-09,1.8815390247157665e-08,7.30656261761881e-09,-1.686515069926513e-08
10043,10042,151000000,0.05200000000001,6,0.00501593643413,0.0114285428926,0.00870867085312,0.400117665261,0.400117665261,False,low,True,0.5491502832389203,0.26873126873126874,0.19405712187290192,-0.0011992661748081446,-0.008252560161054134,0.12823562407525094,0.00039659169701644105,-0.006514648658448172,0.21219797432422638,0.023380829021334648,-0.1962260603904724,0.12893506132716895,-0.00030116547105655893,-0.011888911809688173,-0.000699437251918,0.000697757168073,0.00537426315124,0.08326291299705743,0.023681994492391206,-0.18433714858078423,-2.42070459118e-10,2.41488993566e-10,1.85999579644e-09,2.8816725905605296e-08,8.196176660422742e-09,-6.379782899333617e-08
10043,10042,125050000,0.0001,6,0.00058402265369,0.0115867020353,0.00923196766678,0.563401253074,0.563401253074,False,mid,True,0.5491502832389203,0.26873126873126874,0.2237669676542282,0.005628238897770643,0.01407852303236723,0.10489633781696897,0.003040233260115414,0.006658979062597239,0.3322690725326538,-0.19159182906150818,-0.1859540492296219,0.006421935780768971,0.00018987001659541387,-0.0005453678259327608,0.0984744020362,0.00285036324352,0.00720434688853,0.3258471367518848,-0.19178169907810358,-0.18540868140368913,1.25136830343e-08,3.62211309992e-10,9.15495921462e-10,4.1407185041331374e-08,-2.4370753662060623e-08,-2.3560899309045112e-08
10043,10042,130250000,0.0105,6,0.00118068622364,0.0114612795088,0.00905370370718,0.43295651724,0.43295651724,False,mid,True,0.5491502832389203,0.26873126873126874,0.19729219377040863,0.003900913055986166,0.009311746805906296,0.048413817312959295,0.0007339743212363245,0.0015586824959584406,0.20637138187885284,-0.04583536088466644,0.09436946362257004,0.0539975064684193,0.0007603768283274246,-0.0035843608656815594,-0.00558368915546,-2.64025070911e-05,0.00514304336164,0.15237387541043354,-0.04659573771299387,0.0979538244882516,-1.56010401693e-09,-7.37696104187e-12,1.43698590383e-09,4.257384114423557e-08,-1.3019026588698503e-08,2.73686716440081e-08
10043,10042,146000000,0.042,6,0.00365395538059,0.0114235843835,0.00881379303724,0.418103509726,0.418103509726,False,mid,True,0.5491502832389203,0.26873126873126874,0.1739369034767151,-0.00037229532608762383,-0.004365832079201937,0.13592088152201298,0.0006627811697253743,-0.0031858894976498874,0.20970633625984192,0.025510763749480247,-0.03918768838047981,0.133190770926823,-0.0013614423013546257,-0.009665709763719887,0.00273011059519,0.00202422347108,0.00647982026607,0.07651556533301893,0.026872206050834874,-0.029521978616759925,8.39387619031e-10,6.22358714248e-10,1.99225661938e-09,2.352513422608238e-08,8.262008540947562e-09,-9.07669578805436e-09
10043,10042,151550000,0.05310000000001,6,0.00515350380511,0.0114296886958,0.00869641806813,0.396859542206,0.4,True,high,True,0.5491502832389203,0.26873126873126874,0.1937149614095688,-0.0011439599329605699,-0.008355309255421162,0.12595829892794497,0.000711241736476867,-0.006471076795260978,0.061312485486269,0.03707520663738251,-0.067253477871418,0.01019448113594498,0.04224014328187687,-0.0023468502041509775,0.115763817792,-0.0415289015454,-0.00412422659111,0.051118004350324014,-0.005164936644494363,-0.06490662766726703,4.01068580053e-08,-1.43878613298e-08,-1.42885552176e-09,1.7710046032489582e-08,-1.789413864868683e-09,-2.2487172150210808e-08
10043,10042,133150000,0.0163,6,0.00145762611356,0.0114629704133,0.00902836932042,0.399675450198,0.4,True,low,True,0.5491502832389203,0.26873126873126874,0.18879202008247375,0.0031679209787398577,0.007151636760681868,0.05797259968905192,0.00022098977268449887,-6.372832624390156e-05,0.4478093087673187,0.16009902954101562,-0.019450336694717407,0.05551655380171192,0.00021885376377533887,-0.004495089877233902,0.00245604588734,2.13600890916e-06,0.00443136155099,0.3922927549656068,0.15988017577724029,-0.014955246817483506,8.50686965929e-10,7.3983753622e-13,1.53486607566e-09,1.3587626159493385e-07,5.537680804137434e-08,-5.17996573494544e-09
10043,10042,161650000,0.0733,6,0.00737216398531,0.0115201513133,0.00853246665101,0.38171505539,0.4,True,low,True,0.5491502832389203,0.26873126873126874,0.19144217669963837,-0.0003109301324002445,-0.010009457357227802,0.1263140127340947,-0.00014862497211216462,-0.00860695900076218,0.201555535197258,0.044777266681194305,0.024005815386772156,0.12529192701976472,-0.0020572117184621645,-0.01187418734473218,0.00102208571433,0.00190858674635,0.00326722834397,0.07626360817749328,0.04683447839965647,0.03588000273150434,3.54013257641e-10,6.61064920573e-10,1.13164887571e-09,2.641493564750093e-08,1.622175717325025e-08,1.242752586501077e-08
10043,10042,172850000,0.0957,6,0.00999399579532,0.011716763453,0.00831758871643,0.376742594701,0.4,True,low,True,0.5491502832389203,0.26873126873126874,0.19108586013317108,0.00062426773365587,-0.004545190371572971,0.14562736033767698,-4.073409854656924e-05,-0.004347453215033963,0.39702197909355164,0.07518445700407028,0.045956313610076904,0.14524313575645897,1.0730868520130763e-05,-0.008887668391693963,0.000384224581218,-5.14649670667e-05,0.00454021517666,0.25177884333709266,0.07517372613555015,0.05484398200177087,1.33081584141e-10,-1.7825614705e-11,1.57256734104e-09,8.720714124567618e-08,2.603747664488894e-08,1.8995984021184607e-08
10043,10042,151600000,0.05320000000001,6,0.00515571524394,0.0114334851296,0.00869609536654,0.396825329766,0.4,True,mid,True,0.5491502832389203,0.26873126873126874,0.19376860558986664,-0.0011411220766603947,-0.008362376131117344,0.12589723898396699,0.0006065616118706499,-0.006493101340599904,0.06592585891485214,0.03986264765262604,-0.0723196268081665,0.033183767315666995,0.03398774415527065,-0.0040460510341999035,0.0927134716683,-0.0333811825434,-0.0024470503064,0.03274209159918515,0.005874903497355387,-0.0682735757739666,3.21192428388e-08,-1.15644284382e-08,-8.47745226405e-10,1.1343024613378434e-08,2.0352754426166117e-09,-2.365239398654465e-08
10043,10042,161350000,0.0727,6,0.00729756979212,0.0115226007552,0.0085388353279,0.381306420606,0.4,True,mid,True,0.5491502832389203,0.26873126873126874,0.19162671267986298,-0.00032861781073734164,-0.009960712864995003,0.12592142414165913,-0.00038365003995071995,-0.008527524972859689,0.20192280411720276,0.016277626156806946,0.024133462458848953,0.12293475038732912,-0.00715976043524072,-0.008681783357981688,0.00298667375433,0.00677611039529,0.000154258385122,0.07898805372987364,0.023437386592047665,0.03281524581683064,1.03448290718e-09,2.34701576325e-09,5.3429894198e-11,2.7358793820904714e-08,8.117919067426735e-09,1.1366092745559431e-08
10043,10042,169900000,0.0898,6,0.00915029578836,0.0117167780637,0.00837265127408,0.362066775319,0.4,True,mid,True,0.5491502832389203,0.26873126873126874,0.19161845743656158,0.0004455451271496713,-0.006447026040405035,0.14321163444553436,5.377393012465266e-05,-0.006270806704675197,0.022635743021965027,-0.003924866672605276,-0.0020756300073117018,0.13483573138505436,-0.0016817369807553472,-0.0049696407754551974,0.00837590306048,0.00173551091088,-0.00130116592922,-0.11219998836308934,-0.002243129691849929,0.0028940107681434957,2.90113783965e-09,6.01124002787e-10,-4.50681160667e-10,-3.886239244867638e-08,-7.769464834153946e-10,1.0023903198486142e-09
10044,10043,125050000,0.0001,2,0.000195462174916,0.0118434621829,0.00247201010406,0.675397550968,0.675397550968,False,high,True,0.5308230589803399,0.5864135864135864,0.23700377345085144,0.0034609190188348293,-0.0005143823800608516,0.2087095906547418,-0.0007688119486719127,0.003523886386231378,0.10973840206861496,-0.4510396122932434,-0.003438248997554183,0.007432264503741801,-7.606544864491275e-05,-0.0007852125946786218,0.201277326151,-0.000692746500027,0.00430909898091,0.10230613756487315,-0.4509635468445985,-0.002653036402875561,1.38312529693e-08,-4.76037329624e-11,2.96110044854e-10,7.030210983179515e-09,-3.09890389325873e-08,-1.823097431123703e-10
10044,10043,138150000,0.0263,2,0.00243375544334,0.0115542950151,0.00229486568003,0.412465635995,0.412465635995,False,low,True,0.5308230589803399,0.5864135864135864,0.1510816514492035,0.0013855102006345987,-0.0008111208444461226,0.17373138415063066,0.0014185956466049828,-0.001523406284908698,0.06570734828710556,0.008499269373714924,-0.018149031326174736,0.16913399076356067,0.00028185557102498285,-0.006506105397308698,0.00459739338707,0.00113674007558,0.0049826991124,-0.10342664247645511,0.00821741380268994,-0.011642925928866038,1.46646995004e-09,3.62595719245e-10,1.58937421778e-09,-3.2990882105399376e-08,2.6211788711747147e-09,-3.713843817066372e-09
10044,10043,139950000,0.0299,2,0.00309732535774,0.0115617541347,0.0022710918438,0.411375213291,0.411375213291,False,low,True,0.5308230589803399,0.5864135864135864,0.1558285504579544,0.0014479069504886866,-0.0008225050987675786,0.19862025150856813,0.0029162588297979874,-0.002253801329848256,0.10322357714176178,0.04774172604084015,-0.04777545481920242,0.19643845675839813,0.0030569586669439873,-0.007215052390298256,0.00218179475017,-0.000140699837146,0.00496125106045,-0.09321487961663635,0.044684767373896164,-0.040560402428904165,7.0093634542e-10,-4.5202065704e-11,1.59388099488e-09,-2.99467660980441e-08,1.4355693878434772e-08,-1.303067588969079e-08
10044,10043,167100000,0.0842,2,0.00954740358752,0.0117676472981,0.00235223965763,0.400075410337,0.400075410337,False,low,True,0.5308230589803399,0.5864135864135864,0.2026629000902176,-0.002668286208063364,-0.0016882632626220584,0.22974863259557626,-0.0066674597425443105,-0.0019710021306893954,0.00791002158075571,0.004543941933661699,0.0026954510249197483,0.22756437235422627,-0.007709821936114311,-0.006078077683499395,0.00218426024135,0.00104236219357,0.00410707555281,-0.21965435077347056,0.012253763869776009,0.008773528708419144,7.56169356916e-10,3.6085551285e-10,1.42182905717e-09,-7.60421702615078e-08,4.242132219319379e-09,3.0373091244974934e-09
10044,10043,125750000,0.0015,2,0.000285255782276,0.0118439274064,0.00246369164493,0.663687424674,0.663687424674,False,mid,True,0.5308230589803399,0.5864135864135864,0.23339036107063293,0.0033802564721554518,-0.0005285660154186189,0.22566053508328898,0.0019729613565983486,0.0001221130535548967,0.027483109384775162,-0.16314013302326202,0.004265105817466974,0.11110826845428896,0.0007630678396283487,-0.010256938487045104,0.114552266629,0.00120989351697,0.0103790515406,-0.0836251590695138,-0.16390320086289037,0.014522044304512078,8.33540574091e-09,8.80380080119e-11,7.55232596812e-10,-6.084992043414407e-09,-1.1926430804296464e-08,1.056697829102034e-09
10044,10043,144000000,0.038,2,0.00385944096557,0.0117368368977,0.00223379581812,0.406505974981,0.406505974981,False,mid,True,0.5308230589803399,0.5864135864135864,0.1655997484922409,0.0017830603756010532,-0.0008086214074864984,0.21554973891648843,0.002735485086379416,-0.0013462183327723875,0.32586634159088135,-0.045286476612091064,0.1103598028421402,0.20968249744144843,0.007120876870799416,-0.0028430478789923876,0.00586724147504,-0.00438539178442,0.00149682954622,0.11618384414943292,-0.05240735348289048,0.11320285072113259,1.94634930706e-09,-1.45477296224e-09,4.96545636048e-10,3.8541850631864947e-08,-1.7385174373736462e-08,3.7552960960592324e-08
10044,10043,145850000,0.0417,2,0.00467245699353,0.0117469283793,0.00221324609929,0.397911722942,0.4,True,high,True,0.5308230589803399,0.5864135864135864,0.17508350312709808,0.0019844071939587593,-0.000792387523688376,0.22691735032387203,0.0019113520258212807,-0.0015602832884374085,0.08018384128808975,-0.010584107600152493,0.037347983568906784,0.12630441661687203,-0.07706233598387872,0.04249765719896259,0.100612933707,0.0789736880097,-0.0440579404874,-0.046120575328782276,0.06647822838372623,-0.005149673630055807,3.48587063174e-08,2.73614981266e-08,-1.52644670205e-08,-1.5979094648595353e-08,2.303227780316908e-08,-1.7841738043689312e-09
10044,10043,155600000,0.06120000000001,2,0.00629476454343,0.0121539710013,0.00253265461833,0.395313665289,0.4,True,high,True,0.5308230589803399,0.5864135864135864,0.21885967254638672,0.0009999440517276525,-0.0013788864016532898,0.21852266318506847,0.003190052846930927,-0.0008306342524113317,0.011984978802502155,0.013440064154565334,0.0055853757075965405,0.06509198854906846,0.07735558099713093,0.04176394302838867,0.153430674636,-0.0741655281502,-0.0425945772808,-0.053107009746566305,-0.06391551684256559,-0.03617856732079213,5.31628356321e-08,-2.5697923782e-08,-1.47587730822e-08,-1.840126973805818e-08,-2.214635452984611e-08,-1.2535662979018255e-08
10044,10043,168400000,0.0868,2,0.00973842940305,0.011826064742,0.00254412401954,0.396266126924,0.4,True,high,True,0.5308230589803399,0.5864135864135864,0.22036977112293243,-0.0030651064589619637,-0.0017934053903445601,0.22362606460143253,-0.004375464000815628,-0.0006178227325675106,0.051049184054136276,0.018433058634400368,0.017802884802222252,0.14018435255873252,0.03520826521138437,0.07688852376633248,0.0834417120427,-0.0395837292122,-0.0775063464989,-0.08913516850459624,-0.016775206576984003,-0.05908563896411023,2.89085715946e-08,-1.37138733362e-08,-2.68522506543e-08,-3.08810825812184e-08,-5.8118086083399124e-09,-2.0470354483266132e-08
10044,10043,145600000,0.0412,2,0.00456092821165,0.0117468719597,0.00221569284923,0.399726033569,0.4,True,low,True,0.5308230589803399,0.5864135864135864,0.17378178238868713,0.001958201639354229,-0.0007944050012156367,0.22639483141341016,0.0022526508545930093,-0.001741763090351429,0.4242992699146271,-0.09268342703580856,0.15967105329036713,0.22510545029663015,0.0022589495555000493,-0.006181319287561429,0.00128938111678,-6.29870090704e-06,0.00443955619721,0.19919381961799693,-0.09494237659130861,0.16585237257792856,4.46595337571e-10,-2.18164390747e-12,1.53770291247e-09,6.899358921622253e-08,-3.288463137217148e-08,5.744530872555071e-08
10044,10043,162250000,0.0745,2,0.00785655919241,0.01204090357,0.00262207547064,0.394039534475,0.4,True,low,True,0.5308230589803399,0.5864135864135864,0.22856611013412476,-0.0013555858749896288,-0.0020170293282717466,0.22237323179375476,-0.0031034028275347763,-0.0019244906826438547,0.060630425810813904,0.04177609458565712,-0.04054637253284454,0.21825769128225475,-0.0028336385612517763,-0.0041037406052638545,0.0041155405115,-0.000269764266283,0.00217924992262,-0.15762726547144085,0.04460973314690889,-0.03644263192758069,1.42547563976e-09,-9.3436667429e-11,7.54814019921e-10,-5.4596431857126334e-08,1.54512117471268e-08,-1.2622420777127428e-08
10044,10043,167050000,0.0841,2,0.00952467110159,0.0117684300243,0.00235284370279,0.399847671408,0.4,True,low,True,0.5308230589803399,0.5864135864135864,0.20271185040473938,-0.002651873044669628,-0.00169121113140136,0.2292788411696435,-0.006824720649816031,-0.0019464835445541853,0.04080851003527641,0.021261069923639297,0.012331966310739517,0.2270847460434335,-0.007947757069716031,-0.006000946864674186,0.00219409512621,0.0011230364199,0.00405446332012,-0.1862762360081571,0.02920882699335533,0.018332913175413704,7.59955999832e-10,3.88979609469e-10,1.40432093824e-09,-6.45194191854093e-08,1.0116891950811515e-08,6.34986477825563e-09
10044,10043,145900000,0.0418,2,0.00468612188292,0.0117400316986,0.00221699871956,0.397562364676,0.4,True,mid,True,0.5308230589803399,0.5864135864135864,0.17547260224819183,0.0019818644504994154,-0.0007946376572363079,0.22642040249327855,0.0014265246311053609,-0.001283402749087427,0.115709587931633,-0.013449892401695251,0.051575515419244766,0.14623977146587855,-0.061462114642394636,0.03291679742101257,0.0801806310274,0.0628886392735,-0.0342002001701,-0.030530183534245553,0.048012222240699384,0.018658717998232197,2.77779650196e-08,2.17872870229e-08,-1.18483971979e-08,-1.0576948065760937e-08,1.663346637245162e-08,6.464169827856153e-09
10044,10043,160350000,0.07070000000001,2,0.0073474324652,0.0121338889764,0.0025879683792,0.396507208502,0.4,True,mid,True,0.5308230589803399,0.5864135864135864,0.22916367650032043,-0.0006874960963614285,-0.001886122627183795,0.22723288443691142,-0.0007538902642472908,-0.0031223225465484145,0.07186751067638397,-0.08641635626554489,0.050576865673065186,0.16058087597561144,-0.05200456365114729,-0.061108811165548414,0.0666520084613,0.0512506733869,0.057986488619,-0.08871336529922746,-0.0344117926143976,0.1116856768386136,2.30908061149e-08,1.77551943258e-08,2.00887384626e-08,-3.073370428311554e-08,-1.1921561700376673e-08,3.8692192016837495e-08
10044,10043,169100000,0.0882,2,0.00998935475717,0.0118603338829,0.00261150674952,0.397027408719,0.4,True,mid,True,0.5308230589803399,0.5864135864135864,0.22578418254852295,-0.0033633364364504814,-0.0018072266830131412,0.2250447967407424,-0.0032282946985216204,-0.0017660847206783133,0.04836426302790642,-0.0011975634843111038,-0.01022553350776434,0.2121539741326424,0.006956349599378379,0.011444153606921687,0.0128908226081,-0.0101846442979,-0.0132102383276,-0.16378971110473597,-0.008153913083689483,-0.021669687114686025,4.46507959289e-09,-3.52772269064e-09,-4.57571773093e-09,-5.67329268903444e-08,-2.8243248719778844e-09,-7.505873027811775e-09
10045,10044,125050000,0.0001,4,0.00391002061319,0.00351065909121,0.011285950992,0.471736890918,0.471736890918,False,high,True,0.4880907372400756,0.4305694305694306,0.15618714690208435,-0.006777169182896614,0.00027278950437903404,0.32423140626038316,-0.022569106184072703,-0.004318682824029906,0.260312557220459,-0.02833540551364422,0.3221040368080139,0.03982967185938317,-0.002577856917072703,-0.0017331072086999059,0.284401734401,-0.019991249267,-0.00258557561533,0.2204828853610758,-0.025757548596571516,0.3238371440167138,6.23971320218e-08,-4.38603731591e-09,-5.67269757908e-10,4.837347330317123e-08,-5.651151051252318e-09,7.10491765155086e-08
10045,10044,139050000,0.0281,4,0.00973271943394,0.00346191379483,0.0110286630248,0.437605463687,0.437605463687,False,high,True,0.4880907372400756,0.4305694305694306,0.2036944180727005,0.002540424233302474,-0.004907775670289993,0.294868416161957,0.008286093470620856,-0.005976448310292554,0.09325016289949417,0.0013511399738490582,-0.039271384477615356,0.209943580644857,0.09703236334462086,-0.03573601760359255,0.0849248355171,-0.088746269874,0.0297595692933,-0.11669341774536282,-0.0956812233707718,-0.0035353668740228036,2.30425068322e-08,-2.4079369921e-08,8.07461179745e-09,-3.1662220589448964e-08,-2.59610187032516e-08,-9.592448999497132e-10
10045,10044,126800000,0.0036,4,0.00483772408621,0.00343775104582,0.0112577435984,0.448188083208,0.448188083208,False,low,True,0.4880907372400756,0.4305694305694306,0.17042116820812225,-0.008601725101470947,-0.00023612930090166628,0.32186076242405737,-0.025229159473081297,-0.0019267235665461537,0.1904112994670868,-0.05393774062395096,0.13869115710258484,0.32067534977699735,-0.025838013222269297,-0.008663512602876153,0.00118541264706,0.000608853749188,0.00673678903633,-0.13026405030991056,-0.02809972740168166,0.147354669705461,3.00776511327e-10,1.54485365955e-10,1.7093354866e-09,-3.30520909326728e-08,-7.129785562894015e-09,3.7388519172187306e-08
10045,10044,136950000,0.0239,4,0.00864089202352,0.00337367256662,0.0110169988147,0.4419896043,0.4419896043,False,low,True,0.4880907372400756,0.4305694305694306,0.20568053424358368,-0.0015457961708307266,-0.003330476116389036,0.2785659701162876,-0.0005021157290204283,-0.0036137513654571777,0.24407246708869934,-0.054200854152441025,0.04377613589167595,0.2745209798477276,0.004673073713599572,-0.005462095132937178,0.00404499026856,-0.00517518944262,0.00184834376748,-0.030448512759028268,-0.05887392786604059,0.049238231024613124,1.06718443533e-09,-1.36536338937e-09,4.87646092782e-10,-8.033190870189105e-09,-1.553263056125513e-08,1.299045740136857e-08
10045,10044,137800000,0.0256,4,0.00911204946954,0.00337704041936,0.0110022257989,0.440527917303,0.440527917303,False,low,True,0.4880907372400756,0.4305694305694306,0.2077101618051529,0.00025750204804353416,-0.004104822874069214,0.278195169443747,0.004020100609057529,-0.005645531307889333,0.10924685001373291,-0.005009286571294069,0.03509850054979324,0.2781500781345866,0.0024729837530875287,-0.010593786064679332,4.50913091604e-05,0.00154711685597,0.00494825475679,-0.16890322812085368,-0.007482270324381598,0.045692286614472576,1.20067818312e-11,4.11961748348e-10,1.31760679422e-09,-4.497505724262646e-08,-1.992357043070153e-09,1.2166808348754562e-08
10045,10044,125400000,0.0008,4,0.00400824646447,0.00350335627756,0.0112827746358,0.471085173729,0.471085173729,False,mid,True,0.4880907372400756,0.4305694305694306,0.15766985714435577,-0.006966582965105772,0.00021733574976678938,0.32099040281762814,-0.02660906850770927,-0.0031550328236294944,0.31855788826942444,-0.017372719943523407,0.30340081453323364,0.21379615961662812,-0.016400071516709268,-0.0066233669663594945,0.107194243201,-0.010208996991,0.00346833414273,0.10476172865279632,-0.0009726484268141392,0.31002418149959315,2.36027716992e-08,-2.24788774157e-09,7.63681859239e-10,2.306716378014048e-08,-2.141644744730819e-10,6.826327383501254e-08
10045,10044,139550000,0.0291,4,0.00998002598453,0.00351988174154,0.0109991478852,0.435074462625,0.435074462625,False,mid,True,0.4880907372400756,0.4305694305694306,0.2057364135980606,0.0034640890080481768,-0.005255571100860834,0.29718641539796964,0.00812633638409686,-0.005295709152699014,0.07741058617830276,-0.00984006468206644,-0.015298708342015743,0.27616335264096964,0.02851820086699686,-0.019932967675299014,0.021023062757,-0.0203918644829,0.0146372585226,-0.19875276646266687,-0.0383582655490633,0.004634259333283271,5.79547207267e-09,-5.62146831252e-09,4.03508394417e-09,-5.479059453492077e-08,-1.0574304006763694e-08,1.2775360495286004e-09
10046,10045,125050000,0.0001,2,0.000138257006401,0.0131997233767,0.00148828377505,0.684135505503,0.684135505503,False,high,True,0.36773511799929554,0.3806193806193806,0.10931481420993805,0.0014671019744127989,-0.0002908785827457905,0.2540404353869978,-0.0034030983364080223,0.004082791569969736,0.1423073709011078,0.0945710688829422,-0.07530561089515686,0.008898583934997786,-0.00015990293759802216,-0.0007815622108302642,0.245141851452,-0.00324319539881,0.0048643537808,0.13340878696611,0.09473097182054022,-0.07452404868432659,1.61500060698e-08,-2.13662518521e-10,3.20464835441e-10,8.78900402565165e-09,6.240899955833682e-09,-4.909662839980656e-09
10046,10045,131900000,0.0138,2,0.0015835542371,0.0129926265094,0.00133687403314,0.476462556079,0.476462556079,False,high,True,0.36773511799929554,0.3806193806193806,0.08826817572116852,0.0011701607145369053,-0.0003788434260059148,0.18927128604811325,0.003020008736427563,-0.003736221543220641,0.001440870575606823,0.000920743856113404,0.0004909480339847505,0.0005037078731132407,0.0011038480688775629,-0.007713313903650641,0.188767578175,0.00191616066755,0.00397709236043,0.0009371627024935822,-0.00018310421276415884,0.00820426193763539,4.02257738247e-08,4.08327777313e-10,8.47505802201e-10,1.997064075934844e-10,-3.901892856925088e-11,1.7483022682844589e-09
10046,10045,154700000,0.05940000000001,2,0.00749747190492,0.0131162971297,0.000833148137348,0.413527049322,0.413527049322,False,high,True,0.36773511799929554,0.3806193806193806,0.05789078399538994,-0.00015436367539223284,-0.0004338340659160167,0.18471459622786562,0.0004500181650885643,0.0008944069064983629,0.16136357188224792,-0.07233863323926926,0.05170247703790665,0.08197738101386562,-0.03570418436941144,0.051819688076498366,0.102737215214,0.0361542025345,-0.05092528117,0.0793861908683823,-0.03663444886985782,-0.00011721103859171911,3.25521773369e-08,1.14554206081e-08,-1.61356211586e-08,2.5153430116516444e-08,-1.1607586148488056e-08,-3.713819287524655e-11
10046,10045,136550000,0.0231,2,0.00212669490463,0.0131995944108,0.00115045153412,0.424717572933,0.424717572933,False,low,True,0.36773511799929554,0.3806193806193806,0.061972472816705704,0.0008163532475009561,-0.0003177810867782682,0.17140030264439754,0.002184556835889012,-0.0020574339522404037,0.1293710172176361,-0.07448991388082504,-0.10513826459646225,0.16887075601458754,0.004626493291699012,-0.007856059805050403,0.00252954662981,-0.00244193645581,0.00579862585281,-0.03949973879695143,-0.07911640717252405,-0.09728220479141185,7.45121420708e-10,-7.19314338698e-10,1.70808487287e-09,-1.163532671946446e-08,-2.3305097055313843e-08,-2.8656144855957582e-08
10046,10045,151350000,0.05270000000001,2,0.00625591269495,0.0131131297001,0.000897862012327,0.415607960746,0.415607960746,False,low,True,0.36773511799929554,0.3806193806193806,0.060288991779088974,0.0003960307512897998,-0.00033399759558960795,0.2270619535875723,0.002126406388119768,0.0015188124164816031,0.34435218572616577,0.13644690811634064,-0.22281299531459808,0.2271194196335492,0.003280472904619768,-0.0036469028641083973,-5.74660459769e-05,-0.0011540665165,0.00516571528059,0.11723276609261657,0.13316643521172086,-0.21916609245048968,-1.79576770861e-11,-3.60636502596e-10,1.61424446994e-09,3.663429633294474e-08,4.161343975534941e-08,-6.84876408240825e-08
10046,10045,160450000,0.07090000000001,2,0.00965401504029,0.0130328726827,0.000870754806463,0.410481857967,0.410481857967,False,low,True,0.36773511799929554,0.3806193806193806,0.06256379187107086,-0.000866611662786454,-0.00045697891619056463,0.17013316362919614,-0.0014118390268101327,-0.0011964920937746022,0.23649515211582184,-0.09489356726408005,-0.12204546481370926,0.17230966880808615,-0.0015946996864461328,-0.005739026876104602,-0.00217650517889,0.000182860659636,0.00454253478233,0.06418548330773569,-0.09329886757763392,-0.11630643793760466,-7.03349141847e-10,5.90923877783e-11,1.46794410229e-09,2.074187786976778e-08,-3.0150021733180415e-08,-3.7585039589142985e-08
10046,10045,126400000,0.0028,2,0.000392748021371,0.0132570560611,0.00146294787169,0.628744179378,0.628744179378,False,mid,True,0.36773511799929554,0.3806193806193806,0.10048139840364456,0.0013461277121677995,-0.0002914601645898074,0.2637090104524781,0.0024846243704734483,-0.0018800368097772815,0.12661758065223694,0.023279152810573578,0.008205050602555275,0.15682288655247809,0.03685788876297345,-0.015319689895977281,0.1068861239,-0.0343732643925,0.0134396530862,-0.030205305900241147,-0.013578735952399869,0.023524740498532558,9.29579592372e-09,-2.9894137739e-09,1.1688352783e-09,-2.6269299439179905e-09,-1.1809311977082214e-09,2.045926813076971e-09
10046,10045,145350000,0.0407,2,0.00433524037307,0.0130086360708,0.000871718350043,0.406249495147,0.406249495147,False,mid,True,0.36773511799929554,0.3806193806193806,0.05654016137123108,0.0008946428424678743,-0.0002237322914879769,0.16132217302343438,0.0005222101306037517,0.00047539510612074,0.007575419265776873,-0.0035925463307648897,-0.005300265271216631,0.1682835401710344,-0.0014965847046662481,-0.0018390627081892599,-0.0069613671476,0.00201879483527,0.00231445781431,-0.16070812090525752,-0.0020959616260986416,-0.0034612025630273713,-2.31322206703e-09,6.70833855295e-10,7.69080954324e-10,-5.340237969737517e-08,-6.964759338704073e-10,-1.1501376062338674e-09
10046,10045,161700000,0.0734,2,0.00999574396342,0.0130430372439,0.000794633754227,0.409016212049,0.409016212049,False,mid,True,0.36773511799929554,0.3806193806193806,0.05670957267284393,-0.000887152215000242,-0.0004124561382923275,0.1637832475985754,-0.0008715038986256791,-0.0010861230226593506,0.13595432043075562,0.016467930749058723,-0.0007587127038277686,0.1617833848845954,-0.0005058830627126791,-0.00792498556910935,0.00199986271398,-0.000365620835913,0.00683886254645,-0.025829064453839784,0.0169738138117714,0.007166272865281582,6.52527352556e-10,-1.19296986953e-10,2.23142560773e-09,-8.427664023739648e-09,5.538319061566128e-09,2.3382550350969775e-09
10047,10046,140850000,0.0317,2,0.00577810929348,0.0124048932337,0.000723830214503,0.40645267972,0.40645267972,False,high,True,0.5214928357214262,0.4165834165834166,0.06300631910562515,0.0006168621475808322,-0.0003093044215347618,0.1575895094601132,0.0025126105828600365,0.00010126309311494879,0.011552213691174984,0.0045962342992424965,0.013758725486695766,0.02434125871811319,-0.07531590483853996,0.009501678148574949,0.133248250742,0.0778285154214,-0.00940041505546,-0.012789045026938207,0.07991213913778246,0.004257047338120818,4.42325113334e-08,2.58356163872e-08,-3.12052100619e-09,-4.2453959128708515e-09,2.652728707809777e-08,1.4131509688243416e-09
10047,10046,141150000,0.0323,2,0.00580658028225,0.0123681575458,0.00073400984971,0.406059964245,0.406059964245,False,high,True,0.5214928357214262,0.4165834165834166,0.06375396996736526,0.000597275560721755,-0.00032012973679229617,0.15839940496330812,0.002940377820600054,-3.496161441175066e-05,0.033445876091718674,-0.019420944154262543,0.022285480052232742,0.05289993889430812,-0.05787660974459995,0.02912869301668825,0.105499466069,0.0608169875652,-0.0291636546311,-0.019454062802589447,0.038455665590337404,-0.006843212964455506,3.51098678322e-08,2.02396891182e-08,-9.70556627211e-09,-6.474246735543366e-09,1.2797916298401677e-08,-2.2773982815485154e-09
10047,10046,141400000,0.0328,2,0.00583652837239,0.0123403272526,0.000751494045331,0.405728525681,0.405728525681,False,high,True,0.5214928357214262,0.4165834165834166,0.06517921388149261,0.000585653237067163,-0.0003338558308314532,0.1612931492679215,0.0028555102856480524,-0.00020985620680123024,0.05339257791638374,-0.02973923087120056,0.03663458675146103,0.0670936129952215,-0.05405009376955195,0.03944723084079877,0.0941995362727,0.0569056040552,-0.0396570870476,-0.013701035078837756,0.02431086289835139,-0.0028126440893377416,3.14174820619e-08,1.8979188915e-08,-1.32264538685e-08,-4.5695768880715755e-09,8.108172600840238e-09,-9.380746309350476e-10
10047,10046,128300000,0.0066,2,0.00376925970231,0.012426342991,0.00102889820597,0.410581428796,0.410581428796,False,low,True,0.5214928357214262,0.4165834165834166,0.07963814586400986,0.0011684311321005225,-0.00035913247847929597,0.21208416076956493,0.0009629553722715627,0.0006325967347584746,0.275797039270401,0.041309431195259094,0.12392404675483704,0.20980511008774494,-0.0015630434976084372,-0.005255690475671525,0.00227905068182,0.00252599886988,0.00588828721043,0.06599192918265606,0.042872474692867535,0.12917973723050857,7.36008607617e-10,8.15759353616e-10,1.90159442507e-09,2.1311780514207936e-08,1.3845462347772401e-08,4.171798340854094e-08
10047,10046,146400000,0.0428,2,0.00727523748633,0.0121979082495,0.000856727751114,0.405908036411,0.405908036411,False,low,True,0.5214928357214262,0.4165834165834166,0.07621432840824127,-0.00017080502584576607,-0.0006046098424121737,0.10788753356561474,0.00019648531944761976,-0.0008614444075317877,0.037001848220825195,-0.002762099727988243,-0.0017687826184555888,0.10908724667151475,-0.0005469528596313803,-0.004224359390211788,-0.0011997131059,0.000743438179079,0.00336291498268,-0.07208539845068955,-0.002215146868356863,0.002455576771756199,-3.99554903022e-10,2.47596169521e-10,1.11999207408e-09,-2.4007468323601752e-08,-7.377370371418721e-10,8.178103032119021e-10
10047,10046,156000000,0.06200000000001,2,0.00973931087516,0.0121040939785,0.000741439221017,0.40991430349,0.40991430349,False,low,True,0.5214928357214262,0.4165834165834166,0.06564775854349136,-0.0009240920771844685,-0.00051073357462883,0.1116449559725659,-0.004046377184731877,6.510672255491054e-05,0.08535099029541016,0.06700266897678375,0.04246411472558975,0.11358543730046591,-0.004362845693673877,-0.004911270698145089,-0.0019404813279,0.000316468508942,0.0049763774207,-0.028234447005055757,0.07136551467045762,0.047375385423734845,-6.29420267169e-10,1.02650662279e-10,1.61415250981e-09,-9.158208801996488e-09,2.3148329574046986e-08,1.5366820242944147e-08
10047,10046,125050000,0.0001,2,0.00281572921149,0.0124066756997,0.00109087518423,0.416578962825,0.416578962825,False,mid,True,0.5214928357214262,0.4165834165834166,0.07771063596010208,0.0010269552003592253,-0.00042268543620593846,0.12159872878977952,0.00034760340664558053,-1.7330938410079215e-05,0.06732958555221558,0.005288770888000727,-0.013866648077964783,0.019883146675779523,-0.00013736691336041945,-0.0007161166908780792,0.101715582114,0.000484970320006,0.000698785752468,0.047446438876436056,0.005426137801361146,-0.013150531387086703,3.15914397182e-08,1.50625010555e-10,2.17033098726e-10,1.473620149888405e-08,1.6852826449169282e-09,-4.084371449713852e-09
10047,10046,139250000,0.0285,2,0.00538601999017,0.0123907812749,0.0007708803076,0.404895234358,0.404895234358,False,mid,True,0.5214928357214262,0.4165834165834166,0.06627381592988968,0.0008486375445500016,-0.00028121148352511227,0.11662549015821619,0.0015551918297695509,-0.00060860764883338,0.00674161221832037,0.0026246237102895975,-0.0035062998067587614,0.08657020338811619,0.01077601659613955,-0.03515329225713338,0.0300552867701,-0.00922082476637,0.0345446846083,-0.07982859116979582,-0.008151392885849953,0.03164699245037462,1.00779161023e-08,-3.09185865036e-09,1.15832677268e-08,-2.6767531799944938e-08,-2.7332646748298067e-09,1.0611635059250997e-08
10047,10046,157750000,0.06550000000001,2,0.00999913356007,0.0122067230312,0.000834728011047,0.406030626775,0.406030626775,False,mid,True,0.5214928357214262,0.4165834165834166,0.07447107136249542,-0.0011425664415583014,-0.0005642843316309154,0.10478402609680665,-0.0026287818573475473,-0.00034702937209893543,0.020702142268419266,0.012355157174170017,-0.00863557681441307,0.09622563895024665,0.01767702420695245,0.010566912116001064,0.00855838714656,-0.0203058060643,-0.0109139414881,-0.07552349668182738,-0.005321867032782434,-0.019202488930414135,2.84812510007e-09,-6.75752042276e-09,-3.63202437103e-09,-2.5133283042799054e-08,-1.7710513459746457e-09,-6.390350164102552e-09
10048,10047,125050000,0.0001,4,0.00411114445835,0.00518039314002,0.0119465919578,0.45737669886,0.45737669886,False,high,True,0.46384538487170945,0.4825174825174825,0.08161506056785583,-0.0032930190209299326,-0.0018102789763361216,0.2504315038718446,-0.008806827549536806,-0.007040533964122572,0.12548460066318512,0.013291360810399055,0.024096637964248657,0.03339588867084459,-0.0009578791546068069,-0.002146410671172571,0.217035615201,-0.00784894839493,-0.00489412329295,0.09208871199234053,0.014249239965005862,0.026243048635421228,5.20225968409e-08,-1.88136254778e-09,-1.17310240867e-09,2.207330779853132e-08,3.4154876622540755e-09,6.2903571737398264e-09
10048,10047,143500000,0.037,4,0.00694301711888,0.00534643871342,0.0123769227792,0.432329893786,0.432329893786,False,high,True,0.46384538487170945,0.4825174825174825,0.049899112433195114,-0.0019147153943777084,-0.0012619039043784142,0.12063586915803508,-0.007636668520567828,-0.002756391184546212,0.023616526275873184,-0.005489974748343229,0.008191910572350025,0.008996468551035077,0.011673884571332172,0.022271841099053787,0.111639400607,-0.0193105530919,-0.0250282322836,0.014620057724838107,-0.0171638593196754,-0.014079930526703761,3.132506597e-08,-5.41837690129e-09,-7.02270903584e-09,4.102263808528075e-09,-4.816032893095254e-09,-3.950708712193273e-09
10048,10047,125800000,0.0016,4,0.00434312015513,0.00517089896223,0.0119344078397,0.453896499144,0.453896499144,False,low,True,0.46384538487170945,0.4825174825174825,0.0835789367556572,-0.0035377535969018936,-0.001994906924664974,0.20562847129706824,-0.008517651182225293,-0.005650045344601497,0.09207472950220108,-0.0094305956736207,-0.05296595022082329,0.20231375308173824,-0.00851847194144187,-0.011046662644671497,0.00331471821533,8.20759216577e-07,0.00539661730007,-0.11023902357953716,-0.0009121237321788305,-0.04191928757615179,8.11542589085e-10,2.00946510794e-13,1.32125402266e-09,-2.6989824414041936e-08,-2.2331528868835983e-10,-1.0263100801376097e-08
10048,10047,159800000,0.06960000000001,4,0.00876768764012,0.00554025392527,0.0127686428252,0.451736422227,0.451736422227,False,low,True,0.46384538487170945,0.4825174825174825,0.01923971064388752,-0.00026961302501149476,-0.00041962138493545353,0.060336950349919975,-0.0032447021999501184,-0.0011472196929923411,0.5053576827049255,-0.18282662332057953,-0.13403929769992828,0.05918821883640998,-0.0032621362674759183,-0.007300984269882341,0.00114873151351,1.74340675258e-05,0.00615376457689,0.4461694638685156,-0.1795644870531036,-0.12673831343004593,2.85063122794e-10,4.32634577661e-12,1.52708559537e-09,1.1071904894221425e-07,-4.4559771208760025e-08,-3.145070800194929e-08
10048,10047,167950000,0.0859,4,0.0099958881438,0.00547971600478,0.0126422992694,0.45003747598,0.45003747598,False,low,True,0.46384538487170945,0.4825174825174825,0.030713127925992012,0.00022553287271875888,-0.000542471359949559,0.09150727202105159,-0.0011038455742609402,-0.0011897523224296104,0.7544666528701782,0.26354461908340454,0.12763172388076782,0.09062968887296759,-0.0017238857780579402,-0.007456801392079611,0.000877583148084,0.000620040203797,0.00626704906965,0.6638369639972106,0.2652685048614625,0.13508852527284743,2.20103739364e-10,1.55510241633e-10,1.57181793887e-09,1.6649476283006978e-07,6.653112013717572e-08,3.388110815784752e-08
10048,10047,125250000,0.0005,4,0.00414557888014,0.00517913219501,0.0119447493949,0.45686278196,0.45686278196,False,mid,True,0.46384538487170945,0.4825174825174825,0.08190814405679703,-0.0033289717976003885,-0.001837625284679234,0.23678994546293447,-0.01000435708884503,-0.005418699285368788,0.11396066099405289,0.008084278553724289,0.00789949856698513,0.12814764124293448,-0.00502093983832503,-0.006554551105968788,0.10864230422,-0.00498341725052,0.0011358518206,-0.014186980248881598,0.013105218392049318,0.014454049672953918,2.61180652416e-08,-1.19803439195e-09,2.73063537896e-10,-3.4106095077959026e-09,3.1505494238767775e-09,3.4748141165994176e-09
10048,10047,141450000,0.0329,4,0.00687969401582,0.00534817732775,0.0123019380202,0.431271011748,0.431271011748,False,mid,True,0.46384538487170945,0.4825174825174825,0.05594002455472946,-0.0021580741740763187,-0.0014232866233214736,0.1363207661167823,-0.008924712597567264,-0.0034586254540165595,0.07976724952459335,-0.02512953244149685,-0.032746411859989166,0.14088072929393228,-0.009332744151947264,-0.00890383242831656,-0.00455996317715,0.00040803155438,0.0054452069743,-0.061113479769338924,-0.015796788289549585,-0.023842579431672607,-1.28786464195e-09,1.15239836654e-10,1.53788292972e-09,-1.7260202919135034e-08,-4.461466968945781e-09,-6.733829601251587e-09
10048,10047,157300000,0.06460000000001,4,0.00849012387898,0.00555091703508,0.0127915134377,0.450181881673,0.450181881673,False,mid,True,0.46384538487170945,0.4825174825174825,0.017212754115462303,-0.00032644375460222363,-0.000392872781958431,0.05439688743138232,-0.003359857857922962,-0.001135506284930061,0.537208616733551,-0.020913736894726753,0.03695279359817505,0.053829249254089315,0.0012621477493870385,0.004381130624019939,0.000567638177293,-0.00462200560731,-0.00551663690895,0.4833793674794617,-0.02217588464411379,0.03257166297415511,1.42239059147e-10,-1.1581844831e-09,-1.38236164334e-09,1.2112544432664467e-07,-5.5568442957359515e-09,8.161823643351696e-09
10049,10048,125050000,0.0001,4,0.00442058337648,0.00418634524986,0.0124726955049,0.475313135914,0.475313135914,False,high,True,0.49050316561146284,0.4905094905094905,0.04596298187971115,-0.002140664029866457,-0.0004623115819413215,0.142502820642412,-0.010904751959579243,-0.0023084182889832345,1.2744148969650269,-0.4230723977088928,-0.12092885375022888,0.017206734353412006,-0.0012302198101492433,-0.0013153738586412342,0.125296086289,-0.00967453214943,-0.000993044430342,1.257208162611615,-0.42184217789874356,-0.11961347989158765,2.68844580488e-08,-2.07583940901e-09,-2.13074981979e-10,2.6975591263386847e-07,-9.051358802041789e-08,-2.566515585170923e-08
10049,10048,135250000,0.0205,4,0.00701995199771,0.00410730712258,0.012452494263,0.460095887402,0.460095887402,False,high,True,0.49050316561146284,0.4905094905094905,0.050272535532712936,-0.0017711964901536703,-0.0006159506738185883,0.14226580238960382,-0.010790032022500548,0.00031327599326848657,0.08988691866397858,0.10386256128549576,-0.0061045498587191105,0.03199135512560382,0.03967583049219945,0.028196214974368486,0.110274447264,-0.0504658625147,-0.0278829389811,0.05789556353837476,0.06418673079329631,-0.034300764833087596,2.59845167274e-08,-1.18915222993e-08,-6.57019565584e-09,1.3642219721174192e-08,1.5124638765897863e-08,-8.082459896035788e-09
10049,10048,135500000,0.021,4,0.00703767762258,0.00412866238401,0.0124651223609,0.459637463322,0.459637463322,False,high,True,0.49050316561146284,0.4905094905094905,0.048951830714941025,-0.001721254433505237,-0.0006094314157962799,0.13903143031324447,-0.01027730375499164,0.00026846545183646306,0.07913466542959213,0.08820009976625443,-0.00016022408090066165,0.03894418966324446,0.04529677490310836,0.022874808686936463,0.10008724065,-0.0555740786581,-0.0226063432351,0.04019047576634767,0.04290332486314607,-0.023035032767837124,2.36507678671e-08,-1.31322396864e-08,-5.34191344173e-09,9.497070821856375e-09,1.0138121207800707e-08,-5.443213433245999e-09
10049,10048,127150000,0.0043,4,0.00493209615363,0.0041412955182,0.0124408441583,0.460619174997,0.460619174997,False,low,True,0.49050316561146284,0.4905094905094905,0.05054255202412605,-0.002548449207097292,-0.0006045481422916055,0.14852504777192155,-0.012768473891645118,-0.0016228850824920203,1.7357550859451294,0.4273698925971985,0.03351597115397453,0.14702629870666153,-0.013007391862762117,-0.00836004518938202,0.00149874906526,0.000238917971117,0.00673716010689,1.5887287872384679,0.4403772844599606,0.041876016343356554,3.51920377494e-10,5.61001868387e-11,1.58194856164e-09,3.7304846254700086e-07,1.0340472850244442e-07,9.832882515861038e-09
10049,10048,146850000,0.0437,4,0.00855565147121,0.00420408417917,0.0127050759435,0.460143955558,0.460143955558,False,low,True,0.49050316561146284,0.4905094905094905,0.02722649648785591,-0.0003155068261548877,-0.0004586194409057498,0.06742609384239175,0.0010075263758985405,-0.0008604439145118836,0.37819066643714905,-0.024721261113882065,-0.14707058668136597,0.06639903880023175,0.0010605699285674405,-0.007300260066831883,0.00102705504216,-5.30435526689e-05,0.00643981615232,0.3117916276369173,-0.025781831042449504,-0.1397703266145341,2.41873269144e-10,-1.24918499636e-11,1.5165880323e-09,7.342747678830791e-08,-6.07166656390804e-09,-3.291615779091478e-08
10049,10048,158050000,0.06610000000001,4,0.0098082247016,0.00412296315361,0.0127095207943,0.462967714622,0.462967714622,False,low,True,0.49050316561146284,0.4905094905094905,0.027717363089323044,0.00032736913999542594,-0.0005963142612017691,0.06854363051442175,0.0016513968377156443,-0.0009296416414870078,0.7787296772003174,0.1277674436569214,-0.038528863340616226,0.06645915624611175,0.0013739071121716443,-0.007528471326477008,0.00208447426831,0.000277489725544,0.00659882968499,0.7122705209542056,0.12639353654474975,-0.03100039201413922,4.823914153e-10,6.42169891332e-11,1.52710870048e-09,1.6483445725517873e-07,2.9250136547846707e-08,-7.174146117268484e-09
10049,10048,125100000,0.0002,4,0.00442311184809,0.00418615720896,0.0124725132292,0.475306235409,0.475306235409,False,mid,True,0.49050316561146284,0.4905094905094905,0.04598699137568474,-0.0021426831372082233,-0.0004630351031664759,0.13745481990475614,-0.011521735092456622,-0.0014431259383999025,1.2757915258407593,-0.42061755061149597,-0.11958904564380646,0.03288544634075612,-0.002515672019106622,-0.0022876557828129026,0.104569373564,-0.00900606307335,0.000844529844413,1.242906079500003,-0.41810187859238934,-0.11730138986099356,2.24370543493e-08,-1.93239683631e-09,1.81207569414e-10,2.666856490227427e-07,-8.97105362095375e-08,-2.5168914853914962e-08
10049,10048,139650000,0.0293,4,0.00778940118014,0.00432087183009,0.0125176818026,0.450996752975,0.450996752975,False,mid,True,0.49050316561146284,0.4905094905094905,0.04307316988706589,-0.001150886295363307,-0.0006405644817277789,0.11349701272170348,-0.000678864261187101,-0.0006158856010680322,0.10135682672262192,-0.10131219774484634,0.07977937161922455,0.039357884825603484,1.396296811689901e-05,0.03344109621463197,0.0741391278961,-0.000692827229304,-0.0340569818157,0.061998941897018434,-0.10132616071296324,0.04633827540459258,1.84864050524e-08,-1.72754726899e-10,-8.49202274929e-09,1.5459280210773207e-08,-2.526542329940745e-08,1.1554332413502478e-08
10049,10048,159400000,0.06880000000001,4,0.00999972128434,0.00412823640136,0.0126890754701,0.46126640066,0.46126640066,False,mid,True,0.49050316561146284,0.4905094905094905,0.029743656516075134,0.00045341477380134165,-0.0006602939101867378,0.07796172296943948,0.0028018704002724733,-0.0010771680805409765,0.5300306677818298,-0.26193055510520935,0.10507655143737793,0.07555111802350949,0.0025513544448264734,-0.007607859879740977,0.00241060494593,0.000250515955446,0.0065306917992,0.45447954975832033,-0.2644819095500358,0.11268441131711891,5.63768153579e-10,5.8588163889e-11,1.52733282301e-09,1.0628912756497029e-07,-6.185438142979071e-08,2.6353502100232978e-08
10050,10049,125050000,0.0001,2,0.00183435053322,0.00917860165391,0.00144426969162,0.413781485,0.413781485,False,high,True,0.923025658113962,0.7692307692307693,0.09284013509750366,0.0002608925278764218,-0.00013449056132230908,0.14647580711162214,-0.0003794428872787648,0.0008345180879420724,0.19696614146232605,-0.02531738206744194,0.13933908939361572,0.02141498434462214,-0.00017725918735376478,-0.0002810153346279276,0.125060822767,-0.000202183699925,0.00111553342257,0.17555115711770392,-0.025140122880088177,0.13962010472824365,3.95599237555e-08,-6.39558542531e-11,3.52871636115e-10,5.553130258630205e-08,-7.95246122915018e-09,4.416539548979925e-08
10050,10049,131200000,0.0124,2,0.00309506508235,0.00951917709521,0.00147390371984,0.412213197838,0.412213197838,False,high,True,0.923025658113962,0.7692307692307693,0.08930240571498871,-0.00023375112505163997,-0.00038613364449702203,0.16411441097665275,0.0009273707188360153,-0.0032535709627127462,0.07271532714366913,0.06496687978506088,0.0780446007847786,0.054911769765652756,0.06999081500453602,-0.002206743242842746,0.109202641211,-0.0690634442857,-0.00104682771987,0.017803557378016373,-0.00502393521947514,0.08025134402762134,3.49003545648e-08,-2.20721647966e-08,-3.34558378686e-10,5.689884952568751e-09,-1.6056124515468447e-09,2.564773461342119e-08
10050,10049,128400000,0.0068,2,0.00242809096467,0.00941303960761,0.00149773853496,0.412287756388,0.412287756388,False,low,True,0.923025658113962,0.7692307692307693,0.08706561475992203,-9.262799721909687e-05,-0.00028303280123509467,0.14004412396135602,0.0009074636921475344,-0.0014159172392858368,0.11851301789283752,0.02157049998641014,-0.08088251203298569,0.136314963427446,0.005228064227487534,-0.004473438964145837,0.00372916053391,-0.00432060053534,0.00305752172486,-0.017801945534608482,0.016342435758922608,-0.07640907306883984,1.19090832687e-09,-1.37978483572e-09,9.76420309243e-10,-5.685055652327952e-09,5.2189608491638794e-09,-2.4401256137687704e-08
10050,10049,129500000,0.009,2,0.00274116777856,0.00941680216807,0.0014844753751,0.412640236099,0.412640236099,False,low,True,0.923025658113962,0.7692307692307693,0.08713793754577637,-0.00020091731857974082,-0.00032222471782006323,0.14990943680005187,0.0004954389668860784,-0.0016977447384510505,0.7357089519500732,-0.37616512179374695,0.06718259304761887,0.14751752627516188,0.0007172042082610785,-0.0064382959220810505,0.00239191052489,-0.000221765241375,0.00474055118363,0.5881914256749113,-0.37688232600200805,0.07362088896969991,7.62093499925e-10,-7.0657262135e-11,1.5104006632e-09,1.87405363852124e-07,-1.200795631333763e-07,2.345656342856806e-08
10050,10049,133750000,0.0175,2,0.00378465423437,0.00972577380009,0.00147687524403,0.400289751036,0.400289751036,False,low,True,0.923025658113962,0.7692307692307693,0.09482110291719437,-0.0002697550517041236,-0.000521296460647136,0.2365304238947996,-0.001035422316737863,-0.0018050449141632048,0.18008477985858917,-0.0863119587302208,-0.04523821920156479,0.2330171441246196,0.00012417688731213703,-0.006329867062673205,0.00351327977018,-0.00115959920405,0.00452482214851,-0.05293236426603043,-0.08643613561753292,-0.038908352138891586,1.2145294254e-09,-4.00869685055e-10,1.56421634585e-09,-1.8298546703477464e-08,-2.988069182998071e-08,-1.3450491181361464e-08
10050,10049,125100000,0.0002,2,0.00183769496839,0.0091785837332,0.0014441971872,0.413767068301,0.413767068301,False,mid,True,0.923025658113962,0.7692307692307693,0.09278567880392075,0.00025844492483884096,-0.0001349808881059289,0.14888686434227733,0.00011168813573390082,-0.0017285888140541397,0.1924930065870285,-0.022214995697140694,0.13913339376449585,0.04477090224327734,-0.0001646384219570992,-0.0012247106322191396,0.104115962099,0.000276326557691,-0.000503878181835,0.14772210434375116,-0.022050357275183594,0.14035810439671498,3.29361175526e-08,8.7413339929e-11,-1.59397182666e-10,4.673051562599893e-08,-6.975425714279127e-09,4.44009826415916e-08
10050,10049,127550000,0.0051,2,0.00221576795478,0.00937472885156,0.00149416766264,0.413019510678,0.413019510678,False,mid,True,0.923025658113962,0.7692307692307693,0.09012917429208755,6.416079122573137e-05,-0.0002403416729066521,0.13615240600387754,0.0010517905764119012,-0.0009045622321945095,0.025899341329932213,0.014614838175475597,-0.021306276321411133,0.10941936699497755,0.0419206627884119,0.009485485303805491,0.0267330390089,-0.040868872212,-0.010390047536,-0.08352002566504534,-0.027305824612936305,-0.030791761625216622,8.49719883652e-09,-1.29903275604e-08,-3.30251640319e-09,-2.6547160039379376e-08,-8.679260934545248e-09,-9.787279365039241e-09
10050,10049,133600000,0.0172,2,0.00371514273573,0.00972559085739,0.00147879084166,0.401252941665,0.401252941665,False,mid,True,0.923025658113962,0.7692307692307693,0.09439635276794434,-0.0002580218424554914,-0.0005131029174663126,0.23549478749677352,-0.0009773723815135016,-0.0016445173581667348,0.14979875087738037,-0.046951767057180405,0.01945350132882595,0.23019321160709352,0.0012055808776064983,-0.006463419706166735,0.00530157588968,-0.00218295325912,0.004818902348,-0.08039446072971315,-0.048157347934786904,0.025916921034992685,1.82102648491e-09,-7.4981774908e-10,1.65523402598e-09,-2.761451411341948e-08,-1.6541460097368704e-08,8.902145436404089e-09
10050,10049,134250000,0.0185,2,0.00401123529643,0.00972753233558,0.00146580804818,0.397622845186,0.4,True,high,True,0.923025658113962,0.7692307692307693,0.09587924182415009,-0.00030613457784056664,-0.0005463304114528,0.22522676146832138,-0.000855626838632953,-0.003990289596393484,0.05115252733230591,-0.033921800553798676,-0.039495475590229034,0.09644906863032138,0.04269081824066705,-0.08381915769899348,0.128777692838,-0.0435464450793,0.0798288681026,-0.04529654129801547,-0.07661261879446572,0.044323682108764445,4.46189570193e-08,-1.50879932581e-08,2.76591446568e-08,-1.5694367438638592e-08,-2.6544777047897313e-08,1.5357290718327707e-08
10050,10049,133800000,0.0176,2,0.00380799313008,0.00972577435662,0.00147624292196,0.399967026366,0.4,True,low,True,0.923025658113962,0.7692307692307693,0.09496413916349411,-0.00027371960459277034,-0.0005240317550487816,0.23673600643664644,-0.0014153387429302008,-0.0017342015686664528,0.1820012927055359,-0.09621986001729965,-0.0668649822473526,0.23374912343880644,-0.00010551727424020067,-0.006319397404706452,0.00298688299784,-0.00130982146869,0.00458519583604,-0.05174783073327055,-0.09611434274305945,-0.06054558484264615,1.03455133893e-09,-4.53676141706e-10,1.58815075611e-09,-1.7923630624478395e-08,-3.329063175460833e-08,-2.097086357602417e-08
10050,10049,141800000,0.0336,2,0.00528068309106,0.0101120910217,0.00111526518767,0.387320962636,0.4,True,low,True,0.923025658113962,0.7692307692307693,0.07923475652933121,-0.00025146373081952333,-0.0006294251070357859,0.11147430504208028,0.00017699258437694636,-0.0009863638885010267,0.187424436211586,-0.11190607398748398,-0.07897691428661346,0.10621691456565027,0.00041750887422494637,-0.005438491184711027,0.00525739047643,-0.000240516289848,0.00445212729621,0.08120752164593573,-0.11232358286170893,-0.07353842310190244,1.82098042908e-09,-8.33066249598e-11,1.54206477729e-09,2.8127510839120374e-08,-3.890505128584569e-08,-2.5471197137489578e-08
10050,10049,146200000,0.0424,2,0.00658664175916,0.0101199178446,0.00100719642419,0.381790618419,0.4,True,low,True,0.923025658113962,0.7692307692307693,0.07124906033277512,-0.0006713492330163717,-0.0008887405274435878,0.17828297531638088,0.0006762837361880856,-0.0020707280983354014,0.23563556373119354,-0.20105552673339844,0.061658360064029694,0.1833272441349109,0.0005133208051880856,-0.006304192766865401,-0.00504426881853,0.000162962931,0.00423346466853,0.052308319596282654,-0.20156884753858653,0.0679625528308951,-1.74716119449e-09,5.64447533284e-11,1.46632652882e-09,1.811780248743564e-08,-6.981651476304872e-08,2.3539890369935978e-08
10050,10049,134200000,0.0184,2,0.00399621974561,0.00972498277018,0.00147118127509,0.397754035698,0.4,True,mid,True,0.923025658113962,0.7692307692307693,0.0961151123046875,-0.00030599551973864436,-0.000545821210835129,0.22786158116865712,-0.001779029586677855,-0.002321599666043084,0.060057688504457474,-0.03969096392393112,-0.04636893421411514,0.23420301209822714,-0.0015182199263548551,-0.006490271141543084,-0.00634143092957,-0.000260809660323,0.0041686714755,-0.17414532359376966,-0.03817274399757627,-0.03987866307257206,-2.19645837875e-09,-9.03356939529e-11,1.44388758505e-09,-6.031808268139704e-08,-1.322175457316721e-08,-1.3812627561829249e-08
10050,10049,142000000,0.034,2,0.00532410374923,0.0101122219291,0.00111308958597,0.387088513126,0.4,True,mid,True,0.923025658113962,0.7692307692307693,0.07906749844551086,-0.00026733364211395383,-0.0006399934063665569,0.11639940514541111,9.557563093653021e-05,-0.0010690126207190493,0.2159203290939331,-0.13292528688907623,-0.057526640594005585,0.1109178939846811,0.0002504648734115302,-0.00544826761415905,0.00548151116073,-0.000154889242475,0.00437925499344,0.105002435109252,-0.13317575176248778,-0.052078372979846535,1.89860869471e-09,-5.36483560569e-11,1.5168247155e-09,3.63692657769719e-08,-4.612754271706581e-08,-1.8038173935353064e-08
10051,10050,128300000,0.0066,2,0.0043235501777,0.0106197815375,0.00745033945657,0.373650077446,0.4,True,high,True,0.4951682772409197,0.5784215784215784,0.1334984004497528,-0.0010204778518527746,-0.004794996231794357,0.1339535758016389,-0.0012227663460583765,-0.003969676834051,0.042365189641714096,-0.0037208881694823503,0.014147985726594925,-0.012519068973361093,0.04715112728524162,-0.037914131199151,0.146472644775,-0.0483738936313,0.0339444543651,0.05488425861507519,-0.05087201545472397,0.05206211692574592,5.07499456157e-08,-1.67606208981e-08,1.17610985699e-08,1.9016336764815507e-08,-1.762617191527868e-08,1.803851911515576e-08
10051,10050,154700000,0.05940000000001,2,0.00849375420624,0.0107213634452,0.00713452880155,0.370269595305,0.4,True,high,True,0.4951682772409197,0.5784215784215784,0.15310770273208618,-0.0008811603765934706,-0.007030581124126911,0.15328653863511715,-0.0003904906707082739,-0.008043585881168562,0.05501123145222664,0.036927465349435806,-0.007726847659796476,0.05937851890771716,0.06592573096049173,0.009300682964831436,0.0939080197274,-0.0663162216312,-0.017344268846,-0.004367287455490518,-0.028998265611055923,-0.01702753062462791,3.25343404252e-08,-2.29751893025e-08,-6.00890476342e-09,-1.5130424134599182e-09,-1.0046420400183127e-08,-5.8991711203163826e-09
10051,10050,125750000,0.0015,2,0.00369160969165,0.0105990940906,0.00750218849545,0.377556794458,0.4,True,low,True,0.4951682772409197,0.5784215784215784,0.12452547997236252,-0.0008213864057324827,-0.003524735337123275,0.12588661474231727,-0.0005117094363247513,-0.0032024947318860823,0.07434521615505219,0.013700717128813267,-0.010312866419553757,0.12095256112722728,-0.0004551544588149513,-0.007046141652336082,0.00493405361509,-5.65549775098e-05,0.00384364692045,-0.0466073449721751,0.014155871587628217,-0.0032667247672176743,1.70898519129e-09,-1.95886843958e-11,1.3313060984e-09,-1.6143169202542927e-08,4.903103371045501e-09,-1.1314802567452813e-09
10051,10050,145850000,0.0417,2,0.00659054072651,0.0106544181042,0.00734732100974,0.35378667653,0.4,True,low,True,0.4951682772409197,0.5784215784215784,0.14716942608356476,-0.0012527371291071177,-0.0077691227197647095,0.12480648421117578,-0.0004024846023936564,-0.008771817077047009,0.3720686733722687,-0.00045114639215171337,-0.2477904111146927,0.12450625144752878,-0.0003555238707876564,-0.01302869267920701,0.000300232763647,-4.6960731606e-05,0.00425687560216,0.2475624219247399,-9.562252136405698e-05,-0.23476171843548568,1.03989771592e-10,-1.6265499122e-11,1.47442776127e-09,8.574667001024448e-08,-3.312018327015711e-11,-8.131296925122643e-08
10051,10050,159500000,0.06900000000001,2,0.00978541156941,0.0108921507124,0.00705080449787,0.367114264837,0.4,True,low,True,0.4951682772409197,0.5784215784215784,0.15922461450099945,-0.0005433887708932161,-0.004946642089635134,0.15890028123301733,0.0008518789845753624,-0.006419586464624952,0.07416383177042007,0.08623327314853668,0.06663181632757187,0.15957204035492834,0.00020279214323936233,-0.011556659355264952,-0.000671759121911,0.000649086841336,0.00513707289064,-0.08540820858450826,0.08603048100529732,0.07818847568283682,-2.32673553243e-10,2.24820678739e-10,1.77929999571e-09,-2.9582376657513508e-08,2.9797909771255736e-08,2.7081717041727738e-08
10051,10050,125050000,0.0001,2,0.00356158338692,0.0105995885105,0.00750970213208,0.378338831212,0.4,True,mid,True,0.4951682772409197,0.5784215784215784,0.12276164442300797,-0.0007747297058813274,-0.003264175495132804,0.12011152319604874,-0.0006503880430942439,-0.0034007079184343886,0.08068733662366867,0.028694942593574524,-0.012320280075073242,0.02164998709774875,-0.0003145340493632439,-0.0017814293261043887,0.0984615360983,-0.000335853993731,-0.00161927859233,0.05903734952591992,0.02900947664293777,-0.010538850748968853,3.4110569624e-08,-1.16351739884e-10,-5.60975558101e-10,2.0452632583446802e-08,1.0049911996059292e-08,-3.6510318290256007e-09
10051,10050,160400000,0.07080000000001,2,0.0099890961956,0.0108594813454,0.00710435489929,0.36529990975,0.4,True,mid,True,0.4951682772409197,0.5784215784215784,0.15889421105384827,-0.0004716143012046814,-0.00465293088927865,0.1569657686174315,0.00012495314443693693,-0.005235719818185118,0.0002816117194015533,0.0006377272657118738,0.0002711283741518855,0.1413192815188315,-0.012403527475763064,0.01058693003721488,0.0156464870986,0.0125284806202,-0.0158226498554,-0.14103766979942994,0.013041254741474937,-0.010315801663062995,5.41963037197e-09,4.33961525396e-09,-5.48064962959e-09,-4.8852629604339305e-08,4.517229959677651e-09,-3.5731874926331263e-09
10052,10051,142650000,0.0353,2,0.00197569284769,0.0148609297709,2.5044249873e-05,0.483106252169,0.483106252169,False,low,False,0.0,0.0,0.00010708562331274152,1.4132980368231074e-06,-5.224911774348584e-07,0.004771214500563246,7.134066851821837e-05,-8.196909387652405e-05,0.05427340790629387,0.004918349906802177,-0.002927323104813695,0.004222500435355246,6.275922483764836e-05,0.002012857666663476,0.000548714065208,8.58144368057e-06,-0.00209482676054,0.05005090747093862,0.004855590681964529,-0.004940180771477171,1.12243565327e-10,1.75539847697e-12,-4.28512479001e-10,1.0238287404298473e-08,9.932473841448651e-10,-1.0105509195200954e-09
10052,10051,208850000,0.1677,2,0.0026153718382,0.0148693457528,2.49999971704e-05,0.422616302013,0.422616302013,False,low,False,0.0,0.0,9.202105866279453e-05,1.224087782247807e-06,-5.218717546995322e-07,0.005303541334592977,2.0431297849836556e-05,3.7841488195648796e-05,0.25263711810112,-0.003451917553320527,0.0018234358867630363,0.005303562768853826,2.0432251778962063e-05,7.59748797300134e-13,-2.14342608489e-08,-9.53929125507e-10,3.78414874359e-05,0.24733355533226617,-0.0034723498050994893,0.0018234358860032874,-6.39996763351e-15,-2.8482976721e-16,1.12989338191e-11,7.385030722367319e-08,-1.0367946215391891e-09,5.444522082865402e-10
10052,10051,275000000,0.3000000000002,2,0.00331698572519,0.0148720407982,2.49999971707e-05,0.419809912581,0.419809912581,False,low,False,0.0,0.0,9.586295345798135e-05,1.3823446352034807e-06,-4.7079856813070364e-07,0.005303234869119629,2.0369025880971104e-05,3.783462241866488e-05,0.13601602613925934,0.02891702577471733,-0.009577032178640366,0.005303243022545126,2.0369718343366017e-05,8.436648797536058e-13,-8.15342549726e-09,-6.92462394913e-10,3.7834621575e-05,0.13071278311671422,0.028896656056373964,-0.009577032179484031,-2.47914696709e-15,-2.10551509516e-16,1.15040711858e-11,3.974479191995769e-08,8.786375400772192e-09,-2.9120116801771298e-09
10052,10051,125050000,0.0001,2,0.0011592174513,0.0148489656642,0.000360965869791,0.566043275953,0.566043275953,False,mid,False,0.0,0.0,0.0019197659566998482,2.555721403041389e-05,-7.174405709520215e-06,0.03103007082362054,-0.0005840321759913673,0.00043411887336407707,0.24897401034832,-0.010164492763578892,-0.04862309247255325,0.0018841269328205412,-6.947078668836725e-05,-0.000887364427755923,0.0291459438908,-0.000514561389303,0.00132148330112,0.24708988341549948,-0.010095021976890524,-0.04773572804479733,3.64634287833e-09,-6.43749011656e-11,1.65325962402e-10,3.0912515308309777e-08,-1.2629514291914426e-09,-5.97204306198457e-09
10052,10051,133850000,0.0177,2,0.00164164434937,0.0148551463696,0.000172985111596,0.510371054439,0.510371054439,False,mid,False,0.0,0.0,0.0008162170415744185,1.0813752851390745e-05,-3.5701893921213923e-06,0.02865942177213641,0.0004929796773722422,-0.0007265321178761119,0.3009171485900879,-0.026320504024624825,-0.016028346493840218,0.028670503930385113,0.00047921402111554225,-0.009777424872376112,-1.10821582487e-05,1.37656562567e-05,0.0090508927545,0.2722466446597028,-0.026799718045740367,-0.006250921621464105,-1.92409338662e-12,2.3900045074e-12,1.57142340879e-09,4.726768529768353e-08,-4.652988984441314e-09,-1.0852901287109423e-09
10052,10051,142600000,0.0352,2,0.00197513499547,0.0148609214827,2.56004302291e-05,0.483117901036,0.483117901036,False,mid,False,0.0,0.0,0.00010948115959763527,1.4449237824010197e-06,-5.340816642274149e-07,0.0048760965558935394,7.282631618520893e-05,-8.758564973211213e-05,0.05543143302202225,0.0049866256304085255,-0.002977178432047367,0.006001447240503539,8.913781955150893e-05,-0.007613734308472112,-0.00112535068461,-1.63115033663e-05,0.00752614865874,0.04942998578151871,0.004897487810857017,0.004636555876424745,-2.3018553363e-10,-3.33644628115e-12,1.53944061071e-09,1.0110686215390092e-08,1.00175959422968e-09,9.483871145312166e-10
10053,10052,125050000,0.0001,0,0.000891677115798,0.00182138187605,0.00456199710136,0.547645144828,0.547645144828,False,high,True,0.5568143952015995,0.5274725274725275,0.15101197361946106,-0.0017694287234917283,0.0004668193869292736,0.17232816152416908,0.0026390394824873146,0.0024428424176173072,0.5576444268226624,-0.12153651565313339,-0.05771809443831444,0.011523528574169066,0.0004091371718473144,-0.0006070169590926927,0.16080463295,0.00222990231064,0.00304985937671,0.5461208982484933,-0.12194565282498071,-0.05711107747922174,2.24109755861e-08,3.10776408158e-10,4.25051957638e-10,7.611162622106534e-08,-1.699528799733922e-08,-7.959440841985432e-09
10053,10052,133100000,0.0162,0,0.00262770826186,0.00184954949426,0.00432175534576,0.404094999954,0.404094999954,False,high,True,0.5568143952015995,0.5274725274725275,0.11821024119853973,0.0007831009570509195,-0.0006074116099625826,0.1697205722226068,0.0007885762287056092,-0.0011527068422525055,0.02787386067211628,-0.054923709481954575,0.07691261917352676,0.013047302807606801,-0.03443091585189439,0.007896585759337495,0.156673269415,0.0352194920806,-0.00904929260159,0.014826557864509479,-0.020492793630060187,0.06901603341418927,5.28269569055e-08,1.18752777505e-08,-3.05123261981e-09,4.999205903406639e-09,-6.9097423575246165e-09,2.3270766203922254e-08
10053,10052,134750000,0.0195,0,0.00275966007612,0.00165543454449,0.00436809886487,0.401291678901,0.401291678901,False,high,True,0.5568143952015995,0.5274725274725275,0.10646066069602966,0.0007973781903274357,-0.0005397627246566117,0.17108203899106111,0.0001333318262697336,-0.0006094754648421942,0.031600743532180786,-0.03419824689626694,-0.008483510464429855,0.07919193409356112,-0.07292931253343027,0.016604041546157806,0.0918901048975,0.0730626443597,-0.017213517011,-0.04759119056138034,0.03873106563716333,-0.025087552010587662,3.15626948638e-08,2.5095781014e-08,-5.91255158057e-09,-1.6346767996050675e-08,1.3303465131723243e-08,-8.61714925532295e-09
10053,10052,127600000,0.0052,0,0.00148650712868,0.00190487406005,0.00458932978077,0.474300629691,0.474300629691,False,low,True,0.5568143952015995,0.5274725274725275,0.1423703134059906,-0.0008712882408872247,0.0001340544258709997,0.16197209710527757,-0.0009568224861675129,-0.0012502045014196389,0.0643928274512291,-0.07253183424472809,0.064999520778656,0.15931634818534757,0.003934428392242487,-0.004968447570089639,0.00265574891993,-0.00489125087841,0.00371824306867,-0.09492352073411847,-0.07646626263697058,0.06996796834874565,5.73219525369e-10,-1.05573252273e-09,8.02549334026e-10,-2.0488388451617635e-08,-1.6504555248618786e-08,1.5101956855508132e-08
10053,10052,132200000,0.0144,0,0.00245958131328,0.00186487977003,0.00432411225589,0.407952528826,0.407952528826,False,low,True,0.5568143952015995,0.5274725274725275,0.11885767430067062,0.0006286335410550237,-0.0005789517308585346,0.16630662141939517,0.0010028370769829915,-0.0012650478643740103,0.17475371062755585,-0.07631132006645203,0.16622528433799744,0.16255887942031516,0.0026896755343429916,-0.00490703702646401,0.00374774199908,-0.00168683845736,0.00364198916209,0.012194831207240686,-0.07900099560079502,0.17113232136446144,1.23142907075e-09,-5.54259582051e-10,1.19668091631e-09,4.006964637684447e-09,-2.5958062914909065e-08,5.623047571704808e-08
10053,10052,132650000,0.0153,0,0.00260833283968,0.00186648349679,0.00431921599071,0.404496154951,0.404496154951,False,low,True,0.5568143952015995,0.5274725274725275,0.1191253587603569,0.0007749907090328634,-0.0006122285849414766,0.1694203158624684,0.0012682654766463129,-0.0012330452312672548,0.054163288325071335,-0.09481971710920334,0.15411758422851562,0.16746232374893838,0.001356108087161113,-0.005704647766057255,0.00195799211353,-8.78426105148e-05,0.00447160253479,-0.11329903542386704,-0.09617582519636445,0.15982223199457288,6.58216210263e-10,-2.95299607149e-11,1.50321405991e-09,-3.8087621092960805e-08,-3.2331328988616515e-08,5.372727659743393e-08
10053,10052,125300000,0.0006,0,0.000913890698193,0.00182143286811,0.00456071662464,0.544710345796,0.544710345796,False,mid,True,0.5568143952015995,0.5274725274725275,0.15049801766872406,-0.001735226484015584,0.00045236051664687693,0.18022800809719267,-0.0030759308333057306,-0.0010628785172520977,0.5218748450279236,-0.10293213278055191,-0.03028096631169319,0.07296678448919267,-0.0004958483693757306,-0.0044455859455620975,0.107261223608,-0.00258008246393,0.00338270742831,0.4489080605387309,-0.10243628441117618,-0.025835380366131096,1.52061260697e-08,-3.65771132355e-10,4.79557046636e-10,6.364045022648225e-08,-1.4522107826782456e-08,-3.6626101930534316e-09
10053,10052,135050000,0.0201,0,0.00281313598773,0.00161228137492,0.00437770103271,0.4000691035,0.4000691035,False,mid,True,0.5568143952015995,0.5274725274725275,0.1040523424744606,0.0008123626466840506,-0.0005271901609376073,0.16911117256259192,0.00023242602736325835,-0.0005529339785424782,0.061852093786001205,-0.06453663110733032,-0.03627683222293854,0.09931172727509192,-0.06999672288773674,0.01515325601045752,0.0697994452875,0.0702291489151,-0.015706189989,-0.03745963348909072,0.00546009178040642,-0.05143008823339606,2.41699619571e-08,2.43187585598e-08,-5.43869672547e-09,-1.2971419939344724e-08,1.8907057222447816e-09,-1.780907098803346e-08
10053,10052,138700000,0.0274,0,0.00399383987766,0.00152400809315,0.00431498938214,0.383924546822,0.4,True,high,True,0.5568143952015995,0.5274725274725275,0.10909800976514816,0.001491428236477077,-0.000596768397372216,0.20122179332944634,0.004816515852906544,-0.00042519080755478583,0.04088515788316727,0.06942228227853775,0.020807811990380287,-0.02726853289355366,0.038674772062706544,0.0058661813165352145,0.228490326223,-0.0338582562098,-0.00629137212409,0.06815369077672093,0.030747510215831206,0.014941630673845073,7.91801969533e-08,-1.17331155306e-08,-2.18018894772e-09,2.361772924044418e-08,1.065512905932505e-08,5.177817718217004e-09
10053,10052,162850000,0.0757,0,0.00985004142317,0.00173611957869,0.00408482336383,0.387991518923,0.4,True,high,True,0.5568143952015995,0.5274725274725275,0.14497244358062744,0.0007047104299999774,-0.0005130739300511777,0.22565858705862046,0.002705698934614628,-0.0010977027092011343,0.037572022527456284,0.03969185799360275,-0.0007617265800945461,0.14095489304922046,0.06209054936101463,-0.06547844374610114,0.0847036940094,-0.0593848504264,0.0643807410369,-0.10338287052176418,-0.022398691367411877,0.06471671716600659,2.93458703808e-08,-2.05740746443e-08,2.23049172009e-08,-3.5817331857935815e-08,-7.760099500440753e-09,2.2421317223950053e-08
10053,10052,136350000,0.0227,0,0.00317528847656,0.00151193450174,0.00439253129056,0.391989911516,0.4,True,low,True,0.5568143952015995,0.5274725274725275,0.10046027600765228,0.0009797067614272237,-0.0005183290923014283,0.17006869778771636,0.0025831404367602784,-0.0006037477451846462,0.18542028963565826,0.010658838786184788,0.012166021391749382,0.16664274962526635,-0.0020483213242397215,-0.004018130548364646,0.00342594816245,0.004631461761,0.00341438280318,0.01877754001039192,0.012707160110424508,0.01618415194011403,1.18663087472e-09,1.60417941547e-09,1.18262503116e-09,6.50389546806704e-09,4.401324188815683e-09,5.605634838193008e-09
10053,10052,151100000,0.05220000000001,0,0.00661517215945,0.00185951681938,0.00454885560296,0.376520973755,0.4,True,low,True,0.5568143952015995,0.5274725274725275,0.1445339471101761,0.002017653314396739,-0.0012241132790222764,0.19767644826512937,0.0005786791763936144,-0.0013216447897580665,0.18502193689346313,0.015559444203972816,0.15216460824012756,0.19699060223942136,0.0011423957587366144,-0.005823218559528067,0.000685846025708,-0.000563716582343,0.00450157376977,-0.011968665345958224,0.014417048445236202,0.15798782679965562,2.37552427309e-10,-1.95251175089e-10,1.55918345464e-09,-4.145515754259694e-09,4.993547712471943e-09,5.4721308186663896e-08
10053,10052,159400000,0.06880000000001,0,0.00960375323818,0.00155942259075,0.00437960926437,0.387559901246,0.4,True,low,True,0.5568143952015995,0.5274725274725275,0.12644749879837036,0.0006700310623273253,-0.0008323329384438694,0.21063444882444182,0.0016803205704294802,-0.0006817535940032856,0.01487566065043211,0.031139269471168518,0.031909625977277756,0.21057725978347241,0.0004825235730994803,-0.0044249423895632856,5.71890409694e-05,0.00119779699733,0.00374318879556,-0.1957015991330403,0.03065674589806904,0.03633456836684104,1.98082009223e-11,4.14873255173e-10,1.29650426893e-09,-6.778390633495194e-08,1.061838023651744e-08,1.2584971148981529e-08
10053,10052,135100000,0.0202,0,0.00282324055324,0.0016053326993,0.00437919717803,0.399839378021,0.4,True,mid,True,0.5568143952015995,0.5274725274725275,0.10367663204669952,0.0008155140676535666,-0.0005253036506474018,0.16883469685377098,0.0002660272868836716,-0.0005267489200534662,0.05407370626926422,-0.0563189871609211,-0.03151019290089607,0.10278269629757097,-0.06894796450111633,0.014762370618746534,0.0660520005562,0.069213991788,-0.0152891195388,-0.04870899002830675,0.012628977340195233,-0.04627256351964261,2.2882676825e-08,2.39780989601e-08,-5.29667501967e-09,-1.6874463572684172e-08,4.375110589719333e-09,-1.6030401925253532e-08
10053,10052,144900000,0.0398,0,0.00584171046223,0.00173673378187,0.00443010896089,0.378547296178,0.4,True,mid,True,0.5568143952015995,0.5274725274725275,0.13469739258289337,0.0021597144659608603,-0.0009263399988412857,0.19846708154947632,-0.0012422971284516762,-3.980034759953899e-05,0.06329528987407684,-0.020029013976454735,0.0030139582231640816,0.1510205242532763,-0.05352669291705168,0.02047424806420046,0.0474465572962,0.0522843957886,-0.0205140484118,-0.08772523437919946,0.033497678940596944,-0.01746028984103638,1.64362705415e-08,1.81121776426e-08,-7.10640494932e-09,-3.038946907296657e-08,1.1604148856201937e-08,-6.048532578842789e-09
10053,10052,163250000,0.0765,0,0.00998245213693,0.0017796764753,0.00404224237223,0.387034218597,0.4,True,mid,True,0.5568143952015995,0.5274725274725275,0.14926640689373016,0.0006523128249682486,-0.00044138915836811066,0.2248524245471078,0.002241139401611379,-0.0004550161039089326,0.07000795006752014,0.016311729326844215,-0.006191330496221781,0.18897498549960778,0.04261366366661138,-0.03784184960960893,0.0358774390475,-0.040372524265,0.0373868335057,-0.11896703543208764,-0.026301934339767165,0.03165051911338715,1.24283232501e-08,-1.39854681747e-08,1.29511934085e-08,-4.121143570193375e-08,-9.111267435915602e-09,1.096407360775814e-08
10054,10053,129200000,0.0084,6,0.00384229382661,0.0140426879532,0.0101706558521,0.440653360329,0.440653360329,False,high,True,0.56647784071976,0.2887112887112887,0.09517620503902435,-0.00045750473509542644,-0.0022097488399595022,0.25162988488726745,-0.0015193575820698912,-0.009851543113061911,0.026940906420350075,-0.01033909060060978,-0.014723870903253555,0.12906635950326745,0.052627636074430106,-0.0886995604601619,0.122563525384,-0.0541469936565,0.0788480173471,-0.10212545308291737,-0.06296672667503989,0.07397568955690835,3.26208987659e-08,-1.44114947168e-08,2.09857964162e-08,-2.7181203021025835e-08,-1.6758911022251204e-08,1.9689001867479074e-08
10054,10053,149450000,0.0489,6,0.00861736657034,0.0139931424087,0.00980175510022,0.409284644724,0.409284644724,False,high,True,0.56647784071976,0.2887112887112887,0.1046648770570755,0.0012995126890018582,-0.0032669613137841225,0.2333642931143928,0.006466233956950511,-0.005910688888537033,0.0004551637393888086,0.00015629181871190667,0.0005384641117416322,0.004074671943392817,0.005169859502420511,0.021946682470362966,0.229289621171,0.00129637445453,-0.0278573713589,-0.0036195082040040086,-0.0050135676837086045,-0.021408218358621334,7.47187247684e-08,4.22450198878e-10,-9.07789568799e-09,-1.179490968281699e-09,-1.6337738357000136e-09,-6.97630693945192e-09
10054,10053,128950000,0.0079,6,0.00372285895785,0.0140412229969,0.010181341433,0.441370707086,0.441370707086,False,low,True,0.56647784071976,0.2887112887112887,0.09441152960062027,-0.00040730071486905217,-0.0020389638375490904,0.2530287618751845,-0.002435159643800724,-0.008461000448097854,0.1438102275133133,0.017572535201907158,-0.021511361002922058,0.2495306723802945,-0.002332308077397724,-0.014184383775387855,0.00349808949489,-0.000102851566403,0.00572338332729,-0.1057204448669812,0.019904843279304883,-0.007326977227534203,9.26512568068e-10,-2.72415182793e-11,1.51590935348e-09,-2.8001376469699848e-08,5.27204563824407e-09,-1.9406411691820314e-09
10054,10053,144950000,0.0399,6,0.00736334603302,0.0139806383787,0.00984894379378,0.402098363919,0.402098363919,False,low,True,0.56647784071976,0.2887112887112887,0.10559415817260742,0.0009080033632926643,-0.004379555117338896,0.1327481786341539,0.002537188609883342,-0.006521474078977208,0.27728068828582764,-0.2056792825460434,-0.027767054736614227,0.12988950009545389,0.0025583063504294417,-0.011050684454757207,0.0028586785387,-2.11177405461e-05,0.00452921037578,0.14739118819037375,-0.20823758889647284,-0.016716370281857018,9.7641122222e-10,-7.21298270443e-12,1.5469986495e-09,5.034298479438506e-08,-7.112570229024868e-08,-5.709649167288555e-09
10054,10053,154850000,0.05970000000001,6,0.00999989283261,0.0140930250024,0.00987439122702,0.411093175465,0.411093175465,False,low,True,0.56647784071976,0.2887112887112887,0.09659260511398315,0.0015859162667766213,-0.001763681648299098,0.13836705658195492,0.002353438220215208,-0.0019930938901019397,0.25363537669181824,0.034960802644491196,-0.0945807546377182,0.13993409121120493,0.002445581975880308,-0.00687373188562194,-0.00156703462925,-9.21437556651e-05,0.00488063799552,0.11370128548061331,0.032515220668610886,-0.08770702275209626,-5.04367097075e-10,-2.96574674809e-11,1.57088629168e-09,3.659599234194875e-08,1.0465376548342954e-08,-2.8229456856212194e-08
10054,10053,125050000,0.0001,6,0.00256933762225,0.0140503123459,0.010254288992,0.448065982178,0.448065982178,False,mid,True,0.56647784071976,0.2887112887112887,0.08423511683940887,0.00010805547935888171,-0.0003433772944845259,0.09552647369427467,-0.0009321732764797306,-0.0032592890708615196,0.10123318433761597,-0.05227719992399216,0.03882777690887451,0.012690853019474655,-0.00021146444490573063,-0.0015274371521815195,0.0828356206748,-0.000720708831574,-0.00173185191868,0.0885423313181413,-0.052065735479086425,0.04035521406105603,2.1037701533e-08,-1.83037890793e-10,-4.39837155413e-10,2.248703062924869e-08,-1.3223096467222707e-08,1.0248983973329427e-08
10054,10053,134650000,0.0193,6,0.00528873459804,0.0140758181512,0.00996570006686,0.418052543795,0.418052543795,False,mid,True,0.56647784071976,0.2887112887112887,0.0984530821442604,-0.0006391189526766539,-0.0037656468339264393,0.10901816903422704,0.0004823207003269818,-0.006475716944497082,0.12625396251678467,0.002552830381318927,-0.00544751575216651,0.10355494727478703,0.009840850421976981,-0.014160977558657082,0.00546322175944,-0.00935852972165,0.00768526061416,0.022699015241997633,-0.007288020040658054,0.008713461806490573,1.68027661326e-09,-2.87832332608e-09,2.36369018967e-09,6.9813429025105725e-09,-2.2415142878121262e-09,2.6799252782776846e-09
10054,10053,153600000,0.05720000000001,6,0.00963859768941,0.0140862093954,0.00989232526629,0.411091766418,0.411091766418,False,mid,True,0.56647784071976,0.2887112887112887,0.09723051637411118,0.0015126854414120317,-0.0020929172169417143,0.14659619830908277,0.002797930439760919,-0.002271332896871943,0.19153156876564026,-0.06748241186141968,-0.0418781042098999,0.15078268153892277,0.0032219652869059194,-0.007816684586371943,-0.00418648322984,-0.000424034847145,0.0055453516895,0.04074888722671749,-0.0707043771483256,-0.03406141962352796,-1.34748294657e-09,-1.36482028928e-10,1.78485531271e-09,1.3115645666132012e-08,-2.275727316337568e-08,-1.0963183072511479e-08
10054,10053,138800000,0.0276,6,0.00630606215189,0.0141526180061,0.0099044168138,0.396668071182,0.4,True,high,True,0.56647784071976,0.2887112887112887,0.08895441144704819,9.012448572320864e-05,-0.003544730134308338,0.15040528015289215,-0.0009285889920210982,-0.012967385994155919,0.006270584184676409,-0.006393886171281338,0.007729454897344112,0.02350203469989215,-0.0413724512660211,-0.03852440044825592,0.126903245453,0.040443862274,0.0255570144541,-0.01723145051521574,0.03497856509473976,0.04625385534560003,4.39673719144e-08,1.40123314254e-08,8.85457858476e-09,-5.970072638585878e-09,1.2118804172910708e-08,1.602528330299526e-08
10054,10053,140150000,0.0303,6,0.00632301429329,0.0141360180363,0.009908111886,0.396723114015,0.4,True,high,True,0.56647784071976,0.2887112887112887,0.09074170887470245,0.00010299644782207906,-0.0036160568706691265,0.15520112770048206,0.00039955810375678046,-0.010541003759724003,0.005376697052270174,-0.005482422187924385,0.006627602502703667,0.010938702654482059,-0.01407415835304322,0.016689557864875998,0.144262425046,0.0144737164568,-0.0272305616246,-0.005562005602211885,0.008591736165118834,-0.010061955362172331,4.99830035952e-08,5.01474879178e-09,-9.43464841348e-09,-1.9270835487706924e-09,2.9768027224917497e-09,-3.4861936563307837e-09
10054,10053,141450000,0.0329,6,0.00641095799543,0.0140595056102,0.00995506174554,0.398831251956,0.4,True,high,True,0.56647784071976,0.2887112887112887,0.09945253282785416,0.00017603013839107007,-0.003949037753045559,0.182856275294836,-0.00215865787546219,-0.012086370278470196,0.004251789767295122,-0.0037422915920615196,0.001227017492055893,0.078268060947836,-0.05069597632526219,0.0004907572475298037,0.104588214347,0.0485373184498,-0.012577127526,-0.07401627118054088,0.04695368473320067,0.0007362602445260892,3.62344611388e-08,1.68156956319e-08,-4.35733071284e-09,-2.5642848178187834e-08,1.626704763447342e-08,2.550764766839743e-10
10054,10053,138450000,0.0269,6,0.0062094811639,0.0141535146012,0.00991569487145,0.39850453596,0.4,True,low,True,0.56647784071976,0.2887112887112887,0.08905743807554245,2.7302157832309604e-05,-0.003532632254064083,0.15231640318731515,0.0002433287416731449,-0.012306962495688764,0.05395697429776192,-0.06397198885679245,0.08179185539484024,0.14957457376068514,0.0056074308075831445,-0.011020214025618764,0.00274182942663,-0.00536410206591,-0.00128674847007,-0.09561759946292323,-0.0695794196643756,0.092812069420459,9.49674502781e-10,-1.85793868605e-09,-4.45684987422e-10,-3.311861611258828e-08,-2.4099894811673008e-08,3.214687792850287e-08
10054,10053,144000000,0.038,6,0.00712694052721,0.0139761544914,0.00987087959115,0.392645374924,0.4,True,low,True,0.56647784071976,0.2887112887112887,0.10652120411396027,0.0007389193633571267,-0.004373723175376654,0.12117896072560427,0.0022209169288507414,-0.007385720423906448,0.3073659837245941,-0.049967482686042786,0.10718077421188354,0.11972548688466428,0.0021302587397194414,-0.012188863176086449,0.00145347384094,9.06581891313e-05,0.00480314275218,0.18764049683992984,-0.05209774142576223,0.11936963738796999,5.03431605032e-10,3.14007699197e-11,1.66363769118e-09,6.499198942045211e-08,-1.8044803315890936e-08,4.134539366979141e-08
10054,10053,144700000,0.0394,6,0.00729916282063,0.0139793593748,0.0098544926723,0.399525909584,0.4,True,low,True,0.56647784071976,0.2887112887112887,0.10584459453821182,0.0008625371847301722,-0.004378226585686207,0.1295790942152018,0.0026197628409302454,-0.0065206684225353525,0.4136121869087219,-0.2975042462348938,0.017935805022716522,0.1268610567243918,0.0025404111685815457,-0.011184326617225352,0.00271803749081,7.93516723487e-05,0.00466365819469,0.2867511301843301,-0.30004465740347536,0.029120131639941874,9.4143222807e-10,2.74846178365e-11,1.61532655088e-09,9.932046791266862e-08,-1.0392487642107301e-07,1.0086185530631896e-08
10054,10053,138050000,0.0261,6,0.00609423109893,0.0141424244987,0.00991803886622,0.399967289295,0.4,True,mid,True,0.56647784071976,0.2887112887112887,0.09030747413635254,-4.815030479221605e-05,-0.003568061161786318,0.15540657623042486,0.0006352150198002601,-0.011640208092561506,0.061232712119817734,-0.05362476781010628,0.07577084749937057,0.13527604181232486,0.02435624563400026,0.005845662920538493,0.0201305344181,-0.0237210306142,-0.0174858710131,-0.07404332969250713,-0.07798101344410655,0.06992518457883208,6.97297014924e-09,-8.21667398126e-09,-6.05689119202e-09,-2.5647700998531374e-08,-2.7011666340273927e-08,2.4221226054971546e-08
10054,10053,142350000,0.0347,6,0.0066585927127,0.0139782950945,0.00992178861759,0.39395327785,0.4,True,mid,True,0.56647784071976,0.2887112887112887,0.10735899209976196,0.00038470423896797,-0.0043155052699148655,0.17230763096814763,-0.00021767047578767455,-0.012625510354793245,0.05091536417603493,0.000632141309324652,-0.06770163774490356,0.17214748353174564,-0.014191355503187675,-0.020646949737653245,0.000160147436402,0.0139736850274,0.00802143938286,-0.12123211935571071,0.014823496812512327,-0.04705468800725032,5.5470723024e-11,4.84010502569e-09,2.77840877293e-09,-4.199151397918366e-08,5.134456750662047e-09,-1.6298466113959774e-08
10054,10053,143600000,0.0372,6,0.00703118350304,0.0139745200728,0.00988097429603,0.388834965608,0.4,True,mid,True,0.56647784071976,0.2887112887112887,0.10690076649188995,0.0006690878653898835,-0.004370617680251598,0.11635307590644267,0.0021306392353892443,-0.00787465786342523,0.22819581627845764,0.055992498993873596,0.09219598770141602,0.12150370402216268,0.0019204883000002442,-0.01319792625701523,-0.00515062811572,0.000210150935389,0.00532326839359,0.10669211225629496,0.05407201069387335,0.10539391395843124,-1.78400361915e-09,7.27891862658e-11,1.84380038055e-09,3.695454420766613e-08,1.8728718246612856e-08,3.6504892163347445e-08
10055,10054,125050000,0.0001,2,0.00156906108575,0.0139270506076,0.00294954409163,0.479136202276,0.479136202276,False,high,True,0.3881401617250674,0.46053946053946054,0.08940014988183975,0.0011931436602026224,-0.00030400912510231137,0.14804534937416747,-0.0021242710154761855,0.0012168546367346367,0.23091845214366913,0.14043396711349487,-0.22802971303462982,0.014352340160167454,-0.0005732000019861855,-0.0005069352740553634,0.133693009214,-0.00155107101349,0.00172378991079,0.21656611198350167,0.14100716711548106,-0.22752277776057445,2.80250793634e-08,-3.25139575412e-10,3.61345363828e-10,4.539715660110257e-08,2.9558292332952796e-08,-4.769392162842876e-08
10055,10054,154700000,0.05940000000001,2,0.00783016814267,0.0140738476935,0.00247259987663,0.411737463668,0.411737463668,False,high,True,0.3881401617250674,0.46053946053946054,0.08434980362653732,-0.00036961701698601246,-0.0006299593369476497,0.140190243163029,-0.0007477308351282325,-0.0012027057454205257,0.002608098555356264,-0.00286616338416934,-0.009545277804136276,0.016423389464029003,0.03821159549467177,-0.005279785270140526,0.123766853699,-0.0389593263298,0.00407707952472,-0.013815290908672739,-0.04107775887884111,-0.0042654925339957505,3.96785675803e-08,-1.24900182598e-08,1.30707593041e-09,-4.429061073931633e-09,-1.3169169151582028e-08,-1.3674794883694261e-09
10055,10054,163900000,0.0778,2,0.00947927775113,0.0142707814075,0.00235745417674,0.412395923713,0.412395923713,False,high,True,0.3881401617250674,0.46053946053946054,0.06284155696630478,-0.0008130102069117129,-0.0004600039101205766,0.15182297329111186,-0.002269766763779074,-0.0016636297849032256,0.01837756112217903,0.024607498198747635,-0.028454024344682693,0.060280981981011846,-0.05695238446067907,-0.050411142992903224,0.0915419913101,0.0546826176969,0.048747513208,-0.041903420858832814,0.08155988265942671,0.02195711864822053,2.92203660065e-08,1.74547885668e-08,1.5560292686e-08,-1.3375646267869504e-08,2.6034059218615834e-08,7.008751220804729e-09
10055,10054,126000000,0.002,2,0.00174833977352,0.013929505684,0.00293779233285,0.458873489531,0.458873489531,False,low,True,0.3881401617250674,0.46053946053946054,0.08661266416311264,0.0011483849957585335,-0.0003367223544046283,0.12580644178462494,0.002103097772980128,-0.002014112763173528,0.18226316571235657,0.14987334609031677,-0.23791208863258362,0.12347593729181493,0.0020819706874895282,-0.008387399275863528,0.00233050449281,2.11270854906e-05,0.00637328651269,0.05878722842054164,0.14779137540282725,-0.2295246893567201,5.53180295714e-10,5.0148315248e-12,1.51279541774e-09,1.3954032915230848e-08,3.5080505959652945e-08,-5.448113742036316e-08
10055,10054,148150000,0.0463,2,0.00617449154274,0.0141355113129,0.00248776567477,0.407097851187,0.407097851187,False,low,True,0.3881401617250674,0.46053946053946054,0.07635068893432617,0.0005495849763974547,-0.00041281242738477886,0.20385756658464055,0.004228486580235453,-0.0006468541579659525,0.2912760376930237,-0.06330109387636185,0.23063750565052032,0.20316695229479856,0.004415515831872453,-0.005643429867435952,0.000690614289842,-0.000187029251637,0.00499657570947,0.08810908539822512,-0.0677166097082343,0.2362809355179563,2.28203859488e-10,-6.18012075461e-11,1.65104875167e-09,2.9114418336902533e-08,-2.2376009176483898e-08,7.80757395291615e-08
10055,10054,166250000,0.0825,2,0.00999471038227,0.0141409100524,0.00219626744328,0.410941431667,0.410941431667,False,low,True,0.3881401617250674,0.46053946053946054,0.06880700588226318,-0.0010760282166302204,-0.0005004488630220294,0.14660929604822726,-0.0016651004599224201,-0.0013812967003792613,0.0316450335085392,-0.00011157329572597519,0.00497266324236989,0.14540667915934727,-0.00223670626953442,-0.006927962484169261,0.00120261688888,0.000571605809612,0.00554666578379,-0.11376164565080807,0.002125132973808445,0.011900625726539152,3.87461511731e-10,1.8416110164e-10,1.78703586282e-09,-3.6651954257909e-08,6.846795868889401e-10,3.8341673705078805e-09
10055,10054,125150000,0.0003,2,0.00157530220207,0.0139269507792,0.00294926617799,0.478415393123,0.478415393123,False,mid,True,0.3881401617250674,0.46053946053946054,0.0893174409866333,0.001191772986203432,-0.000305192603264004,0.14799953395313892,0.00256317844520725,-0.002285561163414171,0.2502964437007904,0.15729309618473053,-0.2531905472278595,0.04654406103613893,-0.00023543473645275004,-0.002344188122389471,0.101455472917,0.00279861318166,5.86269589753e-05,0.20375238266465148,0.15752853092118327,-0.25084635910547004,2.13594145857e-08,5.89191864112e-10,1.23427301323e-11,4.289597681653768e-08,3.3164472100726164e-08,-5.2810668832330205e-08
10055,10054,166050000,0.0821,2,0.00993678803304,0.0141419315331,0.00219921759901,0.411234164929,0.411234164929,False,mid,True,0.3881401617250674,0.46053946053946054,0.06883599609136581,-0.001055544475093484,-0.0005010227905586362,0.1463208461260757,-0.0016230515806978062,-0.0012635270711406424,0.006619511172175407,0.0005378721398301423,0.00015215874009300023,0.1440532381800357,-0.0029791652976978063,-0.007980622571200642,0.00226760794604,0.001356113717,0.00671709550006,-0.1374337270078603,0.0035170374375279485,0.008132781311293642,7.2918259309e-10,4.36078255245e-10,2.15998057482e-09,-4.4193830601272066e-08,1.130954970926114e-09,2.6152151106834653e-09
10055,10054,140450000,0.0309,2,0.00465116181802,0.0139743701655,0.00266460513167,0.398185480608,0.4,True,low,True,0.3881401617250674,0.46053946053946054,0.08858668059110641,0.0014288679230958223,-0.0003761743428185582,0.12562100376568813,0.0019993819385644078,-0.00043308708307927433,0.09248393028974533,0.002063591266050935,0.03502541035413742,0.12917970761567812,-0.002662306625185592,-0.004065512828979274,-0.00355870384999,0.00466168856375,0.0036324257459,-0.036695777325932794,0.004725897891236527,0.039090923183116695,-1.23261343547e-09,1.61464965838e-09,1.2581481816e-09,-1.2710163605504866e-08,1.6368895757953484e-09,1.353976030360617e-08
10055,10054,141550000,0.0331,2,0.00490875210103,0.0139767143348,0.00265419542582,0.396659266344,0.4,True,low,True,0.3881401617250674,0.46053946053946054,0.09020233899354935,0.0014833901077508926,-0.00035986999864690006,0.09914868924560324,0.001981989564087764,-0.0004994285734629669,0.36458468437194824,0.20162732899188995,-0.036412715911865234,0.10425142138338324,0.001981007831843611,-0.004987041852222967,-0.00510273213778,9.81732244153e-07,0.00448761327876,0.260333262988565,0.19964632116004635,-0.031425674059642264,-1.76741168416e-09,3.40038432782e-13,1.55435557437e-09,9.01705279363831e-08,6.91506493365345e-08,-1.0884777412554883e-08
10055,10054,142200000,0.0344,2,0.00503699537498,0.0139792499436,0.00264776135671,0.397236428152,0.4,True,low,True,0.3881401617250674,0.46053946053946054,0.09074253588914871,0.0014747690875083208,-0.0003571626148186624,0.09535758052555056,0.001999921935828879,-0.0006994507138613319,0.0651274248957634,0.030693983659148216,-0.0075224097818136215,0.09582979365900555,0.0019515457782773788,-0.005014494769011332,-0.000472213133455,4.83761575515e-05,0.00431504405515,-0.030702368763242158,0.028742437880870837,-0.00250791501280229,-1.63557578476e-10,1.67557541807e-11,1.49457545052e-09,-1.0634191920147318e-08,9.955342632846942e-09,-8.686512031439091e-10
10055,10054,142350000,0.0347,2,0.00506468408974,0.0139802926448,0.00264393746198,0.397386672744,0.4,True,mid,True,0.3881401617250674,0.46053946053946054,0.09075192362070084,0.001454645418561995,-0.0003583209472708404,0.09818039673795527,0.0020492087510202636,-0.0007316855503483773,0.038095664232969284,0.010773468762636185,-0.006743851117789745,0.09302383129214527,0.0033151478835002635,-0.011876226245548377,0.00515656544581,-0.00126593913248,0.0111445406952,-0.054928167059175984,0.007458320879135921,0.005132375127758632,1.78607946137e-09,-4.384833098e-10,3.86013431834e-09,-1.902546803027029e-08,2.5833384407789593e-09,1.777700661435308e-09
10055,10054,143900000,0.0378,2,0.0054201405758,0.0139877407746,0.00262465639456,0.399941182406,0.4,True,mid,True,0.3881401617250674,0.46053946053946054,0.09119520336389542,0.0011991141363978386,-0.0003997350868303329,0.1482907800878392,0.0022303342032964153,-0.0004410173069537733,0.2547457218170166,-0.0929049476981163,0.10328525304794312,0.13980231965404918,0.002221692693197245,-0.005003150982663773,0.00848846043379,8.64151009917e-06,0.00456213367571,0.11494340216296742,-0.09512664039131355,0.10828840403060688,2.94013037425e-09,2.99314186832e-12,1.58017674654e-09,3.981270698677215e-08,-3.294881645460457e-08,3.750762913406049e-08
10056,10055,126700000,0.0034,6,0.00155198028542,0.0078249998492,0.00860506056965,0.485128488052,0.485128488052,False,low,True,0.951682772409197,0.8551448551448552,0.15095946192741394,0.0005153719102963805,0.005421456415206194,0.08786025276267737,0.0012115467850928488,-0.0002517441402811833,0.06378854811191559,0.003947489429265261,0.0690932422876358,0.08737622076625537,0.0004663283069338488,-0.007013550359941183,0.000484031996422,0.000745218478159,0.00676180621966,-0.02358767265433978,0.003481161122331412,0.07610679264757698,9.78055525951e-11,1.50581997883e-10,1.36631916639e-09,-4.766224909618404e-09,7.034181412806089e-10,1.5378460445155662e-08
10056,10055,133350000,0.0167,6,0.00217482033815,0.00761251581402,0.00852946559499,0.424356424882,0.424356424882,False,low,True,0.951682772409197,0.8551448551448552,0.13364377617835999,-6.47374545224011e-05,0.00046895130071789026,0.10645227921468758,7.076427750704501e-06,-0.0021509770261188025,0.28319305181503296,0.10344322770833969,0.27881380915641785,0.10239690463112758,-2.9782649687954985e-06,-0.007340105906868803,0.00405537458356,1.00546927195e-05,0.00518912888075,0.18079614718390538,0.10344620597330849,0.28615391506328663,1.19736510252e-09,2.96868709185e-12,1.53211046384e-09,5.3380764919991016e-08,3.0542894242702796e-08,8.448805524262955e-08
10056,10055,134200000,0.0184,6,0.00236067457339,0.0076125149447,0.00851722564448,0.400312042439,0.400312042439,False,low,True,0.951682772409197,0.8551448551448552,0.1288049966096878,-0.00017647797358222306,-0.0009689584840089083,0.12034922381923709,2.7948893045764343e-05,-0.0024913930079413713,0.360983669757843,0.07345554977655411,0.19405440986156464,0.11643807130424709,1.3586469274764342e-05,-0.007015852362241371,0.00391115251499,1.4362423771e-05,0.0045244593543,0.2445455984535959,0.07344196330727934,0.201070262223806,1.35187231879e-09,4.9643073371e-12,1.5638590761e-09,8.45260889123112e-08,2.5384885107976102e-08,6.949903400357539e-08
10056,10055,125050000,0.0001,6,0.00132377030833,0.00782475104449,0.00862222039714,0.514733307398,0.514733307398,False,mid,True,0.951682772409197,0.8551448551448552,0.15723097324371338,0.0006863524904474616,0.007175125647336245,0.09687394490521362,-0.00015812850147756802,-0.0011142250605612144,0.3058358430862427,0.15108904242515564,0.13542236387729645,0.007377679208413614,-1.1626587893568029e-05,-0.0014232500708192145,0.0894962656968,-0.000146501913584,0.000309025010258,0.2984581638778291,0.15110066901304922,0.13684561394811567,1.51430578042e-08,-2.47885979215e-11,5.22880318733e-11,5.0500087266758025e-08,2.556672222358111e-08,2.315472077112206e-08
10056,10055,132500000,0.015,6,0.00201125169393,0.0076135867795,0.00854118462864,0.445438423684,0.445438423684,False,mid,True,0.951682772409197,0.8551448551448552,0.13796493411064148,3.3963802707148716e-05,0.0017351167043671012,0.09445520020583889,0.0005826747247595961,-0.001096158851925863,0.20970554649829865,0.03453207388520241,0.2845202386379242,0.0901841262303989,-0.002638733371810404,-0.005821349564515863,0.00427107397544,0.00322140809657,0.00472519071259,0.11952142026789975,0.037170807257012814,0.29034158820244005,1.10259408829e-09,8.3161882554e-10,1.21982606148e-09,3.085491194235752e-08,9.595786112403664e-09,7.495279186869335e-08
10056,10055,134250000,0.0185,6,0.00237236119159,0.0076125164954,0.00851652492444,0.398801833717,0.4,True,low,True,0.951682772409197,0.8551448551448552,0.12850421667099,-0.00018348709272686392,-0.0010593482293188572,0.12121601607420104,3.1341438609272556e-05,-0.002542799686462491,0.3625607192516327,0.07019311934709549,0.18575716018676758,0.11729437737040105,1.7381894124772555e-05,-0.007001348245172491,0.0039216387038,1.39595444845e-05,0.00445854855871,0.24526634188123164,0.07017573745297072,0.19275850843194006,1.3583188044e-09,4.83509910176e-12,1.54428564308e-09,8.495170244541532e-08,2.4306426724785542e-08,6.676482115944715e-08
10056,10055,135500000,0.021,6,0.00267096183768,0.00761288517033,0.00849935021342,0.384359979212,0.4,True,low,True,0.951682772409197,0.8551448551448552,0.12741439044475555,-0.00043198454659432173,-0.0024515038821846247,0.11639713428970008,0.00038997396125301203,-0.0030615687324365287,0.3423503339290619,-0.0024363503325730562,-0.013247930444777012,0.11743335529628009,0.000357350155571112,-0.0071307919665965286,-0.00103622100658,3.26238056819e-05,0.00406922323416,0.22491697863278182,-0.0027937004881441684,-0.006117138478180483,-3.58909428399e-10,1.12997047687e-11,1.40943155536e-09,7.79030956965196e-08,-9.676366710876125e-10,-2.1187552276015674e-09
10056,10055,136600000,0.0232,6,0.00291369287944,0.00761546155832,0.0084778634153,0.380601531192,0.4,True,mid,True,0.951682772409197,0.8551448551448552,0.13026154041290283,-0.0006778909591957927,-0.003026248188689351,0.1105298656874972,-0.000301197157730599,-0.0061522531743068015,0.06820196658372879,0.061804305762052536,-0.018507929518818855,0.015191113625597202,0.0215402257864694,-0.0428137444196068,0.0953387520619,-0.0218414229442,0.0366614912453,0.053010852958131585,0.040264079975583136,0.024305814900787946,3.30291598979e-08,-7.56674316813e-09,1.27010080397e-08,1.8365081363146925e-08,1.3949088978965598e-08,8.420507185634475e-09
10057,10056,141300000,0.0326,4,0.00594083395816,0.0038381026355,0.0125154193881,0.465892822135,0.465892822135,False,high,True,0.30256581139620126,0.2177822177822178,0.04599585756659508,-0.0019934354349970818,-0.00040086483932100236,0.12650253673970543,-0.01064176885105815,0.0005531142906934419,0.11240213364362717,-0.07337101548910141,0.1025087833404541,0.01626638470570544,0.018904885491941848,0.046800769872293445,0.110236152034,-0.029546654343,-0.0462476555816,0.09613574893792173,-0.09227590098104325,0.05570801346816066,2.50610765423e-08,-6.71713364804e-09,-1.0513937715e-08,2.185549221492875e-08,-2.0977994739698804e-08,1.2664654596374248e-08
10057,10056,137250000,0.0245,4,0.00498158579359,0.00391717046423,0.0125699832721,0.462961132583,0.462961132583,False,low,True,0.30256581139620126,0.2177822177822178,0.04009157419204712,-0.002045262139290571,-0.0003507669025566429,0.11418423921281137,-0.009103022993396557,-0.0006754116653216518,1.6953696012496948,0.4685089588165283,0.1348065882921219,0.11300718546244137,-0.008950913791661557,-0.007504972611581652,0.00117705375037,-0.000152109201735,0.00682956094626,1.5823624157872533,0.4774598726081899,0.14231156090370353,2.72406210818e-10,-3.52027180256e-11,1.58056912723e-09,3.6620702299345884e-07,1.1049880659589022e-07,3.2935244502865165e-08
10057,10056,161050000,0.0721,4,0.00784850826461,0.00379132900735,0.012811472911,0.465211196844,0.465211196844,False,low,True,0.30256581139620126,0.2177822177822178,0.018313119187951088,-0.0004333877586759627,-0.00022210084716789424,0.04320763029505341,0.000703296159532766,-0.0005432760443705329,0.5435193777084351,-0.17831569910049438,-0.23498503863811493,0.04207248049037341,0.000672472442131766,-0.007254913610270533,0.00113514980468,3.0823717401e-05,0.0067116375659,0.5014468972180617,-0.17898817154262614,-0.2277301250278444,2.59083117986e-10,7.03511094242e-12,1.53184362117e-09,1.144487054488166e-07,-4.0851712588812937e-08,-5.197642690727404e-08
10057,10056,177100000,0.1042,4,0.00999689571192,0.00387911630697,0.0126402201805,0.462927683217,0.462927683217,False,low,True,0.30256581139620126,0.2177822177822178,0.0354735441505909,0.000568545248825103,-0.0008397095371037722,0.09008287641012108,0.003120952072668797,-0.000874174675028384,0.29022106528282166,-0.16078528761863708,0.05507982149720192,0.08769797587200108,0.003379533617771797,-0.006674801572128384,0.00238490053812,-0.000258581545103,0.0058006268971,0.2025230894108206,-0.16416482123640888,0.0617546230693303,5.52052195706e-10,-5.98559593835e-11,1.34271797244e-09,4.687965573547421e-08,-3.8000557496074446e-08,1.4294841531335535e-08
10057,10056,125050000,0.0001,4,0.00293601281935,0.00408803322285,0.0127768199472,0.491038198836,0.491038198836,False,mid,True,0.30256581139620126,0.2177822177822178,0.01788170635700226,-0.0006119150784797966,-3.5099494652968133e-06,0.06031389325701989,-0.004615403700224005,-0.0009770311467992424,0.9472996592521667,-0.19961102306842804,0.03911275789141655,0.006654339681819894,-0.00047575842019400487,-0.0010768131291584424,0.0536595535752,-0.00413964528003,9.97819823592e-05,0.9406453195703468,-0.19913526464823403,0.04018957102057499,1.04629478259e-08,-8.07179517849e-10,1.94562497418e-11,1.834141778229483e-07,-3.8828908283617495e-08,7.836468190967787e-09
10057,10056,137150000,0.0243,4,0.00495901921073,0.00391895628739,0.0125714902559,0.463703485037,0.463703485037,False,mid,True,0.30256581139620126,0.2177822177822178,0.039887093007564545,-0.0020283740013837814,-0.00034593144664540887,0.1138680082542998,-0.00905194571433979,-0.0006937317651769612,1.6956663131713867,0.46313759684562683,0.1367652714252472,0.1126572591320498,-0.00890769326504679,-0.0075654796175869616,0.00121074912225,-0.000144252449293,0.00687174785241,1.583009054039337,0.47204529011067364,0.14433075104283416,2.78921842294e-10,-3.3231623441e-11,1.58305344646e-09,3.6467984457482475e-07,1.0874568442333167e-07,3.324966191656447e-08
10057,10056,176300000,0.1026,4,0.00986115689952,0.00387132355547,0.0126470399151,0.464022027808,0.464022027808,False,mid,True,0.30256581139620126,0.2177822177822178,0.03477296605706215,0.000472618528874591,-0.0008007649448700249,0.0854008509912277,0.0024989842481740144,-0.0009683738404670192,0.23833885788917542,-0.024520492181181908,0.029876241460442543,0.0815828880531977,0.008409485267464014,0.0006781106711429807,0.00381796293803,-0.00591050101929,-0.00164648451161,0.15675596983597773,-0.032929977448645925,0.029198130789299562,8.77820681688e-10,-1.35893410127e-09,-3.78557408711e-10,3.60411126387634e-08,-7.571214210600299e-09,6.713193262876078e-09
10058,10057,135450000,0.0209,4,0.00396210414592,0.00661818562269,0.0123763541458,0.484926739828,0.484926739828,False,high,True,0.8483838720426524,0.5454545454545454,0.0489409901201725,-0.0009222093503922224,-0.0012008798075839877,0.15338328406087476,-0.0030120576596678397,-0.006188482561962114,0.05057210102677345,-0.09896891564130783,-0.06375112384557724,-0.015795130629125232,-0.03178188234216784,0.0028101576824478857,0.16917841469,0.0287698246825,-0.00899864024441,0.06636723165589868,-0.06718703329914,-0.06656128152802512,3.42399754971e-08,5.82271736021e-09,-1.82123246657e-09,1.3432046812074148e-08,-1.3597966254152518e-08,-1.347132051539499e-08
10058,10057,155300000,0.06060000000001,4,0.00890910899289,0.00570929225754,0.0120332425559,0.451471021822,0.451471021822,False,high,True,0.8483838720426524,0.5454545454545454,0.08102957159280777,-0.001026734127663076,-0.0018158447928726673,0.24884472617282677,-0.01112956135483396,-0.0010332517691276633,0.05180159583687782,-0.04251422360539436,0.0350002758204937,0.16290819413852675,-0.005112715810923959,0.08901843558607234,0.0859365320343,-0.00601684554391,-0.0900516873552,-0.11110659830164893,-0.03740150779447041,-0.05401815976557864,2.1366659611e-08,-1.49598648706e-09,-2.2389823112e-08,-2.7624769236611752e-08,-9.29924988899824e-09,-1.3430698274635136e-08
10058,10057,133100000,0.0162,4,0.00330124312646,0.00662801008925,0.0124365338186,0.491671440227,0.491671440227,False,low,True,0.8483838720426524,0.5454545454545454,0.04229108989238739,-0.000561810506042093,-0.0006942632608115673,0.13912580274580552,-0.0010291899266612755,-0.0062449727768430375,0.42199966311454773,0.061455484479665756,-0.0036563666071742773,0.13682193858283553,-0.0011783955609892755,-0.012677176491363037,0.00230386416297,0.000149205634328,0.00643220371452,0.2851777245317122,0.06263388004065504,0.00902080988418876,4.4746145581e-10,2.89790394001e-11,1.24927644799e-09,5.5387831381117785e-08,1.2164886974021649e-08,1.752041109125992e-09
10058,10057,146450000,0.0429,4,0.00619090271972,0.00612823838906,0.0121861019622,0.427056935346,0.427056935346,False,low,True,0.8483838720426524,0.5454545454545454,0.06722584366798401,-0.002402221318334341,-0.0022167530842125416,0.1533296938933354,-0.008154439374998736,-0.004770860384114094,0.2681206464767456,-0.15668831765651703,0.08813367784023285,0.1522110626308054,-0.007974379793526736,-0.010063010502524094,0.00111863126253,-0.000180059581472,0.00529215011841,0.11590958384594022,-0.14871393786299028,0.09819668834275694,3.24585611878e-10,-5.22466619557e-11,1.53558714285e-09,3.363269421775398e-08,-4.3151310116960645e-08,2.8493064012874606e-08
10058,10057,156550000,0.06310000000001,4,0.00942406985308,0.00568962392834,0.0121014958458,0.451889252316,0.451889252316,False,low,True,0.8483838720426524,0.5454545454545454,0.0762544497847557,-0.0002985323953907937,-0.0015532243996858597,0.2026078699320422,-0.008347775649785413,-0.003313977399703151,0.008184145204722881,-0.007599167991429567,-0.007021011784672737,0.2086888101540122,-0.009204260328042413,-0.005942234158373151,-0.00608094022197,0.000856484678257,0.00262825675867,-0.2005046649492893,0.001605092336612846,-0.0010787776262995864,-1.50757442718e-09,2.12337952862e-10,6.51592111218e-10,-4.970871187248557e-08,3.979312526698665e-10,-2.6744837190582343e-10
10058,10057,125050000,0.0001,4,0.00175665374991,0.00662885658234,0.0125662722349,0.543751406482,0.543751406482,False,mid,True,0.8483838720426524,0.5454545454545454,0.035277530550956726,-0.00019059305486734957,0.0007537652854807675,0.07996096223926334,0.0018828661643171423,-0.004484935304596201,0.7153464555740356,0.005246676504611969,0.04682035744190216,0.005500273645763346,0.0001980239471171425,-0.0014271993194562014,0.0744606885935,0.0016848422172,-0.00305773598514,0.7098461819282723,0.005048652557494826,0.04824755676135836,1.06147460022e-08,2.4018273974e-10,-4.35895657656e-10,1.0119214667667977e-07,7.197108375363975e-10,6.877932099774464e-09
10058,10057,139550000,0.0291,4,0.00442694340124,0.00621766706213,0.0123571153905,0.475143665426,0.475143665426,False,mid,True,0.8483838720426524,0.5454545454545454,0.05162648484110832,-0.0014442813117057085,-0.0014653734397143126,0.15687690215405478,-0.0016389347889621802,-0.005875273933911919,0.13168363273143768,-0.0013966102851554751,0.07781784981489182,0.1452741135342548,-0.01701488831796218,-0.011394306786471919,0.0116027886198,0.015375953529,0.00551903285256,-0.013590480802817106,0.015618278032806705,0.08921215660136374,2.49155357515e-09,3.30179349481e-09,1.18514320012e-09,-2.9183855831417362e-09,3.3538296478071823e-09,1.9157193586001384e-08
10059,10058,131500000,0.013,2,0.00624629507483,0.0130672186468,0.000925259846613,0.414848295223,0.414848295223,False,high,True,0.3417004048582996,0.3016983016983017,0.0636223703622818,0.00042264655348844826,-0.00035146577283740044,0.23148945266682125,0.0037413558704359716,-0.0009581998793787017,0.15762083232402802,0.07996872812509537,-0.11273211985826492,0.08138104994982127,0.025111340166535972,-0.0885350126280787,0.150108402717,-0.0213699842961,0.0875768127487,0.07623978237420674,0.05485738795855939,-0.024197107230186227,4.71584436038e-08,-6.71364947601e-09,2.75133577485e-08,2.3951686996751603e-08,1.723413872554953e-08,-7.601825720850057e-09
10059,10058,131700000,0.0134,2,0.00629293363203,0.0130751387879,0.000897232462833,0.415162133748,0.415162133748,False,high,True,0.3417004048582996,0.3016983016983017,0.06152672320604324,0.0003866179031319916,-0.0003445664478931576,0.22556081666036276,0.0034880605107056907,-0.000640149355897221,0.061447422951459885,0.022606685757637024,-0.04077683016657829,0.12229157415436277,0.01816403678490569,-0.07022383238049722,0.103269242506,-0.0146759762742,0.0695836830246,-0.06084415120290289,0.004442648972731333,0.029447002213918924,3.23733842317e-08,-4.60070208097e-09,2.18134582199e-08,-1.9073743908083787e-08,1.3927049207540938e-09,9.231200830068753e-09
10059,10058,135050000,0.0201,2,0.00749998267802,0.0130880424089,0.000807315671772,0.413464765318,0.413464765318,False,high,True,0.3417004048582996,0.3016983016983017,0.056941304355859756,-0.00015285781410057098,-0.00042693570139817894,0.17723896577107312,0.00012882760544230543,0.0006836401470986728,0.11088516563177109,-0.05622692406177521,0.02815433032810688,0.0672569417260731,-0.042796320705157695,0.03927960034849867,0.109982024045,0.0429251483106,-0.0385959602014,0.04362822390569798,-0.013430603356617513,-0.011125270020391792,3.48621940425e-08,1.36064494421e-08,-1.22341797715e-08,1.3829310932740281e-08,-4.257243894100195e-09,-3.526497403498426e-09
10059,10058,125650000,0.0013,2,0.00454932622235,0.0129229923346,0.000767627851779,0.406014398303,0.406014398303,False,low,True,0.3417004048582996,0.3016983016983017,0.052803024649620056,0.0008496044320054352,-0.00019935995806008577,0.12516406552933984,0.0007201659567189897,0.0004909328590791901,0.1687665432691574,0.14196327328681946,0.005144826136529446,0.12204673189856985,0.0007327913689162897,-0.0039173075356908095,0.00311733363077,-1.26254121973e-05,0.00440824039477,0.04671981137058756,0.14123048191790316,0.009062133672220255,1.03747750193e-09,-4.20185410316e-12,1.46710322808e-09,1.5548785896122494e-08,4.700281231722058e-08,3.015962010499508e-09
10059,10058,134600000,0.0192,2,0.00737130629865,0.0130994018509,0.000799130497568,0.414290756168,0.414290756168,False,low,True,0.3417004048582996,0.3016983016983017,0.0558243952691555,-9.812889038585126e-05,-0.00040761588024906814,0.17900289796609192,0.0009790846524162459,0.0003705256448495861,0.35472017526626587,-0.16564607620239258,0.15128658711910248,0.17966792343100094,0.0012233325271102458,-0.004433441710630414,-0.000665025464909,-0.000244247874694,0.00480396735548,0.17505225183526493,-0.16686940872950282,0.1557200288297329,-2.09609862387e-10,-7.69846661585e-11,1.51416598225e-09,5.5174847210993694e-08,-5.259569091121164e-08,4.908150971092615e-08
10059,10058,142300000,0.0346,2,0.00999344659591,0.0129845546537,0.000784166933449,0.408740183283,0.408740183283,False,low,True,0.3417004048582996,0.3016983016983017,0.05763562023639679,-0.0009009436471387744,-0.0004192034830339253,0.15294761623955144,-0.0007792081654273927,-0.0010438529768442353,0.066069096326828,-0.010203231126070023,-0.002613732125610113,0.15164068330170144,-0.0008389045949208927,-0.007595622918954235,0.00130693293785,5.96964294935e-05,0.00655176994211,-0.08557158697487344,-0.009364326531149129,0.004981890793344122,4.27209182381e-10,1.95135206225e-11,2.14163726313e-09,-2.797157118608365e-08,-3.0610034876726328e-09,1.628476435855255e-09
10059,10058,125050000,0.0001,2,0.00443541995614,0.0129223431477,0.000771164097692,0.406613677839,0.406613677839,False,mid,True,0.3417004048582996,0.3016983016983017,0.052596110850572586,0.0008388636051677167,-0.00020361853239592165,0.14049513481439363,0.0004672832273699614,0.0006812203536734748,0.1995808333158493,0.031477343291044235,-0.07303351163864136,0.02539637652139364,-4.449086920603866e-05,-0.0006373026768665252,0.115098758293,0.000511774096576,0.00131852303054,0.17418445679445566,0.03152183416025028,-0.07239620896177483,3.81637677722e-08,1.69691038054e-10,4.37188093824e-10,5.775505537347479e-08,1.045182395089969e-08,-2.4004708194778765e-08
10059,10058,132750000,0.0155,2,0.00667011166753,0.0130915017669,0.000816716619309,0.41635571155,0.41635571155,False,mid,True,0.3417004048582996,0.3016983016983017,0.05614517629146576,0.00019166417769156396,-0.0003485227352939546,0.20834946363469276,0.002845334268110446,0.0008727659076608052,0.3004542291164398,-0.0722057893872261,0.051363058388233185,0.20674600017224276,0.003241349137210446,-0.008185692028249194,0.00160346346245,-0.0003960148691,0.00905845793591,0.09370822894419706,-0.07544713852443655,0.05954875041648238,4.98636731069e-10,-1.23150645092e-10,2.81695215355e-09,2.9140897843468818e-08,-2.346215888502069e-08,1.8518160807694936e-08
10059,10058,142250000,0.0345,2,0.00997829748129,0.0129846391026,0.000784947369349,0.408815746756,0.408815746756,False,mid,True,0.3417004048582996,0.3016983016983017,0.05769461765885353,-0.0008972754003480077,-0.000419712217990309,0.15303040175381727,-0.00079985475612322,-0.001026142629690109,0.0681711956858635,-0.012529782950878143,-0.006563769653439522,0.15132832398933727,-0.00084973986126962,-0.00802870428428011,0.00170207776448,4.98851051464e-05,0.00700256165459,-0.08315712830347377,-0.011680043089608523,0.0014649346308405874,5.56097712025e-10,1.62983110496e-11,2.28785581699e-09,-2.716884607343257e-08,-3.816068439431398e-09,4.786190228659696e-10
10060,10059,125050000,0.0001,6,0.00165000311933,0.0136479500684,0.00783910820751,0.498174145545,0.498174145545,False,high,True,0.4385204931689437,0.5114885114885115,0.08333513140678406,0.0011734141735360026,0.00231490982696414,0.16707975170046144,-0.004356233146839625,-0.00016365956518302595,0.13363395631313324,-0.27780115604400635,0.16909924149513245,0.014907207947461438,-0.0008243754872696252,-0.0009299177211740259,0.152172543753,-0.00353185765957,0.000766258155991,0.1187267483656718,-0.27697678055673675,0.17002915921630649,2.84303329739e-08,-6.59855495618e-10,1.43159692159e-10,2.2181668950894003e-08,-5.1747456558579067e-08,3.176647700414446e-08
10060,10059,127000000,0.004,6,0.00188157173318,0.0136124754006,0.00785931836397,0.467194615403,0.467194615403,False,high,True,0.4385204931689437,0.5114885114885115,0.08327028900384903,0.0009518048027530313,0.0013841810869053006,0.1352063884483687,0.0015909064376500928,-0.0011997569322355073,0.03323465213179588,-0.08942227065563202,0.05004040151834488,0.013151167634368684,-0.025764555548649908,0.021354375692264494,0.122055220814,0.0273554619863,-0.0225541326245,0.0200834844974272,-0.06365771510698211,0.028686025826080385,2.75266094424e-08,6.16936426964e-09,-5.08654030466e-09,4.5293452448507655e-09,-1.4356461362808354e-08,6.469440832623843e-09
10060,10059,135650000,0.0213,6,0.00282148365427,0.0134188124456,0.00811475669297,0.402802211447,0.402802211447,False,high,True,0.4385204931689437,0.5114885114885115,0.09560762345790863,0.0002548984775785357,-0.001975040417164564,0.1272824748160256,-0.0005085702627486179,-0.003762230050240274,-0.008420977741479874,0.02595246583223343,0.0825500339269638,0.015087366667025598,-0.02750625252364862,0.013476963205959725,0.112195108149,0.0269976822609,-0.0172391932562,-0.023508344408505473,0.05345871835588205,0.06907307072100408,3.81519639736e-08,9.1805660512e-09,-5.86219034764e-09,-7.994016171907468e-09,1.8178645490311506e-08,2.3488308440267517e-08
10060,10059,134050000,0.0181,6,0.00250668886298,0.0134284514747,0.00812804562669,0.406758523842,0.406758523842,False,low,True,0.4385204931689437,0.5114885114885115,0.092091403901577,0.0002913917996920645,-0.0013551031006500125,0.10687396901814003,0.0004035004481200441,-0.002698786940068192,0.017195038497447968,0.003688826924189925,3.5344484786037356e-05,0.10140696626896004,0.001545615081060044,-0.006433760712848192,0.00546700274918,-0.00114211463294,0.00373497377278,-0.08421192777151207,0.002143211843129881,0.0064691051976342295,1.81055236168e-09,-3.78243516758e-10,1.23694204949e-09,-2.788915822867066e-08,7.097851313033405e-10,2.142426889267462e-09
10060,10059,134750000,0.0195,6,0.00265726063764,0.0134294063073,0.00811800605923,0.404740918139,0.404740918139,False,low,True,0.4385204931689437,0.5114885114885115,0.09335847198963165,0.00027299433713778853,-0.0016466029919683933,0.11593871479656144,6.043301671420642e-05,-0.003283264851001038,-0.019066832959651947,0.04461125656962395,0.07987311482429504,0.11272842160983144,0.0002320732337032064,-0.007632061615601038,0.00321029318673,-0.000171640216989,0.0043487967646,-0.13179525456948338,0.04437918333592074,0.08750517643989608,1.07745431515e-09,-5.76067298814e-11,1.45956445944e-09,-4.4233768535303855e-08,1.4894758767145094e-08,2.9368915693718216e-08
10060,10059,135400000,0.0208,6,0.00280964894152,0.0134294438558,0.00810764833121,0.402810257191,0.402810257191,False,low,True,0.4385204931689437,0.5114885114885115,0.09468411654233932,0.0002554869279265404,-0.0019417870789766312,0.1257070473791827,-0.00023192739142132929,-0.003981849237774493,-0.014253112487494946,0.038819726556539536,0.11081988364458084,0.12183900942316271,-0.0001714740629199293,-0.008322068844864493,0.00386803795602,-6.04533285014e-05,0.00434021960709,-0.13609212191065767,0.038991200619459467,0.11914195248944534,1.31493647832e-09,-2.05510617492e-11,1.47545426136e-09,-4.626441041880205e-08,1.325502815926962e-08,4.0502213579178934e-08
10060,10059,125200000,0.0004,6,0.00166195034162,0.01364776485,0.00783846463145,0.496830542862,0.496830542862,False,mid,True,0.4385204931689437,0.5114885114885115,0.08319813013076782,0.0011605657637119293,0.0022646004799753428,0.16521803848768168,0.004980949555684272,-0.0009163795344521238,0.13423438370227814,-0.29360389709472656,0.17555958032608032,0.0616449180976817,7.037743952427199e-05,-0.0032657883077921238,0.10357312039,0.00491057211616,0.00234940877334,0.07258946560459643,-0.2936742745342508,0.17882536863387244,1.95051476063e-08,9.24771152947e-10,4.42446502907e-10,1.3670228684321896e-08,-5.5305469714483354e-08,3.3676838139285144e-08
10060,10059,130300000,0.0106,6,0.00217683134603,0.0133797392187,0.00804265743354,0.40378586162,0.40378586162,False,mid,True,0.4385204931689437,0.5114885114885115,0.0975620225071907,0.0007446167874149978,0.00021702332014683634,0.09756304990214085,-0.0001500114981037061,-0.0007620419558108105,0.027124693617224693,0.007430829107761383,0.016640987247228622,0.08258776543544084,-0.027146191001403707,0.01855087124658919,0.0149752844667,0.0269961795033,-0.0193129132024,-0.05546307181821615,0.034577020109165094,-0.0019098839993605676,5.05832901285e-09,9.11872881755e-09,-6.52348670847e-09,-1.873423279159266e-08,1.1679373729745823e-08,-6.451177382715272e-10
10060,10059,138100000,0.0262,6,0.00319692142247,0.0131669261793,0.00805486505592,0.400025311122,0.400025311122,False,mid,True,0.4385204931689437,0.5114885114885115,0.11369428783655167,0.0002584913745522499,-0.003147103125229478,0.17761722014852838,6.430329947209115e-05,-0.005894643270489797,0.05810702592134476,-0.0009913552785292268,-0.000882102525793016,0.15914243538752837,-0.022377818341427907,-0.015140208897929797,0.018474784761,0.0224421216409,0.00924556562744,-0.10103540946618361,0.02138646306289868,0.014258106372136781,6.39828620293e-09,7.77227551589e-09,3.20197370402e-09,-3.49911230229256e-08,7.406674194848578e-09,4.937943605883845e-09
10060,10059,141650000,0.0333,6,0.00443703980411,0.0131977793278,0.00793766648431,0.393024762004,0.4,True,high,True,0.4385204931689437,0.5114885114885115,0.12266665697097778,0.00018704120884649456,-0.005795605946332216,0.18054286136089648,9.742766937949343e-05,-0.008148484103771315,0.007583191618323326,-0.0046217115595936775,0.005825312342494726,0.09237749365479646,0.06409278854627949,0.03501240776022869,0.0881653677061,-0.0639953608769,-0.043160891864,-0.08479430203647313,-0.06871450010587317,-0.02918709541773396,3.05448657909e-08,-2.21711740118e-08,-1.49530783312e-08,-2.9376961078110662e-08,-2.380611841399182e-08,-1.0111860649564181e-08
10060,10059,152650000,0.05530000000001,2,0.00697824122878,0.0130763968345,0.00747268572789,0.395718783842,0.4,True,high,True,0.4385204931689437,0.5114885114885115,0.1389794498682022,0.00026622539735399187,-0.007623424753546715,0.2030827482544465,0.001179075021319989,-0.015354325259800405,0.010455350391566753,0.004273210186511278,-0.004189006518572569,0.047783565595446505,0.02306441960381999,-0.1034445548289004,0.155299182659,-0.0218853445825,0.0880902295691,-0.03732821520387975,-0.01879120941730871,0.09925554831032783,5.38107613673e-08,-7.58321476397e-09,3.05230345774e-08,-1.2934129119112691e-08,-6.511105006769672e-09,3.43917883730127e-08
10060,10059,161200000,0.0724,2,0.00939709409046,0.0126669131774,0.00699971535726,0.38032301,0.4,True,high,True,0.4385204931689437,0.5114885114885115,0.17652641236782074,-0.00066925905412063,-0.004785954020917416,0.20093319951473843,-0.0031461771546629977,-0.005562116027367239,0.005250678397715092,-0.0021928001660853624,-0.0011031925678253174,0.08527749063273844,-0.035893839335662994,-0.023965001321367238,0.115655708882,0.032747662181,0.018402885294,-0.08002681223502335,0.03370103916957763,0.02286180875354192,4.00692753808e-08,1.13455280911e-08,6.3757361031e-09,-2.772553476427282e-08,1.1675828475388377e-08,7.92054382359965e-09
10060,10059,138550000,0.0271,6,0.00334980367225,0.0131582428159,0.00804361226954,0.399139878067,0.4,True,low,True,0.4385204931689437,0.5114885114885115,0.1157325878739357,0.0002447323640808463,-0.0035055610351264477,0.17920036604054723,0.00037291105257804833,-0.0063015606031366295,0.14096733927726746,0.02523520588874817,-0.08798392862081528,0.17591072358416723,-0.002819915851621952,-0.01118714906101663,0.00328964245638,0.0031928269042,0.00488558845788,-0.03494338430689978,0.02805512174037012,-0.07679677955979865,1.1394192631e-09,1.10588567804e-09,1.69220019327e-09,-1.2103189244748342e-08,9.717331461827114e-09,-2.6599769164772395e-08
10060,10059,148650000,0.0473,2,0.00596154207983,0.0133564163131,0.00755675367994,0.39809822525,0.4,True,low,True,0.4385204931689437,0.5114885114885115,0.11625940352678299,0.00029396312311291695,-0.006353561766445637,0.18310575947900956,0.0018958656322606213,-0.014798528337991581,0.546975314617157,-0.0372764989733696,0.0929010808467865,0.18093634190409957,0.0019208550125906212,-0.01892623945284158,0.00216941757491,-2.498938033e-05,0.00412771111485,0.3660389727130574,-0.03919735398596022,0.11182732029962808,7.5140844471e-10,-8.65542513583e-12,1.42969109538e-09,1.2678277265276925e-07,-1.3576557660399197e-08,3.873297321547859e-08
10060,10059,162850000,0.0757,2,0.00998097404363,0.012641488841,0.00694872045944,0.379710136054,0.4,True,low,True,0.4385204931689437,0.5114885114885115,0.1796644777059555,-0.0009784828871488571,-0.003507568035274744,0.1971806378931072,-0.0012877767133968568,-0.0036764173371413847,0.41058361530303955,0.2882591485977173,0.2667805552482605,0.19648640322035119,-0.001454975930830857,-0.008402443804861385,0.000694234672756,0.000167199217434,0.00472602646772,0.21409721208268837,0.28971412452854817,0.2751829990531219,2.40458054368e-10,5.79118273602e-11,1.63692649462e-09,7.415561492856292e-08,1.0034660820154559e-07,9.531354618849066e-08
10060,10059,130450000,0.0109,6,0.00220187495677,0.0133720588629,0.00804780453468,0.399985118587,0.4,True,mid,True,0.4385204931689437,0.5114885114885115,0.09778770804405212,0.0007142339600250125,9.29374509723857e-05,0.09482353137160537,-0.00018971878735803485,-0.0007249050059341365,0.027120977640151978,0.015548904426395893,0.02165018580853939,0.08427369275060538,-0.024022258112258034,0.015742786650765863,0.010549838621,0.0238325393249,-0.0164676916567,-0.0571527151104534,0.03957116253865393,0.0059073991577735276,3.65429568263e-09,8.25521116385e-09,-5.70414550267e-09,-1.979678813878814e-08,1.3706818996600892e-08,2.0462287636149056e-09
10060,10059,146300000,0.0426,2,0.0052397571102,0.0133483247606,0.00767792855237,0.394191346636,0.4,True,mid,True,0.4385204931689437,0.5114885114885115,0.11503402888774872,0.0002914918586611748,-0.0063383737578988075,0.1406223881752755,0.0006922732848560886,-0.009634667753984895,0.001481587765738368,0.0007075038738548756,-0.0006249449215829372,0.10256853611987549,0.005731074745196089,-0.056940797106584895,0.0380538520554,-0.00503880146034,0.0473061293526,-0.10108694835413712,-0.005023570871341213,0.05631585218500196,1.31821177092e-08,-1.74547569762e-09,1.63871705967e-08,-3.5017218496806825e-08,-1.7401997161857156e-09,1.9508200938933397e-08
10060,10059,162050000,0.0741,2,0.00966722192861,0.0126446634067,0.00696369148583,0.380339918934,0.4,True,mid,True,0.4385204931689437,0.5114885114885115,0.1788402795791626,-0.0008234151173382998,-0.004212265368551016,0.19789249145388316,-0.0016269703381155578,-0.004749097181461388,0.17831557989120483,0.11900597810745239,-0.019374500960111618,0.19448652040255315,-0.0030984465455755577,-0.011058140890871388,0.00340597105133,0.00147147620746,0.00630904370941,-0.01617094051134832,0.12210442465302795,-0.00831636006924023,1.17971310132e-09,5.09669557983e-10,2.1852392192e-09,-5.601066507751538e-09,4.2292840227344446e-08,-2.8805056711163348e-09
10061,10060,171000000,0.092,4,0.00449668757772,0.00353513824945,0.00853728793447,0.401669985373,0.401669985373,False,high,True,0.7810729756747751,0.6083916083916084,0.17723819613456726,-0.0034527857787907124,-0.001723585999570787,0.15142270877305422,-0.001733342167194665,-0.0014189686642633592,0.001680615940131247,-0.0015595119912177324,0.00021016075334046036,0.03808012024105423,-0.015210565863894665,0.03878044244513664,0.113342588532,0.0134772236967,-0.0401994111094,-0.03639950430092298,0.013651053872676932,-0.03857028169179618,3.88336091023e-08,4.61758676592e-09,-1.3773183032e-08,-1.2471253214241555e-08,4.677144723728831e-09,-1.321500824698918e-08
10061,10060,152450000,0.05490000000001,4,0.00187877500602,0.00361888399025,0.00923412471665,0.402186378025,0.402186378025,False,low,True,0.7810729756747751,0.6083916083916084,0.19185256958007812,-0.00405091280117631,0.004616060294210911,0.07119937871912226,-0.0015386389950603203,0.0003724700974524703,0.028785398229956627,0.02674536593258381,0.022915592417120934,0.06671351800811226,-0.0034538331658303203,0.00499931442095247,0.00448586071101,0.00191519417077,-0.0046268443235,-0.03792811977815563,0.03019919909841413,0.01791627799616846,1.53130073912e-09,6.53773810243e-10,-1.57942713534e-09,-1.2947204915881359e-08,1.0308847928914673e-08,6.115929919623591e-09
10061,10060,156100000,0.06220000000001,4,0.00249584012291,0.00360586155223,0.00920373978682,0.423756835845,0.423756835845,False,low,True,0.7810729756747751,0.6083916083916084,0.17145058512687683,-0.0035188631154596806,0.0006485156482085586,0.10424862510915409,-0.0018951262877436956,-0.0006785136847917679,0.015606146305799484,-0.08170975744724274,0.11242866516113281,0.10171149365474409,-0.0018658335085773956,-0.005768320966731768,0.00253713145441,-2.92927791663e-05,0.00508980728194,-0.08610534734894461,-0.07984392393866534,0.11819698612786458,7.52000243821e-10,-8.6823160215e-12,1.50860780602e-09,-2.5521437640987237e-08,-2.366556536325676e-08,3.503332956303211e-08
10061,10060,170600000,0.0912,4,0.00447159747574,0.00354587314333,0.00851324860013,0.401815897799,0.401815897799,False,low,True,0.7810729756747751,0.6083916083916084,0.17581148445606232,-0.0033213088754564524,-0.0017455816268920898,0.15314250917753108,-0.001300708819192048,-0.0026053949705004183,0.01967734657227993,-0.023968646302819252,0.00363053847104311,0.1549771567280211,-0.001279091911934948,-0.007135303530780419,-0.00183464755049,-2.16169072571e-05,0.00452990856028,-0.13529981015574116,-0.022689554390884305,0.010765842001823529,-6.27819997977e-10,-7.39734815378e-12,1.55014361336e-09,-4.629986098189564e-08,-7.76441011136575e-09,3.684092294466028e-09
10061,10060,125050000,0.0001,4,0.00011610865475,0.00387282848219,0.00921249583846,0.686371183981,0.686371183981,False,mid,True,0.7810729756747751,0.6083916083916084,0.2385118454694748,-0.005327974446117878,0.01591475121676922,0.07690547609584023,-0.0034556153095130515,0.012880214495262683,0.2203114777803421,-0.04908796772360802,0.5702020525932312,0.0023689417472402326,-0.00015075176094305146,-0.00044909744923731827,0.0745365343486,-0.00330486354857,0.0133293119445,0.21794253603310187,-0.04893721596266497,0.5706511500424685,4.85467414089e-09,-2.15250625061e-10,8.68157697137e-10,1.4194918010695996e-08,-3.1873528724849063e-09,3.7167348948953725e-08
10061,10060,135250000,0.0205,4,0.00109577808675,0.00378301538211,0.00904256864614,0.417862461495,0.417862461495,False,mid,True,0.7810729756747751,0.6083916083916084,0.20422466099262238,-0.004325152840465307,0.009374083019793034,0.0322061417304602,0.00016590269877412613,0.0010966687892009098,0.08595238626003265,-0.03286414593458176,-0.03674694523215294,0.0287840834802602,-0.002137669291845874,-0.01163774324849909,0.0034220582502,0.00230357199062,0.0127344120377,0.05716830277977245,-0.03072647664273588,-0.02510920198365385,1.05379540901e-09,7.09366530478e-10,3.9214601157e-09,1.760452061465094e-08,-9.461972197362958e-09,-7.732177490759294e-09
10061,10060,177750000,0.1055,4,0.00524739879155,0.00360549559226,0.00870821886148,0.385357852801,0.4,True,high,True,0.7810729756747751,0.6083916083916084,0.1897387057542801,-0.004455792251974344,-0.002374549163505435,0.12019139586710056,-0.001165711189052475,-0.0018635467620097337,-0.009138118475675583,0.06908398866653442,0.04426677152514458,-0.010317397871899451,0.022127288883347525,0.028289421831690267,0.130508793739,-0.0232930000724,-0.0301529685937,0.001179279396223868,0.046956699783186895,0.01597734969345431,4.52165968874e-08,-8.07018565108e-09,-1.04469176888e-08,4.085778402281689e-10,1.626880537647837e-08,5.535576260574742e-09
10061,10060,136850000,0.0237,4,0.00119261346305,0.00377793917113,0.0090137541828,0.394937134641,0.4,True,low,True,0.7810729756747751,0.6083916083916084,0.2002880573272705,-0.004195157438516617,0.008721073158085346,0.03155060278418748,-0.0005473059516633257,0.0006583754979647373,0.20660634338855743,-0.040912047028541565,-0.03367549180984497,0.03127893827149948,-0.0009846817841313257,-0.006160017033345263,0.000271664512688,0.000437375832468,0.00681839253131,0.17532740511705797,-0.03992736524441024,-0.02751547477649971,9.40952936011e-11,1.51492025819e-10,2.36165791687e-09,6.072741521371788e-08,-1.3829473412717304e-08,-9.530419163162014e-09
10061,10060,186850000,0.1237,4,0.00623885634939,0.00322636006779,0.00888512315802,0.377833540049,0.4,True,low,True,0.7810729756747751,0.6083916083916084,0.20778867602348328,-0.004524466581642628,-0.0019613048061728477,0.10664423387958352,-0.0027460364557283286,-0.0015745998236015267,0.03722986951470375,0.01519059855490923,0.009060724638402462,0.10585037304620652,-0.002640726790456329,-0.006824250290041527,0.000793860833377,-0.000105309665272,0.00524965046644,-0.06862050353150277,0.017831325345365558,0.015884974928443988,2.74965312686e-10,-3.64755430962e-11,1.81829323391e-09,-2.376771521770366e-08,6.1761403800877736e-09,5.501993440871375e-09
10061,10060,197600000,0.1452,4,0.00898447548185,0.00331439372356,0.00858870457268,0.381364264074,0.4,True,low,True,0.7810729756747751,0.6083916083916084,0.19859248399734497,0.00011907755833817646,-0.005087825935333967,0.14457901456961128,0.00217100790952561,-0.004228605230965678,0.05388664826750755,-0.026712415739893913,0.024753961712121964,0.14462949640440037,0.0021818898722611104,-0.008589387994735678,-5.04818347891e-05,-1.08819627355e-05,0.00436078276377,-0.09074284813689282,-0.028894305612155023,0.03334334970685764,-1.74850855111e-11,-3.7691191248e-12,1.510417754e-09,-3.1430047378924566e-08,-1.0007944571027159e-08,1.1548932864412854e-08
10061,10060,136350000,0.0227,4,0.00116149120912,0.00377917660921,0.00902084652308,0.399720499075,0.4,True,mid,True,0.7810729756747751,0.6083916083916084,0.2014690786600113,-0.004234340973198414,0.008929812349379063,0.0320693571979456,-0.0007255149408754888,0.0005891621673656221,0.18914879858493805,-0.04280713200569153,-0.0447578988969326,0.030914170753995596,-0.0015252595841824888,-0.008009979872794377,0.00115518644395,0.000799744643307,0.00859914204016,0.15823462783094244,-0.04128187242150904,-0.03674791902413822,4.00118713017e-10,2.77005325936e-10,2.97846089191e-09,5.4807287580471405e-08,-1.4298687238568782e-08,-1.272827442101757e-08
10061,10060,175950000,0.1019,4,0.00480126708636,0.00361354667894,0.0087151603905,0.397059590996,0.4,True,mid,True,0.7810729756747751,0.6083916083916084,0.1864725649356842,-0.004494502209126949,-0.002089675283059478,0.13497305793550482,-0.0018066444921831923,-0.0020553006754065635,0.06021751090884209,-0.027147261425852776,0.01818697713315487,0.12499822202270483,-0.008522091886573192,0.019479133820193437,0.0099748359128,0.00671544739439,-0.0215344344956,-0.06478071111386274,-0.018625169539279583,-0.0012921566870385676,3.45507715292e-09,2.32609228531e-09,-7.45908336509e-09,-2.2438700433347972e-08,-6.4513740683957775e-09,-4.4757638986771093e-10
10062,10061,143750000,0.0375,6,0.00310439176882,0.0115625069454,0.0124424576624,0.499106797716,0.499106797716,False,high,True,0.41886037987337554,0.2807192807192807,0.047728314995765686,3.264798942836933e-05,-0.00047450524289160967,0.1445521814524773,-0.0026906182404007346,-0.001068666569361984,0.07238718122243881,0.09036324173212051,0.08527832478284836,-0.0012716327395226766,-0.016038994271900735,0.06460077646953802,0.145823814192,0.0133483760315,-0.0656694430389,0.07365881396196149,0.10640223600402125,0.02067754831331034,2.70925839496e-08,2.47999272429e-09,-1.22007156945e-08,1.3685059686224341e-08,1.976845501768087e-08,3.841678512208617e-09
10062,10061,179250000,0.1085,6,0.00931833679357,0.011767243396,0.0124737808117,0.462813773445,0.462813773445,False,high,True,0.41886037987337554,0.2807192807192807,0.05424803867936134,0.0006694143521599472,-0.001426305272616446,0.15361336104121046,0.007115779033152768,-0.0051782638685201905,0.13697674870491028,0.21159520745277405,-0.04049379751086235,0.020749804051210474,0.050712286359552765,-0.0030866007744201904,0.13286355699,-0.0435965073264,-0.0020916630941,0.1162269446536998,0.16088292109322128,-0.03740719673644216,3.07860231957e-08,-1.01018150967e-08,-4.84662536451e-10,2.693112765559678e-08,3.727843400234236e-08,-8.667680231539825e-09
10062,10061,180400000,0.1108,6,0.00940185511683,0.0119056876355,0.0124590302131,0.462585744481,0.462585744481,False,high,True,0.41886037987337554,0.2807192807192807,0.05643428862094879,0.0007690372294746339,-0.001414654077962041,0.15787861540780515,0.007547070636673835,-0.0054821892809766015,0.046214617788791656,0.04554569348692894,-0.013986454345285892,0.05752867967380515,0.06850703226337383,-0.009406211639456602,0.100349935734,-0.0609599616267,0.00392402235848,-0.011314061885013493,-0.022961338776444892,-0.004580242705829291,2.32838643371e-08,-1.41443386698e-08,9.10477954792e-10,-2.625164431900331e-09,-5.32764364181e-09,-1.0627385958300903e-09
10062,10061,138650000,0.0273,6,0.00209577673957,0.0115576143642,0.0125095465945,0.493388317857,0.493388317857,False,low,True,0.41886037987337554,0.2807192807192807,0.041922345757484436,0.00041078985668718815,0.0005925647565163672,0.07207720883883213,0.0020722217355653,0.0018302164153473116,0.14045678079128265,0.08504720032215118,0.007866565138101578,0.06733512663763214,0.0052055495021653,0.005291341320907312,0.0047420822012,-0.0031333277666,-0.00346112490556,0.07312165415365052,0.07984165081998588,0.002575223817194266,9.11529237075e-10,-6.02292357538e-10,-6.65301951912e-10,1.405553990765763e-08,1.534726644771276e-08,4.950128871218564e-10
10062,10061,158250000,0.06650000000001,6,0.00520400886688,0.011482745334,0.0127405247051,0.4950251973,0.4950251973,False,low,True,0.41886037987337554,0.2807192807192807,0.026642391458153725,-0.00020780057820957154,-0.0009033994283527136,0.06851835636569321,-0.000720381869007129,-0.0007137996208375773,0.4595353603363037,-0.035912372171878815,0.0015848650364205241,0.06806282879706321,0.001787239091782871,-0.0010654805979355773,0.00045552756863,-0.00250762096079,0.000351680977098,0.3914725315392405,-0.037699611263661684,0.0026503456343561016,8.67021006171e-11,-4.77283966601e-10,6.69366281236e-11,7.451028907077007e-08,-7.175494336898376e-09,5.044492357531649e-10
10062,10061,183050000,0.1161,6,0.00999500171151,0.0120907501156,0.0124021730736,0.444372046926,0.444372046926,False,low,True,0.41886037987337554,0.2807192807192807,0.06350322812795639,0.0010890003759413958,-0.0012387700844556093,0.12971777808774448,0.003375344195176491,-0.002814794282864551,0.07887551188468933,0.014254162088036537,0.05439617484807968,0.12978178942899998,0.0008920232670864908,-0.00797728762181455,-6.40113412555e-05,0.00248332092809,0.00516249333895,-0.05090627754431065,0.013362138820950047,0.06237346246989423,-1.66360539223e-11,6.45395957276e-10,1.34169220448e-09,-1.3230148933057993e-08,3.4727168277328213e-09,1.621038185769744e-08
10062,10061,125050000,0.0001,6,0.000379834210413,0.0115852161124,0.0125042210562,0.665492622884,0.665492622884,False,mid,True,0.41886037987337554,0.2807192807192807,0.05417579784989357,0.0014091411139816046,0.003186799120157957,0.08289965603914455,0.00041170288798727503,-0.002124351147248678,0.34803688526153564,-0.39889705181121826,0.1071208193898201,0.0029928795349445543,-3.341101993072499e-05,-0.001142093632584678,0.0799067765042,0.000445113907918,-0.000982257514664,0.3450440057265911,-0.39886364079128755,0.10826291302240477,5.76192138936e-09,3.20962934426e-11,-7.0828668496e-11,2.4880448490648363e-08,-2.876127712638396e-08,7.806626940900655e-09
10062,10061,152850000,0.05570000000001,6,0.00436713434219,0.011456396065,0.012635201637,0.498060673588,0.498060673588,False,mid,True,0.41886037987337554,0.2807192807192807,0.03527069464325905,-0.00020397058688104153,-0.0009266037377528846,0.09464356488152872,-0.0015501352979767457,-0.0014061349589191124,0.6976506114006042,-0.1709837019443512,-0.028006618842482567,0.09257385103886873,-0.0015524913245515558,-0.009569041335719113,0.00206971384266,2.35602657481e-06,0.0081629063768,0.6050767603617355,-0.16943121061979963,-0.018437577506763454,3.86814687976e-10,4.40324486223e-13,1.52558871571e-09,1.1308451121893729e-07,-3.1665479313266516e-08,-3.445851133279571e-09
10062,10061,182800000,0.1156,6,0.00993025740369,0.0120910164661,0.0124059282782,0.446596398275,0.446596398275,False,mid,True,0.41886037987337554,0.2807192807192807,0.0630892887711525,0.0010659950785338879,-0.0012639282504096627,0.13150065118247464,0.0036365592250194693,-0.0030626033427942696,0.02170173078775406,3.339038084959611e-05,0.001989002339541912,0.12882068670796465,-0.0024389777505605306,-0.00684781627850427,0.00267996447451,0.00607553697558,0.00378521293571,-0.10711895592021059,0.0024723681314101267,0.008836818618046182,6.86823630222e-10,1.5570439089e-09,9.70077668713e-10,-2.745253934159791e-08,6.336206585602424e-10,2.2647075737666578e-09
10063,10062,125050000,0.0001,0,0.000668635006138,0.00303220895424,0.0018711950634,0.589326047505,0.589326047505,False,high,True,0.38520493168943687,0.4175824175824176,0.17875845730304718,-0.0027375989593565464,-0.0009641623473726213,0.21970186959475507,0.002219938152447249,0.004338525623683723,0.3681217432022095,-0.22152407467365265,-0.21879979968070984,0.011973684657755099,0.00030572398733724916,-0.0005237196085562773,0.207728184937,0.00191421416511,0.00486224523224,0.35614805854445436,-0.2218297986609899,-0.21827608007215357,2.27009994987e-08,2.09189594642e-10,5.31357006817e-10,3.892065441640788e-08,-2.4242055307646893e-08,-2.3853697011789447e-08
10063,10062,132900000,0.0158,0,0.00193409131325,0.00275057851893,0.00139168301381,0.467073271089,0.467073271089,False,high,True,0.38520493168943687,0.4175824175824176,0.11068584769964218,-0.000515466439537704,-0.0008040358661673963,0.15167506233668737,-0.001773203164189146,-0.0028062336728536183,0.0014954344369471073,-0.0016617291839793324,-0.0018047303892672062,0.013614439108687372,-0.018759026260089146,-0.023774230518253617,0.138060623228,0.0169858230959,0.0209679968454,-0.012119004671740265,0.017097297076109814,0.02196950012898641,3.11604823072e-08,3.83372483533e-09,4.73250720909e-09,-2.7352768792804776e-09,3.858884673881176e-09,4.958547948437816e-09
10063,10062,161050000,0.0721,0,0.00966915553193,0.00257546973807,0.000873126239933,0.412212628805,0.412212628805,False,high,True,0.38520493168943687,0.4175824175824176,0.07961748540401459,0.0006589420954696834,0.0006090544629842043,0.13044418699936366,0.002195804308026489,0.0014941226954049563,0.04143035039305687,-0.014933054335415363,0.020339524373412132,0.038284710627463664,-0.06853659533567351,-0.021792160766995045,0.0921594763719,0.0707323996437,0.0232862834624,0.0031456397655932056,0.053603541000258145,0.042131685140407174,2.94529002356e-08,2.26051014192e-08,7.44197569991e-09,1.0053031748924953e-09,1.713095394535025e-08,1.3464706702432903e-08
10063,10062,142750000,0.0355,0,0.0039038928129,0.00257883352919,0.00135277231629,0.41267008256,0.41267008256,False,low,True,0.38520493168943687,0.4175824175824176,0.10852669924497604,0.0013942422810941935,-0.0006988656241446733,0.24797385621737236,0.0020590664014158034,-0.0011294892423659136,0.21983279287815094,0.0245477557182312,-0.003977351821959019,0.24796507882583613,-0.0016488040951141967,0.0012428916404240862,8.77739153624e-06,0.00370787049653,-0.00237238088279,-0.028132285947685187,0.0261965598133454,-0.005220243462383105,2.79603777747e-12,1.18114202146e-09,-7.55721850102e-10,-8.961538738651238e-09,8.344913243923782e-09,-1.662908378662573e-09
10063,10062,158300000,0.06660000000001,0,0.00860715178413,0.00255106011384,0.000964888068852,0.416454356306,0.416454356306,False,low,True,0.38520493168943687,0.4175824175824176,0.08823231607675552,0.0012922362657263875,0.00039420020766556263,0.23207640832406146,0.006940068189124882,0.0021065930562584184,0.5096023082733154,-0.13723772764205933,-0.14788153767585754,0.22900384087629147,0.006224335921696882,-0.0016332429369315812,0.00307256744777,0.000715732267428,0.00373983599319,0.280598467397024,-0.1434620635637562,-0.14624829473892595,9.54867961375e-10,2.22429555317e-10,1.16223634839e-09,8.720214969474557e-08,-4.4583993841644393e-08,-4.5449876504066574e-08
10063,10062,162950000,0.0759,0,0.0099931315093,0.00244902065466,0.00087628073955,0.409423683601,0.409423683601,False,low,True,0.38520493168943687,0.4175824175824176,0.07864724099636078,0.00046737820957787335,0.0006983517087064683,0.0891075157915611,0.0005356500254151339,0.0008799458373202793,0.14103782176971436,-0.021257096901535988,-0.067071832716465,0.09027790656878111,-0.003925050914844866,-0.0014803493806497205,-0.00117039077722,0.00446070094026,0.00236029521797,0.050759915200933245,-0.017332045986691122,-0.06559148333581527,-3.80858054563e-10,1.45156123506e-09,7.68066070243e-10,1.651783569162332e-08,-5.640038732818052e-09,-2.1344191380582253e-08
10063,10062,125550000,0.0011,0,0.000743178788546,0.00303149903264,0.00186644634611,0.580428306386,0.580428306386,False,mid,True,0.38520493168943687,0.4175824175824176,0.17632362246513367,-0.0026106322184205055,-0.0009599579498171806,0.23334580814756595,-0.004023561676697603,-0.0027748064093745415,0.2481815218925476,-0.21850146353244781,-0.23351706564426422,0.12507940656856595,-0.0018254835660076025,-0.008464316641584542,0.108266401579,-0.00219807811069,0.00568951023221,0.12310211532398166,-0.21667597996644022,-0.2250527490026797,1.24576287596e-08,-2.52920949512e-10,6.54661143838e-10,1.4164694031219154e-08,-2.4931732099499453e-08,-2.5895601567186878e-08
10063,10062,147600000,0.0452,0,0.00514640222331,0.00219614268963,0.0013940730289,0.41332435226,0.41332435226,False,mid,True,0.38520493168943687,0.4175824175824176,0.10681544244289398,0.002193222986534238,-0.0005073769716545939,0.18167465588685505,0.002802475268234207,-0.001136313220239122,0.1000252515077591,0.08831971883773804,-0.0006860939902253449,0.15378126465805506,0.005023532742524207,-0.030763425336739123,0.0278933912288,-0.00222105747429,0.0296271121165,-0.05375601315029596,0.08329618609521383,0.03007733134651378,8.84817176201e-09,-7.04550331102e-10,9.39813214782e-09,-1.7052155246851843e-08,2.6422709079913007e-08,9.540947951214136e-09
10063,10062,162850000,0.0757,0,0.00997501606583,0.00245002115662,0.00087646518035,0.409536050231,0.409536050231,False,mid,True,0.38520493168943687,0.4175824175824176,0.0786973312497139,0.0004765234771184623,0.0006944205961190164,0.08884312245040049,0.0006064862920596532,0.0009656872850548166,0.14207465946674347,-0.02253873459994793,-0.06817315518856049,0.09094076444522049,-0.006244921374420347,-0.0002876796855851833,-0.00209764199482,0.00685140766648,0.00125336697064,0.051133895021522976,-0.016293813225527583,-0.0678854755029753,-6.82094630122e-10,2.22788654577e-09,4.07559956542e-10,1.6627315479792107e-08,-5.298293289717537e-09,-2.207446190454611e-08
10064,10063,213750000,0.1775,2,0.00831480436987,0.00844025787746,0.00590734815069,0.363245763793,0.4,True,high,True,0.9043652115961346,0.7132867132867133,0.15183095633983612,-0.0009194101439788938,-0.005663912743330002,0.16532678099342704,-0.001105870167224353,-0.008983583659486122,0.0009706086129881442,-0.0004439447948243469,-0.0008854034822434187,-5.993545729825455e-07,3.853530085647024e-06,-9.287641616121547e-06,0.165327380348,-0.00110972369731,-0.00897429601787,0.0009712079675611267,-0.00044779832490999394,-0.0008761158406272972,5.72837070645e-08,-3.84504291215e-10,-3.10947250913e-09,3.36510459401066e-10,-1.5515607889100818e-10,-3.0356232018811884e-10
10064,10063,275000000,0.3000000000002,2,0.00831480277562,0.00844026640158,0.00590732764356,0.363245910684,0.4,True,high,True,0.9043652115961346,0.7132867132867133,0.15183095633983612,-0.0009194015292450786,-0.005663903895765543,0.16532598640988486,-0.0011032408350883872,-0.008977300739180077,0.0009695750777609646,-0.00044373280252330005,-0.0008840280934236944,-2.5587115148533203e-08,1.425929416127285e-07,-3.418520600780386e-07,0.165326011997,-0.00110338342803,-0.00897695888712,0.0009696006648761132,-0.00044387539546491276,-0.0008836862413636163,5.72832327903e-08,-3.82307472378e-10,-3.11039514877e-09,3.359535497701128e-10,-1.5379683633065936e-10,-3.061853610703206e-10
10064,10063,125700000,0.0014,2,0.00199785711916,0.00899376226589,0.00704305303434,0.375141924869,0.4,True,low,True,0.9043652115961346,0.7132867132867133,0.11227424442768097,4.0315590013051406e-06,0.0017456013010814786,0.09465230416823774,-0.0009381800749985493,-0.001312521586964069,0.38568663597106934,-0.00685947434976697,0.10217688977718353,0.08927555963198773,-0.0008014148703935493,-0.005193873658874069,0.00537674453625,-0.000136765204605,0.00388135207191,0.2964110763390816,-0.0060580594793734205,0.1073707634360576,1.8623195313e-09,-4.73707668311e-11,1.34436697199e-09,1.0266661044393398e-07,-2.0983036136730478e-09,3.718954257346047e-08
10064,10063,148600000,0.0472,2,0.00554856282976,0.00897725546165,0.00649431109919,0.372765455581,0.4,True,low,True,0.9043652115961346,0.7132867132867133,0.14079280197620392,-0.00197211978957057,-0.005172498524188995,0.16316856423152448,-0.003105714480277374,-0.004564005285826588,0.1254623830318451,-0.01817619800567627,-0.01492677815258503,0.16256621123875648,-0.003345086805935374,-0.010237545938416588,0.000602352992768,0.000239372325658,0.00567354065259,-0.03710382820691138,-0.014831111199740895,-0.0046892322141684414,2.08633953873e-10,8.29101794951e-11,1.96511552697e-09,-1.28514649641484e-08,-5.136976834302921e-09,-1.6241856008247793e-09
10064,10063,158800000,0.06760000000001,2,0.00809964681407,0.00863302176291,0.00603335263097,0.361996219707,0.4,True,low,True,0.9043652115961346,0.7132867132867133,0.1495594084262848,-0.0010836803121492267,-0.005987291689962149,0.16656365397455206,-0.0013647712978683171,-0.008910395441023317,0.008325893431901932,-0.007921025156974792,0.005246259272098541,0.16618393380932606,-0.0008105051219633173,-0.013002571661583317,0.000379720165226,-0.000554266175905,0.00409217622056,-0.15785804037742412,-0.007110520035011475,0.018248830933681858,1.31521298017e-10,-1.91977707738e-10,1.41738147597e-09,-5.467630185125678e-08,-2.4628263395653858e-09,6.320733401839679e-09
10064,10063,125050000,0.0001,2,0.00190946253129,0.00899448261629,0.00704817844026,0.373823894389,0.4,True,mid,True,0.9043652115961346,0.7132867132867133,0.11375857889652252,0.00015689780411776155,0.0022763675078749657,0.09816471514652471,-0.0009436438195097176,-0.0019316499301806017,0.49254462122917175,0.08723308891057968,0.08258689939975739,0.015141176997624715,-0.0002701515829977175,-0.0015113110930846016,0.0830235381489,-0.000673492236512,-0.000420338837096,0.477403444231547,0.0875032404935774,0.08409821049284198,2.87613239881e-08,-2.33313694522e-10,-1.45615348949e-10,1.6538388315796293e-07,3.0313199195760314e-08,2.9133615992925576e-08
10064,10063,138850000,0.0277,2,0.00371654673279,0.00875319984702,0.00678274299731,0.38305861912,0.4,True,mid,True,0.9043652115961346,0.7132867132867133,0.12205194681882858,-0.0015391240594908595,-0.0031795233953744173,0.1515599080907336,-0.0031652403520460726,-0.0028999469603550806,0.08373918384313583,0.03674118593335152,0.06494280695915222,0.07411647504743361,0.06332426949515393,0.0027550175303749196,0.0774434330433,-0.0664895098472,-0.00565496449073,0.00962270879570222,-0.026583083561802417,0.0621877894287773,2.68293739228e-08,-2.303451502e-08,-1.959096477e-09,3.3336752037566272e-09,-9.209399181751305e-09,2.1544234164889802e-08
10064,10063,158250000,0.06650000000001,2,0.00791837865056,0.00863185733453,0.00604668225144,0.364408400639,0.4,True,mid,True,0.9043652115961346,0.7132867132867133,0.1491571068763733,-0.0011842374224215746,-0.006156765390187502,0.16638278668047488,-0.001300985368968867,-0.008575863129408159,0.11989692598581314,0.005518874153494835,0.010091304779052734,0.16191645283438488,0.0050981716890411335,-0.010400911077818159,0.00446633384609,-0.00639915705801,0.00182504794841,-0.04201952684857174,0.0004207024644537014,0.020492215856870895,1.54698924779e-09,-2.21645481615e-09,6.3213580762e-10,-1.45541642143572e-08,1.457173179295822e-10,7.0978208719904014e-09
10065,10064,125050000,0.0001,6,0.00325588432311,0.00781659922185,0.0101028777458,0.410308552108,0.410308552108,False,high,True,0.9520159946684439,0.8561438561438561,0.18672272562980652,-0.0001907575351651758,-0.0030605474021285772,0.1655220283840364,0.0013648348488009346,-0.005992920573719676,0.34864795207977295,0.18703964352607727,-0.0008528128964826465,0.02752641084903641,0.0003595808991609345,-0.0024235136834896754,0.137995617535,0.00100525394964,-0.00356940689023,0.32112154123073655,0.18668006262691633,0.001570700787007029,4.46578706113e-08,3.25318308049e-10,-1.1551244446e-09,1.0392072222979262e-07,6.041303507618808e-08,5.083071025602394e-10
10065,10064,125650000,0.0013,6,0.00338861013187,0.00781709807406,0.0100940647371,0.407832424462,0.407832424462,False,high,True,0.9520159946684439,0.8561438561438561,0.18857026100158691,-0.00040285635623149574,-0.0034801913425326347,0.16494776611101836,0.00017750208012422579,-0.0039032395372298745,0.07702796161174774,0.06659752875566483,-0.03478417545557022,0.04009111760401836,0.0017200585899442259,-0.07342404994822987,0.124856648507,-0.00154255650982,0.069520810411,0.03693684400772938,0.0648774701657206,0.038639874492659654,4.10701602501e-08,-5.07406243966e-10,2.28680719725e-08,1.214995052863504e-08,2.1340698538606885e-08,1.271014284328786e-08
10065,10064,135100000,0.0202,6,0.00524754128281,0.00802968148352,0.00947608912109,0.400122841375,0.400122841375,False,low,True,0.9520159946684439,0.8561438561438561,0.1950121521949768,-0.003030607709661126,-0.008194207213819027,0.17061098457892473,-0.00507364903386608,-0.00994596908798655,0.12790125608444214,0.10633420199155807,0.07943321764469147,0.16707133838933474,-0.0038987785255860793,-0.015449203692256549,0.00353964618959,-0.00117487050828,0.00550323460427,-0.039170082304892606,0.11023298051714416,0.09488242133694802,1.22500830609e-09,-4.06601692411e-10,1.90457117449e-09,-1.3556065664079963e-08,3.8149665109358276e-08,3.2837110833691305e-08
10065,10064,125100000,0.0002,6,0.00325997323112,0.00781664252134,0.0101025664892,0.410228877979,0.410228877979,False,mid,True,0.9520159946684439,0.8561438561438561,0.18677841126918793,-0.00019731358042918146,-0.0030734906904399395,0.16564904467202954,0.0007394631531049852,-0.0027969483741298352,0.3452257215976715,0.18859539926052094,-0.00756887998431921,0.05336766548702953,0.00048054524001898513,-0.0036477914458428354,0.112281379185,0.000258917913086,0.000850843071713,0.291858056110642,0.18811485402050196,-0.003921088538476374,3.63532473307e-08,8.38296340951e-11,2.75476742895e-10,9.449463638815815e-08,6.090578744600439e-08,-1.2695275252180683e-09
10065,10064,135050000,0.0201,6,0.00523087380362,0.00803005772001,0.00947764743598,0.400252404764,0.400252404764,False,mid,True,0.9520159946684439,0.8561438561438561,0.19503764808177948,-0.00300828879699111,-0.008184884674847126,0.17002547137615648,-0.004996561415061543,-0.00980852516231603,0.11063072085380554,0.08891406655311584,0.06666076928377151,0.16627016480004647,-0.0036186925370415434,-0.01573233078093603,0.00375530657611,-0.00137786887802,0.00592380561862,-0.05563944394624093,0.09253275909015739,0.08239310006470754,1.29852415417e-09,-4.76444727779e-10,2.04835597959e-09,-1.923921800374007e-08,3.1996328474152106e-08,2.849019871011804e-08
10065,10064,130050000,0.0101,6,0.00464532172869,0.00781689555512,0.00986450606147,0.385775814841,0.4,True,high,True,0.9520159946684439,0.8561438561438561,0.20113347470760345,-0.0023581613786518574,-0.007347345817834139,0.17236438251552277,-0.0013951897653520957,-0.007532704474161621,0.007278263568878174,-0.022912850603461266,0.006071650423109531,-0.008050506906477236,0.015076292963947906,-0.06285416434126162,0.180414889422,-0.0164714827293,0.0553214598671,0.01532877047535541,-0.03798914356740917,0.06892581476437115,6.25145976854e-08,-5.70744531899e-09,1.91691429573e-08,5.311490212080774e-09,-1.3163414805383905e-08,2.3883115157164068e-08
10065,10064,127500000,0.005,6,0.00383106087786,0.00782073759224,0.00992252932209,0.395912569913,0.4,True,low,True,0.9520159946684439,0.8561438561438561,0.19012218713760376,-0.0011381997028365731,-0.004880158696323633,0.15841961678894423,0.00011316697631913317,-0.004568373293369137,0.045464906841516495,-0.03302188962697983,0.00015070289373397827,0.15675443710302422,0.00019339657311203318,-0.010860667959239137,0.00166517968592,-8.02295967929e-05,0.00629229466587,-0.11128953026150773,-0.03321528620009186,0.011011370852973115,5.76760861816e-10,-2.77887676511e-11,2.17943404245e-09,-3.8546858292538514e-08,-1.1504630555026168e-08,3.8139594162969666e-09
10065,10064,129400000,0.0088,6,0.00444251619084,0.00781779164655,0.0098832013862,0.387388648565,0.4,True,low,True,0.9520159946684439,0.8561438561438561,0.19853940606117249,-0.002057666890323162,-0.006738399155437946,0.16522580152425867,-0.0015610068959487815,-0.007048778085650344,0.21103854477405548,-0.1819825917482376,0.13897724449634552,0.16435166834522666,-0.0015354080526142815,-0.011257090495570344,0.000874133179032,-2.55988433345e-05,0.00420831240992,0.04668687642882882,-0.18044718369562332,0.15023433499191585,3.02768141003e-10,-8.86651415841e-12,1.45760732538e-09,1.6170646675696264e-08,-6.250038285629603e-08,5.2035743993623306e-08
10065,10064,139550000,0.0291,6,0.0062214029935,0.00783636411239,0.00917642563064,0.387772663964,0.4,True,low,True,0.9520159946684439,0.8561438561438561,0.18645444512367249,-0.004188389051705599,-0.008578046225011349,0.10573941753375875,-0.0038858939333339115,-0.006361618863393963,0.00969621166586876,-0.005144846625626087,0.005760189611464739,0.10790173472366875,-0.0035624111584119113,-0.011247584784203964,-0.00216231718991,-0.000323482774922,0.00488596592081,-0.09820552305779999,-0.0015824354672141759,0.017007774395668702,-7.48950260152e-10,-1.12043001629e-10,1.69232592913e-09,-3.4014922688389505e-08,-5.48099723932793e-10,5.890892010521119e-09
10065,10064,126700000,0.0034,6,0.00359323983867,0.00782005214243,0.00996123177569,0.399960317642,0.4,True,mid,True,0.9520159946684439,0.8561438561438561,0.1875847429037094,-0.0007682885625399649,-0.004147334024310112,0.15759982362221062,-6.521504907352148e-05,-0.005311146472404674,0.04328851401805878,0.019591746851801872,-0.014752213843166828,0.13302690804221062,0.0009652978857564785,-0.04788436051770467,0.02457291558,-0.00103051293483,0.0425732140453,-0.08973839402415185,0.018626448966045393,0.03313214667453784,8.51200835783e-09,-3.56967600593e-10,1.47472754136e-08,-3.1085198557949013e-08,6.4521643253744145e-09,1.1476908732642468e-08
10065,10064,140350000,0.0307,6,0.00622573566926,0.00786141871774,0.00917332308228,0.387951136373,0.4,True,mid,True,0.9520159946684439,0.8561438561438561,0.18640749156475067,-0.004167208448052406,-0.008572655729949474,0.10688333511646124,-0.004031146253881738,-0.006103105055673302,0.0067129661329090595,-0.0018589857500046492,0.002468298887833953,0.00827285394246125,0.016662335359918262,0.013958628369226697,0.098610481174,-0.0206934816138,-0.0200617334249,-0.0015598878095521903,-0.01852132110992291,-0.011490329481392744,3.41624890123e-08,-7.16902331114e-09,-6.95016127633e-09,-5.404055382330123e-10,-6.416502803536696e-09,-3.980695053735492e-09
10066,10065,125050000,0.0001,0,0.00427619999723,0.00680282913022,0.00645422409912,0.37015194081,0.4,True,high,True,0.5308230589803399,0.5124875124875125,0.13531038165092468,-0.001421167398802936,-0.0043475390411913395,0.15587761927883645,0.0005816046315266495,-0.008094292008415358,0.07901477813720703,0.01644248701632023,0.08979199081659317,0.028682629739836457,0.00026577768335664956,-0.0025522381333853593,0.127194989539,0.00031582694817,-0.00554205387503,0.050332148397370574,0.016176709332963578,0.09234422894997853,4.40676472145e-08,1.09420587896e-10,-1.92008565663e-09,1.7437946000562516e-08,5.604540890802731e-09,3.199334280706824e-08
10066,10065,128850000,0.0077,0,0.00487210869622,0.00709373675373,0.00661915095347,0.370686224072,0.4,True,low,True,0.5308230589803399,0.5124875124875125,0.14385145902633667,-0.0020703391637653112,-0.005499327089637518,0.15605015009483386,-0.0013998185919644997,-0.007486117144380267,0.04172736778855324,-0.0005993275553919375,0.0027261984068900347,0.15300836159574385,0.004069387556955501,-0.007842416875472267,0.00304178849909,-0.00546920614892,0.000356299731092,-0.11128099380719061,-0.004668715112347438,0.010568615282362302,1.05357015962e-09,-1.89434354067e-09,1.23409883585e-10,-3.8543881155297505e-08,-1.6170811769532676e-09,3.660602206026592e-09
10066,10065,137800000,0.0256,0,0.00721644610999,0.00712976676503,0.00652568933187,0.38089675997,0.4,True,low,True,0.5308230589803399,0.5124875124875125,0.15267229080200195,-0.0015432105865329504,-0.006220449693500996,0.16382365985785027,-0.0023031896133065615,-0.008231262298459092,0.2873019576072693,-0.20958520472049713,0.3230474591255188,0.16437911051853327,-0.0023226531131730617,-0.012857448024819092,-0.000555450660683,1.94634998665e-05,0.00462618572636,0.12292284708873602,-0.20726255160732407,0.3359049071503379,-1.92388186807e-10,6.74145826676e-12,1.60234481067e-09,4.257606542320758e-08,-7.17883141011545e-08,1.163454121143584e-07
10066,10065,151500000,0.05300000000001,0,0.00962865018364,0.00687356338827,0.00657693794985,0.379987357967,0.4,True,low,True,0.5308230589803399,0.5124875124875125,0.1566203236579895,-0.0003118875902146101,-0.004067718517035246,0.1705437517699683,-0.0005305688680819801,-0.0028538828512905644,0.05768599361181259,0.08927935361862183,0.08254239708185196,0.1677062556351483,0.00018835319619301994,-0.0061012143052305646,0.00283749613482,-0.000718922064275,0.00324733145394,-0.1100202620233357,0.0890910004224288,0.08864361138708253,9.82806269592e-10,-2.49008660645e-10,1.12475843516e-09,-3.810704866580991e-08,3.0857907683069277e-08,3.070294826533153e-08
10066,10065,125100000,0.0002,0,0.00428037771911,0.00680285816348,0.00645386883162,0.370148517404,0.4,True,mid,True,0.5308230589803399,0.5124875124875125,0.13537448644638062,-0.0014230123488232493,-0.004353207070380449,0.15736990156010547,0.000419831960761735,-0.007461958453265248,0.07605606317520142,0.01728147268295288,0.08811912685632706,0.053992995383105466,0.000307726123128735,-0.004459389272785248,0.103376906177,0.000112105837633,-0.00300256918048,0.02206306779209595,0.016973746559824147,0.0925785161291123,3.5813817002e-08,3.8837861398e-11,-1.04020779053e-09,7.643512479043886e-09,5.880371889743404e-09,3.207283094047968e-08
10066,10065,136350000,0.0227,0,0.00673473101511,0.00713397620378,0.00656430688072,0.382630717376,0.4,True,mid,True,0.5308230589803399,0.5124875124875125,0.1511031687259674,-0.0017034451011568308,-0.006115482188761234,0.16815718749995084,-0.0022758773933852575,-0.008118063147482313,0.05406245216727257,0.01344551146030426,0.02314554527401924,0.16514028581690085,0.003039289664434742,-0.015934660697692313,0.00301690168305,-0.00531516705782,0.00781659755021,-0.11107783364962828,0.010406221795869518,0.03908020597171155,1.0449586123e-09,-1.84100450608e-09,2.70742032293e-09,-3.847382218651105e-08,3.604383645710571e-09,1.3536138094937442e-08
10066,10065,153750000,0.05750000000001,0,0.00998590310946,0.00712039871029,0.00653159116056,0.377494363665,0.4,True,mid,True,0.5308230589803399,0.5124875124875125,0.15841864049434662,-0.00014793797163292766,-0.003805875312536955,0.17020809852993835,-0.0006062625706131364,-0.0031962900506622275,-0.0007156691281124949,-0.0004601972468663007,0.0018242498626932502,0.15247403666813836,0.031824855073986864,-0.0043229285384522274,0.0177340618618,-0.0324311176446,0.00112663848779,-0.15318970579625085,-0.032285052320853165,0.006147178401145478,6.14287887722e-09,-1.12337731252e-08,3.90254856606e-10,-5.306318514488863e-08,-1.1183177745588276e-08,2.1293132193392207e-09
10067,10066,125050000,0.0001,4,0.00333847968744,0.00355681130219,0.00996005891426,0.435346782029,0.435346782029,False,high,True,0.6424525158280573,0.46853146853146854,0.21098439395427704,-0.007263634819537401,0.0005305519443936646,0.20521719425079768,-0.00656710055371598,-0.004067535056893563,0.2975243628025055,0.06787887960672379,-0.06724674254655838,0.030504213405797675,-0.0006645374432459802,-0.0019753104703635637,0.174712980845,-0.00590256311047,-0.00209222458653,0.2670201493967078,0.06854341704996976,-0.06527143207619482,4.80952584967e-08,-1.62486666542e-09,-5.75950807064e-10,7.350571804653429e-08,1.8868737430506465e-08,-1.7968020366726096e-08
10067,10066,135550000,0.0211,4,0.00662709321973,0.00324553277485,0.0101284453007,0.414192189219,0.414192189219,False,high,True,0.6424525158280573,0.46853146853146854,0.2584483027458191,-0.008798264898359776,-0.0013487025862559676,0.2162580464322648,-0.011294229750031179,0.0007447897358647676,0.027903353795409203,-0.020046763122081757,0.020277153700590134,0.08726032877726478,-0.07969410259963118,0.04747976486746477,0.128997717655,0.0683998728496,-0.0467349751316,-0.059356974981855576,0.059647339477549424,-0.027202611166874634,4.06983799644e-08,2.15799478112e-08,-1.47447397529e-08,-1.8726941571263376e-08,1.8818550669383526e-08,-8.582339481814556e-09
10067,10066,142750000,0.0355,4,0.00905843470319,0.00330702022463,0.0101157123661,0.420136962543,0.420136962543,False,high,True,0.6424525158280573,0.46853146853146854,0.2610204219818115,0.00013626340660266578,-0.005276605021208525,0.2237668101606382,0.0038934790175319083,-0.006374563407498937,0.09200051426887512,-0.013693295419216156,-0.08547273278236389,0.14312067795763822,0.01903400612663191,-0.08932230017179894,0.080646132203,-0.0151405271091,0.0829477367643,-0.0511201636887631,-0.03272730154584806,0.003849567389435052,2.44757580244e-08,-4.59508556407e-09,2.51742852169e-08,-1.5514752195002698e-08,-9.932596784829407e-09,1.1683273251759297e-09
10067,10066,127750000,0.0055,4,0.00424290738416,0.00336654186817,0.00999362565104,0.430336096053,0.430336096053,False,low,True,0.6424525158280573,0.46853146853146854,0.23113808035850525,-0.009614814072847366,0.00015554386482108384,0.23260845454385792,-0.011341767452257276,-0.002706524848669112,0.020601928234100342,0.017538489773869514,0.018770158290863037,0.22872150664814792,-0.014530703385657276,-0.006582323259979112,0.00388694789571,0.0031889359334,0.00387579841131,-0.20811957841404757,0.03206919315952679,0.02535248155084215,1.10437148155e-09,9.06050195634e-10,1.10120365606e-09,-5.9131568860456425e-08,9.111596890895109e-09,7.203224319552465e-09
10067,10066,133400000,0.0168,4,0.0061584269404,0.00342502831725,0.0100411100783,0.407175571637,0.407175571637,False,low,True,0.6424525158280573,0.46853146853146854,0.24746492505073547,-0.009247226640582085,-0.0014711980475112796,0.19162478654363763,-0.011294111437413193,-0.000820721983171277,0.1915178894996643,-0.17518846690654755,0.016283327713608742,0.19104071439485762,-0.011648406492524193,-0.005164036341101277,0.00058407214878,0.000354295055111,0.00434331435793,0.00047717510480668746,-0.16354006041402336,0.021447364054710018,1.92899258708e-10,1.17011663093e-10,1.43444970237e-09,1.575947837666005e-10,-5.4011745789977756e-08,7.083338310230757e-09
10067,10066,144950000,0.0399,4,0.00998728654104,0.00333884801546,0.0099950039015,0.415921123738,0.415921123738,False,low,True,0.6424525158280573,0.46853146853146854,0.2563239634037018,0.004099054727703333,-0.007040797267109156,0.2245367182290034,0.0039622760489961845,-0.006558090052121849,0.18290115892887115,0.1878274828195572,-0.04370754212141037,0.22699535779749339,0.004304559001362184,-0.01111252919261185,-0.00245863956849,-0.000342282952366,0.00455443914049,-0.04409419886862223,0.18352292381819502,-0.03259501292879852,-7.66737272555e-10,-1.06742403686e-10,1.42032133923e-09,-1.3750964642947835e-08,5.7232409281626246e-08,-1.0164894290420767e-08
10067,10066,125200000,0.0004,4,0.00335935252396,0.00355612775765,0.00995910275818,0.435072524208,0.435072524208,False,mid,True,0.6424525158280573,0.46853146853146854,0.21129262447357178,-0.00730651430785656,0.0005092867650091648,0.20947811116335224,-0.008978284681796813,-0.00023776576775648168,0.27509814500808716,0.06677350401878357,-0.05526061728596687,0.10279517600835224,-0.003804709879646813,-0.003936558372046482,0.106682935155,-0.00517357480215,0.00369879260429,0.1723029689997349,0.07057821389843039,-0.05132405891392039,2.9414718323e-08,-1.42646286688e-09,1.0198345446e-09,4.7507535220887464e-08,1.94598909239467e-08,-1.4151117364296418e-08
10067,10066,136450000,0.0229,4,0.00687811660564,0.00311468988667,0.0101995005258,0.41951632882,0.41951632882,False,mid,True,0.6424525158280573,0.46853146853146854,0.26689404249191284,-0.008604582399129868,-0.0012574068969115615,0.23431096195468937,-0.009926413039983123,-0.0006107231527327193,0.0739242285490036,-0.04040900245308876,-0.037490393966436386,0.19535879275248935,-0.04747597655338312,0.01931360591506728,0.0389521692022,0.0375495635134,-0.0199243290678,-0.12143456420348575,0.00706697410029436,-0.05680399988150367,1.18679671963e-08,1.14406205647e-08,-6.07055495567e-09,-3.699874625685599e-08,2.1531693489048548e-09,-1.7307072263778948e-08
10067,10066,144200000,0.0384,4,0.00964326010657,0.00333167922523,0.0100109074925,0.415563936954,0.415563936954,False,mid,True,0.6424525158280573,0.46853146853146854,0.25673559308052063,0.002650217618793249,-0.006391757167875767,0.23242604665636968,0.005222661099596304,-0.0047264469550591754,0.33411678671836853,0.09328646212816238,0.10980445891618729,0.22904569548987969,0.005034659053200304,-0.010921565954429176,0.00338035116649,0.000188002046396,0.00619511899937,0.10507109122848884,0.08825180307496208,0.12072602487061646,1.0566400724e-09,5.87662305281e-11,1.93648844916e-09,3.284342956533328e-08,2.758600719205519e-08,3.773689459375944e-08
10068,10067,148900000,0.0478,4,0.00638882212835,0.000924272084626,0.0124870646271,0.502368016769,0.502368016769,False,high,True,0.15893719806763285,0.07692307692307693,0.021480003371834755,-0.0008085317094810307,5.115487510920502e-05,0.2245976680864297,-0.012442219127141649,0.003938926848716204,0.34235680103302,0.2546497881412506,-0.0008886256837286055,0.1073620291244297,0.11742262666485835,0.022005746687116204,0.117235638962,-0.129864845792,-0.0180668198384,0.2349947719085903,0.13722716147639225,-0.02289437237084481,2.1360172923e-08,-2.36611971181e-08,-3.29174984104e-09,4.2815725733416196e-08,2.5002600956730676e-08,-4.171323303524779e-09
10068,10067,149000000,0.048,4,0.00641281259788,0.00094496004861,0.0124908953615,0.502362252115,0.502362252115,False,high,True,0.15893719806763285,0.07692307692307693,0.02180875651538372,-0.0008155314717441797,4.942712257616222e-05,0.22288995915586507,-0.012140883798205979,0.003974188708562485,0.38258031010627747,0.2732342481613159,-0.007016541436314583,0.13153832118756506,0.09050809741579402,0.016514858782262484,0.0913516379683,-0.102648981214,-0.0125406700737,0.25104198891871243,0.1827261507455219,-0.023531400218577067,1.66432022052e-08,-1.87014462849e-08,-2.28476371599e-09,4.573692028400119e-08,3.329057193359167e-08,-4.287146467424137e-09
10068,10067,149050000,0.0481,4,0.00642647719908,0.000953435396565,0.0124924292867,0.502410118854,0.502410118854,False,high,True,0.15893719806763285,0.07692307692307693,0.02194492146372795,-0.0008175454568117857,4.829799217986874e-05,0.22222697796070048,-0.012310106456256811,0.003918162344830155,0.3105618953704834,0.21098783612251282,-0.008477121591567993,0.14154615183140049,0.0792153207195432,0.014207404772530154,0.0806808261293,-0.0915254271758,-0.0102892424277,0.1690157435390829,0.13177251540296964,-0.022684526364098147,1.4694342051e-08,-1.66694616033e-08,-1.87397247813e-09,3.0782718357234645e-08,2.399963544186641e-08,-4.1315168132359544e-09
10068,10067,140050000,0.0301,4,0.00338024006745,0.000996345323521,0.0125123068581,0.473846402634,0.473846402634,False,low,True,0.15893719806763285,0.07692307692307693,0.018836744129657745,-0.0007552516763098538,0.00028426735661923885,0.14909805423374595,-0.0057214400738830485,0.0052569876871047,0.7521594166755676,-0.06277593225240707,0.0294497013092041,0.14692556470783594,-0.002997107813323049,-0.0007287964208753003,0.00217248952591,-0.00272433226056,0.00598578410798,0.6052338519677317,-0.05977882443908403,0.030178497730079402,4.70217941578e-10,-5.89659877507e-10,1.29557498364e-09,1.309980152501056e-07,-1.2938647317965987e-08,6.531893900212627e-09
10068,10067,140950000,0.0319,4,0.00364761225466,0.000987972846158,0.0125096709608,0.47298899012,0.47298899012,False,low,True,0.15893719806763285,0.07692307692307693,0.01918729394674301,-0.0008124198066070676,0.000269133917754516,0.15033556255136643,-0.005482693119534646,0.004861638356038765,0.9268621802330017,-0.021635690703988075,0.009402383118867874,0.14963714899979244,-0.005319844363319647,-0.0019271390688212345,0.000698413551574,-0.000162848756215,0.00678877742486,0.7772250312332093,-0.01631584634066843,0.011329522187689109,1.51961758963e-10,-3.54328511861e-11,1.47711131372e-09,1.6910966660019562e-07,-3.5500237692969537e-09,2.4650926603066926e-09
10068,10067,156750000,0.06350000000001,4,0.00999414643538,0.000996327354717,0.0123700968549,0.486159616414,0.486159616414,False,low,True,0.15893719806763285,0.07692307692307693,0.028838403522968292,0.0005715807783417404,-0.0008788288105279207,0.2678406896916229,0.005265153032634721,-0.009095930509140484,1.7120150327682495,0.4028371274471283,0.32022008299827576,0.2662903959915929,0.0039673673574547215,-0.015176257502290484,0.00155029370003,0.00129778567518,0.00608032699315,1.4457246367766565,0.39886976008967356,0.3353963405005662,3.11306492671e-10,2.60601656818e-10,1.22095914503e-09,2.9030851769263555e-07,8.00949820307579e-08,6.734921158108191e-08
10068,10067,125050000,0.0001,4,0.000184801710025,0.00111072768743,0.0126952769239,0.724149537011,0.724149537011,False,mid,True,0.15893719806763285,0.07692307692307693,0.017748530954122543,-0.00033883971627801657,0.0008585761534050107,0.09928642685775076,0.0013626284949933383,-0.0013426057794530338,0.1697365641593933,0.006425479892641306,0.1415991187095642,0.002885305233150751,4.912023263333842e-05,-0.0010174515372930338,0.0964011216246,0.00131350826236,-0.00032515424216,0.16685125892624256,0.006376359660007967,0.14261657024685725,5.25628508573e-09,7.16192277963e-11,-1.77290820358e-11,9.09758900155248e-09,3.4767193179210465e-10,7.776189099600962e-09
10068,10067,139850000,0.0297,4,0.00332175673717,0.000997179240957,0.0125124500771,0.4740845381,0.4740845381,False,mid,True,0.15893719806763285,0.07692307692307693,0.01875743269920349,-0.0007426076335832477,0.0002875539066735655,0.1489939152938096,-0.00568424496920224,0.005251272913881011,0.7476699948310852,-0.03507070243358612,0.05923716351389885,0.1453591028693896,-0.00099288529143224,8.946804623101095e-05,0.00363481242442,-0.00469135967777,0.00516180486765,0.6023108919616956,-0.03407781714215388,0.059147695467667835,7.85581847088e-10,-1.01393045106e-09,1.11560645468e-09,1.301757691398887e-07,-7.365143344229084e-09,1.278342605639818e-08
10068,10067,156200000,0.06240000000001,4,0.00970235021403,0.000993044415286,0.0123855173842,0.49799838519,0.49799838519,False,mid,True,0.15893719806763285,0.07692307692307693,0.02807609736919403,0.00040282600093632936,-0.0007638781680725515,0.26619524296158703,0.0030843353634513776,-0.00585872590271909,2.0844969749450684,0.5351563692092896,0.14440789818763733,0.26420075481736705,0.0019797542903113776,-0.01285798570075909,0.00199448814422,0.00110458107314,0.00699925979804,1.8202962201277013,0.5331766149189782,0.1572658838883964,3.72894121238e-10,2.06515034847e-10,1.30859781708e-09,3.4032679580835356e-07,9.968393437777421e-08,2.9402793766144142e-08
10069,10068,131200000,0.0124,2,0.00506339071006,0.0101637852992,0.00710935318987,0.367991469212,0.4,True,high,True,0.4995001666111296,0.46153846153846156,0.13584448397159576,-0.0016226894222199917,-0.005090615246444941,0.13207324935876763,-0.001374855331051035,-0.0052540906339143545,0.036391522735357285,-0.010299029760062695,0.029074696823954582,0.016503422447767625,-0.022634801486351035,0.03333154816178564,0.115569826911,0.0212599461553,-0.0385856387957,0.01988810028758966,0.01233577172628834,-0.004256851337831061,4.00397040187e-08,7.36560722004e-09,-1.33681740126e-08,6.890324839048407e-09,4.273785485057853e-09,-1.4748059435066627e-09
10069,10068,148000000,0.046,2,0.00840057528698,0.010574516097,0.00711257256217,0.36857940488,0.4,True,high,True,0.4995001666111296,0.46153846153846156,0.15018068253993988,-0.0009671348379924893,-0.007121522445231676,0.15673356426634097,-0.0006307440568490696,-0.008649914014130951,0.01864469423890114,0.015809791162610054,-0.00207036011852324,0.02167280470434096,0.05219727628855093,0.006901594129169049,0.135060759562,-0.0528280203454,-0.0155515081433,-0.0030281104654398226,-0.03638748512594087,-0.00897195424769229,4.67947059086e-08,-1.83034042146e-08,-5.38815457842e-09,-1.049154018891332e-09,-1.2607227078713752e-08,-3.1085265757992496e-09
10069,10068,149250000,0.0485,2,0.00849340325711,0.0107216511471,0.00713213825633,0.370291635119,0.4,True,high,True,0.4995001666111296,0.46153846153846156,0.15311791002750397,-0.0008811027510091662,-0.007029479835182428,0.15372401528085655,-0.00015055954113357695,-0.008283579752052968,0.055939000099897385,0.03756159171462059,-0.008381452411413193,0.05951774100105657,0.06667083654636642,0.007510589783047032,0.0942062742798,-0.0668213960875,-0.0157941695351,-0.003578740901159186,-0.02910924483174583,-0.015892042194460224,3.26376925727e-08,-2.3150222206e-08,-5.47187810652e-09,-1.2398520822761045e-09,-1.008487588649817e-08,-5.5057860154220706e-09
10069,10068,125750000,0.0015,2,0.00362003816945,0.0102004644475,0.00721929908242,0.377749229461,0.4,True,low,True,0.4995001666111296,0.46153846153846156,0.11821028590202332,-0.0010706938337534666,-0.0027638436295092106,0.1301159822707981,-0.0021433315442392128,-0.0028493943823453406,0.13396134972572327,-0.02113848365843296,-0.014522973448038101,0.12472234398527811,-0.002017552351985213,-0.006657059910815341,0.00539363828552,-0.000125779192254,0.00380766552847,0.009239005740445158,-0.019120931306447746,-0.007865913537222761,1.86817082539e-09,-4.35655868954e-11,1.31884440086e-09,3.2000738770785685e-09,-6.622833072969712e-09,-2.7244819558486834e-09
10069,10068,141050000,0.0321,2,0.00664216912726,0.0104496995982,0.00720455778426,0.351345136273,0.4,True,low,True,0.4995001666111296,0.46153846153846156,0.14389441907405853,-0.0013930058339610696,-0.007459166459739208,0.13309291276934393,-0.0008326817565718939,-0.008596816888129882,0.1724090576171875,-0.09053946286439896,-0.20844128727912903,0.13281219001412892,-0.000837815892485134,-0.012928137372529881,0.000280722755215,5.13413591324e-06,0.0043313204844,0.03959686760305858,-0.08970164697191382,-0.19551314990659915,9.72322257604e-11,1.77827929132e-12,1.50021301571e-09,1.3714925130432426e-08,-3.106941146529606e-08,-6.771869532369009e-08
10069,10068,154000000,0.05800000000001,2,0.00978326873384,0.010896756843,0.00704846743391,0.367161748309,0.4,True,low,True,0.4995001666111296,0.46153846153846156,0.15931320190429688,-0.0005454796482808888,-0.00494724977761507,0.15919625761627731,0.0004821641445549292,-0.006331361386870311,0.06631099432706833,0.07649069279432297,0.06194530799984932,0.1596834890145943,0.0002806072288629292,-0.010797317833550311,-0.000487231398317,0.000201556915692,0.00446595644668,-0.09337249468752598,0.07621008556546004,0.07274262583339963,-1.68759420903e-10,6.98120615559e-11,1.54684658321e-09,-3.234087168059312e-08,2.6396430836380282e-08,2.519542757918477e-08
10069,10068,125050000,0.0001,2,0.00348569717048,0.0102026704762,0.0072263455066,0.378396022889,0.4,True,mid,True,0.4995001666111296,0.46153846153846156,0.11648232489824295,-0.0010163598926737905,-0.00253260787576437,0.12561726166984508,-0.0022483952549137705,-0.002971105689861969,0.053309932351112366,-0.01380933541804552,-0.001477736164815724,0.02250715683984508,-0.0006029234381437705,-0.0016347446058819692,0.10311010483,-0.00164547181677,-0.00133636108398,0.030802775511267286,-0.01320641197990175,0.0001570084410662453,3.57213639094e-08,-5.70055647468e-10,-4.62967627412e-10,1.0671283433099514e-08,-4.575216454772467e-09,5.439385082016826e-11
10069,10068,138700000,0.0274,2,0.0061701054022,0.0104235514106,0.00721962301943,0.353958871773,0.4,True,mid,True,0.4995001666111296,0.46153846153846156,0.14237530529499054,-0.0014096327358856797,-0.0069079273380339146,0.13244187832014748,8.639917312648626e-05,-0.008610957280370018,0.04762111231684685,0.009326518513262272,0.0226278193295002,0.11427730583784748,0.033239179657526485,-0.019424369392770018,0.0181645724823,-0.0331527804844,0.0108134121124,-0.06665619352100063,-0.023912661144264213,0.04205218872227022,6.2920352053e-09,-1.14838079545e-08,3.7456631455e-09,-2.308907169136107e-08,-8.283118466961212e-09,1.456647835555202e-08
10069,10068,154900000,0.05980000000001,2,0.00999364030084,0.0108644737625,0.00710769501365,0.365292734152,0.4,True,mid,True,0.4995001666111296,0.46153846153846156,0.1589888036251068,-0.00047060527140274644,-0.004643607884645462,0.15718490861871037,0.0004956413378011896,-0.005366812350342328,0.00044304796028882265,0.0010033096186816692,0.00042655490688048303,0.1458794320026104,-0.01266902825959881,0.009613008091157671,0.0113054766161,0.0131646695974,-0.0149798204415,-0.14543638404232156,0.01367233787828048,-0.009186453184277188,3.91596864998e-09,4.55995224097e-09,-5.1886806035e-09,-5.0375967313530867e-08,4.7357973769162265e-09,-3.1819855009855207e-09
10070,10069,125050000,0.0001,2,0.00223029793314,0.012598186137,0.00357616479281,0.42634919939,0.42634919939,False,high,True,0.5738087304231922,0.41858141858141856,0.16863910853862762,0.00214089616201818,-0.0008753923466429114,0.1637868227090239,-0.0005415904719355052,0.0002415113413822,0.37407493591308594,0.24695689976215363,0.08444523811340332,0.0233964381480239,-0.0005218748983955052,-0.0005363594091378001,0.140390384561,-1.971557354e-05,0.00077787075052,0.35067849776506205,0.24747877466054913,0.08498159752254111,4.09341813547e-08,-5.74854798867e-12,2.2680686054e-10,1.0224872073394482e-07,7.215836807535912e-08,2.4778421511398726e-08
10070,10069,127500000,0.005,2,0.00267837220106,0.0125792478411,0.00349195206107,0.40352453993,0.40352453993,False,high,True,0.5738087304231922,0.41858141858141856,0.16530518233776093,0.002087698318064213,-0.0012028948403894901,0.17091005781503366,0.0023132425274492267,-0.0018399275691861876,0.010302637703716755,-0.01052275113761425,-0.0030746108386665583,0.017129911675033676,-0.029364146974650774,-0.009832126048706188,0.15378014614,0.0316773895021,0.00799219847952,-0.006827273971316921,0.018841395837036524,0.00675751521003963,5.20475260275e-08,1.07213433982e-08,2.70499260678e-09,-2.3107190924078966e-09,6.3769482916850075e-09,2.2871089513437806e-09
10070,10069,126050000,0.0021,2,0.00248550359856,0.0126014622958,0.00356588031466,0.40602329097,0.40602329097,False,low,True,0.5738087304231922,0.41858141858141856,0.1604095846414566,0.0019777920097112656,-0.001085958443582058,0.16821734456695633,0.0023214832935231243,-0.0013568882792681517,0.2134377509355545,0.1792037934064865,-0.013974487781524658,0.16364376054780633,0.0022454477884900244,-0.006140781982048152,0.00457358401915,7.60355050331e-05,0.00478389370278,0.04979399038774818,0.17695834561799648,-0.007833705799476506,1.52204573521e-09,2.53039007649e-11,1.59203481942e-09,1.6570971560052134e-08,5.889007267172559e-08,-2.6069835938451107e-09
10070,10069,129700000,0.0094,2,0.00311399336349,0.0125050063227,0.00341472475791,0.401726429914,0.401726429914,False,low,True,0.5738087304231922,0.41858141858141856,0.1786085069179535,0.002375867450609803,-0.001450847485102713,0.16907035189465716,0.002599156373851531,-0.0009880667240918144,0.16041898727416992,0.25418853759765625,0.02086932584643364,0.16814615939645117,0.002342072588455531,-0.006157147425101815,0.000924192498206,0.000257083785396,0.00516908070101,-0.007727172122281245,0.2518464650092007,0.027026473271535456,3.16448952853e-10,8.80270017795e-11,1.76992366658e-09,-2.6458292307739845e-09,8.623371244275073e-08,9.254023574855948e-09
10070,10069,130350000,0.0107,2,0.0033334512622,0.0125084108137,0.00340737032807,0.400113961419,0.400113961419,False,low,True,0.5738087304231922,0.41858141858141856,0.18203496932983398,0.002474803477525711,-0.0015586975496262312,0.17013551662636023,0.002990102528558146,-0.0008289720802329668,0.20377105474472046,0.47508254647254944,0.11723389476537704,0.16933871437285622,0.002848952200285146,-0.005401367039862967,0.000796802253504,0.000141150328273,0.00457239495963,0.03443234037186424,0.4722335942722643,0.12263526180524001,2.75774132855e-10,4.88522832491e-11,1.5825109047e-09,1.1917070724185728e-08,1.634405643212544e-07,4.2444198460766775e-08
10070,10069,125150000,0.0003,2,0.00223966407956,0.0125981350203,0.003575875542,0.425225025497,0.425225025497,False,mid,True,0.5738087304231922,0.41858141858141856,0.16834759712219238,0.002135015092790127,-0.0008832511375658214,0.16289606023491607,0.002819518315446578,-0.0019077297075398795,0.37960830330848694,0.25407207012176514,0.08832103759050369,0.06744830619381607,0.00016899026719657836,-0.0023712407216008795,0.0954477540411,0.00265052804825,0.000463511014061,0.31215999711467085,0.25390307985456856,0.09069227831210457,2.80294645509e-08,7.78361761533e-10,1.36115990031e-10,9.16698110001321e-08,7.456191554893458e-08,2.663295774246173e-08
10070,10069,129400000,0.0088,2,0.0030136756884,0.0125037356127,0.00341884786562,0.402471716242,0.402471716242,False,mid,True,0.5738087304231922,0.41858141858141856,0.1770075261592865,0.0023300943430513144,-0.001400819979608059,0.16891663043925584,0.0024375301453715015,-0.001084951040931861,0.08278006315231323,0.10477530211210251,-0.005186277441680431,0.16577815740429583,0.0018226212491715013,-0.007934474666531861,0.00313847303496,0.0006149088962,0.0068495236256,-0.0829980942519826,0.10295268086293101,0.00274819722485143,1.06932704406e-09,2.09509116381e-10,2.33374025209e-09,-2.8278753967452665e-08,3.5077594957464386e-08,9.36353947352874e-10
10070,10069,130700000,0.0114,2,0.00344828588114,0.012510562889,0.00340186988598,0.399327875796,0.4,True,high,True,0.5738087304231922,0.41858141858141856,0.18382248282432556,0.0025269081816077232,-0.0016123680397868156,0.17170502316244654,0.0031910820504764997,-0.0015803340890049034,0.02631394751369953,0.06624530255794525,0.024570297449827194,0.006699614908446521,0.0064330151574365,-0.0735505591509049,0.165005408254,-0.00324193310696,0.0719702250619,0.019614332605253013,0.05981228740050875,0.0981208566007321,5.71739642258e-08,-1.12332177133e-09,2.49375042706e-08,6.796317542266052e-09,2.0724809061016366e-08,3.399863316272775e-08
10070,10069,137400000,0.0248,2,0.00416591618823,0.0127087469694,0.00328188954173,0.392208258726,0.4,True,high,True,0.5738087304231922,0.41858141858141856,0.18162012100219727,0.0026790050324052572,-0.001668865792453289,0.19413747033727213,0.0030084667224244133,-0.0020498290688826908,0.09933800995349884,-0.1401238888502121,-0.1354592889547348,0.026170842244272123,-0.034758915852675584,-0.02906139382108269,0.167966628093,0.0377673825751,0.0270115647522,0.07316716770922671,-0.10536497299753651,-0.10639789513365211,5.81992811089e-08,1.30861382418e-08,9.35932136076e-09,2.5351920258192674e-08,-3.6508238285999955e-08,-3.686613870018289e-08
10070,10069,153950000,0.05790000000001,2,0.00932640956787,0.012378325916,0.00350332247227,0.394572720352,0.4,True,high,True,0.5738087304231922,0.41858141858141856,0.22193925082683563,-0.002568742260336876,-0.0027985030319541693,0.20405815657143267,-0.0041547226422433935,-0.0032143270278053165,0.0015702341916039586,-0.0012160722399130464,0.0006069428636692464,0.11252069863943269,-0.023146728125443394,0.07036079955179468,0.091537457932,0.0189920054832,-0.0735751265796,-0.11095046444782873,0.021930655885530347,-0.06975385668812543,3.17132497754e-08,6.57980052354e-09,-2.54901809509e-08,-3.843890655498088e-08,7.597899084683277e-09,-2.4166297927893467e-08
10070,10069,130400000,0.0108,2,0.00335039421664,0.012508697271,0.00340683147275,0.399996980974,0.4,True,low,True,0.5738087304231922,0.41858141858141856,0.1822969764471054,0.002482407260686159,-0.0015669130953028798,0.17044431500697674,0.0030123832894112792,-0.0008609432288043334,0.19247379899024963,0.46196290850639343,0.11800070852041245,0.16952479481239074,0.002880038287993279,-0.005378155301774334,0.000919520194586,0.000132345001418,0.00451721207297,0.02294900417785889,0.45908287021840016,0.12337886382218678,3.18488782105e-10,4.58395569421e-11,1.56460008176e-09,7.948711114947014e-09,1.5900982390806433e-07,4.2734008788020896e-08
10070,10069,146000000,0.042,2,0.00701580205858,0.0124565928726,0.00312472549119,0.395426327105,0.4,True,low,True,0.5738087304231922,0.41858141858141856,0.2272367924451828,0.00016031370614655316,-0.002852323465049267,0.2109301893619271,0.002207990917688735,-0.0026297558525138357,0.036662328988313675,-0.027489516884088516,0.020989838987588882,0.2076302790255871,0.0020621838218467347,-0.007338982792043836,0.00329991033634,0.000145807095842,0.00470922693953,-0.17096795003727341,-0.02955170070593525,0.028328821779632717,1.14297332667e-09,5.05024695826e-11,1.63111122197e-09,-5.921730795398232e-08,-1.0235673767426971e-08,9.812111351468279e-09
10070,10069,155750000,0.06150000000001,2,0.0099836873093,0.0123286950947,0.00357424315649,0.394870567324,0.4,True,low,True,0.5738087304231922,0.41858141858141856,0.21968606114387512,-0.0032182172872126102,-0.0024214915465563536,0.20953825067075643,-0.0029619656534210542,-0.0023736002665696422,0.3632691204547882,-0.02820165455341339,-0.14462940394878387,0.20893862310171643,-0.0031306067823010544,-0.006809653860569642,0.00059962756904,0.00016864112888,0.004436053594,0.15433049735307178,-0.025071047771112336,-0.13781975008821423,2.07689401363e-10,5.84112154124e-11,1.53648925254e-09,5.3454527881009665e-08,-8.683708308287747e-09,-4.77357994693043e-08
10070,10069,131350000,0.0127,2,0.00352807829217,0.012545431709,0.00332238766148,0.398707305166,0.4,True,mid,True,0.5738087304231922,0.41858141858141856,0.18372847139835358,0.0025608998257666826,-0.0015594102442264557,0.1769656248220533,0.003735151149421592,-0.001454001654894295,0.0178623516112566,0.044901374727487564,0.020603220909833908,0.08902225614305329,0.04555333210482159,-0.06102318872519429,0.087943368679,-0.0418181809554,0.0595691870703,-0.07115990453179669,-0.0006519573773340268,0.08162640963502821,3.04677518827e-08,-1.44878002819e-08,2.06375902899e-08,-2.465316427877076e-08,-2.2586894167333256e-10,2.8279257813216994e-08
10070,10069,144400000,0.0388,2,0.00649848820504,0.0124854781741,0.00314248593399,0.394596513732,0.4,True,mid,True,0.5738087304231922,0.41858141858141856,0.2240588217973709,0.0010022319620475173,-0.0026321825571358204,0.20784212454746046,0.001974069223814344,-0.0020064576169675774,0.0820288434624672,-0.08229127526283264,-0.05629424750804901,0.17034880664656046,-0.032814477273985655,0.038022468598632425,0.0374933179009,0.0347885464978,-0.0400289262156,-0.08831996318409327,-0.049476797988846986,-0.09431671610668144,1.29880596413e-08,1.20510998237e-08,-1.38664196762e-08,-3.059491700319065e-08,-1.7139256782718326e-08,-3.267225208509962e-08
10070,10069,154950000,0.05990000000001,2,0.00965410831729,0.0123356132591,0.00358273939935,0.393482296437,0.4,True,mid,True,0.5738087304231922,0.41858141858141856,0.2197873443365097,-0.002872647950425744,-0.002661526668816805,0.2064245346801283,-0.0033056469443225748,-0.003602342112374162,0.20048931241035461,0.05893147364258766,-0.0020458309445530176,0.20007867987421832,-0.007637914136432574,0.00027177564467583765,0.00634585480591,0.00433226719211,-0.00387411775705,0.00041063253613629613,0.06656938777902023,-0.002317606589228855,2.19799554313e-09,1.50055497189e-09,-1.34186706504e-09,1.422296147481117e-10,2.305744807003082e-08,-8.027427524990239e-10
10071,10070,125050000,0.0001,4,0.0013356284941,0.00591100260526,0.0104983619324,0.569766908125,0.569766908125,False,high,True,0.5371542819060313,0.44555444555444557,0.2151566743850708,-0.0029726948123425245,0.007125604897737503,0.17089489174077477,0.001183782414383116,-0.006960740989483856,0.23401331901550293,-0.1336158663034439,0.31034308671951294,0.010210802535774771,0.00015324079267311594,-0.0017033355887338564,0.160684089205,0.00103054162171,-0.00525740540075,0.22380251647972815,-0.13376910709611703,0.3120464223082468,1.96777005249e-08,1.26202223947e-10,-6.43832563174e-10,2.740731156268122e-08,-1.638163704909474e-08,3.8213839829619544e-08
10071,10070,128600000,0.0072,4,0.00158647165346,0.00592527094631,0.010666915137,0.534113446668,0.534113446668,False,high,True,0.5371542819060313,0.44555444555444557,0.19307158887386322,-0.0027098560240119696,0.004962759092450142,0.17490244785971265,0.0001861201131471502,0.0036082490183391228,0.008587820455431938,0.0014250159729272127,0.005856665316969156,0.06207535632371264,0.0049091857164071506,0.03871937697783912,0.112827091536,-0.00472306560326,-0.0351111279595,-0.0534875358682807,-0.003484169743479938,-0.032862711660869966,1.7023743231e-08,-7.12632533543e-10,-5.29768886887e-09,-8.070385084689672e-09,-5.257036255989216e-10,-4.958440012706223e-09
10071,10070,138200000,0.0264,4,0.00402692373364,0.00590341412651,0.0103200240053,0.421521450563,0.421521450563,False,high,True,0.5371542819060313,0.44555444555444557,0.20028118789196014,-0.005787958391010761,-0.00476866913959384,0.21044014680258977,-0.0059150960761961205,-0.010573851674024817,0.043858714401721954,0.005122258793562651,-0.0358433835208416,0.12302317406438978,-0.02950578811719612,-0.08764939430712482,0.0874169727382,0.023590692041,0.0770755426331,-0.07916445966266783,0.03462804691075877,0.05180601078628322,2.62938890356e-08,7.09577350221e-09,2.31833212919e-08,-2.3811640379814936e-08,1.0415666368568531e-08,1.5582574599918868e-08
10071,10070,132950000,0.0159,4,0.00288692569848,0.00605588996332,0.0106265968499,0.448872650652,0.448872650652,False,low,True,0.5371542819060313,0.44555444555444557,0.17251674830913544,-0.0030303732492029667,-0.001979481428861618,0.21331979437591322,-0.002418010324517205,-0.0049201219986398075,0.0943513959646225,-0.15155048668384552,-0.03151499107480049,0.20927484161824322,-0.0018737585272102053,-0.010439099785189808,0.00404495275767,-0.000544251797307,0.00551897778655,-0.11492344565362073,-0.14967672815663532,-0.021075891289610682,1.02193441202e-09,-1.37502135078e-10,1.39433848975e-09,-2.903475785681661e-08,-3.7814977910832886e-08,-5.3247046042702536e-09
10071,10070,139900000,0.0298,4,0.00463767826263,0.0058769604449,0.010176596991,0.407312548425,0.407312548425,False,low,True,0.5371542819060313,0.44555444555444557,0.20329239964485168,-0.006676036864519119,-0.006106825545430183,0.19841429707860214,-0.00851287617722063,-0.008790090461005418,0.5332517027854919,-0.18774007260799408,0.15264460444450378,0.19910244501229915,-0.00777501423211963,-0.014059892379625417,-0.000688147933697,-0.000737861945101,0.00526980191862,0.3341492577731928,-0.17996505837587445,0.1667044968241292,-2.27067138413e-10,-2.43471195965e-10,1.73886861105e-09,1.1025872788395445e-07,-5.9382799567832546e-08,5.500723202216192e-08
10071,10070,158750000,0.06750000000001,4,0.0099837125129,0.00534006613213,0.00957637418706,0.400623341364,0.400623341364,False,low,True,0.5371542819060313,0.44555444555444557,0.19844748079776764,0.0012784962309524417,-0.003855489892885089,0.1812132909935417,0.0016778512534051904,-0.004881163729836657,0.09932973980903625,0.01893104985356331,0.033228740096092224,0.1816198344428927,0.0013168026729021905,-0.010105923963806657,-0.000406543449351,0.000361048580503,0.00522476023397,-0.08229009463385645,0.017614247180661118,0.04333466405989888,-1.40228571102e-10,1.24536077567e-10,1.8021706244e-09,-2.838422905304247e-08,6.075662311452639e-09,1.4947376547392523e-08
10071,10070,125300000,0.0006,4,0.00135539698332,0.0059109992714,0.0104967647401,0.567635659709,0.567635659709,False,mid,True,0.5371542819060313,0.44555444555444557,0.21464848518371582,-0.00297218794003129,0.006987477652728558,0.17491355590699104,-0.0013564448258323858,0.007596762523162734,0.23427298665046692,-0.1452253758907318,0.3231686055660248,0.06507250685599104,-0.000251512151582386,-0.003698224689137266,0.109841049051,-0.00110493267425,0.0112949872123,0.1692004797944759,-0.14497386373914942,0.32686683025516206,1.36177546064e-08,-1.36986146295e-10,1.40031769059e-09,2.0976953816750412e-08,-1.7973412652174358e-08,4.052394183999229e-08
10071,10070,132250000,0.0145,4,0.00260195650216,0.00605656312756,0.0106416106477,0.450655794582,0.450655794582,False,mid,True,0.5371542819060313,0.44555444555444557,0.168204203248024,-0.0025095506571233273,-0.0013596490025520325,0.20587094771744432,-0.0029610694117763333,-0.002502195086423244,0.06632648408412933,-6.905465852469206e-05,0.014598793350160122,0.19578482594034433,0.002481931455503667,-0.012595008872823244,0.0100861217771,-0.00544300086728,0.0100928137864,-0.129458341856215,-0.002550986114028359,0.027193802222983364,2.51994437586e-09,-1.35989429103e-09,2.52161632587e-09,-3.234422780920608e-08,-6.373453794263433e-10,6.7941742609029324e-09
10071,10070,139550000,0.0291,4,0.00449803691816,0.00588198732296,0.0101868552714,0.409582459888,0.409582459888,False,mid,True,0.5371542819060313,0.44555444555444557,0.20191249251365662,-0.006433465518057346,-0.005806972272694111,0.19983700656623965,-0.00724836666011529,-0.008586732531840065,0.3773907423019409,-0.02071996033191681,0.057497043162584305,0.19964493155429766,-0.006628373507695289,-0.015663719998500063,0.000192075011942,-0.00061999315242,0.00707698746666,0.17774581074764326,-0.01409158682422152,0.07316076316108437,6.24383487486e-11,-2.01542867451e-10,2.30053564524e-09,5.778031617880196e-08,-4.580790617454003e-09,2.378256910556161e-08
10071,10070,146000000,0.042,4,0.00672280064442,0.00578734513715,0.0100400827254,0.371475078768,0.4,True,high,True,0.5371542819060313,0.44555444555444557,0.2018023133277893,-0.007007908076047897,-0.006269472651183605,0.15353154690718002,-0.007057474714960765,-0.005803341276218459,0.06973566114902496,-0.029722686856985092,0.02055180072784424,0.08356153884728001,-0.10784091358496077,-0.0062866104754154585,0.0699700080599,0.10078343887,0.000483269199197,-0.013825877698255051,0.07811822672797568,0.026838411203259697,2.42413820299e-08,3.49168152423e-08,1.67430497807e-10,-4.7900292207297165e-09,2.7064364148528422e-08,9.298272175356993e-09
10071,10070,152950000,0.05590000000001,4,0.00846577194651,0.00558416814442,0.00995172295475,0.393662979722,0.4,True,high,True,0.5371542819060313,0.44555444555444557,0.2023005187511444,-0.0035397170577198267,-0.004963874816894531,0.1866173521709653,-0.0046619887504210505,-0.0038960764624724805,0.0003550160035956651,-0.00022489958791993558,-0.00010045156523119658,0.07292736703796532,-0.05420326153962105,0.012177750447427518,0.113689985133,0.0495412727892,-0.0160738269099,-0.07257235103436965,0.053978361951701116,-0.012278202012658715,3.93885425902e-08,1.71638559979e-08,-5.56886884176e-09,-2.5143104172660618e-08,1.8701110798773085e-08,-4.253852987497206e-09
10071,10070,157050000,0.06410000000001,4,0.00946103730855,0.0053730209196,0.00971788153253,0.397194035337,0.4,True,high,True,0.5371542819060313,0.44555444555444557,0.19993901252746582,-0.00014369579730555415,-0.00413762079551816,0.1808404570531873,0.0006254414184548966,-0.005410701495895412,0.13742077350616455,-0.09218652546405792,-0.09249065816402435,0.09402522130698732,-0.025443909434345102,-0.07854640311609541,0.0868152357462,0.0260693508528,0.0731357016202,0.043395552199177234,-0.06674261602971282,-0.013944255047928941,3.00770660414e-08,9.03170486744e-09,2.53378028489e-08,1.503435287803847e-08,-2.3122923676338292e-08,-4.8309755352279555e-09
10071,10070,141100000,0.0322,4,0.00510837946046,0.00585705064705,0.010145876005,0.399347608438,0.4,True,low,True,0.5371542819060313,0.44555444555444557,0.20662128925323486,-0.00730226980522275,-0.00684079946950078,0.1894130338410801,-0.007237166004304967,-0.00725250582970014,0.6244836449623108,-0.03395182639360428,-0.23089444637298584,0.1915444214008101,-0.007671937042396966,-0.01183605389043014,-0.00213138755973,0.000434771038092,0.00458354806073,0.4329392235615007,-0.026279889351207314,-0.2190583924825557,-7.38236876546e-10,1.50589230808e-10,1.58757809597e-09,1.4995475537854027e-07,-9.102419380293438e-09,-7.587403928919274e-08
10071,10070,145100000,0.0402,4,0.0064487545919,0.00580102892784,0.0100591381702,0.374546825324,0.4,True,low,True,0.5371542819060313,0.44555444555444557,0.2026546597480774,-0.007081767078489065,-0.006377656478434801,0.15427139576510554,-0.005296329957429407,-0.006382966713803912,0.7304673194885254,0.06056965887546539,0.21424566209316254,0.15460986833727355,-0.005368810006932707,-0.010956614424003912,-0.000338472572168,7.24800495033e-05,0.0045736477102,0.5758574511512519,0.0659384688823981,0.22520227651716646,-1.17234740463e-10,2.51044855359e-11,1.58414727327e-09,1.9945633525708449e-07,2.2838716994029188e-08,7.800197892007245e-08
10071,10070,158600000,0.06720000000001,4,0.00992920042101,0.00533971346006,0.00957949999756,0.399918246975,0.4,True,low,True,0.5371542819060313,0.44555444555444557,0.19825387001037598,0.001137901097536087,-0.0038821499329060316,0.18185721104810665,0.0015541172828144017,-0.005012394518241113,0.07522013783454895,-0.011250367388129234,0.015206370502710342,0.18173569128975564,0.0010171292300944017,-0.010798897919991113,0.000121519758351,0.00053698805272,0.00578650340175,-0.10651555345520669,-0.012267496618223636,0.026005268422701455,4.20901923813e-11,1.85993872537e-10,2.00424231171e-09,-3.689326079469042e-08,-4.249031595413299e-09,9.00731507120338e-09
10071,10070,146050000,0.0421,4,0.00673187782958,0.00577760027189,0.0100394135683,0.371365248584,0.4,True,mid,True,0.5371542819060313,0.44555444555444557,0.20171019434928894,-0.007006496656686068,-0.006247879471629858,0.15372428628713913,-0.006679051890172802,-0.005749908794397898,0.11094072461128235,-0.046230215579271317,0.03273167833685875,0.09747576750113912,-0.0877823923465728,-0.0070657947325078975,0.056248518786,0.0811033404564,0.00131588593811,0.013464957110143227,0.04155217676730148,0.039797473069366644,1.94864926373e-08,2.80970891461e-08,4.55869811294e-10,4.66474128122152e-09,1.439515571460912e-08,1.3787263783790959e-08
10071,10070,150700000,0.05140000000001,4,0.00782801999238,0.00567713226719,0.00997725647303,0.392399099317,0.4,True,mid,True,0.5371542819060313,0.44555444555444557,0.2002931386232376,-0.005651256535202265,-0.005555875599384308,0.18289304124874237,-0.00565236817805813,-0.005072623438329003,0.08754436671733856,-0.019589267671108246,0.0038646613247692585,0.15853941100744237,-0.01371542695925813,-0.023971579790929003,0.0243536302413,0.0080630587812,0.0188989563526,-0.07099504429010381,-0.005873840711850115,0.02783624111569826,8.43572788473e-09,2.79292118353e-09,6.54631163881e-09,-2.459160580421401e-08,-2.0346092714910345e-09,9.642051433774874e-09
10071,10070,158450000,0.06690000000001,4,0.00987471786853,0.00533947849397,0.00958291980135,0.399217523213,0.4,True,mid,True,0.5371542819060313,0.44555444555444557,0.19806897640228271,0.0009968866361305118,-0.003908821381628513,0.18245356166595847,0.0015013998359455706,-0.0047640854301770254,0.0496058315038681,-0.03016088344156742,0.003064843127503991,0.18137540879566846,0.0005003181113555706,-0.012194676427297026,0.00107815287029,0.00100108172459,0.00743059099712,-0.13176957729180036,-0.03066120155292299,0.015259519554801017,3.73435875182e-10,3.467410237e-10,2.57370668724e-09,-4.5640547620249804e-08,-1.0620008490057889e-08,5.285384101678887e-09
10072,10071,125450000,0.0009,0,0.00271247407567,9.32184110097e-05,0.000165705771455,0.43731202698,0.43731202698,False,low,False,0.0,0.0,0.0004573573241941631,1.599767188054102e-06,-3.86328747481457e-06,0.023657457721870674,-6.393094771711323e-05,-0.0003844649220357899,0.2664494216442108,-0.0384475514292717,0.000503800343722105,0.018590051976130676,-5.146116925351323e-05,-0.00475921857038579,0.00506740574574,-1.24697784636e-05,0.00437475364835,0.24785936966808014,-0.03839609026001818,0.005263018914107895,1.37712747749e-09,-3.38880986093e-12,1.1888910734e-09,6.735871679715904e-08,-1.043459189542106e-08,1.4302876708200544e-09
10072,10071,200250000,0.1505,0,0.00394185681128,9.12036819345e-05,2.49999971282e-05,0.435876285766,0.435876285766,False,low,False,0.0,0.0,7.383980846498162e-05,9.818019179874682e-07,-4.829798854188994e-07,0.006112792414243679,-1.1262001936496184e-05,-8.340681869188488e-05,0.2004498541355133,-0.033706218004226685,-0.01403736136853695,0.006112795374768374,-1.1250777431085084e-05,4.618151132872372e-13,-2.96052469519e-09,-1.12245054111e-08,-8.34068191537e-05,0.19433705876074492,-0.0336949672267956,-0.014037361368998764,-8.11921132701e-16,-3.07831012598e-15,-2.28742422559e-11,5.3296756865894166e-08,-9.240813292855836e-09,-3.849733245388316e-09
10072,10071,275000000,0.3000000000002,0,0.00485555443188,8.95144585692e-05,2.49999971279e-05,0.434059055676,0.434059055676,False,low,False,0.0,0.0,7.708941120654345e-05,1.5075413557497086e-06,-4.103706316982425e-07,0.006109927825819692,-1.1209981277145051e-05,-8.3529979139188e-05,0.037471603602170944,0.003488209331408143,0.0016248842002823949,0.006109925967042458,-1.1210517915537576e-05,-8.362879962457022e-13,1.85877723456e-09,5.36638392525e-10,-8.35299783029e-05,0.03136167763512849,0.0034994198493236805,0.001624884201118683,5.15701151405e-16,1.48885531718e-16,-2.31746468521e-11,8.701017510718933e-09,9.708827997204176e-10,4.5080961711652643e-10
10072,10071,125050000,0.0001,0,0.00270225997039,9.32380933511e-05,0.000168322186923,0.437305878798,0.437305878798,False,mid,False,0.0,0.0,0.00046431488590314984,1.5827278048163862e-06,-3.930106686311774e-06,0.024075235159983395,2.376011824466774e-05,-0.0002745896203476504,0.26423221826553345,-0.0355575829744339,0.005816549062728882,0.0036231897891833955,1.5023447346167738e-05,-0.0009300044567756504,0.0204520453708,8.7366708985e-06,0.000655414836428,0.26060902847635004,-0.03557260642178007,0.006746553519504532,5.55847270894e-09,2.37445917393e-12,1.78129151157e-10,7.082852332008583e-08,-9.66795048595153e-09,1.833583533464567e-09
10072,10071,125250000,0.0005,0,0.00270593132495,9.32356001528e-05,0.000167383180596,0.437308072575,0.437308072575,False,mid,False,0.0,0.0,0.0004618417005985975,1.5890976783339283e-06,-3.906293386535253e-06,0.02350036917107018,-8.331690261819965e-05,-0.0003899759766755749,0.2650125324726105,-0.036601029336452484,0.003895426169037819,0.01356412648656018,-2.9909353194199647e-05,-0.003480272878535575,0.00993624268451,-5.3407549424e-05,0.00309029690186,0.2514484059860503,-0.036571119983258286,0.007375699047573394,2.70038165189e-09,-1.45146179614e-11,8.3985278114e-10,6.833636048163295e-08,-9.938966320317953e-09,2.0045003941960744e-09
10072,10071,125400000,0.0008,0,0.00271066166529,9.32234213789e-05,0.000166169971318,0.437310936153,0.437310936153,False,mid,False,0.0,0.0,0.0004585997958201915,1.5968663547027973e-06,-3.875192305713426e-06,0.02363117366327945,-6.952997743138014e-05,-0.0003864103202464164,0.2660425305366516,-0.03793693333864212,0.0014387916307896376,0.017631162667019452,-4.850051790108014e-05,-0.004517746340766416,0.00600001099626,-2.10294595303e-05,0.00413133602052,0.24841136786963217,-0.03788843282074104,0.005956537971556054,1.63058742841e-09,-5.71505158202e-12,1.12274870526e-09,6.750928519544822e-08,-1.029671483571697e-08,1.6187730221361296e-09
10073,10072,125050000,0.0001,6,0.00275893067121,0.0132434727485,0.00865319241827,0.41271124929,0.41271124929,False,high,True,0.8213928690436522,0.4645354645354645,0.11894634366035461,0.0002281358902109787,-0.0018293444300070405,0.1646623846281647,-0.0011885814182740334,-0.006249760600886345,0.11521419882774353,-0.010753569193184376,-0.04147915169596672,0.026933122065164704,-0.0004809196523000335,-0.002303940356886345,0.137729262563,-0.000707661765974,-0.003945820244,0.08828107676257882,-0.010272649540884343,-0.039175211339080376,4.38746990279e-08,-2.25431011667e-10,-1.25697090366e-09,2.8122605180183608e-08,-3.2724302623724114e-09,-1.2479560079473446e-08
10073,10072,130300000,0.0106,6,0.00422808048554,0.0132395514933,0.00853463374904,0.40001456533,0.40001456533,False,high,True,0.8213928690436522,0.4645354645354645,0.1345864236354828,-0.0001639118418097496,-0.005187434609979391,0.20675756521712985,-0.0022397149971424973,-0.009994148862683305,0.04770446568727493,-0.03169861435890198,0.024799078702926636,0.07597825965112982,-0.0600310498525425,0.020081946071816695,0.130779305566,0.0577913348554,-0.0300760949345,-0.02827379396385489,0.02833243549364052,0.004717132631109941,4.53069295683e-08,2.00211182238e-08,-1.04195041333e-08,-9.795118472346847e-09,9.815434130457116e-09,1.634194301287022e-09
10073,10072,126650000,0.0033,6,0.0032518842496,0.0132427366063,0.00862394391696,0.406178945776,0.406178945776,False,low,True,0.8213928690436522,0.4645354645354645,0.12451515346765518,8.086490561254323e-05,-0.0029600290581583977,0.19580490608674675,-0.0007291659959231961,-0.007630028056820379,0.1938917487859726,-0.004070211201906204,0.03390113264322281,0.19051422853099675,-0.000586665116615196,-0.011714790868380379,0.00529067755575,-0.000142500879308,0.00408476281156,0.003377520254975841,-0.0034835460852910083,0.045615923511603186,1.75887773898e-09,-4.73742014627e-11,1.35797320902e-09,1.1228514924286816e-09,-1.1580996191068225e-09,1.5164944671481355e-08
10073,10072,127250000,0.0045,6,0.00348508934598,0.0132420800574,0.0086094438026,0.404823946236,0.404823946236,False,low,True,0.8213928690436522,0.4645354645354645,0.12713152170181274,1.4735218428540975e-05,-0.0034935064613819122,0.19822930070616449,-0.00040499947159697953,-0.008038219138243232,0.2787770926952362,-0.02301868610084057,-0.01146793458610773,0.1967978901134545,-0.00046542167265277955,-0.012382354392133232,0.00143141059271,6.04222010558e-05,0.00434413525389,0.08197920258178171,-0.022553264428187787,0.0009144198060255012,4.80152125117e-10,2.02680128183e-11,1.45719598875e-09,2.7499089733940224e-08,-7.565263173733824e-09,3.0673282379518554e-10
10073,10072,129850000,0.0097,6,0.00416619240909,0.0132861136376,0.00852182409942,0.4003883399,0.4003883399,False,low,True,0.8213928690436522,0.4645354645354645,0.12991972267627716,-0.00013557856436818838,-0.004915707744657993,0.20744391093870196,-0.0008942767038973242,-0.010675055997828857,0.08761954307556152,-0.0544014610350132,0.07576052099466324,0.20415012738277197,-4.938430072032417e-05,-0.014662293012138857,0.00329378355593,-0.000844892403177,0.00398723701431,-0.11653058430721044,-0.054352076734292876,0.09042281400680209,1.13790101251e-09,-2.91884364809e-10,1.37746787507e-09,-4.025773631460816e-08,-1.8776972468893055e-08,3.123830387320433e-08
10073,10072,125100000,0.0002,6,0.00276294067399,0.0132434226882,0.00865288453111,0.412655942135,0.412655942135,False,mid,True,0.8213928690436522,0.4645354645354645,0.11899314075708389,0.0002269137476105243,-0.001838643685914576,0.165684746029305,0.00012320929560881628,-0.004606713205368712,0.11696011573076248,-0.010999184101819992,-0.04194951429963112,0.05243692265930498,-0.00047535549509918377,-0.0037480582831367114,0.11324782337,0.000598564790708,-0.000858654922232,0.0645231930714575,-0.010523828606720808,-0.038201456016494405,3.60870726479e-08,1.90736125817e-10,-2.73615347616e-10,2.0560687936903746e-08,-3.3534787350746247e-09,-1.2173114480255732e-08
10073,10072,127800000,0.0056,6,0.00369343807952,0.0132339677365,0.00858721352025,0.403390274061,0.403390274061,False,mid,True,0.8213928690436522,0.4645354645354645,0.12975680828094482,-3.866703627863899e-05,-0.0039878119714558125,0.20035774199709233,-0.000998832439217067,-0.00929624679867674,0.026979822665452957,0.016014443710446358,-0.013981739990413189,0.17211906985289233,-0.022015143351717066,-0.03643941637457674,0.0282386721442,0.0210163109125,0.0271431695759,-0.14513924718743937,0.038029587062163424,0.02245767638416355,9.56364300645e-09,7.11763265118e-09,9.19262713775e-09,-4.9154575655537663e-08,1.2879550160418247e-08,7.605782545139743e-09
10073,10072,131350000,0.0127,6,0.00452919699552,0.0131284811007,0.00857412993879,0.401392220615,0.401392220615,False,mid,True,0.8213928690436522,0.4645354645354645,0.14830583333969116,-0.00029258118593133986,-0.006235112436115742,0.2025232185569588,-0.0007813209524767835,-0.01029510004851718,0.0007571298629045486,-0.0006967939552851021,-0.0014028833247721195,0.1927610043642688,-0.017096711059476785,-0.0037408546891571797,0.00976221419269,0.016315390107,-0.00655424535936,-0.19200387450136425,0.016399917104191683,0.00233797136438506,3.35018792263e-09,5.59910096321e-09,-2.24928005178e-09,-6.589171767335559e-08,5.6281088623977515e-09,8.023429187068606e-10
10073,10072,130350000,0.0107,6,0.00423597719026,0.0132334693808,0.00853672683573,0.399970726228,0.4,True,high,True,0.8213928690436522,0.4645354645354645,0.13521042466163635,-0.00016795334522612393,-0.0052230507135391235,0.20674538627769887,-0.0022785528143012823,-0.009905519882336102,0.03758857026696205,-0.02633652463555336,0.017466893419623375,0.08281039927969887,-0.062068716955701285,0.022150439837263898,0.123934986998,0.0597901641414,-0.0320559597196,-0.04522182901273682,0.035732192320147925,-0.004683546417640523,4.29395120729e-08,2.07153810008e-08,-1.11063655448e-08,-1.5667918477958288e-08,1.238006264968014e-08,-1.6226991490914105e-09
10073,10072,135650000,0.0213,6,0.0051693088432,0.0129823633297,0.00841528802473,0.390163143849,0.4,True,high,True,0.8213928690436522,0.4645354645354645,0.16134637594223022,-0.00023857435735408217,-0.00795267429202795,0.1765634367482063,-0.0005083897716858798,-0.010134089313534413,0.028987374156713486,-0.006360661704093218,0.024538110941648483,0.08961773004740628,-0.05870352101988588,0.04131493327226559,0.0869457067008,0.0581951312482,-0.0514490225858,-0.060630355890692794,0.05234285931579266,-0.016776822330617107,3.01222755117e-08,2.01616599992e-08,-1.78244756635e-08,-2.1005341767988704e-08,1.8134144734762385e-08,-5.812317636247515e-09
10073,10072,149000000,0.048,6,0.00877106771661,0.0131508866997,0.00799467292336,0.381481190561,0.4,True,high,True,0.8213928690436522,0.4645354645354645,0.1409841775894165,0.00028553808806464076,-0.005240983329713345,0.21528513056270826,-0.0008698472614278446,-0.006363698526718545,0.030188053846359253,0.012707444839179516,-0.007319339085370302,0.13342015159770826,0.05001159662337216,-0.07901171750191854,0.081864978965,-0.0508814438848,0.0726480189752,-0.103232097751349,-0.03730415178419264,0.07169237841654824,2.83623170542e-08,-1.76279974891e-08,2.51690793009e-08,-3.5765006277573476e-08,-1.2924112284870903e-08,2.4837995351969045e-08
10073,10072,134300000,0.0186,6,0.00489798301477,0.0130918385999,0.00839361629196,0.398890549917,0.4,True,low,True,0.8213928690436522,0.4645354645354645,0.15032662451267242,-0.0002515826781746,-0.0072384485974907875,0.1815756543758645,0.0011111605772046846,-0.01115100245166832,0.07634829729795456,0.06683317571878433,0.07798954844474792,0.1814308142395245,0.0023528085773046846,-0.01746938741342832,0.00014484013634,-0.0012416480001,0.00631838496176,-0.10508251694156995,0.06448036714147964,0.09545893585817625,5.01676245488e-11,-4.30064015852e-10,2.18847049255e-09,-3.6396957292303865e-08,2.2333773850748848e-08,3.3063680931155536e-08
10073,10072,145500000,0.041,6,0.0075271788158,0.0130597207824,0.0081909819988,0.384101145426,0.4,True,low,True,0.8213928690436522,0.4645354645354645,0.1514083743095398,0.0005928938626311719,-0.008045519702136517,0.17362931037382442,0.001358046679780839,-0.009722886622738083,0.2578815817832947,0.0660528913140297,-0.15832315385341644,0.1699400285988444,0.002142858880302839,-0.013269244632948082,0.00368928177498,-0.000784812200522,0.00354635801021,0.08794155318445027,0.06391003243372685,-0.14505390922046835,1.277836338e-09,-2.71831106838e-10,1.22833261578e-09,3.045983449717212e-08,2.2136168172481555e-08,-5.024152869754564e-08
10073,10072,152350000,0.05470000000001,6,0.00999451574624,0.0131451854359,0.00786168083483,0.378686408582,0.4,True,low,True,0.8213928690436522,0.4645354645354645,0.13985484838485718,-5.72226126678288e-05,-0.00284206192009151,0.14467802890366208,-0.00010352076303371427,-0.003056936338850436,0.2600988745689392,0.2105184942483902,-0.06759413331747055,0.14972912200199207,-0.00014809215866851426,-0.007509110307580436,-0.00505109309833,4.45713956348e-05,0.00445217396873,0.11036975256694714,0.2106665864070587,-0.06008502300989012,-1.74952545085e-09,1.54380031262e-11,1.54208040087e-09,3.8228297788398754e-08,7.296768192308395e-08,-2.0811391697662885e-08
10073,10072,130600000,0.0112,6,0.00428690932507,0.0132004985815,0.00854978460575,0.399982065708,0.4,True,mid,True,0.8213928690436522,0.4645354645354645,0.13876788318157196,-0.00019390767556615174,-0.00543701509013772,0.20688238769863254,-0.0023459953490386487,-0.009596701759917031,0.02055979147553444,-0.016401687636971474,0.0065094646997749805,0.11963819843533252,-0.06725084601263864,0.027934753562182967,0.0872441892633,0.0649048506636,-0.0375314553221,-0.09907840695979808,0.05084915837566717,-0.021425288862407986,3.02255813263e-08,2.24861604969e-08,-1.30027004057e-08,-3.432552325291301e-08,1.7616592976946434e-08,-7.422750058399426e-09
10073,10072,143150000,0.0363,6,0.00678338136125,0.0130160902063,0.00825711900209,0.367069728126,0.4,True,mid,True,0.8213928690436522,0.4645354645354645,0.1556970328092575,0.00042748157284222543,-0.008139980025589466,0.17379940345694292,0.0016250236026362046,-0.013147993671924693,0.014205985702574253,-0.006778126582503319,-0.005347453523427248,0.13632014397094291,0.021215110953636204,-0.054284755670924695,0.037479259486,-0.019590087351,0.041136761999,-0.12211415826836866,-0.027993237536139522,0.04893730214749745,1.29830200426e-08,-6.78611317837e-09,1.42499988752e-08,-4.2301010906376915e-08,-9.697010265743828e-09,1.6952148556930856e-08
10073,10072,152300000,0.05460000000001,6,0.0099794848929,0.0131452008746,0.00786243256374,0.378687278637,0.4,True,mid,True,0.8213928690436522,0.4645354645354645,0.13984771072864532,-5.375159526010975e-05,-0.0028715538792312145,0.1451682283902443,-8.092487391078803e-05,-0.003015760827178058,0.2581959664821625,0.2076033055782318,-0.07636900246143341,0.1509139859616343,-0.00016206433967398803,-0.007526423764208058,-0.00574575757139,8.11394657632e-05,0.00451066293703,0.10728198052052818,0.2077653699179058,-0.06884257869722535,-1.9901359039e-09,2.81039640173e-11,1.56234093587e-09,3.715884609167225e-08,7.196289038010019e-08,-2.384473864065683e-08
10074,10073,201250000,0.1525,2,0.00465790172007,0.0115930943713,0.00562409272358,0.371711307962,0.4,True,high,True,0.9883372209263579,0.965034965034965,0.1590036004781723,0.0006615818710997701,-0.004760997369885445,0.15799702539259336,0.00024115311245232236,-0.0038978351081210773,0.0003571892739273608,0.0009544835775159299,-0.0005521795828826725,-1.5135240662835107e-07,2.8562964653223357e-06,-1.7835759910773464e-06,0.157997176745,0.000238296815987,-0.00389605153213,0.0003573406263339891,0.0009516272810506076,-0.0005503960068915952,5.4742985719e-08,8.25652677043e-11,-1.34990699061e-09,1.2381166048170657e-10,3.297205667190058e-10,-1.9070164015455928e-10
10074,10073,275000000,0.3000000000002,2,0.00465790151432,0.0115931004028,0.00562408893544,0.371711338562,0.4,True,high,True,0.9883372209263579,0.965034965034965,0.15900370478630066,0.0006615914753638208,-0.004761001095175743,0.1580331571150414,0.00023812714302742785,-0.0039035886956332593,0.0003568118845578283,0.0009534751297906041,-0.0005515961674973369,-3.087958610285408e-09,1.1492520442786708e-07,-7.255590325924896e-08,0.158033160203,0.000238012217823,-0.00390351613973,0.0003568149725164386,0.0009533602045861762,-0.0005515236115940776,5.47554576412e-08,8.24666664536e-11,-1.35249344104e-09,1.2362954134608857e-10,3.3032101763939326e-10,-1.9109234868156443e-10
10074,10073,125850000,0.0017,2,0.0042281346895,0.0116254743585,0.00559137750131,0.376013013654,0.4,True,low,True,0.9883372209263579,0.965034965034965,0.1535264104604721,0.0006800978444516659,-0.004030372016131878,0.15026134987124296,7.707347453368874e-05,-0.0031089264913515277,0.1291186660528183,-0.07248643785715103,-0.015352938324213028,0.14527177196700294,0.00010859938212328874,-0.007112808372021528,0.00498957790424,-3.15259075896e-05,0.00400388188067,-0.016153105914184646,-0.07259503723927432,-0.0082401299521915,1.72821742267e-09,-1.09194853368e-11,1.38680637066e-09,-5.594877884847443e-09,-2.5144413127572445e-08,-2.8540963628116186e-09
10074,10073,126150000,0.0023,2,0.00431683083833,0.0116256330648,0.0055869485151,0.375092596173,0.4,True,low,True,0.9883372209263579,0.965034965034965,0.15480336546897888,0.0006904209731146693,-0.004177919588983059,0.15226170089192942,0.0006128346021278034,-0.003502559057189017,0.05633432790637016,0.006386689376085997,-0.006685957778245211,0.1498304202759294,0.0004408527770598033,-0.007631541151239017,0.002431280616,0.000171981825068,0.00412898209405,-0.09349609236955925,0.005945836599026194,0.0009455833729938067,8.42108654017e-10,5.95683535131e-11,1.43013173008e-09,-3.238370263920169e-08,2.0594251533322585e-09,3.2751626293180376e-10
10074,10073,126500000,0.003,2,0.00442288712626,0.0116259846941,0.00558147333124,0.373996031963,0.4,True,low,True,0.9883372209263579,0.965034965034965,0.15633338689804077,0.0007032000576145947,-0.00435396796092391,0.1548675329230692,0.0005072116588445261,-0.003998894844731344,0.007925881072878838,0.007964237593114376,-0.0033171449322253466,0.15303099905386922,0.000520333577566926,-0.008007143461381344,0.0018365338692,-1.31219187224e-05,0.00400824861665,-0.14510511798099038,0.00744390401554745,0.004689998529155998,6.36109112471e-10,-4.54495950901e-12,1.38831279557e-09,-5.025918081996775e-08,2.578299946476704e-09,1.6244463834357254e-09
10074,10073,125050000,0.0001,2,0.00404635405286,0.011625182276,0.00560012698545,0.377614832843,0.4,True,mid,True,0.9883372209263579,0.965034965034965,0.1509106606245041,0.000659468409139663,-0.003726780414581299,0.1414752431800806,9.454530411487756e-05,-0.0027157665258183226,0.13967403769493103,-0.18177086114883423,0.0008015923667699099,0.02620516995008058,-0.0002495941814781224,-0.0013683171737283225,0.11527007323,0.000344139485593,-0.00134744935209,0.11346886774485045,-0.1815212669673561,0.0021699095404982324,3.99351162841e-08,1.19226525931e-10,-4.66821483277e-10,3.931109177812541e-08,-6.288772706784309e-08,7.517613843522923e-10
10074,10073,128700000,0.0074,2,0.0046202887728,0.011653283681,0.00558089473217,0.37200073672,0.4,True,mid,True,0.9883372209263579,0.965034965034965,0.15960392355918884,0.0007571768946945667,-0.004727853927761316,0.1596401833571725,9.424224058219438e-05,-0.004119597259796763,0.0016991436714306474,-0.00011131179053336382,0.00031553840381093323,0.055238385863172514,-0.0323432945903178,0.028539698381603237,0.104401797494,0.0324375368309,-0.0326592956414,-0.053539242191741866,0.03223198279978444,-0.028224159977792304,3.61697274125e-08,1.12378990905e-08,-1.13147268456e-08,-1.8548529263188186e-08,1.11666854385286e-08,-9.778185791313553e-09
10075,10074,135000000,0.02,6,0.00434544708401,0.0103693078988,0.00931872337716,0.41946973155,0.41946973155,False,high,True,0.9463512162612463,0.8391608391608392,0.1886499673128128,-0.0010347866918891668,-0.0051368121057748795,0.16000756325247947,-0.0014680444611534088,-0.005401252186592383,0.01532596442848444,0.023559965193271637,-0.03061188943684101,0.05527080442047948,-0.06861814401335341,-0.043861987221492385,0.104736758832,0.0671500995522,0.0384607350349,-0.03994483999199504,0.09217810920662504,0.013250097784651374,3.19260102705e-08,2.04687904406e-08,1.17236568653e-08,-1.21760438842836e-08,2.8097864532567285e-08,4.038913965590935e-09
10075,10074,125800000,0.0016,6,0.00211232586163,0.0105686715593,0.00938459915458,0.416780201097,0.416780201097,False,low,True,0.9463512162612463,0.8391608391608392,0.1686130315065384,0.0017860907828435302,0.0027251264546066523,0.1093337276310266,0.0004985223814128637,-0.0009144735344800924,0.27715373039245605,0.014679734595119953,0.0863572433590889,0.1036811939814766,0.0008250194049048637,-0.004722006683500092,0.00565253364955,-0.000326497023492,0.00380753314902,0.17347253641097946,0.01385471519021509,0.09107925004258899,1.75293166813e-09,-1.01251404682e-10,1.18077057974e-09,5.379631886843336e-08,4.296545675900803e-09,2.8244980323460445e-08
10075,10074,129650000,0.0093,6,0.00301456920081,0.0105168933409,0.00935029676924,0.425970509993,0.425970509993,False,low,True,0.9463512162612463,0.8391608391608392,0.16571158170700073,0.0002815772604662925,-0.001598623115569353,0.14564314031003173,0.0007276485385534555,-0.003486187392522758,0.4280180037021637,0.09419307112693787,0.07263167202472687,0.14223919745116173,-0.0002523613400505446,-0.008289404698792758,0.00340394285887,0.000980009878604,0.00480321730627,0.28577880625100194,0.09444543246698842,0.08092107672351963,9.946272021e-10,2.86357475433e-10,1.40349318084e-09,8.350415569974134e-08,2.7596819376892323e-08,2.3645022102081818e-08
10075,10074,134200000,0.0184,6,0.00411828363053,0.0103734732859,0.00933730949979,0.421166393507,0.421166393507,False,low,True,0.9463512162612463,0.8391608391608392,0.18491150438785553,-0.0008052882621996105,-0.00452272268012166,0.14478880876435962,0.001951005670565753,-0.00491042877542502,0.24375583231449127,0.09359579533338547,-0.023222878575325012,0.14031775591497964,0.001984461313859553,-0.01011938461067502,0.00447105284938,-3.34556432938e-05,0.00520895583525,0.10343807639951164,0.09161133401952591,-0.013103493964649993,1.34759659082e-09,-1.00836899865e-11,1.57000405984e-09,3.117672812477671e-08,2.7612091729582388e-08,-3.949455394381967e-09
10075,10074,125050000,0.0001,6,0.00199332535383,0.0105676550987,0.00938972703183,0.414779041657,0.414779041657,False,mid,True,0.9463512162612463,0.8391608391608392,0.17223824560642242,0.002091687871143222,0.003616651287302375,0.11040192390162099,0.0006970357253269575,-0.002249920959523054,0.4170016944408417,-0.03442025184631348,0.2792637050151825,0.016544418245220995,-2.3269768110425314e-06,-0.0017582693087590542,0.0938575056564,0.000699362702138,-0.000491651650764,0.40045727619562066,-0.03441792486950243,0.28102197432394155,2.94945800542e-08,2.19773677778e-10,-1.5450079214e-10,1.2584309702708595e-07,-1.0815781148918266e-08,8.8310732963972e-08
10075,10074,132200000,0.0144,6,0.00362113284589,0.0104232179001,0.009350393644,0.423568642446,0.423568642446,False,mid,True,0.9463512162612463,0.8391608391608392,0.17629572749137878,-0.00030862627318128943,-0.0032057268545031548,0.1283146739581884,0.0007450740357947128,-0.002921486189271001,0.07827189564704895,-0.03270896524190903,0.019809192046523094,0.0964545498409884,-0.043863225944305285,0.010843199571129,0.0318601241172,0.0446082999801,-0.0137646857604,-0.018182654193939454,0.011154260702396258,0.008965992475394095,9.45581315325e-09,1.32393630403e-08,-4.0852413564e-09,-5.396456713594787e-09,3.310489459382457e-09,2.6610301098949623e-09
10076,10075,125050000,0.0001,2,0.000119786273485,0.0123944854989,0.00303839387346,0.685871070092,0.685871070092,False,high,True,0.8207264245251583,0.5904095904095904,0.25449126958847046,0.003620351431891322,5.527098255697638e-05,0.21254905976695385,-0.00105677691755855,0.0037976588824304115,0.1549260914325714,0.014387138187885284,0.2641106843948364,0.007252669234953858,-7.371435191555e-05,-0.0007940782640295882,0.205296390532,-0.000983062565643,0.00459173714646,0.14767342219761756,0.014460852539800834,0.26490476265886603,1.34103707203e-08,-6.42156124242e-11,2.99941451598e-10,9.64632321139979e-09,9.446118024178955e-10,1.7304108774746046e-08
10076,10075,139300000,0.0286,2,0.00408574847207,0.0123995704475,0.00245907109534,0.401098726742,0.401098726742,False,high,True,0.8207264245251583,0.5904095904095904,0.19491153955459595,0.0029091243632137775,-0.0008288404787890613,0.21418771042907236,0.0037923734305969972,-0.002034161741615345,0.04331069067120552,0.03838605061173439,-0.012691405601799488,0.13807970860417237,0.050725182596497,-0.07680307048031534,0.0761080018249,-0.0469328091659,0.0747689087387,-0.09476901793296685,-0.012339131984762608,0.06411166487851586,2.61752798999e-08,-1.6141264873e-08,2.57147352068e-08,-3.2593229499610204e-08,-4.243709277327509e-09,2.2049465664671247e-08
10076,10075,133300000,0.0166,2,0.00216028373026,0.0123822262042,0.00274702398384,0.438424517965,0.438424517965,False,low,True,0.8207264245251583,0.5904095904095904,0.1892935335636139,0.002414432354271412,-0.0009603645885363221,0.17728421423624183,0.0017652213172260729,-0.0018045873013018757,0.36971229314804077,-0.18676210939884186,0.17727212607860565,0.18015682258940183,0.001977711989860073,-0.007958000211711875,-0.00287260835316,-0.000212490672634,0.00615341291041,0.18955547055863894,-0.18873982138870193,0.18523012629031751,-7.75173053105e-10,-5.73405850056e-11,1.66049780769e-09,5.115152320849909e-08,-5.0931420368295805e-08,4.998432952596515e-08
10076,10075,135550000,0.0211,2,0.0028966390937,0.0123280202227,0.00266182790292,0.406747047333,0.406747047333,False,low,True,0.8207264245251583,0.5904095904095904,0.18456043303012848,0.0023832281585782766,-0.0010166279971599579,0.18324514007821982,0.0031033475872560986,-0.0016897888319579437,0.24787040054798126,0.10880042612552643,0.11645592749118805,0.18129561249109982,0.0022421639644820985,-0.006710296044287944,0.00194952758712,0.000861183622774,0.00502050721233,0.06657478805688144,0.10655826216104433,0.12316622353547599,6.4568825076e-10,2.85226098181e-10,1.66280412817e-09,2.2049730780430137e-08,3.529235408266029e-08,4.0792951047462016e-08
10076,10075,158250000,0.06650000000001,2,0.00954571237984,0.0117687944894,0.00235349549993,0.400027272178,0.400027272178,False,low,True,0.8207264245251583,0.5904095904095904,0.2027890682220459,-0.0026687185745686293,-0.001689178287051618,0.2297619405707715,-0.0067949995745685745,-0.0015611225525151724,0.012680533342063427,0.007279766723513603,0.00425900099799037,0.22765077161598152,-0.007618032250914574,-0.005728202723945172,0.00211116895479,0.000823032676346,0.00416708017143,-0.2149702382739181,0.014897798974428177,0.009987203721935543,7.31100406307e-10,2.85017228354e-10,1.44306498991e-09,-7.444445798107854e-08,5.1591261128398405e-09,3.4585809356490258e-09
10076,10075,125850000,0.0017,2,0.000231405717565,0.012394922089,0.00302805735114,0.672066923414,0.672066923414,False,mid,True,0.8207264245251583,0.5904095904095904,0.25090286135673523,0.003549837274476886,-1.4233218280423898e-05,0.23063371602874222,0.0019569654895276486,0.0006900665264207555,0.20004622638225555,0.006220202427357435,0.19668279588222504,0.12060633160774223,0.0006769323888176484,-0.011110370424279245,0.110027384421,0.00128003310071,0.0118004369507,0.07943989477451333,0.005543270038539787,0.2077931663065043,7.68216080736e-09,8.93724791347e-11,8.23911744608e-10,5.546528706367535e-09,3.870335740395794e-10,1.4508211084335366e-08
10076,10075,132600000,0.0152,2,0.00190455459932,0.0123792819145,0.00275913808665,0.468961335604,0.468961335604,False,mid,True,0.8207264245251583,0.5904095904095904,0.19794520735740662,0.002558564068749547,-0.0008886523428373039,0.18466010244086825,0.0021652006375383515,-0.0015430998583069056,0.46089398860931396,-0.11246798932552338,0.4417499601840973,0.18379926378696826,0.0022014672112675516,-0.009520854413036905,0.0008608386539,-3.62665737292e-05,0.00797775455473,0.2770947248223457,-0.11466945653679093,0.4512708145971342,1.91990179589e-10,-8.08842164765e-12,1.77925389704e-09,6.179957851637498e-08,-2.5574373843525375e-08,1.0064553252222395e-07
10076,10075,139700000,0.0294,2,0.00421345165069,0.0124366699817,0.00240969273622,0.400125831848,0.400125831848,False,mid,True,0.8207264245251583,0.5904095904095904,0.1934635490179062,0.0029597291722893715,-0.0007961835362948477,0.21907467194033803,0.003720090289190195,-0.0019668771165354607,0.04333699494600296,0.003428738098591566,-0.021990474313497543,0.18118900519323802,0.038170635905190195,-0.04500018807423546,0.0378856667471,-0.034450545616,0.0430333109577,-0.13785201024723506,-0.03474189780659863,0.023009713760737918,1.31130252558e-08,-1.19240576589e-08,1.48947330714e-08,-4.771347707834993e-08,-1.2024900773521853e-08,7.96414537686716e-09
10076,10075,141250000,0.0325,2,0.00488363608382,0.0124634701287,0.00236781058259,0.395653333231,0.4,True,high,True,0.8207264245251583,0.5904095904095904,0.2005840688943863,0.003261087229475379,-0.0007114670006558299,0.21704414488394086,0.003791738302913142,-0.0017736259746222865,0.009829484857618809,-0.008986125700175762,0.007884109392762184,0.13522292671344086,-0.06575332433518685,-0.06807358535062229,0.0818212181705,0.0695450626381,0.066299959376,-0.12539344185582205,0.05676719863501109,0.07595769474338447,2.83474983685e-08,2.40943436648e-08,2.29700563285e-08,-4.3443381410216514e-08,1.9667368766589168e-08,2.6316042170465684e-08
10076,10075,150300000,0.0506,2,0.00713625527371,0.0122888252504,0.00269382597905,0.395898870412,0.4,True,high,True,0.8207264245251583,0.5904095904095904,0.23105104267597198,-0.00020018087525386363,-0.0019498259061947465,0.22319987169835007,0.0006934234967832659,-0.0023056920110098708,0.028237083926796913,-0.04023495316505432,-0.006141263525933027,0.023977101363350063,-0.08198882563851674,-0.0064107993362198705,0.199222770335,0.0826822491353,0.00410510732521,0.004259982563446851,0.04175387247346242,0.00026953581028684327,6.90356027365e-08,2.86514382621e-08,1.42252091976e-09,1.476189009017175e-09,1.4468746458755076e-08,9.34008049929758e-11
10076,10075,159550000,0.06910000000001,2,0.00974043265426,0.0118264975513,0.00254524631087,0.396253001742,0.4,True,high,True,0.8207264245251583,0.5904095904095904,0.22047585248947144,-0.0030683311633765697,-0.0017938967794179916,0.22373197194396,-0.004537489235802661,-0.0007461942260262588,0.043364956974983215,0.015710877254605293,0.015067117288708687,0.14095752578916,0.034841666674997336,0.07662465721577374,0.0827744461548,-0.0393791559108,-0.0773708514418,-0.09759256881417677,-0.019130789420392043,-0.06155753992706506,2.86773570564e-08,-1.36429800149e-08,-2.68052718638e-08,-3.3811122537770064e-08,-6.627896705626918e-09,-2.1326721397821488e-08
10076,10075,140500000,0.031,2,0.00454878892615,0.0124611895968,0.00238021667614,0.397752421963,0.4,True,low,True,0.8207264245251583,0.5904095904095904,0.19652067124843597,0.0031154940370470285,-0.0007497515762224793,0.22650909232836816,0.003460622089461468,-0.0013410325214306242,0.13524222373962402,-0.05317568778991699,0.02975328080356121,0.22327094661177815,0.004805121136631468,-0.007272924238410624,0.00323814571659,-0.00134449904717,0.00593189171698,-0.08802872287215413,-0.05798080892654846,0.037026205041971835,1.1215830299e-09,-4.6568852887e-10,2.05460460006e-09,-3.049014169169957e-08,-2.008257102783708e-08,1.282461225383465e-08
10076,10075,150200000,0.0504,2,0.00711179735231,0.0122969083989,0.00269510362917,0.395833607787,0.4,True,low,True,0.8207264245251583,0.5904095904095904,0.2310624122619629,-0.00015266460832208395,-0.0019387860083952546,0.22357459310682676,0.0015074942124445156,-0.002267770840768805,0.06281101703643799,-0.09412871301174164,-0.01410173811018467,0.22195958799278676,0.0016871971479385157,-0.006348717443298805,0.00161500511404,-0.000179702935494,0.00408094660253,-0.15914857095634877,-0.09581591015968015,-0.0077530206668858645,5.59379519183e-10,-6.22426150721e-11,1.41349270568e-09,-5.512332458032611e-08,-3.318717525361931e-08,-2.685366711938277e-09
10076,10075,158200000,0.06640000000001,2,0.0095229705781,0.0117695654372,0.00235406519038,0.399800416676,0.4,True,low,True,0.8207264245251583,0.5904095904095904,0.20283493399620056,-0.0026522339321672916,-0.001692102407105267,0.2292912785286254,-0.006936809530868097,-0.0015401208217333418,0.045352913439273834,0.023796042427420616,0.013618428260087967,0.22718477953398541,-0.007803049014037097,-0.005664173344913342,0.00210649899464,0.000866239483169,0.00412405252318,-0.18183186609471158,0.03159909144145771,0.01928260160500131,7.29615781984e-10,3.00034322117e-10,1.42842404117e-09,-6.298004390598285e-08,1.0944793171377207e-08,6.678802356194255e-09
10076,10075,139750000,0.0295,2,0.00423182620354,0.0124403309311,0.00240543482332,0.399987290774,0.4,True,mid,True,0.8207264245251583,0.5904095904095904,0.1934535652399063,0.0029681252781301737,-0.0007925539975985885,0.21963818661018591,0.003712558386618093,-0.0018925985397461598,0.026204729452729225,0.002073266776278615,-0.013297055847942829,0.1863126895129859,0.03496101087601809,-0.04015348195784616,0.0333254970972,-0.0312484524894,0.0382608834181,-0.16010796006025668,-0.03288774409973948,0.026856426109903332,1.15441490941e-08,-1.082464857e-08,1.32537960758e-08,-5.5462343343233835e-08,-1.1392508869375943e-08,9.303224682389726e-09
10076,10075,149500000,0.049,2,0.00680920680269,0.0122944526991,0.00270250143076,0.3946423377,0.4,True,mid,True,0.8207264245251583,0.5904095904095904,0.2290201634168625,0.0003403603914193809,-0.0018201216589659452,0.22113570022562773,0.0015318337083091481,-0.0016623795437447188,0.02306903712451458,0.002036592224612832,-0.013757502660155296,0.20278271677032772,0.001980595086571148,-0.002823576709454719,0.0183529834553,-0.000448761378262,0.00116119716571,-0.17971367964581314,5.599713804168389e-05,-0.010933925950700578,6.35700692883e-09,-1.55439533739e-10,4.02209180111e-10,-6.224825023661477e-08,1.9395985148280323e-11,-3.787234004607853e-09
10076,10075,160250000,0.07050000000001,2,0.00999237471768,0.0118601595319,0.00261178990213,0.397054429687,0.4,True,mid,True,0.8207264245251583,0.5904095904095904,0.22577840089797974,-0.003365793265402317,-0.0018070905935019255,0.22518662638126966,-0.003031329974382763,-0.0017464014627764177,0.04781583696603775,-0.0016112460289150476,-0.010665993206202984,0.21267040191796965,0.006674168452687238,0.010935668045123583,0.0125162244633,-0.00970549842707,-0.0126820695079,-0.1648545649519319,-0.008285414481602285,-0.021601661251326565,4.33532002386e-09,-3.36175192414e-09,-4.39276477046e-09,-5.710166820325972e-08,-2.8698688980368e-09,-7.482297464872274e-09
10077,10076,125050000,0.0001,4,0.000342294875721,0.000702211828391,0.010713641216,0.685128180684,0.685128180684,False,high,True,0.41689373297002724,0.4095904095904096,0.08239421993494034,-0.0016235668445006013,0.0038700969889760017,0.1412905409194161,0.0017348998255450696,-0.0013899511742218704,0.028263458982110023,0.044138237833976746,0.07825326919555664,0.004821730528416087,8.586484134506944e-05,-0.0010462552537638704,0.136468810391,0.0016490349842,-0.000343695920458,0.02344172845369394,0.04405237299263168,0.07929952444932051,8.94386719875e-09,1.08074144287e-10,-2.25250785182e-11,1.5363195853931536e-09,2.8870961262653693e-09,5.197117301504126e-09
10077,10076,135400000,0.0208,4,0.00258925322535,0.00089445552872,0.0105584976222,0.453043856668,0.453043856668,False,low,True,0.41689373297002724,0.4095904095904096,0.07921772450208664,-0.0026012349408119917,0.0014678596053272486,0.11775564956919068,-0.003810698848006446,0.0026640591553297793,0.09627057611942291,-0.003561797086149454,0.05238530412316322,0.11775167079500042,-0.003028816821213446,-0.00421769777557022,3.97877419027e-06,-0.000781882026793,0.0068817569309,-0.021481094675577503,-0.0005329802649360082,0.05660300189873344,9.79321496222e-13,-1.92449694235e-10,1.69385146578e-09,-5.287281150458723e-09,-1.3118588930975382e-10,1.3932063962215502e-08
10077,10076,148600000,0.0472,4,0.00459498497298,0.000878299667435,0.0109035211623,0.441804062775,0.441804062775,False,low,True,0.41689373297002724,0.4095904095904096,0.07842475175857544,-0.003888929495587945,0.0008308191318064928,0.20470555997743614,-0.00878756973527982,0.005382337761527449,0.1640046238899231,-0.03102649375796318,0.119278185069561,0.20752614646546613,-0.00858066334355182,0.00033136830754744906,-0.00282058648803,-0.000206906391728,0.00505096945398,-0.04352152257554304,-0.02244583041441136,0.11894681676201356,-7.45022688107e-10,-5.46517388515e-11,1.33415048825e-09,-1.1495666549273859e-08,-5.9287857270559405e-09,3.141831585097354e-08
10077,10076,156200000,0.06240000000001,4,0.00748855908544,0.000817499527636,0.0108033963805,0.460199041839,0.460199041839,False,low,True,0.41689373297002724,0.4095904095904096,0.08340904116630554,-0.00221993587911129,-0.0002309562114533037,0.2291685514223025,-0.006610606673102101,0.00024309568230265755,0.02170378714799881,0.0011894340859726071,-0.018440229818224907,0.2296678330054135,-0.0076607089832221005,-0.0040423936494373425,-0.000499281583111,0.00105010231012,0.00428548933174,-0.20796404585741468,0.008850143069194707,-0.014397836168787564,-1.17540993474e-10,2.4721534492e-10,1.00889095576e-09,-4.895894698296565e-08,2.0835028647857788e-09,-3.3895421429740533e-09
10077,10076,125350000,0.0007,4,0.00035540948103,0.000702171036771,0.0107116821307,0.68376049745,0.68376049745,False,mid,True,0.41689373297002724,0.4095904095904096,0.08231035619974136,-0.0016262201825156808,0.003856307128444314,0.15306402302085365,-0.0033007706167586344,0.006412625734409789,0.036582864820957184,0.03899874538183212,0.07054231315851212,0.03775822728385363,-0.00038937815302863405,-0.005017569778990211,0.115305795737,-0.00291139246373,0.0114301955134,-0.0011753624628964496,0.03938812353486076,0.07555988293750232,7.60621219816e-09,-1.9205165473e-10,7.5399932836e-10,-7.753345133608019e-11,2.5982599034036804e-09,4.984350523035959e-09
10077,10076,140800000,0.0316,4,0.00310580191387,0.000781493575678,0.0106185239888,0.449895542156,0.449895542156,False,mid,True,0.41689373297002724,0.4095904095904096,0.0705389678478241,-0.0026582214049994946,0.0011450491147115827,0.17666041620274833,-0.004988580709346585,0.005295247506925097,0.017875485122203827,-0.00034673421760089695,0.0013002402847632766,0.13214678993504833,-0.006509113614576585,0.008451971970265097,0.0445136262677,0.00152053290523,-0.00315672446334,-0.1142713048128445,0.006162379396975688,-0.00715173168550182,1.11752061274e-08,3.81731844028e-10,-7.92499949413e-10,-2.8687965748976586e-08,1.5470736889036217e-09,-1.7954519201086877e-09
10077,10076,162850000,0.0757,4,0.00999021213143,0.0010173554756,0.0104727910334,0.444958452892,0.444958452892,False,mid,True,0.41689373297002724,0.4095904095904096,0.11814536899328232,0.0023329276591539383,-0.003595181507989764,0.14433023252064078,0.0027452949781841627,-0.00440795076047966,0.09170415997505188,-0.03632282838225365,0.06487266719341278,0.14978342572180078,0.008194863250324163,-0.00976346536008966,-0.00545319320116,-0.00544956827214,0.00535551459961,-0.058079265746748904,-0.04451769163257781,0.07463613255350245,-1.41202954056e-09,-1.41109091494e-09,1.38673700722e-09,-1.5038828793210672e-08,-1.152724529353681e-08,1.9326002228640978e-08
10078,10077,125650000,0.0013,4,0.00112800061118,0.00370686777008,0.00872370067921,0.441454202377,0.441454202377,False,low,True,0.48850383205598136,0.48451548451548454,0.1917380839586258,-0.003856045426800847,0.009006562642753124,0.05843077807803275,-0.0010354615408800123,0.00033376207074554184,0.24340811371803284,-0.01268591545522213,-0.3128501772880554,0.053241261538712746,-0.0008263290063630122,-0.004233192975784458,0.00518951653932,-0.000209132534517,0.00456695504653,0.19016685217932008,-0.011859586448859118,-0.30861698431227097,1.37378346973e-09,-5.53621549764e-11,1.20897723369e-09,5.034150600245985e-08,-3.139503207630302e-09,-8.169795939813508e-08
10078,10077,139200000,0.0284,4,0.00242579776341,0.00340483904017,0.00838232697435,0.403771213666,0.403771213666,False,low,True,0.48850383205598136,0.48451548451548454,0.148884117603302,-0.001612502266652882,0.0006985614891164005,0.10872289668029508,-0.0005425026798778424,-0.0009654020258313516,0.054387014359235764,-0.0218824353069067,-0.01805911585688591,0.10617172981697508,-0.0005154543322624424,-0.005365398235191351,0.00255116686332,-2.70483476154e-05,0.00439999620936,-0.051784715457739314,-0.02136698097464426,-0.012693717621694559,8.61753694325e-10,-9.13660874873e-12,1.4862661643e-09,-1.749225834535804e-08,-7.2175109579166166e-09,-4.287786194034606e-09
10078,10077,145100000,0.0402,4,0.00382401429497,0.00341615469601,0.00823701103709,0.400063748317,0.400063748317,False,low,True,0.48850383205598136,0.48451548451548454,0.15927371382713318,-0.0018041764851659536,-0.0010820503812283278,0.13661918113275462,0.0009202106983120055,-0.0024335041607141013,0.19310694932937622,-0.021949104964733124,0.10521764308214188,0.13594129206956063,0.0006938588393540055,-0.006808985332534101,0.000677889063194,0.000226351858958,0.00437548117182,0.057165657259815594,-0.02264296380408713,0.11202662841467598,2.34696581535e-10,7.83668160555e-11,1.51486508538e-09,1.979171086906542e-08,-7.839374448060911e-09,3.878550069217988e-08
10078,10077,125050000,0.0001,4,0.00108094617785,0.0037073781332,0.00872715665005,0.446882821084,0.446882821084,False,mid,True,0.48850383205598136,0.48451548451548454,0.1931890994310379,-0.003914734814316034,0.009317586198449135,0.06830462270970235,0.001169542122780698,0.0010752279852010841,0.22775129973888397,-0.01239415630698204,-0.3106282949447632,0.007317602385402348,0.00045310189015069786,-0.0009301852671089159,0.0609870203243,0.00071644023263,0.00200541325231,0.22043369735348162,-0.012847258197132738,-0.30969810967765427,1.56035656845e-08,1.83301662705e-10,5.13086181956e-10,5.639809351961045e-08,-3.2869787059398067e-09,-7.923644688696707e-08
10078,10077,133450000,0.0169,4,0.00155810405614,0.00351167853486,0.00851985714945,0.415523787885,0.415523787885,False,mid,True,0.48850383205598136,0.48451548451548454,0.17600908875465393,-0.0030388624873012304,0.006240475922822952,0.07047643519761243,-0.0016676681133488934,-0.0005811606302570244,0.05918175354599953,-0.051401328295469284,-0.006989441812038422,0.035583091247112425,-0.025717653119848895,-0.023656216080557024,0.0348933439505,0.0240499850065,0.0230750554503,0.023598662298887102,-0.02568367517562039,0.016666774268518602,1.09109106944e-08,7.52026630007e-09,7.21541247651e-09,7.379140767247777e-09,-8.031110074832841e-09,5.211586652907094e-09
10078,10077,146100000,0.0422,4,0.0040381310235,0.00344150417412,0.00827990046103,0.400059572817,0.400059572817,False,mid,True,0.48850383205598136,0.48451548451548454,0.16325901448726654,-0.0020804505329579115,-0.0012886294862255454,0.1401987422600261,0.0009906432876730735,-0.0020395483333456223,0.19462889432907104,-0.09655842185020447,0.056769851595163345,0.1295079546215261,0.004497393361603074,0.004141617087974378,0.0106907876385,-0.00350675007393,-0.00618116542132,0.06512093970754496,-0.10105581521180754,0.05262823450718897,3.70150159973e-09,-1.21415198276e-09,-2.14012236226e-09,2.254700688616082e-08,-3.498884032847012e-08,1.8221622279547585e-08
10078,10077,147400000,0.0448,4,0.00439876914395,0.00344328773184,0.00826921487334,0.397583668568,0.4,True,high,True,0.48850383205598136,0.48451548451548454,0.1676439493894577,-0.0022294006776064634,-0.0016179997473955154,0.1530103361432384,-0.0007533831639857519,-0.0018161388557317477,0.017820019274950027,-0.03441549092531204,-0.0008801064686849713,-0.008361439877761612,-0.02172053486868575,0.02068041772026825,0.161371776021,0.0209671517047,-0.022496556576,0.02618145915271164,-0.01269495605662629,-0.021560524188953222,5.59129841552e-08,7.26481451684e-09,-7.79473116302e-09,9.071496558203292e-09,-4.398618484268092e-09,-7.470409492165028e-09
10078,10077,168300000,0.0866,4,0.00855428483231,0.00358927679835,0.00804011433796,0.379963326518,0.4,True,high,True,0.48850383205598136,0.48451548451548454,0.17139123380184174,-5.1465071010170504e-05,-0.004599807783961296,0.1421444114644969,0.00211357894420835,-0.0037786381971383204,0.02450319193303585,-0.013765274547040462,0.03047313541173935,0.04118279105649693,-0.01395751506199165,0.05313253904326168,0.100961620408,0.0160710940062,-0.0569111772404,-0.016679599123461078,0.00019224051495118737,-0.02265940363152233,3.49781103483e-08,5.56782366701e-09,-1.97168530925e-08,-5.778640005460298e-09,6.660164444867703e-11,-7.850340727962091e-09
10078,10077,136300000,0.0226,4,0.00189470398922,0.00340765775416,0.00841158079182,0.388178043198,0.4,True,low,True,0.48850383205598136,0.48451548451548454,0.16462916135787964,-0.0024034518282860518,0.0041139633394777775,0.0809083621011992,-0.00015322762113004337,-0.00030253655460290695,0.10662949085235596,-0.05771865323185921,0.04279647395014763,0.0796456482498592,-0.002132350741610043,-0.006411005202962907,0.00126271385134,0.00197912312048,0.00610846864836,0.026983842602496755,-0.055586302490249165,0.04920747915311054,4.37360598812e-10,6.85500101368e-10,2.1157632056e-09,9.34627393714848e-09,-1.925318116771838e-08,1.7043776407105933e-08
10078,10077,154350000,0.05870000000001,4,0.00588350629305,0.0031122481926,0.00838095980796,0.373350100381,0.4,True,low,True,0.48850383205598136,0.48451548451548454,0.18876604735851288,-0.0027011896017938852,-0.0018679789500311017,0.12852559433745028,-0.001831333593508548,-0.0018329997396484606,0.13788394629955292,0.06425648927688599,-0.019454775378108025,0.12804810560607227,-0.0018800681986561479,-0.005887360489428461,0.000477488731378,4.87346051476e-05,0.00405436074978,0.009835840693480646,0.06613655747554213,-0.013567414888679564,1.65384761267e-10,1.68798979078e-11,1.4042833697e-09,3.4067781249171536e-09,2.29073024143573e-08,-4.69925995091248e-09
10078,10077,174100000,0.09819999999999,4,0.00999027836178,0.00354400418115,0.0081760733907,0.376633157903,0.4,True,low,True,0.48850383205598136,0.48451548451548454,0.1785471886396408,0.0009864700259640813,-0.0058596814051270485,0.14791309442215864,0.001003874577774498,-0.005178132210100355,0.15079432725906372,0.03376501426100731,-0.03147609904408455,0.14877853092038465,0.001050973529887898,-0.009457391137640355,-0.000865436498226,-4.70989521134e-05,0.00427925892754,0.002015796338679071,0.03271404073111941,-0.022018707906444196,-2.99755969792e-10,-1.63133772332e-11,1.48218085607e-09,6.981991025824134e-10,1.1330963075009594e-08,-7.626485774042865e-09
10078,10077,135600000,0.0212,4,0.00178803808024,0.00341780779635,0.00842671496999,0.399504715041,0.4,True,mid,True,0.48850383205598136,0.48451548451548454,0.16797129809856415,-0.0025763807352632284,0.004795779474079609,0.07928171695836064,-0.00025084686214654414,-0.0007012819634596729,0.09486670047044754,-0.08262103796005249,0.05707111209630966,0.07173787504481065,-0.012505107225046544,-0.015370384605959672,0.00754384191355,0.0122542603629,0.0146691026425,0.023128825425636892,-0.07011593073500595,0.07244149670226933,2.61300742796e-09,4.24458435364e-09,5.08102828845e-09,8.011275067778041e-09,-2.4286490879419024e-08,2.5092011622870145e-08
10078,10077,161750000,0.0735,4,0.00705560441096,0.00355601285639,0.00803220436114,0.37340851219,0.4,True,mid,True,0.48850383205598136,0.48451548451548454,0.1698330044746399,-0.000750815961509943,-0.0035396150778979063,0.15224586803193368,0.0008457514819053824,-0.004694922203590475,0.008456739597022533,-0.001066685072146356,-0.011380422860383987,0.0810435610222337,0.04815908918890538,-0.04946957143559048,0.0712023070097,-0.047313337707,0.044774649232,-0.07258682142521117,-0.049225774261051736,0.03808914857520649,2.46668987484e-08,-1.63909479858e-08,1.55114600283e-08,-2.514654159057e-08,-1.7053480996670418e-08,1.3195375413740865e-08
10078,10077,171650000,0.0933,4,0.00925844910763,0.00353700180389,0.00821914964067,0.377969565341,0.4,True,mid,True,0.48850383205598136,0.48451548451548454,0.17978903651237488,0.0003991159610450268,-0.005217145662754774,0.14620863120144267,0.0018421818777870755,-0.0036205990088773593,0.14352060854434967,0.05442521721124649,-0.030212003737688065,0.1432956654056627,0.0006989719510570754,-0.01027054989973736,0.00291296579578,0.00114320992673,0.00664995089086,0.0002249431386869838,0.05372624526018942,-0.019941453837950707,1.00895283304e-09,3.95969254432e-10,2.30331808244e-09,7.791269550128407e-11,1.860895429759851e-08,-6.907045175052808e-09
10079,10078,125050000,0.0001,2,9.39127136247e-05,0.0140287803673,0.00174219372621,0.693087995886,0.693087995886,False,high,True,0.31322892369210265,0.4645354645354645,0.06944530457258224,0.0009322977275587618,-0.00018200365593656898,0.2383216534323831,-0.0037625823373215387,0.003838268650611381,0.12112566828727722,0.12965920567512512,0.10238546133041382,0.008067449143383094,-0.00015915638963153836,-0.0008041562963686188,0.230254204289,-0.00360342594769,0.00464242494698,0.11305821914389413,0.12981836206475666,0.10318961762678244,1.45315668262e-08,-2.27415717007e-10,2.929879546e-10,7.135214194302337e-09,8.19296311846742e-09,6.51239715228623e-09
10079,10078,139550000,0.0291,2,0.00322477768109,0.0140901908716,0.00131609106231,0.408840624413,0.408840624413,False,high,True,0.31322892369210265,0.4645354645354645,0.03559962660074234,0.0005083915311843157,-0.00017820515495259315,0.1981649992964718,0.002850738633798878,5.910907390795431e-05,0.000961058191023767,-0.0019463557982817292,0.010366005823016167,0.0007717193914718155,0.003222078158726878,-0.009224845749472046,0.197393279905,-0.000371339524928,0.00928395482338,0.0001893387995519515,-0.005168433957008608,0.019590851572488212,6.45081656529e-08,-1.21353835343e-10,3.0339984013e-09,6.187595976872497e-11,-1.6890453110928707e-09,6.402294440457431e-09
10079,10078,164350000,0.0787,2,0.00777947253966,0.0142226449949,0.00100084852021,0.417404218959,0.417404218959,False,high,True,0.31322892369210265,0.4645354645354645,0.028663991019129753,-0.00011812432785518467,-0.00021420427947305143,0.20939513170833546,-0.002026227218450888,-0.0012281287512479686,0.048196252435445786,-0.011845894157886505,-0.023197047412395477,0.11958914984583545,-0.06360588291635089,-0.04687558115524797,0.0898059818625,0.0615796556979,0.045647452404,-0.07139289741038966,0.05175998875846438,0.02367853374285249,2.77440027169e-08,1.90239681094e-08,1.41019898369e-08,-2.2055599177718253e-08,1.5990352078549464e-08,7.315072903490679e-09
10079,10078,131800000,0.0136,2,0.00160471612816,0.0140132722814,0.00152103526824,0.433146005145,0.433146005145,False,low,True,0.31322892369210265,0.4645354645354645,0.04919155314564705,0.0006519795279018581,-0.00021259048662614077,0.1955462702196591,0.003233556245853038,-0.003922408758361081,0.4601888060569763,-0.1513720154762268,-0.12331307679414749,0.19393822232519908,0.007150882332553038,-0.009030055483801081,0.00160804789446,-0.0039173260867,0.00510764672544,0.26625058373177724,-0.15852289780877984,-0.11428302131034641,4.48750726526e-10,-1.09319065278e-09,1.42536810426e-09,7.430135837336809e-08,-4.423827536971964e-08,-3.1892451101348915e-08
10079,10078,155150000,0.06030000000001,2,0.00583699097649,0.0144961053855,0.00102141986335,0.416631833516,0.416631833516,False,low,True,0.31322892369210265,0.4645354645354645,0.018090125173330307,0.00017799291526898742,-8.770060230745003e-05,0.13894135047531436,0.0017501945647801246,0.0008452534802701169,0.39103397727012634,0.1776576042175293,-0.07691690325737,0.13925605005208835,0.0017874598877354246,-0.0038735040079498828,-0.000314699576774,-3.72653229553e-05,0.00471875748822,0.251777927218038,0.17587014432979386,-0.07304339924942012,-9.7686761822e-11,-1.15676314696e-11,1.46476250007e-09,7.815507939431227e-08,5.45923355754732e-08,-2.2673602609434353e-08
10079,10078,169500000,0.089,2,0.00999778419436,0.0141445016389,0.000884861799328,0.412018855816,0.412018855816,False,low,True,0.31322892369210265,0.4645354645354645,0.027605600655078888,-0.0004321518645156175,-0.0002007740258704871,0.2239958631118312,-0.0011082017784491438,-0.002438172448158668,0.5702776312828064,-0.15988582372665405,-0.6462008357048035,0.2247352968654532,-0.0013627514080971437,-0.006823420929478668,-0.000739433753622,0.000254549629648,0.00438524848132,0.34554233441735316,-0.15852307231855692,-0.6393774147753248,-2.3655380927e-10,8.14335080684e-11,1.40289407641e-09,1.1054317586971555e-07,-5.071344989396424e-08,-2.0454457520468525e-07
10079,10078,125950000,0.0019,2,0.000241868718389,0.0140283397335,0.00172892003335,0.660891081193,0.660891081193,False,mid,True,0.31322892369210265,0.4645354645354645,0.06758752465248108,0.0009064350160770118,-0.0001863062207121402,0.25328265934627764,0.0011627458993682359,-0.000968185531556788,0.02714313007891178,0.02561480551958084,0.0426352433860302,0.14262722826527763,2.7041391082358466e-06,-0.012618198103156788,0.110655431081,0.00116004176026,0.0116500125716,-0.11548409818636585,0.025612101380472607,0.05525344148918698,8.16440458476e-09,8.5590469202e-11,8.59563919483e-10,-8.520674416870356e-09,1.889717982147672e-09,4.076722187163785e-09
10079,10078,147050000,0.0441,2,0.00433229650426,0.0144241522641,0.00102590998529,0.407420661313,0.407420661313,False,mid,True,0.31322892369210265,0.4645354645354645,0.01923740841448307,0.0003043243777938187,-7.617223309352994e-05,0.12683294310115212,0.002099483601177815,-3.1105092861853645e-05,0.05208970606327057,-0.06698956340551376,-0.0027107575442641973,0.1096555614624521,-0.0037247353563521846,-0.03793795888026185,0.0171773816387,0.00582421895753,0.0379068537874,-0.057565855399181534,-0.06326482804916157,0.03522720133599765,5.66441001943e-09,1.92059330766e-09,1.25001567128e-08,-1.8982905250627287e-08,-2.0862197360339e-08,1.1616515042969761e-08
10079,10078,168600000,0.0872,2,0.00959396036474,0.0141502424314,0.000893774020738,0.414097386068,0.414097386068,False,mid,True,0.31322892369210265,0.4645354645354645,0.027748413383960724,-0.0003756383084692061,-0.0002028314338531345,0.22514481491237445,-0.001587024154537475,-0.0011910383010260528,0.3405001759529114,-0.055264707654714584,0.043260663747787476,0.22165720556185445,-0.008301262180217475,-0.0005012467213470526,0.00348760935052,0.00671423802568,-0.000689791579679,0.11884297039105693,-0.04696344547449711,0.04376191046913453,1.1006589185e-09,2.11895462512e-09,-2.17692171851e-10,3.7505798991634e-08,-1.4821251438979511e-08,1.3810875074431452e-08
10080,10079,135700000,0.0214,4,0.00292187137144,0.00280133196744,0.0125613000604,0.487722141382,0.487722141382,False,high,True,0.3325558147284239,0.3096903096903097,0.039829447865486145,-0.001421349006704986,0.000564020883757621,0.12020092085562192,-0.008723006029817744,-0.000515601501293976,0.0935404822230339,0.12329152226448059,-0.010224837809801102,0.017564304726621915,0.03238484924878226,0.043819376088806025,0.102636616129,-0.0411078552786,-0.0443349775901,0.07597617749641199,0.09090667301569832,-0.05404421389860713,2.04212191295e-08,-8.17907441081e-09,-8.82116272553e-09,1.5116692539119448e-08,1.8087356734911755e-08,-1.075297273362077e-08
10080,10079,151700000,0.05340000000001,4,0.00550499849537,0.00282383300421,0.0125782729453,0.476007952957,0.476007952957,False,high,True,0.3325558147284239,0.3096903096903097,0.04513128101825714,-0.0021178885363042355,0.00015869327762629837,0.11771640753163823,-0.009354220677583711,0.0008838325095115174,0.09738589823246002,-0.2215062826871872,0.10143772512674332,0.0014220229446382188,0.02137533970501629,0.05368524869091152,0.116294384587,-0.0307295603826,-0.0528014161814,0.0959638752878218,-0.24288162239220348,0.047752476435831796,2.48475783408e-08,-6.5657096144e-09,-1.12816051242e-08,2.050374072289628e-08,-5.1894338332521666e-08,1.0202843442700794e-08
10080,10079,132350000,0.0147,4,0.0023703862868,0.00283051629023,0.0126044012534,0.487592542389,0.487592542389,False,low,True,0.3325558147284239,0.3096903096903097,0.035460129380226135,-0.0010866228258237243,0.0006595864542759955,0.07204526712560261,-0.003422314398853332,0.000789364344582038,0.30464208126068115,0.08832723647356033,-0.03840143606066704,0.06703761731304261,0.001028439103696668,-0.0006791621357379621,0.00500764981256,-0.00445075350255,0.00146852648032,0.23760446394763854,0.08729879736986366,-0.03772227392492908,9.96872192628e-10,-8.86010917098e-10,2.9233937419e-10,4.729988953291757e-08,1.737856016400884e-08,-7.509368131959017e-09
10080,10079,159300000,0.06860000000001,4,0.00600058320424,0.00284468564472,0.0128773420713,0.478050321614,0.478050321614,False,low,True,0.3325558147284239,0.3096903096903097,0.013223233632743359,-0.0005545041640289128,1.722367960610427e-05,0.03206415257130905,-0.0027681859966415447,2.661296233159578e-06,0.26427677273750305,-0.16908767819404602,0.005304259248077869,0.032034486124719846,-0.002121898562059545,-0.0009677926361698404,2.96664465892e-05,-0.000646287434582,0.000970453932403,0.2322422866127832,-0.16696577963198647,0.00627205188424771,6.25814054047e-12,-1.36334413459e-10,2.04717375867e-10,4.8991538797685044e-08,-3.5221451657357015e-08,1.3230901129583605e-09
10080,10079,189500000,0.129,4,0.00941164277978,0.00243531572308,0.0128712670224,0.485851916444,0.485851916444,False,low,True,0.3325558147284239,0.3096903096903097,0.014443236403167248,0.00012868457997683436,-0.00034607702400535345,0.05028582753180435,0.0003072974814088161,-0.0005399782849840216,0.206995889544487,-0.05453432351350784,-0.043060459196567535,0.04852957839133435,-0.0006236735254171839,-0.007069594014634022,0.00175624914047,0.000930971006826,0.00652961572965,0.15846631115315266,-0.053910649988090656,-0.035990865181933514,3.53321977428e-10,1.87292628068e-10,1.31362725726e-09,3.188023220767271e-08,-1.0845737668657188e-08,-7.240637653552498e-09
10080,10079,125050000,0.0001,4,0.00140993563712,0.00278102030074,0.0125835482118,0.576210827207,0.576210827207,False,mid,True,0.3325558147284239,0.3096903096903097,0.04432814195752144,-0.0010973407188430429,0.001554815680719912,0.0774109530493471,0.0013362604090562653,-0.0036252913421878597,0.7565137147903442,-0.09994403272867203,0.04025867581367493,0.004405267316447093,0.00019152021599626534,-0.0013131118593378598,0.0730056857329,0.00114474019306,-0.00231217948285,0.7521084474738972,-0.10013555294466829,0.04157178767301278,8.60857138844e-09,1.34983701259e-10,-2.72643999453e-10,8.868595914044078e-08,-1.1807629055069893e-08,4.901997677790804e-09
10080,10079,161500000,0.073,4,0.0061480341998,0.00283268030357,0.0128554350409,0.478728938102,0.478728938102,False,mid,True,0.3325558147284239,0.3096903096903097,0.015652693808078766,-0.0006332235061563551,1.2796337614418007e-05,0.037781714149092184,-0.003263521495249328,-4.4478021280950665e-05,0.059078749269247055,-0.04087838903069496,-0.007847350090742111,0.036431126623942184,-0.003143464234683328,-0.00724947982935095,0.00135058752515,-0.000120057260566,0.00720500180807,0.02264762264530487,-0.037734924796011635,-0.0005978702613911608,2.83734128602e-10,-2.52218694268e-11,1.5136411906e-09,4.75785786295142e-09,-7.927428474962017e-09,-1.2560178031641972e-10
10080,10079,194600000,0.1392,4,0.00999719034863,0.0024386766209,0.0127878363193,0.481008265132,0.481008265132,False,mid,True,0.3325558147284239,0.3096903096903097,0.023774703964591026,0.0004725766193587333,-0.0007253276417031884,0.04422913206510412,0.0008433454053518605,-0.0013875667851853393,0.326842725276947,-0.3200775682926178,0.045564278960227966,0.04599110760494412,0.0006442501539818604,-0.00855563271532534,-0.00176197553984,0.00019909525137,0.00716806593014,0.2808516176720029,-0.32072181844659964,0.05411991167555331,-3.6505634661e-10,4.12497128646e-11,1.4851216158e-09,5.8188472637115514e-08,-6.644901286842854e-08,1.1212878265610825e-08
10081,10080,171450000,0.0929,0,0.00796912758104,0.00596706489421,0.00397517175366,0.418419139858,0.418419139858,False,high,True,0.8400533155614796,0.7022977022977023,0.17846712470054626,0.001514104544185102,-0.0033596830908209085,0.1921394014905861,0.0021937227373577013,-0.001036637491173678,0.012949003838002682,0.0020998893305659294,0.009586350992321968,0.025998391613586077,-0.0196495738801423,0.052303352557826324,0.166141009877,0.0218432966175,-0.053339990049,-0.013049387775583395,0.02174946321070823,-0.042717001565504356,5.09952114467e-08,6.70456698517e-09,-1.63721411898e-08,-4.005370434179538e-09,6.675765821477528e-09,-1.3111528145972578e-08
10081,10080,176350000,0.1027,0,0.00955307350605,0.00592395863428,0.0041773421291,0.414786486691,0.414786486691,False,high,True,0.8400533155614796,0.7022977022977023,0.17559999227523804,0.0014490081230178475,-0.002460313495248556,0.18149676937207612,0.0030377976465734355,0.0002761807159550739,0.05907993018627167,-0.03841526061296463,0.040109146386384964,0.09683097479007612,0.0045242558077234355,0.08020366810765507,0.084665794582,-0.00148645816115,-0.0799274873917,-0.03775104460380445,-0.042939516420688065,-0.04009452172127011,2.66061276037e-08,-4.67117750541e-10,-2.51171200729e-08,-1.186322191694916e-08,-1.3493693158725704e-08,-1.2599656879042519e-08
10081,10080,165850000,0.0817,0,0.00664495493496,0.00582521343487,0.00430160911668,0.401837463348,0.401837463348,False,low,True,0.8400533155614796,0.7022977022977023,0.16940195858478546,0.0008824755204841495,-0.0034324927255511284,0.14879618999253494,-0.0006775524784137926,-0.0037939672486997393,0.18123431503772736,-0.03399040922522545,0.015542427077889442,0.14730694054407495,-0.00041796622419179266,-0.01032700108701974,0.00148924944846,-0.000259586254222,0.00653303383832,0.03392737449365241,-0.03357244300103365,0.025869428164909183,5.09553053463e-10,-8.8818544544e-11,2.23530540443e-09,1.1608395952115607e-08,-1.1486954627412902e-08,8.851335232240323e-09
10081,10080,174150000,0.09829999999999,0,0.00880182227519,0.00591219951881,0.00411004192685,0.441433218863,0.441433218863,False,low,True,0.8400533155614796,0.7022977022977023,0.1764698624610901,0.0014897601213306189,-0.0028993170708417892,0.20031186571902337,0.0034604124988442207,-0.0024608286811432,0.5717544555664062,0.2417881190776825,-0.03256271779537201,0.20009132191911838,0.0033783171802911206,-0.0080462129859032,0.000220543799905,8.20953185531e-05,0.00558538430476,0.37166313364728787,0.2384098018973914,-0.02451650480946881,5.83905486966e-11,2.17353228601e-11,1.47877045003e-09,9.840047334518626e-08,6.312070052957912e-08,-6.49092002843277e-09
10081,10080,175800000,0.1016,0,0.00945881389033,0.00592343843336,0.00408369499842,0.420539398107,0.420539398107,False,low,True,0.8400533155614796,0.7022977022977023,0.1770828664302826,0.001573216519318521,-0.0024639605544507504,0.18722566303015153,0.0032507182592242953,-0.0021759011781536898,0.05393463000655174,-0.039017971605062485,0.04414903372526169,0.19151094817804154,0.0032816122270574954,-0.00749638954974369,-0.00428528514789,-3.08939678332e-05,0.00532048837159,-0.1375763181714898,-0.04229958383211998,0.051645423275005375,-1.29686273188e-09,-9.34949114002e-12,1.61014794731e-09,-4.163494228935386e-08,-1.280119104160592e-08,1.5629537453414003e-08
10081,10080,125050000,0.0001,0,0.00168997556217,0.00550923583884,0.00430981447071,0.427611992963,0.427611992963,False,mid,True,0.8400533155614796,0.7022977022977023,0.14101891219615936,-0.0009888600325211883,0.000596584053710103,0.09717381172263134,0.0009516866654325927,0.0005721105524568164,0.15908439457416534,-0.037239715456962585,-0.05868561938405037,0.012318895742931331,0.00040465967538459263,-0.0004905471931131837,0.0848549159797,0.000547026990048,0.00106265774557,0.14676549883123402,-0.037644375132347176,-0.05819507219093718,2.45384172515e-08,1.58189733319e-10,3.07300276659e-10,4.244177260521861e-08,-1.0886032629983541e-08,-1.682890079985476e-08
10081,10080,129450000,0.0089,0,0.00206568933864,0.00531436060308,0.00448221109108,0.403165717541,0.403165717541,False,mid,True,0.8400533155614796,0.7022977022977023,0.12962359189987183,-0.0002497936657164246,6.035053957020864e-05,0.10127003123975595,-0.00029801953476066637,-0.0003138934481942239,0.026706915348768234,-0.03915473073720932,-0.02914237231016159,0.07781362035535594,-0.025998862205160667,0.021866900862105777,0.0234564108844,0.0257008426704,-0.0221807943103,-0.051106705006587705,-0.013155868532048653,-0.05100927317226737,7.95581530341e-09,8.71706922407e-09,-7.52315875115e-09,-1.733408865499004e-08,-4.462134497587543e-09,-1.7301042265994518e-08
10081,10080,177300000,0.1046,0,0.00979733036224,0.00593532450404,0.00428992009924,0.40057434557,0.40057434557,False,mid,True,0.8400533155614796,0.7022977022977023,0.17387942969799042,0.0012995399301871657,-0.002372035291045904,0.17003792168458143,0.0021057648367929726,-0.0010682116134851927,0.06198788061738014,0.01525483001023531,0.004796332214027643,0.15664955919798143,0.005509763676212973,0.027291103564714807,0.0133883624866,-0.00340399883942,-0.0283593151782,-0.09466167858060129,0.009745066334022338,-0.022494771350687164,4.61980674556e-09,-1.17458851416e-09,-9.7857042406e-09,-3.2664088807772165e-08,3.362645971897728e-09,-7.762076693830664e-09
10081,10080,134350000,0.0187,0,0.00275647687864,0.00521208409586,0.00440299159793,0.383786058201,0.4,True,high,True,0.8400533155614796,0.7022977022977023,0.12494313716888428,0.0006892725359648466,-0.0007779794395901263,0.12417936560509032,-6.177596784638639e-05,-0.0011834404795054015,0.03692661598324776,0.2286781668663025,0.07520796358585358,0.009872780162090332,-0.025884732171446385,-0.0777624361508054,0.114306585443,0.0258229562036,0.0765789956713,0.027053835821157425,0.25456289903774887,0.152970399736659,3.96034657977e-08,8.94680353578e-09,2.65320989524e-08,9.373262769479161e-09,8.819765743441005e-08,5.299920359399254e-08
10081,10080,149450000,0.0489,0,0.00403310594068,0.00565471912768,0.00424784976282,0.376902287439,0.4,True,high,True,0.8400533155614796,0.7022977022977023,0.14779332280158997,0.0003077518776990473,-0.0017200999427586794,0.1432513246176097,-0.00022283878472417057,0.000237786234936678,5.377282650442794e-05,1.8189628463005647e-05,-3.6011755582876503e-05,0.014707622383609712,0.01508679620047583,-0.02609078497966332,0.128543702234,-0.0153096349852,0.0263285712146,-0.014653849557105284,-0.015068606572012824,0.026054773224080445,4.45353866381e-08,-5.30419228248e-09,9.12182454909e-09,-5.076988171494676e-09,-5.220685324282014e-09,9.026964208561394e-09
10081,10080,169650000,0.0893,0,0.00743905856876,0.00588099761933,0.00409972643267,0.393358405548,0.4,True,high,True,0.8400533155614796,0.7022977022977023,0.17603813111782074,0.0014029531739652157,-0.0036860525142401457,0.17522762834190825,0.002350054602646104,-0.004276059469567002,0.00845086108893156,0.007836565375328064,-0.0037043639458715916,0.08518309494100824,0.046427169717846106,-0.065033340103267,0.0900445334009,-0.0440771151152,0.0607572806337,-0.07673223385207668,-0.03859060434251804,0.06132897615739541,3.11959053665e-08,-1.52705051603e-08,2.1049344201e-08,-2.6583862622177203e-08,-1.3369704918613288e-08,2.1247407967686275e-08
10081,10080,151800000,0.05360000000001,0,0.00442709962701,0.00566108679064,0.00412441622213,0.37700538761,0.4,True,low,True,0.8400533155614796,0.7022977022977023,0.15551598370075226,0.0003122607886325568,-0.001897097215987742,0.15282404847308234,-0.0006539654421768342,-1.3871288148079551e-05,0.024355705827474594,-0.039545316249132156,0.030189871788024902,0.15134855177474235,-0.0014172000399708341,-0.005208091796628079,0.00147549669834,0.000763234597794,0.00519422050848,-0.12699284594726776,-0.038128116209161324,0.03539796358465298,5.11060026355e-10,2.64357550987e-10,1.79909482206e-09,-4.398584372947568e-08,-1.3206234955722254e-08,1.2260606359060148e-08
10081,10080,177900000,0.1058,0,0.00999277079426,0.00593941184293,0.00429816794116,0.389671060483,0.4,True,low,True,0.8400533155614796,0.7022977022977023,0.17380964756011963,0.0012961938045918941,-0.0022469956893473864,0.16184157063625362,0.0014961184993976505,-0.001686070695099571,0.11453806608915329,0.07395259290933609,-0.01794731803238392,0.16371138568381363,0.0019915550668846505,-0.003398145873749571,-0.00186981504756,-0.000495436567487,0.00171207517865,-0.04917331959466034,0.07196103784245143,-0.014549172158634348,-6.4763391636e-10,-1.71600675119e-10,5.92998732415e-10,-1.7031796589234315e-08,2.4924608893313657e-08,-5.03928843507485e-09
10081,10080,143550000,0.0371,0,0.00395664848213,0.00560267087271,0.00431610139837,0.377331800154,0.4,True,mid,True,0.8400533155614796,0.7022977022977023,0.1455494910478592,0.0003861081204377115,-0.001726882765069604,0.14241088263107252,-0.000187299350200551,0.0010147973159274218,0.006922418717294931,-0.009193622507154942,0.00883247796446085,0.13472810218692252,0.010529908199599449,0.007846928261417422,0.00768278044415,-0.0107172075498,-0.00683213094549,-0.1278056834696276,-0.01972353070675439,0.0009855497030434278,2.66109914063e-09,-3.71213937558e-09,-2.36645807073e-09,-4.426829543296512e-08,-6.83167649985814e-09,3.4136670790986876e-10
10081,10080,177550000,0.1051,0,0.00987773065175,0.00593760864282,0.00429794087281,0.396061649919,0.4,True,mid,True,0.8400533155614796,0.7022977022977023,0.17377766966819763,0.001291310996748507,-0.002323715714737773,0.16663772490310122,0.0017965091815753723,-0.0014896751543771215,0.16294637322425842,0.07841330766677856,0.0070493933744728565,0.16379327399744123,0.0034510392726053722,0.006463425846422878,0.00284445090566,-0.00165453009103,-0.0079531010008,-0.0008469007731828071,0.07496226839417319,0.0005859675280499785,9.85224312691e-10,-5.73074848477e-10,-2.75469281319e-09,-2.933385949878244e-10,2.596446618558048e-08,2.0295989427508384e-10
10082,10081,125950000,0.0019,2,0.00197200435563,0.00848470926032,0.003182757868,0.414525629291,0.414525629291,False,low,True,0.5091636121292903,0.5614385614385614,0.1543130874633789,-0.0003544689097907394,8.869182056514546e-05,0.12242348069711506,-0.0007177497740404804,-0.00085413986124315,0.3198845386505127,-0.0958370640873909,-0.07872230559587479,0.11797687729785505,-0.0006120777944174804,-0.00587868525338315,0.00444660339926,-0.000105671979623,0.00502454539214,0.20190766135265764,-0.09522498629297342,-0.07284362034249163,1.39938472369e-09,-3.32558901094e-11,1.58126809024e-09,6.354209528533323e-08,-2.9968130540644404e-08,-2.292452021742124e-08
10082,10081,126850000,0.0037,2,0.00219305422801,0.00848382557787,0.00317291850066,0.408651726376,0.408651726376,False,low,True,0.5091636121292903,0.5614385614385614,0.14902353286743164,-0.0005863691912963986,-5.7699297030922025e-05,0.1270567700664145,-0.00029358850401343196,-0.00025627555250174513,0.4880113899707794,0.08350639045238495,0.06378152966499329,0.1258864836199545,-0.00032534395539633194,-0.005057142826901745,0.00117028644646,3.17554513829e-05,0.0048008672744,0.36212490635082495,0.08383173440778129,0.06883867249189503,3.82763708294e-10,1.03862044772e-11,1.57021194814e-09,1.1843961146419899e-07,2.741871071968844e-08,2.2514954041168553e-08
10082,10081,128600000,0.0072,2,0.00260840132759,0.00852144166475,0.00317930361532,0.400048321624,0.400048321624,False,low,True,0.5091636121292903,0.5614385614385614,0.14291931688785553,-0.0009512570104561746,-0.00030908521148376167,0.1338483852067987,-0.0016268965621267918,-0.0001294953364077765,0.17857225239276886,-0.009453944861888885,0.0378061942756176,0.1311689667543287,0.001348354906153208,-0.0031710732199477765,0.00267941845247,-0.00297525146828,0.00304157788354,0.04740328563844015,-0.010802299768042093,0.04097726749556538,9.2775629317e-10,-1.03018931997e-09,1.05315503072e-09,1.6413523064116944e-08,-3.740327152438676e-09,1.4188495925639888e-08
10082,10081,125050000,0.0001,2,0.00180832416851,0.00848548584345,0.00319115094934,0.430650699141,0.430650699141,False,mid,True,0.5091636121292903,0.5614385614385614,0.15819942951202393,-0.00018235293100588024,0.00019939904450438917,0.1266659117735701,-0.0006833979040997496,0.0012954414163198764,0.2002134621143341,-0.07181201130151749,-0.16791439056396484,0.01658708981157009,-0.0001609464107927495,-0.0002708708773801235,0.110078821962,-0.000522451493307,0.0015663122937,0.18362637230276402,-0.07165106489072473,-0.16764351968658472,3.12201823493e-08,-1.48175921571e-10,4.44232183388e-10,5.207948927189425e-08,-2.0321432147794646e-08,-4.7546486790169307e-08
10082,10081,127550000,0.0051,2,0.00236869617317,0.00848592573986,0.00316752050837,0.403976250865,0.403976250865,False,mid,True,0.5091636121292903,0.5614385614385614,0.14476962387561798,-0.0007690325146540999,-0.00017271442629862577,0.13004138602398138,0.000237837734722246,0.00020878103149117241,0.3541964590549469,0.11425352096557617,0.0641116127371788,0.08425605044968137,0.03797587919552225,0.018056417958191174,0.0457853355743,-0.0377380414608,-0.0178476369267,0.2699404086052655,0.07627764177005392,0.04605519477898763,1.54466605949e-08,-1.27317340946e-08,-6.02128141185e-09,9.10701607901596e-08,2.5733891182075885e-08,1.553770335984706e-08
10082,10081,128400000,0.0068,2,0.00255651559992,0.00852021836166,0.00318022926287,0.400250411329,0.400250411329,False,mid,True,0.5091636121292903,0.5614385614385614,0.14214593172073364,-0.0009237509220838547,-0.000289749848889187,0.13302883717493008,-0.0007101437111181625,4.2587996413806896e-05,0.22531579434871674,0.01590874046087265,0.03765197843313217,0.1278842857726601,0.0051521432625518376,-0.0012143983390061931,0.00514455140227,-0.00586228697367,0.00125698633542,0.09743150857605665,0.010756597198320813,0.03886637677213836,1.77892907123e-09,-2.02711410693e-09,4.34651995748e-10,3.369073987352959e-08,3.719512541982966e-09,1.3439563943881028e-08
10082,10081,129350000,0.0087,2,0.00280350408665,0.00851952598354,0.00317274369709,0.399283727895,0.4,True,high,True,0.5091636121292903,0.5614385614385614,0.14587858319282532,-0.0010575865162536502,-0.00037910646642558277,0.13715318033082774,-0.002769192275660552,-0.0006631814406049944,0.021355576813220978,-0.03191050514578819,0.031558264046907425,-0.025091044618172284,-0.0076164000160805516,0.0022608587290050054,0.162244224949,0.00484720774042,-0.00292404016961,0.04644662143139326,-0.02429410512970764,0.029297405317902418,5.6215036578e-08,1.6794801819e-09,-1.01313328805e-09,1.609301362505222e-08,-8.417520000638466e-09,1.0151083726425907e-08
10082,10081,141000000,0.032,2,0.00421218666342,0.00818156288222,0.00352587574746,0.38579685721,0.4,True,high,True,0.5091636121292903,0.5614385614385614,0.1625831127166748,-0.002113012131303549,-0.0011033926857635379,0.1532695358922439,-0.004580245843674259,0.0017558513617916963,0.0238264799118042,-0.030260371044278145,0.003118609543889761,0.04029021692224389,-0.03526008596487426,-0.0010886982551683037,0.11297931897,0.0306798401212,0.00284454961696,-0.01646373701043969,0.0049997149205961156,0.004207307799058065,3.91416454283e-08,1.06290198487e-08,9.85493217036e-10,-5.703855912414075e-09,1.732149480530691e-09,1.4576203112201128e-09
10082,10081,162950000,0.0759,2,0.0091022213829,0.00813392269074,0.00346511901497,0.355585603543,0.4,True,high,True,0.5091636121292903,0.5614385614385614,0.18570727109909058,0.0006533432751893997,-0.0036374747287482023,0.15594830511001093,0.002987000129112502,-0.0034184003513077627,0.03684498742222786,-0.021035246551036835,0.024747805669903755,0.062100603826710926,0.0321021183481125,0.05889569399539224,0.0938477012833,-0.029115118219,-0.0623140943467,-0.025255616404483067,-0.05313736489914934,-0.034147888325488485,3.25134495254e-08,-1.00869058453e-08,-2.15886604952e-08,-8.749785002416848e-09,-1.84093910445994e-08,-1.1830504405409307e-08
10082,10081,128650000,0.0073,2,0.00262154647064,0.0085215448113,0.00317897203254,0.399997009409,0.4,True,low,True,0.5091636121292903,0.5614385614385614,0.14311683177947998,-0.0009583104401826859,-0.00031390824005939066,0.1340792013476317,-0.0018706902692552912,-0.0001882106364219159,0.1668815314769745,-0.015935752540826797,0.03759878873825073,0.13172192759446172,0.0007270667236947088,-0.003452364779641916,0.00235727375317,-0.00259775699295,0.00326415414322,0.03515960388251277,-0.016662819264521508,0.041051153517892645,8.16475317985e-10,-8.99770111134e-10,1.13058624967e-09,1.2178029268600908e-08,-5.771404631827376e-09,1.4218651345482612e-08
10082,10081,154350000,0.05870000000001,2,0.00714861470319,0.00767823266123,0.00347760021956,0.371418330257,0.4,True,low,True,0.5091636121292903,0.5614385614385614,0.1830032616853714,-0.0007415178697556257,-0.003706681774929166,0.17299181518071494,-0.001000726065209748,-0.0033595764249830995,0.25128576159477234,-0.12688462436199188,-0.1036452203989029,0.17039618417406494,-0.000942729693040148,-0.0070649832940330995,0.00259563100665,-5.79963721696e-05,0.00370540686905,0.0808895774207074,-0.12594189466895173,-0.09658023710486979,8.99033218106e-10,-2.00878572403e-11,1.28341965916e-09,2.801724009046356e-08,-4.3621742292408124e-08,-3.34519202256128e-08
10082,10081,166450000,0.0829,2,0.00999421776022,0.00822517919027,0.00358443128048,0.385243631579,0.4,True,low,True,0.5091636121292903,0.5614385614385614,0.18594598770141602,0.00117526575922966,-0.0034273634664714336,0.156669344710981,0.0029625372617112346,-0.004993679785101425,0.026023762300610542,0.006064834538847208,0.013791793957352638,0.155219659035911,0.0028992898880737345,-0.009392919536201425,0.00144968567507,6.32473736375e-05,0.0043992397511,-0.12919589673530046,0.0031655446507734735,0.02318471349355406,5.02119092888e-10,2.19066204657e-11,1.523738774e-09,-4.4748822168211355e-08,1.0964310649371448e-09,8.030352722963111e-09
10082,10081,129450000,0.0089,2,0.00280471653979,0.00851818852148,0.00317291267062,0.399271014356,0.4,True,mid,True,0.5091636121292903,0.5614385614385614,0.14589574933052063,-0.001059014000929892,-0.0003792688366957009,0.13715176636565887,-0.002808041931485016,-0.0007408010648638904,0.021754316985607147,-0.032524749636650085,0.032192789018154144,0.03294403985965886,-0.005886968093375016,-0.0003835649511928905,0.104207726506,0.00307892616189,-0.000357236113671,-0.011189722874051712,-0.02663778154327507,0.032576353969347036,3.61017118025e-08,1.06666279637e-09,-1.23760834764e-10,-3.876566199969819e-09,-9.228389722885892e-09,1.1285748015142466e-08
10082,10081,164750000,0.0795,2,0.00948450499973,0.00821608703005,0.00361197269879,0.361255604954,0.4,True,mid,True,0.5091636121292903,0.5614385614385614,0.1839619278907776,0.0007761128363199532,-0.003592439228668809,0.14703277729959707,0.0016634068202102353,-0.00515077520960821,0.07484496384859085,-0.045417603105306625,0.028744187206029892,0.14232699313142708,0.005001768664270235,0.00028843871562179074,0.00470578416817,-0.00333836184406,-0.00543921392523,-0.06748202928283623,-0.05041937176957686,0.028455748490408102,1.62992655811e-09,-1.15629710921e-09,-1.88396214428e-09,-2.3373522412548126e-08,-1.746358739663068e-08,9.856121432251514e-09
10083,10082,136050000,0.0221,4,0.00235183046997,0.00470453782265,0.00870359757651,0.400241427478,0.400241427478,False,low,True,0.6937687437520826,0.6133866133866134,0.13889312744140625,-0.002094380324706435,-0.0007898724870756269,0.11064172296871506,-0.001151186991933924,-0.0023022394897988076,0.01371094211935997,-0.030337488278746605,0.0005045095458626747,0.10614412879939507,0.0006862543700460761,-0.007159115965638807,0.00449759416932,-0.00183744136198,0.00485687647584,-0.0924331866800351,-0.03102374264879268,0.007663625511501482,1.5553079997e-09,-6.35403538354e-10,1.6795510115e-09,-3.196421670536397e-08,-1.0728285680230051e-08,2.6501497502876764e-09
10083,10082,136550000,0.0231,4,0.00246187721902,0.00470415818376,0.00869664905204,0.404025280758,0.404025280758,False,low,True,0.6937687437520826,0.6133866133866134,0.13628612458705902,-0.0019393360707908869,-0.0016005677171051502,0.11614801709747886,-0.0011290362627036222,-0.0023258572180445674,0.041079603135585785,-0.0701657086610794,-0.03329974412918091,0.11335587112393887,-0.0008977389071516223,-0.006873147616234567,0.00279214597354,-0.000231297355552,0.00454729039819,-0.07227626798835309,-0.06926796975392778,-0.026426596512946342,9.41566880797e-10,-7.79980458283e-11,1.53343631632e-09,-2.437298796346861e-08,-2.3358530262498396e-08,-8.911571344957587e-09
10083,10082,137050000,0.0241,4,0.00257802494614,0.00470302961317,0.00868966600034,0.40555250006,0.40555250006,False,low,True,0.6937687437520826,0.6133866133866134,0.136230006814003,-0.0019389183726161718,-0.0019894209690392017,0.12177697782916014,-0.0012815779754992303,-0.002540187298846407,0.03146998956799507,-0.037621527910232544,-0.03584938496351242,0.11896327076941014,-0.0012424959166166304,-0.007073291110606407,0.00281370705975,-3.90820588826e-05,0.00453310381176,-0.08749328120141507,-0.03637903199361591,-0.028776093852906012,9.39291761536e-10,-1.30466516779e-11,1.51327305016e-09,-2.920763124126301e-08,-1.2144307960488942e-08,-9.606240916771796e-09
10083,10082,125050000,0.0001,4,0.00164132817642,0.00478558349692,0.00883028222395,0.480958702651,0.480958702651,False,mid,True,0.6937687437520826,0.6133866133866134,0.1572275459766388,-0.003178676590323448,0.004388592205941677,0.06948092369633654,9.271663168215192e-05,-0.00235247790416174,0.06070807948708534,-0.0970931202173233,-0.013802283443510532,0.006427474123636553,0.00015883620985315193,-0.0014759240644247396,0.0630534495727,-6.6119578171e-05,-0.000876553839737,0.05428060536344879,-0.09725195642717646,-0.012326359379085793,1.30694136095e-08,-1.37049458936e-11,-1.81687834054e-10,1.1251020955657739e-08,-2.0157914459768938e-08,-2.5549480657496313e-09
10083,10082,139200000,0.0284,4,0.00288753408048,0.00471129359099,0.00848847334312,0.400193942471,0.400193942471,False,mid,True,0.6937687437520826,0.6133866133866134,0.13356877863407135,-0.001692882040515542,-0.0025301368441432714,0.12674771023111348,-0.0013352159270583258,-0.0035188497953267117,0.07228966802358627,-0.010827402584254742,-0.014493819326162338,0.11776280884162349,0.006071755087661675,-0.025509833330426713,0.00898490138949,-0.00740697101472,0.0219909835351,-0.045473140818037217,-0.016899157671916416,0.011016014004264375,3.10816504831e-09,-2.56230841317e-09,7.60738526098e-09,-1.573061526227083e-08,-5.845959676660926e-09,3.810791929202619e-09
10083,10082,142500000,0.035,4,0.00371245075825,0.00469641786988,0.00841784102765,0.393527239604,0.4,True,high,True,0.6937687437520826,0.6133866133866134,0.14197862148284912,-0.0020088583696633577,-0.003651268081739545,0.13138111374707248,-0.002812026075404171,-0.006156384863404182,0.022789888083934784,0.01333289872854948,0.01584624871611595,0.013707989425072486,-0.05605106349660417,-0.052666201724004186,0.117673124322,0.0532390374212,0.0465098168606,0.009081898658862298,0.06938396222515365,0.06851245044012014,4.07696176773e-08,1.84454624934e-08,1.61140231686e-08,3.146559915349804e-09,2.4039113681671804e-08,2.3737165361001494e-08
10083,10082,162350000,0.0747,0,0.00741445124538,0.00388593318148,0.00763417459469,0.375927797151,0.4,True,high,True,0.6937687437520826,0.6133866133866134,0.15707841515541077,0.00015358474047388881,-0.004082765430212021,0.15885409653069107,0.001028298616706877,-0.004790733087693368,0.007558156736195087,0.01101134717464447,-0.003631285624578595,0.036827905572691076,0.04937480390210688,-0.026346824531793368,0.122026190958,-0.0483465052854,0.0215560914441,-0.02926974883649599,-0.03836345672746241,0.022715538907214772,4.22774073006e-08,-1.67502146832e-08,7.4683611005e-09,-1.0140848316517853e-08,-1.3291470239246033e-08,7.870065294130536e-09
10083,10082,139700000,0.0294,4,0.00301008237168,0.00471328905458,0.00847271909599,0.398163389232,0.4,True,low,True,0.6937687437520826,0.6133866133866134,0.13457560539245605,-0.00173104926943779,-0.0027086229529231787,0.12521534265643808,-0.0020122783193754264,-0.004139463344769842,0.19076420366764069,0.02467918023467064,0.02229100838303566,0.12476209411358409,-0.0006673696719554263,-0.010273259981279842,0.000453248542854,-0.00134490864742,0.00613379663651,0.0660021095540566,0.025346549906626065,0.0325642683643155,1.56989602882e-10,-4.65829792062e-10,2.12453479069e-09,2.2860845625670242e-08,8.779167339858327e-09,1.1279135121882767e-08
10083,10082,157600000,0.06520000000001,4,0.00667358589123,0.00399022499149,0.00789647400017,0.373462564173,0.4,True,low,True,0.6937687437520826,0.6133866133866134,0.1563493013381958,-0.0003438206622377038,-0.004039985593408346,0.16648531847815942,0.001617303459348676,-0.006047197855995243,0.02672206237912178,0.059661950916051865,-0.13161902129650116,0.16335610565895942,0.005624981555668676,-0.008420992176815243,0.0031292128192,-0.00400767809632,0.00237379432082,-0.13663404327983764,0.054036969360383186,-0.12319802911968591,1.0838493523e-09,-1.38811885286e-09,8.22198931736e-10,-4.7325230934356217e-08,1.8716507193857112e-08,-4.267146780400544e-08
10083,10082,175550000,0.1011,0,0.009988589831,0.0043764516279,0.00754210302395,0.373988522738,0.4,True,low,True,0.6937687437520826,0.6133866133866134,0.1537514626979828,0.0001815540308598429,-0.0043983967043459415,0.15081394705932952,0.0005060523657093039,-0.00484583642547339,0.10671808570623398,-0.053444188088178635,0.0011157960398122668,0.1486085358301295,0.0007606121243303039,-0.01063513603147339,0.0022054112292,-0.000254559758621,0.005789299606,-0.04189045012389553,-0.05420480021250894,0.011750932071285657,7.63877933956e-10,-8.817066854e-11,2.00521252614e-09,-1.4509398550910509e-08,-1.8774662180274362e-08,4.07011517571883e-09
10083,10082,154600000,0.05920000000001,4,0.00586986938233,0.00405722987598,0.00799245160356,0.372947332301,0.4,True,mid,True,0.6937687437520826,0.6133866133866134,0.1569453775882721,-0.0008690716931596398,-0.003996345214545727,0.15698879703528387,0.0007314238689927408,-0.005750466642097194,0.04774687811732292,-0.03284667804837227,-0.03594378009438515,0.06995393958788387,-0.061544562015407256,-0.03527403928499719,0.0870348574474,0.0622759858844,0.0295235726429,-0.02220706147056095,0.028697883967034987,-0.0006697408093879545,3.01527929105e-08,2.15752051619e-08,1.02282947084e-08,-7.693525850564668e-09,9.94223897878515e-09,-2.3202836796012052e-10
10083,10082,175450000,0.1009,0,0.00995897594796,0.00437628739025,0.0075443008627,0.37296581794,0.4,True,mid,True,0.6937687437520826,0.6133866133866134,0.153694748878479,0.00018224510131403804,-0.004401170648634434,0.15047764448915593,0.0005641405656525115,-0.004812418424046883,0.08710971474647522,-0.03830644488334656,-0.00582781620323658,0.14747109880576592,0.0008867014692245115,-0.011402391893076883,0.00300654568339,-0.000322560903572,0.00658997346903,-0.0603613840592907,-0.03919314635257107,0.005574575689840303,1.04136551518e-09,-1.11724163508e-10,2.28254343665e-09,-2.0907137435241385e-08,-1.3575177409912455e-08,1.930844063750521e-09
10084,10083,126850000,0.0037,4,0.00263485583674,0.00699573109187,0.00783511246434,0.375244068144,0.4,True,high,True,0.6651116294568478,0.5904095904095904,0.10605885833501816,-0.0007039042538963258,-0.002936646342277527,0.10924151387287133,0.0005444190982704759,-0.003842530780752234,0.04144328832626343,-0.06293172389268875,0.054723091423511505,-0.008419509516128677,0.015303869789670476,0.020968489233247765,0.117661023389,-0.0147594506914,-0.024811020014,0.0498627978423921,-0.07823559368235923,0.033754602190263744,4.07639822838e-08,-5.11345192463e-09,-8.59584551591e-09,1.7275102232861818e-08,-2.7104934692660963e-08,1.169437394005674e-08
10084,10083,155350000,0.06070000000001,0,0.00763371105997,0.00646180966465,0.0075664693464,0.369535527321,0.4,True,high,True,0.6651116294568478,0.5904095904095904,0.14535720646381378,-0.0013074524467810988,-0.006193456705659628,0.1494008245738136,-0.0011088613135275122,-0.006175084459756022,0.00048279273323714733,0.0018040720606222749,0.0030907730106264353,0.031190704416813597,0.03357602207407249,-0.02860086960705602,0.118210120157,-0.0346848833876,0.0224257851473,-0.03070791168357645,-0.03177195001345021,0.03169164261768245,4.09545839995e-08,-1.20167796828e-08,7.7695437611e-09,-1.0638934693774866e-08,-1.1007576964856251e-08,1.0979754000279429e-08
10084,10083,125700000,0.0014,4,0.00240663643656,0.00699544897655,0.00785111636091,0.381844294274,0.4,True,low,True,0.6651116294568478,0.5904095904095904,0.10631117224693298,-0.0006106874789111316,-0.001947726239450276,0.10062203797897437,-0.0003739945078454069,-0.0030031866549609337,0.2477089762687683,-0.12160172313451767,0.028917359188199043,0.09540186151726437,-0.0004651200859562069,-0.0067059915512009335,0.00522017646171,9.11255781108e-05,0.00370280489624,0.15230711475150394,-0.12113660304856146,0.03562335073939998,1.80808880986e-09,3.15627525779e-11,1.28252371296e-09,5.275392352425238e-08,-4.1957534968985596e-08,1.2338698186555787e-08
10084,10083,143450000,0.0369,0,0.00559770077389,0.00701314882807,0.00770799467082,0.368882173645,0.4,True,low,True,0.6651116294568478,0.5904095904095904,0.14045624434947968,-0.002066895365715027,-0.007150531280785799,0.1228792197168837,-0.0018585816704455482,-0.0070027839467083144,0.16010962426662445,0.0019183000549674034,0.06560376286506653,0.1226792625810667,-0.0019915004895885483,-0.011388478708098315,0.000199957135817,0.000132918819143,0.00438569476139,0.037430361685557745,0.003909800544555952,0.07699224157316484,6.92579394595e-11,4.60382846136e-11,1.51904647479e-09,1.2964527187145326e-08,1.3542138834252608e-09,2.6667335396325936e-08
10084,10083,167850000,0.0857,0,0.0099957742234,0.00648550026928,0.00738330902369,0.375926954075,0.4,True,low,True,0.6651116294568478,0.5904095904095904,0.15297755599021912,-0.0002807966957334429,-0.003836746094748378,0.16564366689078294,-0.0012362830962795131,-0.0038344917987197897,0.005672987084835768,0.11975233256816864,0.05953756719827652,0.16410503367209295,-0.0009882221385115132,-0.00824794759762979,0.00153863321869,-0.000248060957768,0.00441345579891,-0.15843204658725718,0.12074055470668016,0.0677855147959063,5.32927386298e-10,-8.59194226801e-11,1.52866286447e-09,-5.487518108140497e-08,4.182019955002755e-08,2.347847218569476e-08
10084,10083,125050000,0.0001,4,0.00231188422858,0.00699598653113,0.00785778713071,0.392956940625,0.4,True,mid,True,0.6651116294568478,0.5904095904095904,0.10819000750780106,-0.0005985739408060908,-0.0012065015034750104,0.10269697135788443,-0.00028458923656089833,-0.003933677349983206,0.2137242704629898,-0.0396231934428215,-0.013310267589986324,0.01676347520838443,7.915826886710165e-05,-0.0020126042705932057,0.0859334961495,-0.000363747505428,-0.00192107307939,0.1969607952546054,-0.03970235171168861,-0.011297663319393119,2.97695938802e-08,-1.26011578683e-10,-6.65509585321e-10,6.823233253363848e-08,-1.3753925296948486e-08,-3.913803858607728e-09
10084,10083,141300000,0.0326,0,0.00504800231739,0.00704557197931,0.00776058485512,0.366948320391,0.4,True,mid,True,0.6651116294568478,0.5904095904095904,0.13847728073596954,-0.002106968080624938,-0.007301028352230787,0.1392548896421861,-0.0022221343316866163,-0.007660909857263984,0.04436585307121277,-0.004917753394693136,-0.018230559304356575,0.1204044748819861,-0.036165676519886614,-0.016030128538213985,0.0188504147602,0.0339435421882,0.00836921868095,-0.07603862181077334,0.031247923125193477,-0.00220043076614259,6.52961017355e-09,1.17577305973e-08,2.89902032071e-09,-2.6339078735052644e-08,1.0823992964385012e-08,-7.622089646060676e-10
10084,10083,167050000,0.0841,0,0.00973811011623,0.00648563104781,0.00739696018648,0.377271724746,0.4,True,mid,True,0.6651116294568478,0.5904095904095904,0.1522258222103119,-0.0003879932046402246,-0.00409091217443347,0.16041552929591238,-0.0005761904680270829,-0.0034662440115763088,0.08486174792051315,0.04583865404129028,-0.011788603849709034,0.15708682702121238,0.0018779793303729173,-0.009733246689786309,0.0033287022747,-0.0024541697984,0.00626700267821,-0.07222507910069922,0.043960674710917365,-0.002055357159922725,1.15295029167e-09,-8.50041713369e-10,2.1706785316e-09,-2.5016333436698236e-08,1.522649625813826e-08,-7.119064552694163e-10
10085,10084,125950000,0.0019,0,0.00268826732828,0.00102964036358,0.000468430066016,0.43299592026,0.43299592026,False,low,True,0.24958347217594135,0.14785214785214784,0.014254242181777954,4.6845641918480396e-05,-0.00012099148443667218,0.10825188621945141,-0.0009042981636355268,-0.0019100674403417974,0.4914506673812866,0.27016592025756836,-0.1045496016740799,0.10411708632493141,-0.0008450588840364267,-0.007240654175431798,0.00413479989452,-5.92392795991e-05,0.00533058673509,0.3873335810563552,0.27101097914160477,-0.0973089474986481,1.15498615592e-09,-1.65474870778e-11,1.4890089095e-09,1.0819506028212349e-07,7.570231619312405e-08,-2.7181602514021107e-08
10085,10084,204600000,0.1592,0,0.00591090870016,0.000925992311698,2.49999971735e-05,0.431418049007,0.431418049007,False,low,True,0.24958347217594135,0.14785214785214784,0.0008215714478865266,1.7102627680287696e-05,-2.246180201836978e-06,0.007279138362263457,0.00022709624088208816,4.89791224062347e-05,0.1073322743177414,-0.04052159562706947,-0.0008933385252021253,0.00727915934577555,0.00022712785884458595,2.933346972298784e-13,-2.09835120928e-08,-3.16179624978e-08,4.89791221129e-05,0.10005311497196584,-0.04074872348591406,-0.00089333852549546,-5.92068394084e-15,-8.92128838942e-15,1.38198934691e-11,2.823087328876407e-08,-1.149761353988879e-08,-2.5206338377670745e-10
10085,10084,275000000,0.3000000000002,0,0.00682833909896,0.000970609998854,2.49996615477e-05,0.429778917024,0.429778917024,False,low,True,0.24958347217594135,0.14785214785214784,0.000878628809005022,1.857905044744257e-05,-3.540542650171119e-07,0.007278033611798327,0.00022311741123940375,4.89070585880178e-05,0.0,0.0,0.0,0.004206431288418327,-0.003947908333950596,5.6813417794015934e-11,0.00307160232338,0.00417102574519,4.89070017746e-05,-0.004206431288418327,0.003947908333950596,-5.6813417794015934e-11,8.75830835989e-10,1.18931833641e-09,1.39452493326e-11,-1.1994138055673956e-09,1.125699062740523e-09,-1.619966973696452e-17
10085,10084,125050000,0.0001,0,0.00254383194481,0.00103073896597,0.000478311518056,0.433654276059,0.433654276059,False,mid,True,0.24958347217594135,0.14785214785214784,0.014409665018320084,2.894245699280873e-05,-0.00012589272228069603,0.1088919779403016,0.00037206930743262606,-0.00026179346350201896,0.47965094447135925,0.19348526000976562,-0.07980947941541672,0.015675354993201603,0.0001468616830096261,-0.0008331797686040189,0.0932166229471,0.000225207624423,0.000571386305102,0.46397558947815765,0.193338398326756,-0.0789762996468127,2.5934317569e-08,6.26562716616e-11,1.58968576876e-10,1.2908524146620423e-07,5.378975618257902e-08,-2.1972437648028565e-08
10085,10084,133950000,0.0179,0,0.00409782428947,0.000979352355775,0.000309447311676,0.428619301599,0.428619301599,False,mid,True,0.24958347217594135,0.14785214785214784,0.009921138174831867,0.00014306968660093844,-6.272349128266796e-05,0.07554488260157373,2.7672143154250026e-05,-0.0013243006360343385,0.10581143200397491,0.04104754328727722,0.03225047513842583,0.07244376598110373,0.01110187828485425,-0.009193299083604339,0.00310111662047,-0.0110742061417,0.00786899844757,0.03336766602287118,0.02994566500242297,0.04144377422203017,8.90862790363e-10,-3.18130512066e-09,2.26053991911e-09,9.58558342013953e-09,8.602539648878288e-09,1.1905620092768935e-08
10085,10084,140600000,0.0312,0,0.00474520665343,0.000897585807609,0.00013042487529,0.428617910801,0.428617910801,False,mid,True,0.24958347217594135,0.14785214785214784,0.00400354852899909,7.542646198999137e-05,-2.1869618649361655e-05,0.03186212641174225,0.00015770127098106539,-0.0006976268459609599,0.17940914630889893,-0.08899220079183578,0.024403156712651253,0.03271167748134925,-0.0020154173714389345,-0.00741643753338096,-0.000849551069607,0.00217311864242,0.00671881068742,0.1466974688275497,-0.08697678342039684,0.031819594246032215,-2.44050401588e-10,6.24271449186e-10,1.93011168501e-09,4.214175870076887e-08,-2.498580683610982e-08,9.140809813487638e-09
10086,10085,125400000,0.0008,2,0.00262254949765,0.0097210887545,0.000128327598049,0.416933553305,0.416933553305,False,low,False,0.0,0.0,0.007444378454238176,-5.919984687352553e-06,-3.2401880162069574e-05,0.023580255660883002,-0.00046244165444981396,-0.0002094703092853237,0.7557836771011353,0.3589087426662445,0.020740339532494545,0.018548346696153004,-0.00027726690399681395,-0.004146346797255324,0.00503190896473,-0.000185174750453,0.00393687648797,0.7372353304049822,0.3591860095702413,0.024886686329749868,1.55890787376e-09,-5.73679648273e-11,1.21966192118e-09,2.2839879843586308e-07,1.1127743017382272e-07,7.710006588591832e-09
10086,10085,200200000,0.1504,2,0.00350917403176,0.00971123526411,2.49999971422e-05,0.407789633338,0.407789633338,False,low,False,0.0,0.0,0.0015685424441471696,-3.865643975586863e-06,-8.175376933650114e-06,0.0046008955541915865,-6.925697796417388e-05,-3.500362100410209e-05,0.0668221265077591,0.033381517976522446,-0.00821246299892664,0.004601034811928694,-6.918958770429928e-05,-3.870020894693502e-13,-1.39257737107e-07,-6.73902598746e-08,-3.50036206171e-05,0.0622210916958304,0.033450707564226745,-0.008212462998539637,-4.58057726709e-14,-2.21665452002e-14,-1.15136718574e-11,2.046626091145024e-08,1.1002875231261239e-08,-2.7013092485647687e-09
10086,10085,275000000,0.3000000000002,2,0.0041974604462,0.00970088235928,2.49999971416e-05,0.40138934318,0.40138934318,False,low,False,0.0,0.0,0.0016604929696768522,-6.024040430929745e-06,-9.607070751371793e-06,0.004600903604868251,-6.9262721323327e-05,-3.50291999722404e-05,0.10776229202747345,-0.1574343889951706,0.0043209148570895195,0.004600907569451605,-6.926014750685533e-05,-8.349404018010807e-13,-3.96458335432e-09,-2.57381647166e-09,-3.50291991373e-05,0.10316138445802184,-0.15736512884766374,0.00432091485792446,-1.36052823174e-15,-8.83258002179e-16,-1.20209893707e-11,3.5401948562280546e-08,-5.400307708383452e-08,1.4828107081529247e-09
10086,10085,125050000,0.0001,2,0.00261359614745,0.00972121670615,0.00013035096716,0.416906830658,0.416906830658,False,mid,False,0.0,0.0,0.007555530872195959,-5.870691438758513e-06,-3.281509270891547e-05,0.023239668650304333,-0.0003377361235050381,-0.00020345018866637873,0.806458055973053,0.38804036378860474,0.016483796760439873,0.003901927123904334,-6.272961881303813e-05,-0.0008934150908173787,0.0193377415264,-0.000275006504692,0.000689964902151,0.8025561288491486,0.3881030934074178,0.017377211851257252,5.9921324364e-09,-8.52155043408e-11,2.13797514281e-10,2.4868584602515704e-07,1.2026043121420817e-07,5.38462853306622e-09
10086,10085,125200000,0.0004,2,0.00261618290499,0.00972117849889,0.000129762369111,0.416914553902,0.416914553902,False,mid,False,0.0,0.0,0.0075232041999697685,-5.8852406255027745e-06,-3.269498483859934e-05,0.023357104436049922,-0.0003180329081152168,-0.0003032708683671226,0.7913095355033875,0.3793955147266388,0.017703693360090256,0.012525487699949923,-0.0001790125576812168,-0.0028442897364071226,0.0108316167361,-0.000139020350434,0.00254101886804,0.7787840478034376,0.37957452728432,0.02054798309649738,3.356133468e-09,-4.30749039771e-11,7.87324614008e-10,2.413031471531235e-07,1.1760966120351659e-07,6.366711032177507e-09
10086,10085,125350000,0.0007,2,0.00262074790771,0.00972111454325,0.000128731460463,0.416928183753,0.416928183753,False,mid,False,0.0,0.0,0.007466569542884827,-5.910268100706162e-06,-3.248444409109652e-05,0.02359798491527569,-0.0003191330465399082,-0.0002911443870796319,0.7655930519104004,0.3645966947078705,0.019876932725310326,0.01744652892213569,-0.0002413415880550082,-0.003921241598249632,0.00615145599314,-7.77914584849e-05,0.00363009721117,0.7481465229882647,0.3648380362959255,0.02379817432355996,1.905818338e-09,-2.41010239342e-11,1.12466151778e-09,2.3178762306252397e-07,1.1303259273071284e-07,7.373050719600921e-09
10087,10086,136400000,0.0228,6,0.00280068325151,0.0124993642067,0.00877362788204,0.417061182977,0.417061182977,False,high,True,0.9046984338553815,0.7142857142857143,0.17433889210224152,0.0002832725003827363,-0.002666533226147294,0.1696680729472813,-0.0008140285595008637,-0.0032286755427322344,0.09700307995080948,-0.048239268362522125,-0.05596699193120003,0.04041221626028131,-0.06069437888340087,-0.024965435774332235,0.129255856687,0.0598803503239,0.0217367602316,0.05659086369052817,0.012455110520878741,-0.031001556156867793,4.00229170526e-08,1.85414135616e-08,6.7305929034e-09,1.752285352071388e-08,3.856613294244345e-09,-9.599353889025435e-09
10087,10086,145250000,0.0405,6,0.00497191659041,0.0123977358367,0.00844423570995,0.400288441034,0.400288441034,False,high,True,0.9046984338553815,0.7142857142857143,0.19868060946464539,-0.00047323727631010115,-0.00956752710044384,0.19161217903055952,-8.3196156531809e-06,-0.009532563144249055,0.0026045949198305607,-0.0018581657204777002,0.003047223901376128,0.02991335927455952,0.040679839220446816,0.026016658906250944,0.161698819756,-0.0406881588361,-0.0355492220505,-0.02730876435472896,-0.042538004940924516,-0.022969435004874816,5.59194537129e-08,-1.40709723059e-08,-1.22938007833e-08,-9.444046571238308e-09,-1.471069487038472e-08,-7.943399089146454e-09
10087,10086,147100000,0.0442,6,0.00509473817642,0.0123895034684,0.00855811423505,0.400358448209,0.400358448209,False,high,True,0.9046984338553815,0.7142857142857143,0.20407487452030182,-0.0005602153833024204,-0.009696331806480885,0.19357481281387592,-0.00020254834300462328,-0.009802793603967408,0.0036970966029912233,0.0008304511429741979,0.0028071303386241198,0.09948500014097593,0.014516460806295376,0.060928391213632596,0.0940898126729,-0.0147190091493,-0.0707311848176,-0.0957879035379847,-0.013686009663321178,-0.058121260875008476,3.25197082613e-08,-5.08724451492e-09,-2.44464031748e-08,-3.3106609414191155e-08,-4.730214981505929e-09,-2.0088109368488e-08
10087,10086,135650000,0.0213,6,0.00255810579986,0.0125040770224,0.0087860273402,0.417893970105,0.417893970105,False,low,True,0.9046984338553815,0.7142857142857143,0.17000353336334229,0.000404531805543229,-0.0018602288328111172,0.16957249391650306,0.00018640607660835688,-0.002056858229770404,0.4848855137825012,-0.0020640408620238304,-0.08201587200164795,0.16544689369108306,0.0002726838075580569,-0.007045311101000404,0.00412560022542,-8.62777309497e-05,0.00498845287123,0.31943862009141816,-0.0023367246695818874,-0.07497056090064755,1.27016584636e-09,-2.65626869222e-11,1.53581590969e-09,9.834690786295952e-08,-7.194172254898503e-10,-2.3081501050875787e-08
10087,10086,139100000,0.0282,6,0.00352889798295,0.0123757141287,0.00864685724474,0.412563091619,0.412563091619,False,low,True,0.9046984338553815,0.7142857142857143,0.180991068482399,-4.854617145610973e-05,-0.004975250456482172,0.16452531105614826,0.001355548907585908,-0.007206782187103355,0.9199187159538269,0.19222356379032135,0.5209041237831116,0.16346364702672825,0.001347895851483088,-0.011973085490933354,0.00106166402942,7.65305610282e-06,0.00476630330383,0.7564550689270987,0.19087566793883826,0.5328772092740449,3.38430469382e-10,2.43959227902e-12,1.51937168411e-09,2.411379089336442e-07,6.084612467250168e-08,1.6986718873467245e-07
10087,10086,145050000,0.0401,6,0.00494819199665,0.0123850306347,0.00843727365723,0.400389145337,0.400389145337,False,low,True,0.9046984338553815,0.7142857142857143,0.19775432348251343,-0.0004637700621969998,-0.009472697041928768,0.19069624423101367,-0.0006475496246265773,-0.009990684162669766,0.027012653648853302,-0.020016934722661972,0.0321381576359272,0.18891112451581366,-0.0020417041380165774,-0.015400613825299767,0.0017851197152,0.00139415451339,0.00540992966263,-0.16189847086696035,-0.017975230584645396,0.04753877146122697,6.16701547593e-10,4.81635622906e-10,1.86895700435e-09,-5.5930723685804766e-08,-6.209865044646325e-09,1.642311923468031e-08
10087,10086,125050000,0.0001,6,0.00106118556212,0.0125044837067,0.00885783575405,0.591979199722,0.591979199722,False,mid,True,0.9046984338553815,0.7142857142857143,0.20953910052776337,0.0041117193177342415,0.009869826026260853,0.08041055827598147,-0.00012340714326432328,0.0017724324003154854,0.17978882789611816,0.019196948036551476,0.5675328373908997,0.003788324553681478,-8.083694651642329e-05,-0.0010024858532245147,0.0766222337223,-4.25701967479e-05,0.00277491825354,0.1760005033424367,0.019277784983067897,0.5685353232441241,8.24177126192e-09,-4.57900803888e-12,2.9848048543e-10,1.8931266031585023e-08,2.0735899561837037e-09,6.11537651784234e-08
10087,10086,132950000,0.0159,6,0.00186062622862,0.0125011498593,0.00882860904359,0.495717491879,0.495717491879,False,mid,True,0.9046984338553815,0.7142857142857143,0.18747222423553467,0.0020601560827344656,0.0034665099810808897,0.10546316205864661,0.00057008341668704,-0.00042546362895651106,0.22821274399757385,-0.08098512887954712,-0.09867186099290848,0.09765035874989661,0.00060773328620204,-0.008613545876396511,0.00781280330875,-3.7649869515e-05,0.00818808224744,0.13056238524767724,-0.08159286216574915,-0.09005831511651197,1.48088453397e-09,-7.13637695295e-12,1.55201710371e-09,2.474755979264521e-08,-1.546558935231967e-08,-1.707018092494916e-08
10087,10086,147850000,0.0457,6,0.00530199487101,0.012419614549,0.00862861662002,0.400035233675,0.400035233675,False,mid,True,0.9046984338553815,0.7142857142857143,0.20786967873573303,-0.0004732800298370421,-0.009819438681006432,0.17973141328074504,0.00034780411917113493,-0.010046067397927974,0.06424541026353836,0.041690126061439514,0.009674083441495895,0.16626422565194504,0.016757071233871136,0.019554932539872026,0.0134671876288,-0.0164092671147,-0.0296009999378,-0.10201881538840668,0.024933054827568378,-0.00988084909837613,4.66378054167e-09,-5.68264308644e-09,-1.02510317172e-08,-3.532982380642927e-08,8.634489928748318e-09,-3.4218066184604444e-09
10087,10086,148700000,0.0474,6,0.00558021676249,0.0124230256466,0.00862075611837,0.396916376799,0.4,True,high,True,0.9046984338553815,0.7142857142857143,0.20793001353740692,-0.0002665084321051836,-0.00990772433578968,0.15478109340895602,-0.00022879624543335753,-0.01022243717304587,0.008716885931789875,-0.007832403294742107,-0.0029352502897381783,0.03940895558395602,-0.09015701856323335,-0.005129603180675871,0.115372137825,0.0899282223178,-0.00509283399237,-0.030692069652166143,0.08232461526849125,0.0021943528909376927,3.99732042637e-08,3.11576024122e-08,-1.76452389023e-09,-1.0633939810881887e-08,2.8523166200274756e-08,7.602816242279449e-10
10087,10086,148200000,0.0464,6,0.0054214726655,0.0124265749054,0.00863158823237,0.398929325209,0.4,True,low,True,0.9046984338553815,0.7142857142857143,0.20825734734535217,-0.0003858071577269584,-0.009866107255220413,0.16935234641789854,0.0008233244367861995,-0.010210935646526668,0.057694219052791595,-0.0140006048604846,0.0003272504545748234,0.17170470472354854,0.0046844705023161995,-0.0065765175741366675,-0.00235235830565,-0.00386114606553,-0.00363441807239,-0.11401048567075694,-0.0186850753628008,0.006903768028711491,-8.14774588412e-10,-1.33736586335e-09,-1.25883522163e-09,-3.9489242057190243e-08,-6.471856158821183e-09,2.391223624638991e-09
10087,10086,148500000,0.047,6,0.00552296017681,0.0124283999715,0.00862547604159,0.397728264274,0.4,True,low,True,0.9046984338553815,0.7142857142857143,0.20815123617649078,-0.00030694404267705977,-0.009898104704916477,0.16013168661619998,0.0012016272095418386,-0.010183278633514118,0.03249109908938408,-0.028499819338321686,-0.00579187972471118,0.16584728577244998,0.0020500003037258385,-0.012513029107364118,-0.00571559915625,-0.000848373094184,0.00232975047385,-0.1333561866830659,-0.030549819642047525,0.006721149382652938,-1.97968537706e-09,-2.93847025121e-10,8.06944787275e-10,-4.618995935506492e-08,-1.0581398303809819e-08,2.327973111152863e-09
10087,10086,147900000,0.0458,6,0.00531872652577,0.0124211972634,0.00863032797131,0.399919523792,0.4,True,mid,True,0.9046984338553815,0.7142857142857143,0.20798960328102112,-0.0004619199316948652,-0.009827125817537308,0.17834695344948584,0.0004053592485373878,-0.010085978225646526,0.06609956920146942,0.03660864382982254,0.008895752020180225,0.16830921281108585,0.014841742691237388,0.014656490589553475,0.0100377406384,-0.0144363834427,-0.0247424688152,-0.10220964360961643,0.021766901138585152,-0.0057607385693732496,3.47690948341e-09,-5.0005275396e-09,-8.57038725798e-09,-3.540375189624886e-08,7.539699193199618e-09,-1.9954257919949666e-09
10087,10086,150050000,0.0501,6,0.00581661203569,0.0122804843339,0.00853329627771,0.390848800181,0.4,True,mid,True,0.9046984338553815,0.7142857142857143,0.2021547108888626,-0.00017319382459390908,-0.009794571436941624,0.13717934361626044,-0.00012987352381653092,-0.011508638637148478,0.014341436326503754,-0.0012225398095324636,-0.004619624465703964,0.11718739763006045,-0.026705980572116532,-0.03613567242864848,0.0199919459862,0.0265761070483,0.0246270337915,-0.1028459613035567,0.02548344076258407,0.031516047962944514,6.92505137577e-09,9.20575249674e-09,8.53060899405e-09,-3.56250245127701e-08,8.827261569924051e-09,1.0916908811923451e-08
10088,10087,125050000,0.0001,4,0.0020282323347,0.00108207115274,0.00945891241052,0.443662029174,0.443662029174,False,high,True,0.3205598133955348,0.5794205794205795,0.09487628936767578,-0.002150316722691059,0.0025002392940223217,0.14681630465864984,0.004377655286785649,-0.003156989707943411,0.07298966497182846,0.07656269520521164,0.08166525512933731,0.01828600071664984,0.0011284937062156493,-0.0021248369465334113,0.128530303942,0.00324916158057,-0.00103215276141,0.05470366425517862,0.07543420149899599,0.08379009207587072,3.35630762441e-08,8.48452501187e-10,-2.69525713114e-10,1.4284749961042038e-08,1.969810837346259e-08,2.1880079347759498e-08
10088,10087,144000000,0.038,4,0.0070705469878,0.00083021448984,0.00972593830775,0.425669803416,0.425669803416,False,high,True,0.3205598133955348,0.5794205794205795,0.08896362781524658,-0.0022625033743679523,-0.00028499553445726633,0.13047861590071816,-0.0045145424503537,0.0028064065612778896,0.032027117908000946,-0.11769639700651169,0.11354559659957886,0.023848774621718156,-0.0177132097231537,0.04848426273157789,0.106629841279,0.0131986672728,-0.0456778561703,0.00817834328628279,-0.09998318728335799,0.06506133386800098,3.12251139136e-08,3.8650520732e-09,-1.33761454124e-08,2.39491776106639e-09,-2.927873074667381e-08,1.9052335978668278e-08
10088,10087,144500000,0.039,4,0.00708768762568,0.000807066205828,0.00976578084829,0.427268673307,0.427268673307,False,high,True,0.3205598133955348,0.5794205794205795,0.08711129426956177,-0.0022331431973725557,-0.0002728982944972813,0.12579588054958288,-0.004448340187563914,0.002422575263480678,0.024210793897509575,-0.051337700337171555,0.040936730802059174,0.016125463621582885,-0.027226239140763914,0.03282622563038068,0.109670416928,0.0227778989532,-0.0304036503669,0.00808533027592669,-0.02411146119640764,0.008110505171678495,3.17868183987e-08,6.60193475878e-09,-8.81217870725e-09,2.3434480543923684e-09,-6.988453767623295e-09,2.3507447334958496e-09
10088,10087,126150000,0.0023,4,0.00226409636902,0.0010726345686,0.0094677296949,0.438734913163,0.438734913163,False,low,True,0.3205598133955348,0.5794205794205795,0.09012971073389053,-0.0021031026262789965,0.0019319539424031973,0.14236450918123114,-0.0015949787141870519,0.004190609891903129,0.07794490456581116,0.01762981340289116,0.016144439578056335,0.13651919119840114,-0.004014855844957052,0.0030847727929231294,0.00584531798283,0.00241987713077,0.00110583709898,-0.058574286632589984,0.021644669247848213,0.013059666785133206,1.57425541524e-09,6.51718980648e-10,2.97822983549e-10,-1.5775170520413124e-08,5.829321497067454e-09,3.517216893609179e-09
10088,10087,199500000,0.149,4,0.00959267167661,2.52781420619e-05,0.00958404419264,0.42825478656,0.42825478656,False,low,True,0.3205598133955348,0.5794205794205795,0.0026405872777104378,2.715560003707651e-05,-7.427483069477603e-05,0.004688695660012007,2.8901792238542628e-05,-0.000134883516320964,0.0,0.0,0.0,0.004686360785536577,2.8772433096642627e-05,-0.005467409408050964,2.33487447543e-06,1.293591419e-07,0.00533252589173,-0.004686360785536577,-2.8772433096642627e-05,0.005467409408050964,6.7230130452e-13,3.72475354739e-14,1.53544190539e-09,-1.3493858032735819e-09,-8.284704170893901e-12,1.5742801234334898e-09
10088,10087,241050000,0.2321000000001,4,0.00999977995217,2.76742075339e-05,0.00915114599913,0.41234167053,0.41234167053,False,low,True,0.3205598133955348,0.5794205794205795,0.002661917358636856,3.7472182157216594e-05,-8.997714030556381e-05,0.004660454484224553,-3.6017373732693926e-06,-0.0002495428880110104,0.19160936772823334,-0.013523160479962826,-0.08987340331077576,0.004700821855163254,-6.230026180193928e-07,-0.005050339319371011,-4.03673709387e-05,-2.97873475525e-06,0.00480079643136,0.1869085458730701,-0.013522537477344807,-0.08482306399140474,-1.28867291317e-11,-9.50920187607e-13,1.53258836999e-09,5.96679879583357e-08,-4.316884493405106e-09,-2.7078598986401407e-08
10088,10087,125100000,0.0002,4,0.00203109839451,0.0010821968758,0.00945866062592,0.44359488793,0.44359488793,False,mid,True,0.3205598133955348,0.5794205794205795,0.09483330696821213,-0.0021498266141861677,0.0024936434347182512,0.15156659097279054,-0.00022700768360258577,0.00227042725233644,0.07073753327131271,0.07411305606365204,0.07890281826257706,0.038608423662790554,0.0012538142757274142,-0.0027413719863235595,0.11295816731,-0.00148082195933,0.00501179923866,0.03212910960852216,0.07285924178792462,0.08164419024890061,2.95081973094e-08,-3.8683689366e-10,1.30923831655e-09,8.393125776392439e-09,1.903310697836569e-08,2.1328009584460294e-08
10088,10087,153900000,0.05780000000001,4,0.00812871911889,0.000501694885088,0.00972140442447,0.436330656467,0.436330656467,False,mid,True,0.3205598133955348,0.5794205794205795,0.05406411364674568,-0.0006572253187187016,-0.0006489258375950158,0.09316319761714856,0.0006126296714213237,-0.0029218328197675933,0.009782184846699238,0.015481957234442234,0.0023508246522396803,0.08698732398214856,0.0025070939100913237,-0.020271051956067595,0.006175873635,-0.00189446423867,0.0173492191363,-0.07720513913544932,0.01297486332435091,0.022621876608307275,1.68890977512e-09,-5.18077175863e-10,4.74447301252e-09,-2.1113209544376077e-08,3.5482224531200756e-09,6.186381197762884e-09
10088,10087,172750000,0.0955,4,0.0092218129405,9.88185710463e-05,0.00979743568748,0.436253791565,0.436253791565,False,mid,True,0.3205598133955348,0.5794205794205795,0.010734772309660912,5.276816227706149e-05,-0.0002521504648029804,0.01832123218567347,8.602242645686185e-05,-0.0005135050878701918,0.002086904365569353,-0.00013618232333101332,0.0005020693060941994,0.01652576835181347,-0.006646077191523138,-0.0004598796162916919,0.00179546383386,0.00673209961798,-5.36254715785e-05,-0.014438863986244117,0.0065098948681921245,0.0009619489223858913,4.91231039012e-10,1.84187296213e-09,-1.46716940905e-11,-3.950409929928724e-09,1.7810787160678651e-09,2.6318501086358333e-10
10088,10087,130150000,0.0103,4,0.00341897347977,0.00105564925853,0.00944239630838,0.399969852958,0.4,True,low,True,0.3205598133955348,0.5794205794205795,0.09110096842050552,-0.0027418413665145636,0.0010997398057952523,0.15323682088023363,0.001138142703325932,0.003418502310195845,0.3266734480857849,-0.18081118166446686,-0.05616898089647293,0.15253361101802962,0.000930585959253932,-0.0009909750776141543,0.000703209862204,0.000207556744072,0.00440947738781,0.1741398370677553,-0.1817417676237208,-0.055178005818858775,2.43566573306e-10,7.18901819178e-11,1.52728417951e-09,6.031576869206294e-08,-6.294880368708442e-08,-1.911167422629821e-08
10088,10087,131000000,0.012,4,0.00369491896753,0.00105724096065,0.0094412044025,0.398016797587,0.4,True,low,True,0.3205598133955348,0.5794205794205795,0.09325847774744034,-0.002966321771964431,0.0010270057246088982,0.17244162456425444,0.0007573032400328333,0.00406243218592268,0.19312980771064758,-0.09426964819431305,0.036500271409749985,0.17091604000273444,0.0008101150435663333,-0.0004312758212173203,0.00152558456152,-5.28118035335e-05,0.00449370800714,0.02221376770791314,-0.09507976323787938,0.0369315472309673,5.28407875085e-10,-1.82921180434e-11,1.55645957569e-09,7.694053865138359e-09,-3.2932226061599114e-08,1.2791765784817349e-08
10088,10087,131450000,0.0129,4,0.00384961501871,0.00105795031524,0.00944085578272,0.39684872119,0.4,True,low,True,0.3205598133955348,0.5794205794205795,0.09445933997631073,-0.0030923765152692795,0.0009861331200227141,0.17275285361680004,0.000802940676899645,0.0040130894281985695,0.10085228830575943,-0.018285851925611496,0.058576490730047226,0.17245101657604503,0.000793512050866395,-0.00038515717968143077,0.000301837040755,9.42862603325e-06,0.00439824660788,-0.0715987282702856,-0.01907936397647789,0.05896164790972866,1.04545467507e-10,3.26573608767e-12,1.52339403633e-09,-2.4799217820199048e-08,-6.608403732219627e-09,2.042218884155905e-08
10088,10087,130350000,0.0107,4,0.00348044849791,0.00105604461127,0.00944201041647,0.39953430139,0.4,True,mid,True,0.3205598133955348,0.5794205794205795,0.09158272296190262,-0.0027917271945625544,0.001083533396013081,0.161614448182166,0.0010203133441485826,0.0037096644968938634,0.2940216362476349,-0.16042235493659973,-0.05071580037474632,0.155636538381096,0.0010160015271349525,-0.0009075555006561366,0.00597790980107,4.31181701363e-06,0.00461721999755,0.13838509786653888,-0.1614383564637347,-0.049808244874090184,2.07054670522e-09,1.49346825365e-12,1.59924956571e-09,4.793193908478733e-08,-5.591681176126807e-08,-1.7251899200356957e-08
10088,10087,132150000,0.0143,4,0.00401390631783,0.00099696411755,0.0094914445349,0.398059312672,0.4,True,mid,True,0.3205598133955348,0.5794205794205795,0.09097666293382645,-0.0031308908946812153,0.0009114780114032328,0.16097062396782538,-0.00023915487164500454,0.0047385555743634095,0.009771066717803478,0.005346165504306555,0.008435802534222603,0.14077290428612538,-0.029928150973345006,0.02697941299716341,0.0201977196817,0.0296889961017,-0.0222408574228,-0.1310018375683219,0.03527431647765156,-0.018543610462940806,6.99634289945e-09,1.02840518802e-08,-7.70407092285e-09,-4.537808180976513e-08,1.2218766153349637e-08,-6.423371521005479e-09
10089,10088,158950000,0.06790000000001,6,0.00701569243299,0.0109295729616,0.0125819707116,0.474465036309,0.474465036309,False,high,True,0.40353215594801733,0.43456543456543456,0.041015252470970154,-0.00019489394617266953,-0.0016942418878898025,0.11044585940742596,-0.0012693016244271008,-0.000798176987879512,0.19224092364311218,-0.20596306025981903,0.0003428304335102439,0.008361646471425968,-0.0284351344606271,0.048422103114120485,0.102084212936,0.0271658328362,-0.049220280102,0.18387927717168623,-0.17752792579919194,-0.04807927268061024,2.20173837581e-08,5.85908975994e-09,-1.06157628542e-08,3.9658831607875015e-08,-3.8288980809902755e-08,-1.0369671930399734e-08
10089,10088,134050000,0.0181,6,0.0032302879992,0.0109168514681,0.0128638117583,0.497886132892,0.497886132892,False,low,True,0.40353215594801733,0.43456543456543456,0.011200166307389736,1.9363107639946975e-05,-0.00011438471847213805,0.03529360427617527,-0.0005872885713606949,-0.00047435976138187914,0.10172075033187866,0.0130328219383955,0.009751602075994015,0.03374303620897527,0.005465056409409305,0.0025218884752681208,0.0015505680672,-0.00605234498077,-0.00299624823665,0.06797771412290339,0.007567765528986195,0.007229713600725894,2.90093083087e-10,-1.13232269677e-09,-5.60562871794e-10,1.271783231465476e-08,1.4158400916550305e-09,1.3525945443056872e-09
10089,10088,179750000,0.1095,6,0.00861788157662,0.011012275981,0.0128381761326,0.46591908254,0.46591908254,False,low,True,0.40353215594801733,0.43456543456543456,0.015731826424598694,4.6220182412071154e-05,-0.0005492382333613932,0.047210758677264646,0.0022148882219085353,-0.0016063422335241776,0.3211270570755005,-0.209771528840065,-0.03542253002524376,0.045544276838624644,0.0021147975499605353,-0.008306177218734178,0.00166648183864,0.000100090671948,0.00669983498521,0.2755827802368758,-0.21188632639002553,-0.02711635280650958,3.78695984657e-10,2.27448836762e-11,1.52248920326e-09,6.262420021407683e-08,-4.814964024627629e-08,-6.161995701512164e-09
10089,10088,189600000,0.1292,6,0.00999906834065,0.0110673907449,0.0126639025749,0.442643370798,0.442643370798,False,low,True,0.40353215594801733,0.43456543456543456,0.032352689653635025,0.0003568033571355045,-0.0007735678227618337,0.08733147374777336,0.002747649938320663,-0.0021892945551047474,1.2449235916137695,0.2548217177391052,-0.1944711059331894,0.08779777542471136,0.002854974832287663,-0.008253111991514748,-0.000466301676938,-0.000107324893967,0.00606381743641,1.157125816189058,0.2519667429068176,-0.18621799394167465,-1.22516709652e-10,-2.81986823615e-11,1.5932152874e-09,3.0402474334535417e-07,6.620207005328281e-08,-4.8927158155422475e-08
10089,10088,125050000,0.0001,6,0.00250405666385,0.0108070320349,0.0127644848521,0.494916431154,0.494916431154,False,mid,True,0.40353215594801733,0.43456543456543456,0.01757592335343361,0.00012827178579755127,2.8944403311470523e-05,0.048257326462062974,-0.0007467791600204682,-0.0012033809002463373,0.1841917783021927,0.035164725035429,-0.03329479321837425,0.004867001613862979,-0.00012425672194146825,-0.0011375995006223374,0.0433903248482,-0.000622522438079,-6.5781399624e-05,0.17932477668832972,0.03528898175737047,-0.032157193717751914,8.26483812501e-09,-1.18575908291e-10,-1.25298121512e-11,3.415715960453556e-08,6.721722477106485e-09,-6.125190386603744e-09
10089,10088,149750000,0.0495,6,0.00517966924613,0.0109018799928,0.0126140497059,0.492584989118,0.492584989118,False,mid,True,0.40353215594801733,0.43456543456543456,0.038098640739917755,-0.00028787096380256116,-0.0012381798587739468,0.10140380562314412,-0.0010564220427414027,-0.0011980446968667194,1.0987873077392578,0.021694956347346306,0.14979895949363708,0.09938302438491411,-0.0010253347497571027,-0.00913188757086672,0.00202078123823,-3.10872929843e-05,0.007933842874,0.9994042833543437,0.02272029109710341,0.1589308470645038,3.90324562438e-10,-6.00467472772e-12,1.53246362825e-09,1.930402124772458e-07,4.38854414972991e-09,3.0698331993883107e-08
10089,10088,178700000,0.1074,6,0.00852747183103,0.0110081508586,0.0128554342317,0.466983735931,0.466983735931,False,mid,True,0.40353215594801733,0.43456543456543456,0.014063617214560509,3.380358248250559e-05,-0.0005009567830711603,0.04220713198662949,0.0019299018392909821,-0.00138264575133425,0.17487679421901703,-0.08588996529579163,-0.022848423570394516,0.04057798382432949,0.0018017281577719822,-0.00812599895673425,0.0016291481623,0.000128173681519,0.0067433532054,0.13429881039468755,-0.0876916934535636,-0.014722424613660266,3.67791447044e-10,2.8936093653e-11,1.52235854954e-09,3.0318883791178755e-08,-1.9797005315658673e-08,-3.32368901611367e-09
10090,10089,126000000,0.002,2,0.00461105017318,0.0093207661646,0.00445956196057,0.372779336295,0.4,True,high,True,0.4911696101299567,0.5444555444555444,0.14921702444553375,-0.0015245815739035606,-0.001961870351806283,0.1346652010625751,-0.002002407865138278,-0.0006343350749856945,0.012098535895347595,0.01262449286878109,0.03287128731608391,0.00719397792757509,0.05069962065336172,0.0015058900096743054,0.127471223135,-0.0527020285185,-0.00214022508466,0.004904557967772505,-0.03807512778458063,0.0313653973064096,4.4164381552e-08,-1.82594348655e-08,-7.41514162346e-10,1.6992601475492016e-09,-1.319171833268507e-08,1.0867028181753792e-08
10090,10089,132800000,0.0156,2,0.00579135938584,0.0095486388655,0.00447145087329,0.345904914411,0.4,True,high,True,0.4911696101299567,0.5444555444555444,0.15307952463626862,-0.0013963159872218966,-0.003108807373791933,0.12883081318822773,-0.0023547074118644255,-0.0018767775769753664,0.0070013850927352905,-0.01189043652266264,-0.004429340362548828,0.008329032954227723,-0.016147653157564425,0.022786847267524633,0.120501780234,0.0137929457457,-0.0246636248445,-0.0013276478614924325,0.004257216634901785,-0.02721618763007346,4.17484103314e-08,4.7786311335e-09,-8.54482919889e-09,-4.5996986591852326e-10,1.474932790190799e-09,-9.429176619880103e-09
10090,10089,151450000,0.05290000000001,2,0.00919476317575,0.00880455492398,0.00443711693852,0.34132749879,0.4,True,high,True,0.4911696101299567,0.5444555444555444,0.1652626097202301,-0.00024165710783563554,-0.004173028748482466,0.12288261975109366,0.0023717947069637844,-0.007987614070852828,0.005789921618998051,0.004256522282958031,0.0028821220621466637,0.01178885902109365,-0.014490004530336215,-0.06678037937815283,0.11109376073,0.0168617992373,0.0587927653073,-0.005998937402095599,0.018746526813294244,0.06966250144029949,3.8489215007e-08,5.84188897725e-09,2.03691671783e-08,-2.0783740685861033e-09,6.494866105986403e-09,2.4135063735751454e-08
10090,10089,125750000,0.0015,2,0.00455167560824,0.00931941795391,0.00446165015924,0.373700227853,0.4,True,low,True,0.4911696101299567,0.5444555444555444,0.14840318262577057,-0.001509092515334487,-0.0019204235868528485,0.13509678790281682,-0.003048136002001982,-0.000643794808352631,0.029871521517634392,0.03111339919269085,0.10607216507196426,0.13021182258996683,-0.002926699863420982,-0.004684010884222631,0.00488496531285,-0.000121436138581,0.00404021607587,-0.10034030107233244,0.03404009905611183,0.11075617595618689,1.6919830228e-09,-4.20612781615e-11,1.39939110536e-09,-3.4754409713047194e-08,1.1790312931351476e-08,3.836210850769564e-08
10090,10089,142450000,0.0349,2,0.0074485732534,0.00917943063218,0.00451720845583,0.358145700475,0.4,True,low,True,0.4911696101299567,0.5444555444555444,0.15620680153369904,-0.0011417653877288103,-0.0050509776920080185,0.1270928093598149,-0.0022298851938539993,-0.005573245115430291,0.3185802102088928,-0.3098074495792389,0.16603557765483856,0.1277961245186249,-0.0023417815203409993,-0.009878295820780291,-0.00070331515881,0.000111896326487,0.00430505070535,0.19078408569026792,-0.3074656680588979,0.17591387347561885,-2.43602987315e-10,3.87568489891e-11,1.49111418861e-09,6.608072159991291e-08,-1.0649501051946331e-07,6.093021677697331e-08
10090,10089,155850000,0.06170000000001,2,0.00998813042425,0.00891935756617,0.00414719464838,0.37625621976,0.4,True,low,True,0.4911696101299567,0.5444555444555444,0.1717531383037567,4.7986675781430677e-05,-0.003607390681281686,0.13100017170097772,0.002556751451915052,-0.004306787644058974,0.07151740044355392,-0.06980030983686447,-0.008446973748505116,0.12999576550399772,0.0023236273578010522,-0.008684486752538974,0.00100440619698,0.000233124094114,0.00437769910848,-0.05847836506044379,-0.07212393719466552,0.00023751300403385828,3.47890158415e-10,8.0745796149e-11,1.51627741936e-09,-2.0254801041595344e-08,-2.4981136129652628e-08,8.22659565896715e-11
10090,10089,125050000,0.0001,2,0.00441084267229,0.00932259398038,0.00446650992016,0.375882502719,0.4,True,mid,True,0.4911696101299567,0.5444555444555444,0.14643998444080353,-0.0014682000037282705,-0.0018205837113782763,0.13106888863017474,-0.0030939357779945324,-0.00014188934653427976,0.02253345027565956,0.006870541255921125,0.09046385437250137,0.02415771282017474,-0.0006535091842845323,-0.0007481199585422797,0.10691117581,-0.00244042659371,0.000606230612008,-0.0016242625445151773,0.0075240504402056575,0.09121197433104365,3.70385129078e-08,-8.45466072252e-10,2.10023696568e-10,-5.62712632845765e-10,2.6066464729913623e-09,3.1599651421009736e-08
10091,10090,125500000,0.001,6,0.00260771775582,0.0148766428302,0.0101440546064,0.446209933838,0.446209933838,False,low,True,0.11796067977340886,0.35364635364635366,0.010795647278428078,1.2275005246920045e-05,-5.543040970223956e-05,0.022150984710777557,-0.0001256637853564264,-0.0009186319397619675,0.4657684862613678,0.012919984757900238,0.3565073013305664,0.017369387922777556,-7.26632864458264e-05,-0.005529224299941967,0.004781596788,-5.30004989106e-05,0.00461059236018,0.44839909833859026,0.012992648044346064,0.36203652563050837,1.22840990478e-09,-1.36160242502e-11,1.18447823463e-09,1.1519538725569137e-07,3.3378593500542218e-09,9.300852282093498e-08
10091,10090,201050000,0.1521,6,0.00365325093467,0.0149680582544,0.00930825812575,0.428564950742,0.428564950742,False,low,True,0.11796067977340886,0.35364635364635366,0.002693553688004613,-5.931452506047208e-06,-6.780216790502891e-05,0.005959143806291621,-3.2204464741261315e-05,-0.0002703587918502382,0.13719163835048676,-0.009340952150523663,-0.05983508378267288,0.005955804962679652,-3.2210576416381557e-05,-0.0056120974117202386,3.33884361197e-06,6.11167512024e-09,0.00534173861987,0.13123583338780712,-0.009308741574107281,-0.054222986370952644,9.59471306868e-13,1.75628978061e-15,1.53503593765e-09,3.771276262158899e-08,-2.6750191028439092e-09,-1.5581861758736544e-08
10091,10090,275000000,0.3000000000002,6,0.00460329033484,0.014962913755,0.00851915526513,0.410754720711,0.410754720711,False,low,True,0.11796067977340886,0.35364635364635366,0.002924290718510747,-5.401505859481404e-06,-0.00012703871470876038,0.006918833641827301,-3.747783551416902e-05,-0.0003133502513638685,0.361729234457016,0.0039882357232272625,0.1397799402475357,0.006915414709898181,-3.745836981022012e-05,-0.005071785424693868,3.41893192912e-06,-1.94657039489e-08,0.00475843517333,0.3548138197471178,0.004025694093037483,0.14485172567222956,1.10286711517e-12,-6.27917876224e-15,1.53495939116e-09,1.1445460217398656e-07,1.2985943338429269e-09,4.672576352253299e-08
10091,10090,125050000,0.0001,6,0.00259721699135,0.0148766837832,0.0101475022246,0.446400314501,0.446400314501,False,mid,True,0.11796067977340886,0.35364635364635366,0.010785968042910099,1.285340385948075e-05,-5.3346051572589204e-05,0.020717418272680584,-0.00011467246133878959,-0.0010630767277687405,0.5378500819206238,0.018110070377588272,0.4148149788379669,0.002912470448880587,-3.258447587748959e-05,-0.0010829176302152405,0.0178049478238,-8.20879854613e-05,1.98409024465e-05,0.5349376114717432,0.01814265485346576,0.41589789646818215,4.56879936618e-09,-2.10640064581e-11,5.09123101169e-12,1.3726648594673226e-07,4.6554559336892316e-09,1.0672056242925222e-07
10091,10090,127300000,0.0046,6,0.00267843915885,0.0148847181662,0.0101281095998,0.445639571908,0.445639571908,False,mid,True,0.11796067977340886,0.35364635364635366,0.010138843208551407,7.801704668963794e-06,-6.45635518594645e-05,0.021524811677612055,-8.62270082778293e-05,-0.0009583526426629442,0.15783201158046722,-0.0069849612191319466,0.10364370048046112,0.017044208847302057,0.007545502153792171,-9.661852645394431e-05,0.00448060283031,-0.00763172916207,-0.000861734116209,0.14078780273316516,-0.014530463372924117,0.10374031900691506,1.1552261859e-09,-1.96767571365e-09,-2.22179437462e-10,3.6299079059708314e-08,-3.746364589179853e-09,2.6747189516470066e-08
10091,10090,128300000,0.0066,6,0.00271317566844,0.0148992564257,0.0101266840698,0.445667319641,0.445667319641,False,mid,True,0.11796067977340886,0.35364635364635366,0.008890673518180847,5.220616003498435e-06,-6.172536814119667e-05,0.018727373689923693,-4.43993910807447e-06,-0.0008809006271094544,0.1358640193939209,-0.008305863477289677,0.08375697582960129,0.017108630616103692,0.006792076738571925,-0.0013483090500234544,0.00161874307382,-0.00679651667768,0.000467408422914,0.1187553887778172,-0.015097940215861602,0.08510528487962474,4.17283144057e-10,-1.75202099318e-09,1.20489569609e-10,3.061302488600869e-08,-3.8919801813825365e-09,2.1938627213163328e-08
10092,10091,125050000,0.0001,4,0.00116410750156,0.00602442353217,0.010005168697,0.534849543354,0.534849543354,False,high,True,0.9723425524825058,0.9170829170829171,0.21386362612247467,-0.0025995837058871984,0.008541987277567387,0.1349409644263558,0.0004152939395364386,-0.004604497827764488,0.43645378947257996,0.047906409949064255,0.42513471841812134,0.009500574843355819,8.00594707064386e-05,-0.0016517432556144886,0.125440389583,0.00033523446883,-0.00295275457215,0.42695321462922414,0.047826350478357815,0.42678646167373585,1.88453557492e-08,5.03634662289e-11,-4.43602818337e-10,6.414269953003003e-08,7.185122686136193e-09,6.411764764061185e-08
10092,10091,131750000,0.0135,4,0.00214914241341,0.00616300719988,0.00991165756846,0.426417572895,0.426417572895,False,low,True,0.9723425524825058,0.9170829170829171,0.17987030744552612,-0.00200753309763968,0.0011355176102370024,0.1378813146733967,-0.0017858236994383327,-0.001229091944775058,0.02335141785442829,0.0026269780937582254,0.011773286387324333,0.1319428358166467,-0.0026415582505383327,-0.0037119498431150578,0.00593847885675,0.0008557345511,0.00248285789834,-0.10859141796221841,0.005268536344296558,0.015485236230439391,1.73023186036e-09,2.4932633761e-10,7.23404081093e-10,-3.1639134474035146e-08,1.5350377866558157e-09,4.511769720398483e-09
10092,10091,132050000,0.0141,4,0.00222990626575,0.00616161869385,0.00990870959452,0.427746336653,0.427746336653,False,low,True,0.9723425524825058,0.9170829170829171,0.17724475264549255,-0.0019909392576664686,0.0005262987688183784,0.14005249439080952,-0.001834597362517429,-0.0017213647606095948,0.017837071791291237,0.0557762011885643,0.040598899126052856,0.1367631955611595,-0.002096405183915429,-0.005828397995909595,0.00328929882965,0.000261807821398,0.0041070332353,-0.11892612376986827,0.05787260637247973,0.04642729712196245,9.50214343602e-10,7.56311785713e-11,1.18644188076e-09,-3.4355440015503224e-08,1.6718268398438353e-08,1.3411941554927325e-08
10092,10091,132300000,0.0146,4,0.00229895418323,0.0061606022545,0.00990556175705,0.428867070144,0.428867070144,False,low,True,0.9723425524825058,0.9170829170829171,0.1749829798936844,-0.001975813414901495,5.117110958963167e-06,0.14165949106095513,-0.001993682233941154,-0.0021512855929852514,0.002622316125780344,0.01184402871876955,0.002930179238319397,0.13928306022502512,-0.002004868417201254,-0.006702627466915251,0.00237643083593,1.11861832601e-05,0.00455134187393,-0.13666074409924478,0.013848897135970805,0.00963280670523465,6.81583580658e-10,3.20830664417e-12,1.30536931449e-09,-3.919563653619777e-08,3.9719989975651075e-09,2.7627830722744655e-09
10092,10091,125150000,0.0003,4,0.00116838478117,0.00602443336897,0.0100046688946,0.534299030305,0.534299030305,False,mid,True,0.9723425524825058,0.9170829170829171,0.21370850503444672,-0.002598324790596962,0.008509606122970581,0.14196680499311617,-0.0007654163731256787,0.004654441686549477,0.432325541973114,0.050226178020238876,0.41867032647132874,0.03270812416611619,-1.4636854480678644e-05,-0.0030027849187905234,0.109258680827,-0.000750779518645,0.00765722660534,0.39961741780699783,0.050240814874719555,0.42167311139011926,1.64669511059e-08,-1.13153934601e-10,1.154060942e-09,6.022844528494129e-08,7.572057760541195e-09,6.355257500251538e-08
10092,10091,130650000,0.0113,4,0.00193693137086,0.00617145238853,0.00989368222139,0.432120691555,0.432120691555,False,mid,True,0.9723425524825058,0.9170829170829171,0.1858879029750824,-0.0020242203027009964,0.0027236370369791985,0.12968730662335437,-0.0009867098752075875,0.00041343927056004814,0.011020606383681297,0.0025832336395978928,0.004312275908887386,0.04925177086365438,0.005775037882452413,0.016926452217760048,0.0804355357597,-0.00676174775766,-0.0165130129472,-0.03823116447997308,-0.00319180424285452,-0.012614176308872661,2.25980239894e-08,-1.899684469e-09,-4.63926123193e-09,-1.0740884161477002e-08,-8.967239189528173e-10,-3.543899548155856e-09
10093,10092,125050000,0.0001,4,0.00405614324187,0.00252658362422,0.0118817480801,0.467146661011,0.467146661011,False,high,True,0.3563958165728077,0.3046953046953047,0.11402571946382523,-0.00519630778580904,0.0013926852261647582,0.3038220426642725,-0.015980812318240778,0.0016560190616111583,0.05350291356444359,-0.03756294026970863,0.18713811039924622,0.038539052765272454,-0.0018563155596407754,-0.0009218542152688417,0.265282989899,-0.0141244967586,0.00257787327688,0.014963860799171134,-0.03570662471006786,0.18805996461451505,5.98648023621e-08,-3.18738946375e-09,5.81733017612e-10,3.3768036527988786e-09,-8.057697299399804e-09,4.243835090277624e-08
10093,10092,135150000,0.0203,4,0.0079833061911,0.00264615773403,0.0117322968202,0.462069566557,0.462069566557,False,high,True,0.3563958165728077,0.3046953046953047,0.14426244795322418,-0.0025886676739901304,-0.001239760429598391,0.24130921660625096,0.0008667965795178117,-0.0009660767985262622,0.02129216678440571,0.015927795320749283,0.01051761768758297,0.11447730048225097,0.09281156055021782,0.020228851416773736,0.126831916124,-0.0919447639707,-0.0211949282153,-0.09318513369784526,-0.07688376522946853,-0.009711233729190766,2.95252256578e-08,-2.14038389331e-08,-4.93397133372e-09,-2.1692584835613468e-08,-1.7897786197630366e-08,-2.260679930041382e-09
10093,10092,140200000,0.0304,4,0.00989849637832,0.00267334547082,0.0119244125132,0.461836892748,0.461836892748,False,high,True,0.3563958165728077,0.3046953046953047,0.12138894945383072,0.0021376737859100103,-0.0034862530883401632,0.14569515417433915,0.003213364190127084,-0.003700048820765481,0.07350722700357437,-0.03904728591442108,-0.05652894079685211,0.03605466090533917,0.019668724450527083,-0.03780412212716548,0.109640493269,-0.0164553602604,0.0341040733064,0.037452566098235204,-0.05871601036494817,-0.01872481866968663,2.55575588157e-08,-3.83579848237e-09,7.94977141557e-09,8.730316074970715e-09,-1.3686894719115351e-08,-4.364816685833977e-09
10093,10092,125350000,0.0007,4,0.00412907972937,0.00252247448183,0.0118806997972,0.466621474697,0.466621474697,False,mid,True,0.3563958165728077,0.3046953046953047,0.11481889337301254,-0.005297178868204355,0.0013766115298494697,0.27989414317003475,-0.016516530165021612,0.003317254179338878,0.04285300895571709,-0.022268900647759438,0.08784520626068115,0.18186322498283475,-0.010578065276491614,-0.002310355171881122,0.0980309181872,-0.00593846488853,0.00562760935122,-0.13901021602711766,-0.011690835371267824,0.09015556143256227,2.21852321597e-08,-1.34392520911e-09,1.27357595205e-09,-3.145919646740882e-08,-2.6457356683849815e-09,2.0402971815994022e-08
10093,10092,132400000,0.0148,4,0.00703568899364,0.00256883676036,0.0117655580369,0.463986069814,0.463986069814,False,mid,True,0.3563958165728077,0.3046953046953047,0.1406732052564621,-0.004392951726913452,-0.00015171497943811119,0.24970506458676076,-0.014484545570540804,0.0014140112363047533,0.20740275084972382,-0.10443803668022156,0.14971131086349487,0.25316829067880076,-0.0334294574848408,-0.03086747542529525,-0.00346322609204,0.0189449119143,0.0322814866616,-0.04576553982907694,-0.07100857919538076,0.18057878628879012,-7.96492035053e-10,4.35705641027e-09,7.42427618709e-09,-1.0525413872793544e-08,-1.6330948730021658e-08,4.153051552401163e-08
10093,10092,141000000,0.032,4,0.00999641982539,0.0027049203712,0.0118409911046,0.459188558694,0.459188558694,False,mid,True,0.3563958165728077,0.3046953046953047,0.13033927977085114,0.0025236322544515133,-0.0038593292701989412,0.16171026376021874,0.004224735658616948,-0.004077256129078485,0.0688413456082344,-0.03554423525929451,-0.04705742001533508,0.09036134582891873,0.01899077340041695,-0.06067928092317849,0.0713489179313,-0.0147660377418,0.0566020247941,-0.02152000022068433,-0.05453500865971146,0.013621860907843404,1.69059344792e-08,-3.49877298519e-09,1.34116977567e-08,-5.0991062551785235e-09,-1.292192383509682e-08,3.2276633573448595e-09
10094,10093,125050000,0.0001,2,0.000125494994065,0.0123006408139,0.00407942791668,0.681468388672,0.681468388672,False,high,True,0.7304231922692436,0.46553446553446554,0.23045063018798828,0.003705778159201145,0.0018081306479871273,0.18764471918145112,-0.0009316128011230369,0.004587580220527904,0.1603667140007019,-0.017261799424886703,-0.10275767743587494,0.0064634060644511064,-6.955984919103687e-05,-0.0007637383895820959,0.181181313117,-0.000862052951932,0.00535131861011,0.1539033079362508,-0.017192239575695666,-0.10199393904629284,1.20878326718e-08,-5.75133917395e-11,3.57022712881e-10,1.0267932172279584e-08,-1.1470107577281243e-09,-6.804706553446842e-09
10094,10093,136950000,0.0239,2,0.00247531372176,0.0123687229475,0.00402771164444,0.403943620531,0.403943620531,False,high,True,0.7304231922692436,0.46553446553446554,0.15880663692951202,0.001788374618627131,-0.0011214506812393665,0.15266655118177028,0.0017927158801661763,-0.0013887925651475189,0.007248307578265667,0.00150219292845577,0.010879181325435638,0.02318645125377027,-0.046468780252433825,0.010633901505252482,0.129480099928,0.0482614961326,-0.0120226940704,-0.015938143675504602,0.047970973180889595,0.0002452798201831568,4.36996903643e-08,1.62883133291e-08,-4.05767379322e-09,-5.379142771657543e-09,1.6190261481451382e-08,8.278223603916141e-11
10094,10093,136300000,0.0226,2,0.00239156698801,0.0124024593097,0.00402583485221,0.406428528596,0.406428528596,False,low,True,0.7304231922692436,0.46553446553446554,0.1619531214237213,0.001888094819150865,-0.0010303942253813148,0.1530422851370904,0.0019750188640241116,-0.0015844661185329383,0.03370262682437897,0.023837082087993622,0.0354606956243515,0.1489247665691404,0.0024073963468431115,-0.006890085562702939,0.00411751856795,-0.000432377482819,0.00530561944417,-0.11522213974476142,0.02142968574115051,0.04235078118705444,1.36660763026e-09,-1.43506424421e-10,1.76093923949e-09,-3.824231821937155e-08,7.112529443296217e-09,1.4056257370172164e-08
10094,10093,136400000,0.0228,2,0.00242151901366,0.0124029263623,0.00402448225008,0.404807164615,0.404807164615,False,low,True,0.7304231922692436,0.46553446553446554,0.16102783381938934,0.0018652500584721565,-0.0010664515430107713,0.15389892011377762,0.0022481531011259237,-0.0017122829510660019,0.0248111542314291,0.021653849631547928,0.04005363583564758,0.15054031501256762,0.0022988514931534237,-0.006662466096226002,0.00335860510121,-5.06983920275e-05,0.00495018314516,-0.12572916078113852,0.019354998138394502,0.04671610193187359,1.12673858701e-09,-1.70082021778e-11,1.66067822633e-09,-4.2179384802783496e-08,6.4931787444092365e-09,1.5672230909904835e-08
10094,10093,136500000,0.023,2,0.0024517597826,0.012403383353,0.00402316540991,0.404319154081,0.404319154081,False,low,True,0.7304231922692436,0.46553446553446554,0.16009238362312317,0.0018421829445287585,-0.0011027940781787038,0.15441099858313537,0.002302541392135891,-0.0015810382260569135,0.01472165435552597,0.018127642571926117,0.04117445647716522,0.15181523145779538,0.002272073817925891,-0.006505168225056914,0.00259576712534,3.046757421e-05,0.004924129999,-0.1370935771022694,0.015855568754000227,0.04767962470222214,8.73641478416e-10,1.02542852619e-11,1.65728434198e-09,-4.614074745459704e-08,5.336411880781057e-09,1.6047239911714148e-08
10094,10093,125750000,0.0015,2,0.000206012919961,0.0123009898259,0.00407177831004,0.663873574942,0.663873574942,False,mid,True,0.7304231922692436,0.46553446553446554,0.22810404002666473,0.003636747831478715,0.0016959524946287274,0.21044357617005438,0.001548449234418955,0.0023618071265773706,0.20257405936717987,-0.01077210996299982,-0.10760714113712311,0.10094523277305438,0.0005904062869049552,-0.009337893419322629,0.109498343397,0.000958042947514,0.0116997005459,0.10162882659412549,-0.011362516249904775,-0.09826924771780048,7.96016096877e-09,6.9646497295e-11,8.50528845845e-10,7.388073587774289e-09,-8.260166825681925e-10,-7.143843512567891e-09
10094,10093,131600000,0.0132,2,0.00146618898745,0.012520257269,0.00408676473607,0.525615374116,0.525615374116,False,mid,True,0.7304231922692436,0.46553446553446554,0.19050729274749756,0.0026361218187958,9.29225716390647e-05,0.11386344299326659,0.0013532884035387088,-0.0017064786325059582,0.07263176888227463,-0.05045904591679573,0.03597501292824745,0.11076349074691659,0.005196726287158709,-0.009014729423265958,0.00309995224635,-0.00384343788362,0.00730825079076,-0.03813172186464196,-0.05565577220395444,0.04498974235151341,4.91650304487e-10,-6.09566617674e-10,1.15908357323e-09,-6.047664988203771e-09,-8.826967377557744e-09,7.135342343400647e-09
10094,10093,139200000,0.0284,2,0.00269457149658,0.0121390195424,0.00406059724424,0.400019636954,0.400019636954,False,mid,True,0.7304231922692436,0.46553446553446554,0.15746581554412842,0.001591502339579165,-0.0012766496511176229,0.14377668176910896,0.0012004247243480107,-0.0012009587034474967,0.016634156927466393,-0.005095989443361759,0.013322316110134125,0.10037538025240896,-0.05368497447035199,0.011645086562252504,0.0434013015167,0.0548853991947,-0.0128460452657,-0.08374122332494256,0.04858898502699023,0.0016772295478816208,1.5032880461e-08,1.90106198734e-08,-4.44947630893e-09,-2.900539283169139e-08,1.6829735010346402e-08,5.809409031016197e-10
10094,10093,142550000,0.0351,2,0.0035994504372,0.012089705722,0.00403653491504,0.391094416261,0.4,True,high,True,0.7304231922692436,0.46553446553446554,0.17112821340560913,0.0018223596271127462,-0.0021126181818544865,0.14449573262324344,0.0025757679673450336,-0.0009146022711056696,4.3512267438927665e-05,-5.2500152378343046e-05,-2.7550271624932066e-05,0.0017502169762434487,-0.026757776380854966,-0.01367050405570567,0.142745515647,0.0293335443482,0.0127559017846,-0.001706704708804521,0.026705276228476623,0.013642953784080737,4.94573015836e-08,1.01632471098e-08,4.4195607734e-09,-5.913251222981581e-10,9.252626216090628e-09,4.726899312611945e-09
10094,10093,156250000,0.06250000000001,2,0.00647511653762,0.0118783031909,0.00357706096432,0.373211230172,0.4,True,high,True,0.7304231922692436,0.46553446553446554,0.2043004184961319,0.0003659152425825596,-0.003489960916340351,0.15937606130258725,0.003818545751594604,-0.002707241851123393,0.0,0.0,0.0,0.028212350135587247,-0.013286918109905397,-0.040215729156623393,0.131163711167,0.0171054638615,0.0375084873055,-0.028212350135587247,0.013286918109905397,0.040215729156623393,4.54436550705e-08,5.92644712953e-09,1.29953837396e-08,-9.774596165987978e-09,4.603454096901104e-09,1.3933348697912707e-08
10094,10093,140300000,0.0306,2,0.00296951303784,0.0120746151407,0.00407236502199,0.395460056747,0.4,True,low,True,0.7304231922692436,0.46553446553446554,0.16064013540744781,0.001602202421054244,-0.001524291350506246,0.14433793798998604,0.002295553509747956,-0.0010459429016132665,0.08594712615013123,0.030565720051527023,0.01854155771434307,0.14197355293400604,-0.002659513806862044,-0.0034116750607432666,0.00236438505598,0.00495506731661,0.00236573215913,-0.056026426783874816,0.03322523385838907,0.02195323277508634,8.18940552649e-10,1.71626256748e-09,8.19407142215e-10,-1.940560096053877e-08,1.1508062660566636e-08,7.603834466733473e-09
10094,10093,154150000,0.05830000000001,2,0.00597295977991,0.0118303944624,0.00364275642389,0.36977083994,0.4,True,low,True,0.7304231922692436,0.46553446553446554,0.19974346458911896,0.0009033624082803726,-0.0032658828422427177,0.15353862773383836,0.004707314830374045,-0.0017593317974332282,0.32925641536712646,0.33526739478111267,0.19335661828517914,0.15470634938845837,0.004492990869492046,-0.006210347000523228,-0.00116772165462,0.000214323960882,0.00445101520309,0.1745500659786681,0.3307744039116206,0.19956696528570236,-4.04456852201e-10,7.42341243965e-11,1.54167184535e-09,6.045787534865214e-08,1.145683765175857e-07,6.91228309958147e-08
10094,10093,170600000,0.0912,2,0.00999134539783,0.0118106244663,0.00326697788955,0.393587685126,0.4,True,low,True,0.7304231922692436,0.46553446553446554,0.21466094255447388,-0.0030191531404852867,-0.002309365663677454,0.17643360866968671,-0.0028791383714032045,-0.0012757181721569704,0.10116972029209137,-0.026630716398358345,0.043641943484544754,0.1761497112753717,-0.0028690770265620046,-0.00571229410271697,0.000283897394315,-1.00613448412e-05,0.00443657593056,-0.07497999098328034,-0.02376163937179634,0.04935423758726172,9.83318288353e-11,-3.48488735224e-12,1.5366700567e-09,-2.597036741825787e-08,-8.230175768936794e-09,1.709452971360045e-08
10094,10093,139250000,0.0285,2,0.00270474188421,0.0121337210375,0.00406174660644,0.399832351035,0.4,True,mid,True,0.7304231922692436,0.46553446553446554,0.15753337740898132,0.001588782062754035,-0.001285041100345552,0.14368826227484838,0.0012118242911816762,-0.0011912745527355925,0.021307844668626785,-0.0046671307645738125,0.017526108771562576,0.10302798241674838,-0.05226304808641832,0.011335891520664408,0.0406602798581,0.0534748723776,-0.0125271660734,-0.08172013774812159,0.04759591732184451,0.006190217250898168,1.40852316175e-08,1.85243674118e-08,-4.33956766335e-09,-2.8308882083853722e-08,1.6487823543443767e-08,2.1443690020351367e-09
10094,10093,155300000,0.06060000000001,2,0.00629201858705,0.0118728184127,0.00361810461211,0.372241194903,0.4,True,mid,True,0.7304231922692436,0.46553446553446554,0.2025921493768692,0.0005774219753220677,-0.0034464537166059017,0.15680842191930752,0.0049728811488734224,-0.0022313237032398157,0.08646701276302338,-0.012453366070985794,-0.06239265203475952,0.12688887988700753,0.030761088616373423,-0.014206744650739817,0.0299195420323,-0.0257882074675,0.0119754209475,-0.040421867123984156,-0.04321445468735922,-0.048185907384019705,1.03638893994e-08,-8.93282824026e-09,4.148189771e-09,-1.4001810580453334e-08,-1.4969140515307007e-08,-1.6691211857405443e-08
10094,10093,169000000,0.088,2,0.00943265616912,0.011817960189,0.0032848290806,0.388201375628,0.4,True,mid,True,0.7304231922692436,0.46553446553446554,0.21411263942718506,-0.0025618260260671377,-0.002595908474177122,0.17427507744804258,-0.0028687229829048345,-0.001050627588934345,0.058784715831279755,-0.004019028507173061,0.028978493064641953,0.17058905990106257,0.002465821725255166,-0.003849625939644345,0.00368601754698,-0.00533454470816,0.00279899835071,-0.11180434406978282,-0.006484850232428227,0.032828119004286296,1.27671101007e-09,-1.84770470455e-09,9.6947775369e-10,-3.872521908212569e-08,-2.2461313829524855e-09,1.137054298804e-08
10095,10094,131350000,0.0127,6,0.00514704517791,0.00965089072282,0.00932860916607,0.41076009972,0.41076009972,False,high,True,0.740753082305898,0.6243756243756243,0.19471871852874756,-0.001969317439943552,-0.006877911742776632,0.17895371956994427,-0.00314412946147629,-0.007861577458046918,0.003017488867044449,-0.0042535774409770966,0.004374365787953138,0.03743364407594425,-0.05338498387167629,-0.03670915108804692,0.141520075494,0.0502408544102,0.02884757363,-0.034416155208899804,0.049131406430699194,0.04108351687600006,4.5664314206e-08,1.62112276563e-08,9.30825299325e-09,-1.1105068448671682e-08,1.5853241830201063e-08,1.3256427519311025e-08
10095,10094,135200000,0.0204,6,0.0060281021214,0.00944261660932,0.00921731298359,0.400767341709,0.400767341709,False,high,True,0.740753082305898,0.6243756243756243,0.1906561702489853,-0.002639859216287732,-0.008056607097387314,0.15319801675060796,-0.007119214460653819,-0.011790248935176231,0.008177245035767555,-0.0053277043625712395,0.0011416805209591985,0.05457918207120795,-0.05911280700525382,-0.04775138924487623,0.0986188346794,0.0519935925446,0.0359611403097,-0.0464019370354404,0.05378510264268258,0.04889306976583543,3.39922249802e-08,1.79213017579e-08,1.23951897822e-08,-1.5993953775186632e-08,1.8538804636619175e-08,1.685260460494319e-08
10095,10094,131100000,0.0122,6,0.00506992328243,0.0096544693996,0.00933482905017,0.411382042964,0.411382042964,False,low,True,0.740753082305898,0.6243756243756243,0.19491496682167053,-0.0019210646860301495,-0.006773773580789566,0.1764501211881571,-0.0019137402966014027,-0.007388940808849464,0.07838478684425354,-0.1102258712053299,0.10793212056159973,0.1704159134387871,0.0012259686289685975,-0.006812074744026464,0.00603420774937,-0.00313970892557,-0.000576866064823,-0.09203112659453355,-0.11145183983429849,0.1147441953056262,1.93850456739e-09,-1.00863946773e-09,-1.85319688661e-10,-2.9565233193073238e-08,-3.580418665323397e-08,3.686186421153603e-08
10095,10094,134050000,0.0181,6,0.00573489088586,0.00949832270151,0.00926926317977,0.404672569469,0.404672569469,False,low,True,0.740753082305898,0.6243756243756243,0.19249369204044342,-0.0024250526912510395,-0.007704032585024834,0.16862168055253185,-0.004187148785867428,-0.009799420458109172,0.08949322998523712,0.028668751940131187,0.015656718984246254,0.17230558016725184,-0.0045116696379314284,-0.01438089566513917,-0.00368389961472,0.000324520852064,0.00458147520703,-0.08281235018201472,0.03318042157806261,0.030037614649385425,-1.23696943176e-09,1.08966697238e-10,1.53835483486e-09,-2.7806497586915076e-08,1.1141228458259613e-08,1.0085945603874666e-08
10095,10094,134800000,0.0196,6,0.00598378828978,0.00949173517464,0.00924716292107,0.401952931336,0.401952931336,False,low,True,0.740753082305898,0.6243756243756243,0.1918722242116928,-0.0025808094069361687,-0.008007417432963848,0.15550030571397389,-0.005043323965345909,-0.010554627854877851,0.010856295935809612,0.0008799575152806938,0.0028121585492044687,0.1594478919813939,-0.004621027196837909,-0.015041631785557851,-0.00394758626742,-0.000422296768508,0.00448700393068,-0.14859159604558428,0.005500984712118602,0.01785379033476232,-1.34964488217e-09,-1.44379535686e-10,1.53406701743e-09,-5.080215441808882e-08,1.880738091748224e-09,6.104053241722555e-09
10095,10094,126950000,0.0039,6,0.00456106130642,0.00943024199991,0.00920501758134,0.378975746022,0.4,True,high,True,0.740753082305898,0.6243756243756243,0.18097569048404694,-0.0015359981916844845,-0.005653926637023687,0.13779164671118824,-0.0004049887716903837,-0.004916242277870894,0.043400928378105164,0.057167936116456985,0.007293855305761099,0.006683987272188245,0.028567085050809616,0.0446206726900291,0.131107659439,-0.0289720738225,-0.0495369149679,0.03671694110591692,0.02860085106564737,-0.037326817384268005,4.54247962031e-08,-1.00379379404e-08,-1.71630267566e-08,1.2721297703533685e-08,9.9093206030144e-09,-1.2932601190848892e-08
10095,10094,141400000,0.0328,6,0.00706413251158,0.00930980322414,0.00902106850323,0.39113015521,0.4,True,high,True,0.740753082305898,0.6243756243756243,0.1843266487121582,-0.0032817923929542303,-0.00913055706769228,0.16240662509537535,-0.0036191148145474986,-0.009729440593520282,0.06811602413654327,0.025282610207796097,0.220487579703331,0.010662934744375348,0.030553801841452503,0.013321620519079718,0.151743690351,-0.034172916656,-0.0230510611126,0.05745308939216792,-0.005271191633656407,0.20716595918425126,5.25761802245e-08,-1.18402381065e-08,-7.98673566342e-09,1.990635640500729e-08,-1.8263633940103012e-09,7.177889756906747e-08
10095,10094,155700000,0.06140000000001,6,0.00999814014631,0.0099534786405,0.00890373472578,0.376892027496,0.4,True,high,True,0.740753082305898,0.6243756243756243,0.17667903006076813,0.00013575666525866836,-0.005852114409208298,0.1746945716468562,0.0007195048092806244,-0.006084642252366771,0.013740012422204018,0.008809222839772701,0.004063199274241924,0.07012727942485619,0.07474448332448062,-0.02041103464066677,0.104567292222,-0.0740249785152,0.0143263923883,-0.056387267002652175,-0.06593526048470792,0.024474233914908695,3.62282409167e-08,-2.56465927204e-08,4.96350229483e-09,-1.9535855334829755e-08,-2.2843840085971625e-08,8.479309578347746e-09
10095,10094,125850000,0.0017,6,0.00428498813537,0.00942993476465,0.00922546758132,0.371690633568,0.4,True,low,True,0.740753082305898,0.6243756243756243,0.17669503390789032,-0.0012397827813401818,-0.004944141022861004,0.12334444046274734,-0.00016919534675138484,-0.005983954976856085,0.0892823189496994,-0.02484707161784172,0.029492758214473724,0.11742277893476734,-5.6861897365384837e-05,-0.009377316651496085,0.00592166152798,-0.000112333449386,0.00339336167464,-0.028140459985067937,-0.024790209720476335,0.03887007486596981,2.05106092093e-09,-3.89084629476e-11,1.17534436721e-09,-9.746892405053681e-09,-8.586480355062163e-09,1.3463263844870461e-08
10095,10094,146950000,0.0439,6,0.00823026804999,0.00964538647833,0.00909267953978,0.372807521102,0.4,True,low,True,0.740753082305898,0.6243756243756243,0.18662215769290924,-0.0022603492252528667,-0.008659562095999718,0.14085045593217949,-0.002834433433405445,-0.00907471336054662,0.22367896139621735,0.07907706499099731,-0.08898252993822098,0.1457051488021795,-0.003093200077123445,-0.01378328013871662,-0.00485469287,0.000258766643718,0.00470856677817,0.07797381259403785,0.08217026506812077,-0.07519924979950436,-1.68149927422e-09,8.96278992834e-11,1.63088620271e-09,2.7007457072106666e-08,2.8460964426415465e-08,-2.6046443584702085e-08
10095,10094,154350000,0.05870000000001,6,0.00987566698628,0.00975749635777,0.00895603521948,0.373999272192,0.4,True,low,True,0.740753082305898,0.6243756243756243,0.17929789423942566,-0.00012138811143813655,-0.005976283922791481,0.1669327327560446,0.00024719624199852927,-0.006517787616174352,0.011052741669118404,-0.030447890982031822,0.013018202036619186,0.1647756092712546,0.00014829941643452926,-0.011227615916454351,0.00215712348479,9.8896825564e-05,0.00470982830028,-0.1537228676021362,-0.030596190398466352,0.02424581795307354,7.47151062756e-10,3.42543525414e-11,1.63131746734e-09,-5.32441488438369e-08,-1.0597435118414859e-08,8.39789134870446e-09
10095,10094,125050000,0.0001,6,0.00414155168695,0.00942982749335,0.00923630366074,0.372703433991,0.4,True,mid,True,0.740753082305898,0.6243756243756243,0.1744631975889206,-0.0010842295596376061,-0.0045732841826975346,0.11047667519910842,0.00020772818221836294,-0.00446243849123855,0.028592418879270554,-0.03422333672642708,0.023459946736693382,0.020588183278608427,2.4589879923362958e-05,-0.0019459218406185498,0.0898884919205,0.000183138302295,-0.00251651665062,0.008004235600662126,-0.03424792660635044,0.025405868577311932,3.11399783522e-08,6.34444148198e-11,-8.71794290336e-10,2.7728991554444204e-09,-1.1864474198462606e-08,8.801329075762413e-09
10095,10094,137050000,0.0241,6,0.00636412306641,0.00929319903822,0.00906757755268,0.39454502334,0.4,True,mid,True,0.740753082305898,0.6243756243756243,0.18509253859519958,-0.002909579314291477,-0.008374447003006935,0.14604288075068467,-0.007705286173940619,-0.015429979997864456,0.0254410058259964,0.0096821840852499,-0.02306266687810421,0.13758595862085465,-0.01291152471086062,-0.025395924987474457,0.00845692212983,0.00520623853692,0.00996594498961,-0.11214495279485825,0.022593708796110522,0.0023332581093702467,2.92923502543e-09,1.80329155678e-09,3.45191721964e-09,-3.88437919386001e-08,7.825812055963291e-09,8.081736206641367e-10
10095,10094,153800000,0.05760000000001,6,0.00969870731942,0.00975748516484,0.00896848818939,0.369647977792,0.4,True,mid,True,0.740753082305898,0.6243756243756243,0.1799410879611969,-0.0003297097864560783,-0.006265117786824703,0.161170987363961,-0.000548888031291642,-0.006469573443713005,0.04762311652302742,-0.04880094528198242,0.01005395594984293,0.15531195365749098,-1.4780404613642012e-05,-0.011021344216113005,0.00585903370647,-0.000534107626678,0.0045517707724,-0.10768883713446356,-0.04878616487736878,0.021075300165955935,2.02937151629e-09,-1.84996854177e-10,1.5765797599e-09,-3.729977836819183e-08,-1.689788083687607e-08,7.299772624080984e-09
10096,10095,155800000,0.06160000000001,6,0.0047612130009,0.0111237334968,0.0123951238732,0.491032735093,0.491032735093,False,high,True,0.3915361546151283,0.39760239760239763,0.05932411924004555,-0.00041875874740071595,-0.0017664970364421606,0.15776214741118022,-0.002711089451329772,-0.0006911970766130815,0.07632743567228317,-0.07242859899997711,0.02540692314505577,0.019779416428180194,-0.06483309580462977,0.06221221905678692,0.137982730983,0.0621220063533,-0.0629034161334,0.05654801924410298,-0.007595503195347339,-0.03680529591173115,2.69127985983e-08,1.2116567295e-08,-1.22689771212e-08,1.1029390723083953e-08,-1.4814625445727648e-09,-7.178677427000065e-09
10096,10095,155900000,0.06180000000001,6,0.00476831671364,0.0111121895711,0.0124059447545,0.49115042996,0.49115042996,False,high,True,0.3915361546151283,0.39760239760239763,0.058255068957805634,-0.00041205238085240126,-0.001737253274768591,0.15488802413197122,-0.0028680844621384385,-0.0005219127610953667,0.10280191153287888,-0.09388365596532822,0.036333970725536346,0.049885307897971236,-0.05117665677763844,0.046646938040104634,0.105002716234,0.0483085723155,-0.0471688508012,0.05291660363490764,-0.042706999187689776,-0.010312967314568287,2.04637899879e-08,9.41477053103e-09,-9.19265226068e-09,1.0312821444010688e-08,-8.323090046951061e-09,-2.0098755998561694e-09
10096,10095,160650000,0.07130000000001,6,0.00582597933096,0.0108982567846,0.0124679786349,0.487319134683,0.487319134683,False,high,True,0.3915361546151283,0.39760239760239763,0.05235998332500458,-0.0003487943613436073,-0.0018641229253262281,0.14044540729650073,-0.0015681038545881307,0.00010654046439517728,0.0920320525765419,0.05422734469175339,0.03239389881491661,0.04486020656120075,0.01100667180201187,0.08083941616599517,0.0955852007353,-0.0125747756566,-0.0807328757016,0.04717184601534115,0.04322067288974152,-0.04844551735107856,1.90649740165e-08,-2.50810553635e-09,-1.61025992067e-08,9.408674268355983e-09,8.620591883270632e-09,-9.662714755111534e-09
10096,10095,162950000,0.0759,6,0.00620445474186,0.0109578324708,0.0126307660272,0.483643697829,0.483643697829,False,low,True,0.3915361546151283,0.39760239760239763,0.03642481938004494,-0.00021433729853015393,-0.0013631385518237948,0.09768180876805738,-0.0007970967249692242,-0.0012107622869934795,0.4146014451980591,-0.007441018242388964,0.012363762594759464,0.09613879923787738,0.004567449571460776,0.0011761082078465203,0.00154300953018,-0.00536454629643,-0.00238687049484,0.3184626459601817,-0.01200846781384974,0.011187654386912944,3.14608450736e-10,-1.09379207724e-09,-4.86665580346e-10,6.493222349107556e-08,-2.448439481884389e-09,2.2810815780346562e-09
10096,10095,188800000,0.1276,6,0.00879032940012,0.0110268069166,0.0128031915134,0.463936533467,0.463936533467,False,low,True,0.3915361546151283,0.39760239760239763,0.019119206815958023,7.674961671000347e-05,-0.0006410329951904714,0.057568085231412235,0.0022320446053264937,-0.002007827411088652,0.5416195392608643,-0.394367516040802,0.01873190701007843,0.05583106253597223,0.002164240049014494,-0.008637934523748652,0.00173702269544,6.7804556312e-05,0.00663010711266,0.485788476724892,-0.3965317560898165,0.027369841533827082,3.99584416319e-10,1.5597749027e-11,1.52518875413e-09,1.1175070160960495e-07,-9.12181002157047e-08,6.296153863034105e-09
10096,10095,196750000,0.1435,6,0.00999579800508,0.0110727024482,0.0126611390864,0.442740675729,0.442740675729,False,low,True,0.3915361546151283,0.39760239760239763,0.0326373353600502,0.0003604938683565706,-0.0007803896442055702,0.08820837939171679,0.0023332065020595177,-0.001865933642388234,1.1496117115020752,0.23829331994056702,-0.1819792538881302,0.08871872982561178,0.0025592353904205175,-0.008011805790148234,-0.000510350433895,-0.000226028888361,0.00614587214776,1.0608929816764634,0.2357340845501465,-0.17396744809798195,-1.34007830665e-10,-5.93506715881e-11,1.61378327394e-09,2.785693076764992e-07,6.189906226461798e-08,-4.568037720291132e-08
10096,10095,125050000,0.0001,6,0.000675216751216,0.0106360870023,0.0126959920814,0.644976068762,0.644976068762,False,mid,True,0.3915361546151283,0.39760239760239763,0.030057016760110855,0.0007432124111801386,0.0016478197649121284,0.0442321332612691,-0.00031988759281393784,-0.0017088123794388901,0.5504787564277649,-0.15091614425182343,-0.04262334853410721,0.0017022176207690991,-5.427015959293783e-05,-0.00111095527951889,0.0425299156405,-0.000265617433221,-0.00059785709992,0.5487765388069958,-0.15086187409223048,-0.04151239325458832,3.39941388256e-09,-2.12307872315e-11,-4.7786686022e-11,4.3863679397173526e-08,-1.2058381527796462e-08,-3.3180833726732162e-09
10096,10095,152750000,0.05550000000001,6,0.00386762544264,0.0111409204333,0.0124549623472,0.497250856099,0.497250856099,False,mid,True,0.3915361546151283,0.39760239760239763,0.048945844173431396,-0.0001289184292545542,-0.0009519975865259767,0.1413872348027687,-0.0023210861799432196,-0.0021014112597729905,0.29080653190612793,0.08622743934392929,-0.007500571198761463,0.1386329905097787,-0.0028116480057352195,-0.00978887558583299,0.00275424429299,0.000490561825792,0.00768746432606,0.15217354139634923,0.08903908734966451,0.0022883043870715273,5.17259398445e-10,9.21297052535e-11,1.44374018782e-09,2.8578871773368132e-08,1.6721938891834415e-08,4.297537998818096e-10
10096,10095,186850000,0.1237,6,0.00859155856129,0.0110190764771,0.0128364320065,0.466303177239,0.466303177239,False,mid,True,0.3915361546151283,0.39760239760239763,0.01591467298567295,4.5413060433929786e-05,-0.0005583805032074451,0.04785421227474364,0.0018661271012120739,-0.0016796418969280795,0.30711129307746887,-0.18529967963695526,-0.03701016679406166,0.04615323978426364,0.0017977929621164738,-0.00840360374463808,0.00170097249048,6.83341390956e-05,0.00672396184771,0.2609580532932052,-0.18709747259907172,-0.02860656304942358,3.85619726738e-10,1.54917214666e-11,1.52435876819e-09,5.9160611805485665e-08,-4.2416015932585825e-08,-6.485263628766366e-09
10097,10096,128950000,0.0079,0,0.00490701315757,0.00382806605405,0.00590840750526,0.37398323668,0.4,True,high,True,0.7574141952682439,0.45354645354645357,0.1571991741657257,0.0015102187171578407,-0.0027107184287160635,0.14975598325713285,0.002333088272783132,-0.0038379196340473237,0.03375993296504021,-0.03241743519902229,-0.007035711780190468,0.053260976837532864,0.004676787399203132,-0.07101733251184732,0.0964950064196,-0.00234369912642,0.0671794128778,-0.019501043872492657,-0.037094222598225424,0.06398162073165685,3.34306974537e-08,-8.11974622574e-10,2.32743093178e-08,-6.756137150740854e-09,-1.2851294372360584e-08,2.2166434146609853e-08
10097,10096,136600000,0.0232,0,0.00679752169579,0.00394800116103,0.00552772621464,0.390659198109,0.4,True,high,True,0.7574141952682439,0.45354645354645357,0.16430522501468658,0.001328110578469932,-0.003456183709204197,0.1671289618915833,0.0019760722955588905,-0.005953950849042378,0.060967788100242615,0.0181661918759346,-0.0722055584192276,0.0755574646165833,0.01647411549215889,-0.07964070002414238,0.091571497275,-0.0144980431966,0.0736867491751,-0.014589676516340688,0.0016920763837757098,0.007435141604914777,3.1725005242e-08,-5.0228565667e-09,2.55288225421e-08,-5.0546029903837016e-09,5.862209720558978e-10,2.5759096816188056e-09
10097,10096,125800000,0.0016,0,0.00411631275336,0.00375792677099,0.00596492725116,0.352349149013,0.4,True,low,True,0.7574141952682439,0.45354645354645357,0.14685024321079254,0.0012623363872990012,-0.0019967653788626194,0.12241549089658214,0.0038667631483949804,-0.001447031091589431,0.14862532913684845,0.02653736062347889,0.06368759274482727,0.11689161341323215,0.00380493855355608,-0.005577164395949431,0.00552387748335,6.18245948389e-05,0.00413013330436,0.0317337157236163,0.02273242206992281,0.0692647571407767,1.91328244001e-09,2.14139274491e-11,1.43053707291e-09,1.0991474961801163e-08,7.8737343643847e-09,2.3990945481417676e-08
10097,10096,135450000,0.0209,0,0.00658480039738,0.00389159076754,0.00566714318925,0.393379075829,0.4,True,low,True,0.7574141952682439,0.45354645354645357,0.16365750133991241,0.0013138349168002605,-0.003367065917700529,0.1687473199918903,0.002663543965411554,-0.005433703884113258,0.12456250190734863,0.31067925691604614,-0.08897297829389572,0.1679451266449863,0.0029723128851805542,-0.010019032024683258,0.000802193346904,-0.000308768919769,0.00458532814057,-0.043382624737637654,0.30770694403086557,-0.07895394626921247,2.77851007032e-10,-1.06946480707e-10,1.58819322841e-09,-1.5026185417213157e-08,1.0657865039596017e-07,-2.734681553356087e-08
10097,10096,147750000,0.0455,0,0.00951040888726,0.00407004509441,0.00542455619606,0.373106318952,0.4,True,low,True,0.7574141952682439,0.45354645354645357,0.1666804999113083,0.00022600420925300568,-0.0028055040165781975,0.1492593538500578,0.0004321533410606965,-0.0030607933118692145,0.0047981878742575645,0.0026072016917169094,-0.0024717156775295734,0.14617174311724782,0.0003502381362141965,-0.007620684007039215,0.00308761073281,8.19152048465e-05,0.00455989069517,-0.14137355524299025,0.002256963555502713,0.005148968329509641,1.06943960751e-09,2.83725417811e-11,1.57938553054e-09,-4.89668201450873e-08,7.817326819458186e-10,1.7834212748664008e-09
10097,10096,125050000,0.0001,0,0.00398182149128,0.00375330236278,0.00597144884882,0.353074641027,0.4,True,mid,True,0.7574141952682439,0.45354645354645357,0.14501699805259705,0.0012208910193294287,-0.0018858674447983503,0.11421983055102473,0.004291920761297615,-0.00148430668283169,0.031929340213537216,-0.006638837978243828,0.038592323660850525,0.021366876183824737,0.0010974911303476148,-0.00124259019425969,0.0928529543672,0.00319442963095,-0.000241716488572,0.01056246402971248,-0.007736329108591442,0.03983491385511022,3.21671647838e-08,1.10665024101e-09,-8.37381445947e-11,3.6591675868823183e-09,-2.680106141519572e-09,1.3800058887285648e-08
10097,10096,138950000,0.0279,0,0.00737030800583,0.00401398198953,0.00537978294179,0.385826235564,0.4,True,mid,True,0.7574141952682439,0.45354645354645357,0.1661732941865921,0.0012302810791879892,-0.003675217507407069,0.169275637047625,0.0018371127166038337,-0.003929112758454263,0.027875550091266632,0.021312326192855835,0.015182558447122574,0.07885406629172498,0.04688283401770384,0.051371687820545735,0.0904215707559,-0.0450457213011,-0.055300800579,-0.050978516200458346,-0.025570507824848,-0.03618912937342316,3.13263881526e-08,-1.56060079281e-08,-1.91588614266e-08,-1.766141389259524e-08,-8.858855765096304e-09,-1.2537657819686711e-08
10097,10096,150900000,0.05180000000001,0,0.00999883280602,0.00430778654953,0.00539818696281,0.381913035152,0.4,True,mid,True,0.7574141952682439,0.45354645354645357,0.16413137316703796,-8.250259998021647e-05,-0.002455218229442835,0.1623123286297025,0.0002635121129742884,-0.002855215214531897,1.9970544599345885e-05,-3.1165711789071793e-06,-7.036086117295781e-06,0.06117150204770248,-0.005876089761955711,-0.030362924032931896,0.101140826582,0.00613960187493,0.0275077088184,-0.06115153150310314,0.005872973190776804,0.0303558879468146,3.50392723432e-08,2.1270063677e-09,9.52978271388e-09,-2.1185363408161458e-08,2.0346354093630903e-09,1.0516507140921914e-08
10098,10097,150800000,0.05160000000001,6,0.00705141481808,0.00781587643337,0.0122757167796,0.460721205851,0.460721205851,False,high,True,0.41752749083638785,0.4005994005994006,0.0631348118185997,-0.0021077545825392008,-0.002822116483002901,0.15737497072057813,-0.005352152591108383,-0.007907175800302126,0.0521567277610302,-0.020512057468295097,-0.13413472473621368,0.010667267216578137,-0.08383691069900838,0.003756576494797874,0.146707703504,0.0784847581079,-0.0116637522951,0.04148946054445206,0.06332485323071328,-0.13789130123101156,3.44390775869e-08,1.84239996218e-08,-2.73802166247e-09,9.739493677581343e-09,1.4865269386028934e-08,-3.236946055478385e-08
10098,10097,154000000,0.05800000000001,6,0.00715628547559,0.00770309737185,0.0123151877327,0.453864958423,0.453864958423,False,high,True,0.41752749083638785,0.4005994005994006,0.059546004980802536,-0.0021174850407987833,-0.002681543817743659,0.12587996568454157,-0.0046557419245356,-0.0059918508977459435,0.008828057907521725,-0.003646191908046603,0.005807496607303619,0.006734820792541571,-0.0055853288378166,0.016013060159054057,0.119145144892,0.000929586913281,-0.0220049110568,0.0020932371149801534,0.0019391369297699964,-0.010205563551750438,2.91836062006e-08,2.27694535358e-10,-5.38991881995e-09,5.127209145066633e-10,4.749753636939226e-10,-2.4997673889223802e-09
10098,10097,171300000,0.0926,6,0.00938738602977,0.00775747824703,0.0117608954251,0.428587462791,0.428587462791,False,high,True,0.41752749083638785,0.4005994005994006,0.10856341570615768,-0.0017910589231178164,-0.0032047925051301718,0.21254461625940374,-0.008779762102053869,-0.006007215055625324,0.017656929790973663,0.0066533517092466354,0.002135493094101548,0.09699060342240375,0.02656911127874613,0.016554038683474676,0.115554012837,-0.0353488733808,-0.0225612537391,-0.07933367363143008,-0.019915759569499494,-0.014418545589373128,3.32101837542e-08,-1.01592541156e-08,-6.48409660565e-09,-2.2800470658808618e-08,-5.723782486386225e-09,-4.143885069289842e-09
10098,10097,130150000,0.0103,6,0.00204184891743,0.00781191330998,0.0126341302701,0.516328546471,0.516328546471,False,low,True,0.41752749083638785,0.4005994005994006,0.0284098032861948,0.00019382206664886326,0.00040903189801611006,0.06033180986256229,-0.0001325394214624206,0.0019185928233446158,0.27517902851104736,0.024972738698124886,0.026463789865374565,0.05781424251573229,-0.00441497808684242,0.006014871030844616,0.00251756734683,0.00428243866538,-0.0040962782075,0.21736478599531506,0.029387716784967308,0.02044891883452995,4.21874598031e-10,7.17618177255e-10,-6.86422837661e-10,3.6424321213630585e-08,4.9245678457499715e-09,3.4266727459545034e-09
10098,10097,148850000,0.0477,6,0.00636339642732,0.00784151373817,0.0123355377915,0.469951363057,0.469951363057,False,low,True,0.41752749083638785,0.4005994005994006,0.057787906378507614,-0.0015312505420297384,-0.002465298166498542,0.17604401957495905,-0.006809316182958266,-0.008754811324608865,0.4677218198776245,-0.1818600744009018,-0.024850009009242058,0.17324108492673904,-0.004776722953638266,-0.014533931204818865,0.00280293464822,-0.00203259322932,0.00577911988021,0.29448073495088545,-0.17708335144726353,-0.010316077804423193,6.21336378959e-10,-4.50572088008e-10,1.28107782399e-09,6.527857994950806e-08,-3.925468916363919e-08,-2.2868012395911066e-09
10098,10097,173200000,0.0964,6,0.00998577438037,0.00776128470524,0.0117535025589,0.427423331783,0.427423331783,False,low,True,0.41752749083638785,0.4005994005994006,0.10936610400676727,-0.0010476671159267426,-0.002662727376446128,0.1524403609052781,-0.0022941478226904365,-0.004461775917571844,0.10988698154687881,-0.01802622713148594,-0.02460602857172489,0.1520434607969831,-0.0028721769326054366,-0.010022405947881844,0.000396900108295,0.000578029109915,0.00556063003031,-0.042156479250104295,-0.015154050198880503,-0.014583622623843048,1.14894966704e-10,1.67328337659e-10,1.60969571143e-09,-1.2203491958283268e-08,-4.3868067976051784e-09,-4.221678958454916e-09
10098,10097,125050000,0.0001,6,0.00152057424162,0.00786780678127,0.0125227784494,0.561779379882,0.561779379882,False,mid,True,0.41752749083638785,0.4005994005994006,0.04078212007880211,0.0002973478985950351,0.0012415597448125482,0.0816013508639572,0.001368225033002646,-0.0021137691181809517,0.5810353755950928,0.030913004651665688,0.19457969069480896,0.005068509184057205,9.464098754264598e-05,-0.001232394642574952,0.0765328416799,0.00127358404546,-0.000881374475606,0.5759668664110356,0.030818363664123043,0.19581208533738392,9.81741410393e-09,1.63371719852e-10,-1.13060197658e-10,7.388338278813862e-08,3.953291573330751e-09,2.5118214430760543e-08
10098,10097,146450000,0.0429,6,0.00558300497148,0.00783854904524,0.0123898760261,0.479858822052,0.479858822052,False,mid,True,0.41752749083638785,0.4005994005994006,0.05287858843803406,-0.001001637545414269,-0.002134134527295828,0.16480708967028385,-0.005750014917235625,-0.007949989674686221,0.6219308972358704,0.1857675462961197,0.08969724923372269,0.15356297489068385,-0.004719975574795625,-0.01497033904192622,0.0112441147796,-0.00103003934244,0.00702034936724,0.46836792234518654,0.1904875218709153,0.10466758827564891,2.34601160711e-09,-2.14911026835e-10,1.46475035379e-09,9.772192864951878e-08,3.974398572747291e-08,2.1838213304992128e-08
10098,10097,172600000,0.0952,6,0.00980245011602,0.00776547999468,0.011765679378,0.429055306753,0.429055306753,False,mid,True,0.41752749083638785,0.4005994005994006,0.10824746638536453,-0.0012626467505469918,-0.0028081638738512993,0.1500892389115986,-0.0036600431679732677,-0.005147011490668844,0.12145983427762985,-0.14544357359409332,0.04131672531366348,0.15547642864391858,-0.004059006490605268,-0.010019168488448844,-0.00538718973232,0.000398963322632,0.00487215699778,-0.03401659436628873,-0.14138456710348807,0.05133589380211233,-1.54324172476e-09,1.14289059181e-10,1.39570283249e-09,-9.744566345113682e-09,-4.050174098793623e-08,1.470594080212068e-08
10099,10098,132700000,0.0154,6,0.00263111916567,0.0140618081695,0.00876096347228,0.418565912305,0.418565912305,False,low,True,0.35121626124625127,0.3876123876123876,0.06408172100782394,0.00013904290972277522,-0.0007953630411066115,0.12025889195387346,-0.0005227756743179665,-0.004251697862485082,0.01330347079783678,-0.0021127962972968817,-0.007078646216541529,0.11483361511424346,-0.0035288128939879666,-0.006581922863855082,0.00542527683963,0.00300603721967,0.00233022500137,-0.10153014431640668,0.001416016596691085,-0.000496723352686447,1.66302288889e-09,9.21447669668e-10,7.14289358517e-10,-3.112227429156999e-08,4.340549028109082e-10,-1.5226177933086767e-10
10099,10098,136800000,0.0236,6,0.00385716618774,0.0140527982078,0.0086693999045,0.406367000369,0.406367000369,False,low,True,0.35121626124625127,0.3876123876123876,0.07193023711442947,-6.807679164921865e-05,-0.0023312990088015795,0.17366851855187718,-0.0023253016073632297,-0.008098849691085593,0.4268481731414795,0.05434076488018036,0.10841799527406693,0.17353271757023117,-0.0023385578437880297,-0.012802527132945593,0.000135800981646,1.32562364248e-05,0.00470367744186,0.25331545557124835,0.05667932272396839,0.12122052240701252,4.50905748033e-11,4.40152429591e-12,1.56178193245e-09,8.410940303871507e-08,1.8819475456801736e-08,4.02493632009252e-08
10099,10098,141000000,0.032,6,0.00511439781504,0.0140465035483,0.0085638976595,0.400018963166,0.400018963166,False,low,True,0.35121626124625127,0.3876123876123876,0.07865520566701889,-0.00018812484631780535,-0.003763549029827118,0.11996997436523765,0.00040457138218746673,-0.0073136374631143876,0.45452365279197693,-0.17884628474712372,-0.38831809163093567,0.12261464293293765,0.00046380506845886674,-0.011801903056384387,-0.0026446685677,-5.92336862714e-05,0.00448826559327,0.33190900985903926,-0.17931008981558258,-0.37651618857455127,-9.15903648638e-10,-2.05138557023e-11,1.55437958583e-09,1.1494698309564402e-07,-6.209880795843317e-08,-1.3039537547262091e-07
10099,10098,127850000,0.0057,6,0.00214480366726,0.0143022325098,0.00863630380288,0.400129883708,0.400129883708,False,mid,True,0.35121626124625127,0.3876123876123876,0.048286762088537216,0.000365024694474414,0.0002922550484072417,0.06112554314521253,-0.0008895932543628408,7.236923138092578e-05,0.014451216906309128,-0.0078292116522789,0.010541025549173355,-0.0014832446908874684,-0.01960211454416284,0.013114658526980925,0.0626087878361,0.0187125212898,-0.0130422892956,0.015934461597196595,0.01177290289188394,-0.0025736329778075703,2.166961958e-08,6.47661824718e-09,-4.5140859176e-09,5.515099923789826e-09,4.074736723657941e-09,-8.907638926605895e-10
10099,10098,130450000,0.0109,6,0.0022728820856,0.0141714350794,0.00871408750021,0.407807934353,0.407807934353,False,mid,True,0.35121626124625127,0.3876123876123876,0.057189907878637314,0.000332064664689824,2.879119710996747e-05,0.08513761541448807,-0.0018772001314250435,-0.0007468612464832311,0.025574058294296265,-0.01807989366352558,0.010173606686294079,0.04544587912348807,-0.03227296295652504,0.018043358716816768,0.039691736291,0.0303957628251,-0.0187902199633,-0.019871820829191804,0.01419306929299946,-0.00786975203052269,1.30556807022e-08,9.99798475011e-09,-6.18060924232e-09,-6.536376887488934e-09,4.6684826159970775e-09,-2.588573323236313e-09
10099,10098,137850000,0.0257,6,0.00421863844815,0.0140479365213,0.00864283563685,0.404824314555,0.404824314555,False,mid,True,0.35121626124625127,0.3876123876123876,0.07439348101615906,-0.00012261800293345004,-0.0027903022710233927,0.1598524231269498,-0.0019130236468912782,-0.007815304115325947,0.40229687094688416,-0.18744568526744843,0.21921661496162415,0.1650898412933498,-0.0021730336584252783,-0.012470194636955947,-0.0052374181664,0.000260010011534,0.00465489052163,0.23720702965353435,-0.18527265160902315,0.2316868095985801,-1.75684378025e-09,8.72179682913e-11,1.56144023655e-09,7.956891763036155e-08,-6.214800790924783e-08,7.771721055618387e-08
10099,10098,158750000,0.06750000000001,6,0.00919929386072,0.0141708316463,0.00820729365494,0.389137265063,0.4,True,high,True,0.35121626124625127,0.3876123876123876,0.06629116088151932,0.0002376957709202543,-0.0020097969099879265,0.16159116390222056,-0.0009936971035275285,-0.003854486957583104,0.04288158565759659,-0.01899973675608635,0.0073048085905611515,0.05344162891422055,-0.05322647615382753,-0.028743514996383102,0.108149534988,0.0522327790503,0.0248890280388,-0.010560043256623963,0.03422673939774118,0.03604832358694425,3.74688248412e-08,1.80962483974e-08,8.62290006295e-09,-3.6585678444381226e-09,1.1857986292053534e-08,1.2489081182349072e-08
10099,10098,164700000,0.0794,6,0.00939558970887,0.0140303859658,0.00825288182537,0.388694387125,0.4,True,high,True,0.35121626124625127,0.3876123876123876,0.07839127629995346,0.00030908838380128145,-0.0021618162281811237,0.14957721618725178,0.000875652491537187,-0.0027719469108123673,0.004054202698171139,-0.0017704584170132875,0.0018574228743091226,0.037884033187251795,-0.022964176547662814,0.028809014014687634,0.111693183,0.0238398290392,-0.0315809609255,-0.033829830489080656,0.021193718130649526,-0.02695159114037851,3.86961821102e-08,8.25932560249e-09,-1.094124621e-08,-1.1720368658148746e-08,7.342578609972039e-09,-9.337397779480154e-09
10099,10098,125500000,0.001,6,0.00190579606484,0.0143031601321,0.00865484483383,0.387981833278,0.4,True,low,True,0.35121626124625127,0.3876123876123876,0.05010601133108139,0.0005284701474010944,0.0008259810274466872,0.04564955062002629,0.000488101612305585,0.0006771706933587905,0.2347918599843979,0.03518017381429672,-0.007483377121388912,0.04072431331160629,0.000537796680010785,-0.0032220772030512094,0.00492523730842,-4.96950677052e-05,0.00389924789641,0.1940675466727916,0.03464237713428594,-0.004261299918337702,1.70593163061e-09,-1.72126503912e-11,1.35056443081e-09,6.721827713307184e-08,1.1998919688962578e-08,-1.475966712460733e-09
10099,10098,152000000,0.05400000000001,6,0.00745649774259,0.0141838831858,0.00825631989245,0.390782380231,0.4,True,low,True,0.35121626124625127,0.3876123876123876,0.0644567459821701,0.00026601864374242723,-0.0034075656440109015,0.09502510025704909,0.0016359549952357833,-0.005095266029489837,0.15526197850704193,-0.006452633533626795,-0.026805739849805832,0.09338627602673909,0.0019607132248287834,-0.009718045212429837,0.00163882423031,-0.000324758229593,0.00462277918294,0.061875702480302844,-0.008413346758455578,-0.017087694637375993,5.67630253559e-10,-1.12484666018e-10,1.60116580608e-09,2.1431536121022645e-08,-2.914083197842136e-09,-5.918567873431538e-09
10099,10098,167400000,0.0848,6,0.00998854951156,0.0140009028752,0.00826452433726,0.388768857359,0.4,True,low,True,0.35121626124625127,0.3876123876123876,0.08154463768005371,0.0003247142885811627,-0.0016204763669520617,0.12320871371374839,0.0013703101111112212,-0.001682478006725119,0.146905779838562,0.23764543235301971,-0.17022953927516937,0.1249167958742084,0.0014491730146829211,-0.006331280144555119,-0.00170808216046,-7.88629035717e-05,0.00464880213783,0.021988983964353614,0.2361962593383368,-0.16389825913061426,-5.91618779211e-10,-2.73152988868e-11,1.61017936329e-09,7.616200291898004e-09,8.18099654915428e-08,-5.676851513720467e-08
10099,10098,125050000,0.0001,6,0.0018789227508,0.0143029596931,0.00865716845543,0.386619409383,0.4,True,mid,True,0.35121626124625127,0.3876123876123876,0.05033566430211067,0.0005471664480865002,0.0008863778784871101,0.04894394147845755,-0.0005205240017558987,-0.0004274973408732785,0.24208401143550873,0.059435490518808365,-0.015727635473012924,0.006884065882957551,-0.0002899967178178987,-0.0013325817335052784,0.0420598755955,-0.000230527283938,0.000905084392632,0.23519994555255117,0.05972548723662626,-0.014395053739507646,1.45692290168e-08,-7.98529417113e-11,3.13514522073e-10,8.147151704511052e-08,2.06884658922641e-08,-4.986339870735817e-09
10100,10099,129450000,0.0089,0,0.00476982487235,0.00340877362549,0.00553317347406,0.370182751762,0.4,True,high,True,0.7534155281572809,0.5044955044955045,0.16149310767650604,0.0019726974423974752,-0.0019697907846421003,0.15393001803979917,0.001523294381969343,-0.0018277899652490819,0.06461694836616516,-0.08637159317731857,0.037027161568403244,-0.013086986976200829,-0.025005406811930656,0.027761110004150918,0.167017005016,0.0265287011939,-0.0295888999694,0.07770393534236598,-0.06136618636538792,0.009266051564252326,5.78699146996e-08,9.19196027394e-09,-1.02522920772e-08,2.692372617779197e-08,-2.1262840691367587e-08,3.2106048936392817e-09
10100,10099,152250000,0.05450000000001,0,0.00969376274463,0.00341286720876,0.00567427915734,0.365050768997,0.4,True,high,True,0.7534155281572809,0.5044955044955045,0.17369505763053894,0.0003405789320822805,-0.003174810903146863,0.16542596829736017,0.0009642590259458777,-0.00320493553967445,0.0034727363381534815,-0.0005822752718813717,0.002233159262686968,0.058749718922360174,-0.010937448466654122,0.04306036749452555,0.106676249375,0.0119017074926,-0.0462653030342,-0.05527698258420669,0.01035517319477275,-0.04082720823183858,3.69579312462e-08,4.12334038552e-09,-1.6028590231e-08,-1.9150681935404237e-08,3.587544380466525e-09,-1.4144565108404592e-08
10100,10099,125750000,0.0015,0,0.00386128714495,0.00335596268562,0.0056361965119,0.368574015201,0.4,True,low,True,0.7534155281572809,0.5044955044955045,0.14920222759246826,0.0015286384150385857,-0.0013495053863152862,0.12668981608498464,0.003928942484783934,-0.0007674163084762809,0.16481518745422363,-0.13573050498962402,-0.023728996515274048,0.12125414257667465,0.0036789092931939337,-0.004976134397366281,0.00543567350831,0.00025003319159,0.00420871808889,0.043561044877548985,-0.13940941428281795,-0.01875286211790777,1.88273152068e-09,8.66029518337e-11,1.45775609876e-09,1.5088057098964353e-08,-4.828665631747549e-08,-6.4953504949057185e-09
10100,10099,137200000,0.0244,0,0.00677442853047,0.0034367794654,0.00578625614643,0.392075979397,0.4,True,low,True,0.7534155281572809,0.5044955044955045,0.16925768554210663,0.0012770057655870914,-0.0030631248373538256,0.18007366839206357,0.0019769064730641994,-0.006060942598747261,0.3202679753303528,-0.08205253630876541,0.06804166734218597,0.17892550248710357,0.0020129671427308996,-0.010734907967367261,0.00114816590496,-3.60606696667e-05,0.00467396536862,0.14134247284324922,-0.08406550345149631,0.07877657530955323,3.97683622948e-10,-1.24901268163e-11,1.61889451107e-09,4.895597964913412e-08,-2.911728508337211e-08,2.7285389452326732e-08
10100,10099,147250000,0.0445,0,0.00913629599798,0.00317650727882,0.00564731260218,0.35964354356,0.4,True,low,True,0.7534155281572809,0.5044955044955045,0.17628926038742065,0.0005982723087072372,-0.003222065046429634,0.15558972940545118,0.0006886455252035394,-0.0033921928535424924,0.003331362269818783,0.006973401177674532,0.008679347112774849,0.15501983274242817,0.00026149102264753937,-0.007316283055602492,0.000569896663023,0.000427154502556,0.00392409020206,-0.1516884704726094,0.006711910155026993,0.01599563016837734,1.97391472963e-10,1.47950781103e-10,1.35916209952e-09,-5.2539368206240747e-08,2.32476151881198e-09,5.5403044179220076e-09
10100,10099,125050000,0.0001,0,0.00373083601083,0.00335197421399,0.00564163472763,0.369318135184,0.4,True,mid,True,0.7534155281572809,0.5044955044955045,0.14742590487003326,0.0014728896785527468,-0.0012647876283153892,0.12296209298516461,0.0042724275593792205,-0.0008872080943495871,0.20200152695178986,-0.04081139340996742,-0.07393023371696472,0.022575208983164622,0.00113733174436922,-0.001076851946824587,0.100386884002,0.00313509581501,0.000189643852475,0.17942631796862524,-0.04194872515433664,-0.07285338177014014,3.47777281312e-08,1.08611310137e-09,6.56996420271e-11,6.215991031030317e-08,-1.4532589325502855e-08,-2.523910498696216e-08
10100,10099,137800000,0.0256,0,0.00695220443661,0.00340932755513,0.00577414909993,0.391142534302,0.4,True,mid,True,0.7534155281572809,0.5044955044955045,0.17019280791282654,0.001235857023857534,-0.0031257399823516607,0.18253646062548373,0.0005607163377156013,-0.00549649276386257,0.16182337701320648,-0.09194834530353546,0.08743980526924133,0.11331436094158374,-0.054162560561784395,-0.01072677725201257,0.0692220996839,0.0547232768995,0.00523028448815,0.04850901607162274,-0.037785784741751066,0.0981665825212539,2.39804607372e-08,1.89576652412e-08,1.81191602661e-09,1.680487244128848e-08,-1.3090046842870738e-08,3.400763468034831e-08
10100,10099,153500000,0.05700000000001,0,0.00999667609658,0.00335612046923,0.00571688683695,0.374959692193,0.4,True,mid,True,0.7534155281572809,0.5044955044955045,0.1744232326745987,0.0002543755399528891,-0.0032287549693137407,0.1693487294270528,0.00044075036148397747,-0.004157430604991229,0.015294115990400314,0.011747901327908039,0.018655721098184586,0.1648773643079128,-0.004741127210606023,-0.005899998670521229,0.00447136511914,0.00518187757209,0.00174256806553,-0.1495832483175125,0.016489028538514063,0.024555719768705814,1.54872867738e-09,1.79482600609e-09,6.03566262978e-10,-5.181054558330063e-08,5.711238219039329e-09,8.505265480709183e-09
