particle_id,initial_z_m,retained_at_final_time,outlet_interval_start_s,outlet_interval_end_s,outlet_time_midpoint_s
2001,0.0236567,False,0.6,0.7,0.6499999999999999
2002,0.0258838,False,0.39999999999999997,0.5,0.44999999999999996
2003,0.0256466,False,0.5,0.6,0.55
2004,0.0221854,False,0.39999999999999997,0.5,0.44999999999999996
2005,0.0217783,False,0.19999999999999998,0.3,0.25
2006,0.017674,False,0.09999999999999999,0.19999999999999998,0.15
2007,0.023666,False,0.5,0.6,0.55
2008,0.0272538,False,1.0,1.0999999999999999,1.0499999999999998
2009,0.0203729,True,nan,nan,nan
2010,0.0287283,True,nan,nan,nan
2011,0.0183666,True,nan,nan,nan
2012,0.021619,True,nan,nan,nan
2013,0.0264388,False,0.39999999999999997,0.5,0.44999999999999996
2014,0.0251186,False,0.19999999999999998,0.3,0.25
2015,0.0169874,False,0.19999999999999998,0.3,0.25
2016,0.020976,False,0.09999999999999999,0.19999999999999998,0.15
2017,0.0197073,False,0.6,0.7,0.6499999999999999
2018,0.0215677,True,nan,nan,nan
2019,0.0175885,False,0.09999999999999999,0.19999999999999998,0.15
2020,0.027599,False,1.0,1.0999999999999999,1.0499999999999998
2021,0.0251507,False,0.19999999999999998,0.3,0.25
2022,0.0157755,False,0.0,0.09999999999999999,0.049999999999999996
2023,0.0277919,False,0.19999999999999998,0.3,0.25
2024,0.0220078,True,nan,nan,nan
2025,0.0219701,False,0.3,0.39999999999999997,0.35
2026,0.0285383,False,0.5,0.6,0.55
2027,0.0262397,True,nan,nan,nan
2028,0.0219696,True,nan,nan,nan
2029,0.0268979,True,nan,nan,nan
2030,0.0200404,False,0.19999999999999998,0.3,0.25
2031,0.0221355,False,0.5,0.6,0.55
2032,0.0163066,False,0.09999999999999999,0.19999999999999998,0.15
2033,0.0260972,False,0.3,0.39999999999999997,0.35
2034,0.0236803,True,nan,nan,nan
2035,0.0153072,True,nan,nan,nan
2036,0.0256143,False,0.09999999999999999,0.19999999999999998,0.15
2037,0.0248995,False,0.39999999999999997,0.5,0.44999999999999996
2038,0.0197734,False,0.09999999999999999,0.19999999999999998,0.15
2039,0.0165042,False,0.19999999999999998,0.3,0.25
2040,0.020382,True,nan,nan,nan
2041,0.0163545,True,nan,nan,nan
2042,0.023826,False,1.2,1.3,1.25
2043,0.0260925,True,nan,nan,nan
2044,0.0219126,True,nan,nan,nan
2045,0.0167051,True,nan,nan,nan
2046,0.028145,False,0.39999999999999997,0.5,0.44999999999999996
2047,0.0203142,True,nan,nan,nan
2048,0.0208168,False,0.09999999999999999,0.19999999999999998,0.15
2049,0.018363,False,0.19999999999999998,0.3,0.25
2050,0.0236481,False,0.09999999999999999,0.19999999999999998,0.15
2051,0.0228915,False,0.39999999999999997,0.5,0.44999999999999996
2052,0.0257895,True,nan,nan,nan
2053,0.0183337,False,0.0,0.09999999999999999,0.049999999999999996
2054,0.0277985,False,0.5,0.6,0.55
2055,0.019726,True,nan,nan,nan
2056,0.0231215,False,0.3,0.39999999999999997,0.35
2057,0.0182691,True,nan,nan,nan
2058,0.0257332,False,0.7,0.7999999999999999,0.75
2059,0.0275395,True,nan,nan,nan
2060,0.0279653,False,1.2,1.3,1.25
2061,0.0295035,False,0.39999999999999997,0.5,0.44999999999999996
2062,0.0226435,False,0.19999999999999998,0.3,0.25
2063,0.0162215,False,0.09999999999999999,0.19999999999999998,0.15
2064,0.0289056,True,nan,nan,nan
2065,0.019664,False,0.09999999999999999,0.19999999999999998,0.15
2066,0.0185354,True,nan,nan,nan
2067,0.0181369,False,0.09999999999999999,0.19999999999999998,0.15
2068,0.0177172,True,nan,nan,nan
2069,0.0226882,False,0.3,0.39999999999999997,0.35
2070,0.0210849,True,nan,nan,nan
2071,0.0230068,False,0.19999999999999998,0.3,0.25
2072,0.0270547,True,nan,nan,nan
2073,0.0270504,False,0.19999999999999998,0.3,0.25
2074,0.0284183,False,0.39999999999999997,0.5,0.44999999999999996
2075,0.0151966,True,nan,nan,nan
2076,0.0170031,False,0.19999999999999998,0.3,0.25
2077,0.0173444,False,0.0,0.09999999999999999,0.049999999999999996
2078,0.0174494,True,nan,nan,nan
2079,0.0170572,False,0.09999999999999999,0.19999999999999998,0.15
2080,0.0292963,False,0.3,0.39999999999999997,0.35
2081,0.0274535,True,nan,nan,nan
2082,0.0289479,True,nan,nan,nan
2083,0.0276556,True,nan,nan,nan
2084,0.0176036,True,nan,nan,nan
2085,0.0293758,False,0.39999999999999997,0.5,0.44999999999999996
2086,0.0242383,False,0.19999999999999998,0.3,0.25
2087,0.0266385,True,nan,nan,nan
2088,0.0284838,False,0.7999999999999999,0.8999999999999999,0.8499999999999999
2089,0.0227787,True,nan,nan,nan
2090,0.0218802,True,nan,nan,nan
2091,0.0278929,True,nan,nan,nan
2092,0.018892,False,0.09999999999999999,0.19999999999999998,0.15
2093,0.0159894,False,0.0,0.09999999999999999,0.049999999999999996
2094,0.0200151,False,0.09999999999999999,0.19999999999999998,0.15
2095,0.0250442,False,0.19999999999999998,0.3,0.25
2096,0.0233938,True,nan,nan,nan
2097,0.0166423,True,nan,nan,nan
2098,0.027411,False,0.8999999999999999,1.0,0.95
2099,0.0204132,False,0.09999999999999999,0.19999999999999998,0.15
2100,0.0232389,False,0.19999999999999998,0.3,0.25
2101,0.0219659,False,0.09999999999999999,0.19999999999999998,0.15
2102,0.0165378,True,nan,nan,nan
2103,0.0275968,False,0.8999999999999999,1.0,0.95
2104,0.0188379,True,nan,nan,nan
2105,0.0246755,True,nan,nan,nan
2106,0.0232785,False,0.19999999999999998,0.3,0.25
2107,0.0298741,False,1.4,1.5,1.45
2108,0.0201246,False,0.09999999999999999,0.19999999999999998,0.15
2109,0.0173007,True,nan,nan,nan
2110,0.0260665,False,0.5,0.6,0.55
2111,0.0260663,False,1.0999999999999999,1.2,1.15
2112,0.0243648,True,nan,nan,nan
2113,0.0267896,False,0.39999999999999997,0.5,0.44999999999999996
2114,0.0194159,True,nan,nan,nan
2115,0.0284049,False,0.39999999999999997,0.5,0.44999999999999996
2116,0.0287856,False,0.19999999999999998,0.3,0.25
2117,0.027903,False,1.3,1.4,1.35
2118,0.0237068,False,3.5,3.5999999999999996,3.55
2119,0.017748,False,0.09999999999999999,0.19999999999999998,0.15
2120,0.0260052,True,nan,nan,nan
2121,0.0213936,False,0.09999999999999999,0.19999999999999998,0.15
2122,0.0237839,True,nan,nan,nan
2123,0.026377,False,0.7999999999999999,0.8999999999999999,0.8499999999999999
2124,0.0169777,False,0.0,0.09999999999999999,0.049999999999999996
2125,0.0195545,False,0.3,0.39999999999999997,0.35
2126,0.0215259,False,0.39999999999999997,0.5,0.44999999999999996
2127,0.0258933,True,nan,nan,nan
2128,0.0242811,True,nan,nan,nan
2129,0.0221455,True,nan,nan,nan
2130,0.0153545,False,0.0,0.09999999999999999,0.049999999999999996
2131,0.0250987,False,0.7,0.7999999999999999,0.75
2132,0.0269543,False,0.5,0.6,0.55
2133,0.0235402,False,0.39999999999999997,0.5,0.44999999999999996
2134,0.0235932,False,0.19999999999999998,0.3,0.25
2135,0.0298837,False,0.7,0.7999999999999999,0.75
2136,0.0186613,False,0.19999999999999998,0.3,0.25
2137,0.0236589,False,0.3,0.39999999999999997,0.35
2138,0.0188592,False,0.09999999999999999,0.19999999999999998,0.15
2139,0.0294062,True,nan,nan,nan
2140,0.0238869,False,0.09999999999999999,0.19999999999999998,0.15
2141,0.0188568,True,nan,nan,nan
2142,0.0227877,True,nan,nan,nan
2143,0.0268276,False,0.7,0.7999999999999999,0.75
2144,0.0209031,False,0.19999999999999998,0.3,0.25
2145,0.0231341,True,nan,nan,nan
2146,0.0293018,True,nan,nan,nan
2147,0.0159786,False,0.09999999999999999,0.19999999999999998,0.15
2148,0.0200738,False,0.6,0.7,0.6499999999999999
2149,0.0247314,False,0.19999999999999998,0.3,0.25
2150,0.0289911,False,0.39999999999999997,0.5,0.44999999999999996
2151,0.0189402,False,0.5,0.6,0.55
2152,0.0290993,True,nan,nan,nan
2153,0.0178217,True,nan,nan,nan
2154,0.0263084,False,0.3,0.39999999999999997,0.35
2155,0.0186979,True,nan,nan,nan
2156,0.0277993,False,0.3,0.39999999999999997,0.35
2157,0.0234219,True,nan,nan,nan
2158,0.0181562,True,nan,nan,nan
2159,0.0272919,False,0.3,0.39999999999999997,0.35
2160,0.0190939,False,0.09999999999999999,0.19999999999999998,0.15
2161,0.0158277,True,nan,nan,nan
2162,0.0256094,True,nan,nan,nan
2163,0.0241841,True,nan,nan,nan
2164,0.0186552,False,0.0,0.09999999999999999,0.049999999999999996
2165,0.0241093,False,0.19999999999999998,0.3,0.25
2166,0.0268117,False,0.6,0.7,0.6499999999999999
2167,0.0223356,False,0.09999999999999999,0.19999999999999998,0.15
2168,0.0261582,True,nan,nan,nan
2169,0.0161664,False,0.19999999999999998,0.3,0.25
2170,0.0271736,True,nan,nan,nan
2171,0.0163911,True,nan,nan,nan
2172,0.0210536,True,nan,nan,nan
2173,0.0247502,False,0.19999999999999998,0.3,0.25
2174,0.0249824,False,0.5,0.6,0.55
2175,0.0280954,False,0.3,0.39999999999999997,0.35
2176,0.0206434,True,nan,nan,nan
2177,0.0298166,False,0.3,0.39999999999999997,0.35
2178,0.0267271,True,nan,nan,nan
2179,0.0269803,False,1.0999999999999999,1.2,1.15
2180,0.0277268,True,nan,nan,nan
2181,0.0159996,True,nan,nan,nan
2182,0.0181745,False,0.39999999999999997,0.5,0.44999999999999996
2183,0.0222603,False,0.09999999999999999,0.19999999999999998,0.15
2184,0.0284854,True,nan,nan,nan
2185,0.0296804,True,nan,nan,nan
2186,0.0187889,True,nan,nan,nan
2187,0.0273224,True,nan,nan,nan
2188,0.0210842,False,0.19999999999999998,0.3,0.25
2189,0.0203571,False,0.09999999999999999,0.19999999999999998,0.15
2190,0.0200706,True,nan,nan,nan
2191,0.0180196,False,0.09999999999999999,0.19999999999999998,0.15
2192,0.0213858,False,0.09999999999999999,0.19999999999999998,0.15
2193,0.024981,False,0.5,0.6,0.55
2194,0.0206386,False,0.09999999999999999,0.19999999999999998,0.15
2195,0.0219177,False,0.3,0.39999999999999997,0.35
2196,0.0230797,False,0.7999999999999999,0.8999999999999999,0.8499999999999999
2197,0.024792,True,nan,nan,nan
2198,0.0179298,False,1.0999999999999999,1.2,1.15
2199,0.0256521,True,nan,nan,nan
2200,0.0237844,True,nan,nan,nan
2201,0.0231298,True,nan,nan,nan
2202,0.0178634,False,1.5999999999999999,1.7,1.65
2203,0.0260668,False,0.19999999999999998,0.3,0.25
2204,0.0202161,False,0.09999999999999999,0.19999999999999998,0.15
2205,0.0270111,True,nan,nan,nan
2206,0.0162525,False,0.09999999999999999,0.19999999999999998,0.15
2207,0.0168183,True,nan,nan,nan
2208,0.0254537,False,0.39999999999999997,0.5,0.44999999999999996
2209,0.0284647,True,nan,nan,nan
2210,0.0233354,True,nan,nan,nan
2211,0.0199194,False,0.19999999999999998,0.3,0.25
2212,0.0274916,False,0.7,0.7999999999999999,0.75
2213,0.0264704,False,0.5,0.6,0.55
2214,0.0271038,True,nan,nan,nan
2215,0.0255899,False,0.19999999999999998,0.3,0.25
2216,0.0284488,False,0.39999999999999997,0.5,0.44999999999999996
2217,0.0267231,True,nan,nan,nan
2218,0.0158852,False,0.09999999999999999,0.19999999999999998,0.15
2219,0.0165607,False,0.19999999999999998,0.3,0.25
2220,0.0162672,False,0.09999999999999999,0.19999999999999998,0.15
2221,0.0261666,False,0.19999999999999998,0.3,0.25
2222,0.0152217,False,0.0,0.09999999999999999,0.049999999999999996
2223,0.0211255,True,nan,nan,nan
2224,0.0287915,True,nan,nan,nan
2225,0.0241421,False,0.7999999999999999,0.8999999999999999,0.8499999999999999
2226,0.0249635,False,0.6,0.7,0.6499999999999999
2227,0.0167058,False,0.19999999999999998,0.3,0.25
2228,0.0216457,False,0.19999999999999998,0.3,0.25
2229,0.0175738,False,0.09999999999999999,0.19999999999999998,0.15
2230,0.0295532,False,0.3,0.39999999999999997,0.35
2231,0.0260459,False,0.19999999999999998,0.3,0.25
2232,0.0278399,False,0.3,0.39999999999999997,0.35
2233,0.0205077,True,nan,nan,nan
2234,0.0152378,False,0.09999999999999999,0.19999999999999998,0.15
2235,0.0172378,False,0.19999999999999998,0.3,0.25
2236,0.0289268,False,0.7,0.7999999999999999,0.75
2237,0.0239674,False,0.19999999999999998,0.3,0.25
2238,0.0257425,True,nan,nan,nan
2239,0.0281975,False,0.5,0.6,0.55
2240,0.0284623,False,0.3,0.39999999999999997,0.35
2241,0.0270106,False,0.39999999999999997,0.5,0.44999999999999996
2242,0.0229364,True,nan,nan,nan
2243,0.0213516,True,nan,nan,nan
2244,0.0281469,False,0.19999999999999998,0.3,0.25
2245,0.0287701,False,0.5,0.6,0.55
2246,0.0166985,False,0.0,0.09999999999999999,0.049999999999999996
2247,0.0243589,True,nan,nan,nan
2248,0.0211796,True,nan,nan,nan
2249,0.023106,True,nan,nan,nan
2250,0.0257328,False,0.19999999999999998,0.3,0.25
2251,0.0282844,False,1.0,1.0999999999999999,1.0499999999999998
2252,0.0250203,True,nan,nan,nan
2253,0.0169349,False,0.39999999999999997,0.5,0.44999999999999996
2254,0.0213645,True,nan,nan,nan
2255,0.0285148,True,nan,nan,nan
2256,0.0210432,False,0.3,0.39999999999999997,0.35
2257,0.0181612,False,1.0,1.0999999999999999,1.0499999999999998
2258,0.0166929,True,nan,nan,nan
2259,0.0272963,False,0.5,0.6,0.55
2260,0.0194877,True,nan,nan,nan
2261,0.0241389,False,0.19999999999999998,0.3,0.25
2262,0.018253,True,nan,nan,nan
2263,0.0204268,False,0.19999999999999998,0.3,0.25
2264,0.0229583,False,0.19999999999999998,0.3,0.25
2265,0.0261113,True,nan,nan,nan
2266,0.0187157,False,0.19999999999999998,0.3,0.25
2267,0.0279638,False,0.19999999999999998,0.3,0.25
2268,0.0298718,False,0.3,0.39999999999999997,0.35
2269,0.0295755,False,1.0,1.0999999999999999,1.0499999999999998
2270,0.0296407,True,nan,nan,nan
2271,0.0158811,False,0.39999999999999997,0.5,0.44999999999999996
2272,0.0238771,True,nan,nan,nan
2273,0.0214985,False,0.09999999999999999,0.19999999999999998,0.15
2274,0.0197313,False,0.3,0.39999999999999997,0.35
2275,0.0207235,True,nan,nan,nan
2276,0.0263914,True,nan,nan,nan
2277,0.0200157,False,0.09999999999999999,0.19999999999999998,0.15
2278,0.0250981,False,0.6,0.7,0.6499999999999999
2279,0.0171478,False,0.09999999999999999,0.19999999999999998,0.15
2280,0.0210216,True,nan,nan,nan
2281,0.0237529,False,0.19999999999999998,0.3,0.25
2282,0.0245035,True,nan,nan,nan
2283,0.0242902,False,0.09999999999999999,0.19999999999999998,0.15
2284,0.0247102,False,0.19999999999999998,0.3,0.25
2285,0.024215,False,0.09999999999999999,0.19999999999999998,0.15
2286,0.0192185,False,0.09999999999999999,0.19999999999999998,0.15
2287,0.0227264,False,0.19999999999999998,0.3,0.25
2288,0.0176542,False,0.0,0.09999999999999999,0.049999999999999996
2289,0.0218386,False,0.09999999999999999,0.19999999999999998,0.15
2290,0.0263104,False,0.5,0.6,0.55
2291,0.0294928,False,0.6,0.7,0.6499999999999999
2292,0.0293789,True,nan,nan,nan
2293,0.0279693,False,0.3,0.39999999999999997,0.35
2294,0.0277384,False,0.19999999999999998,0.3,0.25
2295,0.0194476,False,0.19999999999999998,0.3,0.25
2296,0.0279976,False,0.19999999999999998,0.3,0.25
2297,0.026178,False,0.7999999999999999,0.8999999999999999,0.8499999999999999
2298,0.0190393,True,nan,nan,nan
2299,0.0221107,False,0.19999999999999998,0.3,0.25
2300,0.0215824,False,2.0,2.1,2.05
2301,0.0227215,True,nan,nan,nan
2302,0.0172829,False,0.09999999999999999,0.19999999999999998,0.15
2303,0.0288519,False,0.7,0.7999999999999999,0.75
2304,0.015697,True,nan,nan,nan
2305,0.0202797,True,nan,nan,nan
2306,0.0256731,False,0.5,0.6,0.55
2307,0.0163497,True,nan,nan,nan
2308,0.0227103,False,0.09999999999999999,0.19999999999999998,0.15
2309,0.0244133,False,2.1,2.1999999999999997,2.15
2310,0.0280931,False,0.19999999999999998,0.3,0.25
2311,0.0222266,False,0.8999999999999999,1.0,0.95
2312,0.0248125,False,0.6,0.7,0.6499999999999999
2313,0.0164823,False,0.0,0.09999999999999999,0.049999999999999996
2314,0.0237576,True,nan,nan,nan
2315,0.0151763,False,0.3,0.39999999999999997,0.35
2316,0.0253207,True,nan,nan,nan
2317,0.0159988,False,0.0,0.09999999999999999,0.049999999999999996
2318,0.0289572,False,1.3,1.4,1.35
2319,0.0159682,False,0.09999999999999999,0.19999999999999998,0.15
2320,0.0269957,True,nan,nan,nan
2321,0.0174423,False,0.09999999999999999,0.19999999999999998,0.15
2322,0.024714,True,nan,nan,nan
2323,0.0185901,False,0.6,0.7,0.6499999999999999
2324,0.0188528,True,nan,nan,nan
2325,0.0193338,False,0.09999999999999999,0.19999999999999998,0.15
2326,0.0189679,True,nan,nan,nan
2327,0.0247258,True,nan,nan,nan
2328,0.0173275,False,0.0,0.09999999999999999,0.049999999999999996
2329,0.0217485,False,0.09999999999999999,0.19999999999999998,0.15
2330,0.0209589,True,nan,nan,nan
2331,0.0198318,True,nan,nan,nan
2332,0.0240881,True,nan,nan,nan
2333,0.0213166,False,0.3,0.39999999999999997,0.35
2334,0.0217427,False,0.09999999999999999,0.19999999999999998,0.15
2335,0.0170031,False,0.09999999999999999,0.19999999999999998,0.15
2336,0.0214242,False,0.6,0.7,0.6499999999999999
2337,0.015217,False,0.3,0.39999999999999997,0.35
2338,0.0209263,True,nan,nan,nan
2339,0.0246075,False,1.4,1.5,1.45
2340,0.0238917,True,nan,nan,nan
2341,0.0281439,False,3.5,3.5999999999999996,3.55
2342,0.0222632,False,0.19999999999999998,0.3,0.25
2343,0.0186304,False,0.09999999999999999,0.19999999999999998,0.15
2344,0.0196737,False,0.09999999999999999,0.19999999999999998,0.15
2345,0.0176236,True,nan,nan,nan
2346,0.0267578,False,0.5,0.6,0.55
2347,0.0247181,True,nan,nan,nan
2348,0.0218333,False,0.09999999999999999,0.19999999999999998,0.15
2349,0.0231829,False,0.19999999999999998,0.3,0.25
2350,0.0220654,False,2.6,2.6999999999999997,2.65
2351,0.029525,False,0.19999999999999998,0.3,0.25
2352,0.0160729,True,nan,nan,nan
2353,0.0216802,False,0.19999999999999998,0.3,0.25
2354,0.0179147,False,0.09999999999999999,0.19999999999999998,0.15
2355,0.0225412,True,nan,nan,nan
2356,0.0231038,False,0.19999999999999998,0.3,0.25
2357,0.0197791,False,0.39999999999999997,0.5,0.44999999999999996
2358,0.027072,True,nan,nan,nan
2359,0.0186194,True,nan,nan,nan
2360,0.0297578,False,1.2,1.3,1.25
2361,0.0273145,True,nan,nan,nan
2362,0.0280177,True,nan,nan,nan
2363,0.028082,False,1.2,1.3,1.25
2364,0.0269467,False,0.19999999999999998,0.3,0.25
2365,0.0192925,True,nan,nan,nan
2366,0.0263828,False,0.19999999999999998,0.3,0.25
2367,0.0251282,False,0.09999999999999999,0.19999999999999998,0.15
2368,0.0240028,False,0.7,0.7999999999999999,0.75
2369,0.0215567,True,nan,nan,nan
2370,0.0174648,False,0.09999999999999999,0.19999999999999998,0.15
2371,0.0241889,True,nan,nan,nan
2372,0.0228108,False,0.09999999999999999,0.19999999999999998,0.15
2373,0.0224892,False,0.3,0.39999999999999997,0.35
2374,0.0181716,False,0.5,0.6,0.55
2375,0.0247336,False,0.39999999999999997,0.5,0.44999999999999996
2376,0.0182263,False,0.09999999999999999,0.19999999999999998,0.15
2377,0.0261401,True,nan,nan,nan
2378,0.0285039,False,0.19999999999999998,0.3,0.25
2379,0.0177856,True,nan,nan,nan
2380,0.018475,False,0.3,0.39999999999999997,0.35
2381,0.0262634,False,0.7999999999999999,0.8999999999999999,0.8499999999999999
2382,0.0233089,True,nan,nan,nan
2383,0.0161733,False,0.5,0.6,0.55
2384,0.0248029,False,0.19999999999999998,0.3,0.25
2385,0.01673,False,3.5,3.5999999999999996,3.55
2386,0.0167671,False,0.19999999999999998,0.3,0.25
2387,0.0214474,True,nan,nan,nan
2388,0.017265,False,0.0,0.09999999999999999,0.049999999999999996
2389,0.0281603,False,0.19999999999999998,0.3,0.25
2390,0.0154612,False,0.0,0.09999999999999999,0.049999999999999996
2391,0.0204506,False,0.39999999999999997,0.5,0.44999999999999996
2392,0.0188449,False,0.09999999999999999,0.19999999999999998,0.15
2393,0.0155152,True,nan,nan,nan
2394,0.0227751,False,0.3,0.39999999999999997,0.35
2395,0.0174808,False,0.0,0.09999999999999999,0.049999999999999996
2396,0.0158229,True,nan,nan,nan
2397,0.0246579,True,nan,nan,nan
2398,0.0177647,False,0.19999999999999998,0.3,0.25
2399,0.0204392,False,0.09999999999999999,0.19999999999999998,0.15
2400,0.0162322,True,nan,nan,nan
2401,0.0266287,False,3.5,3.5999999999999996,3.55
2402,0.0288999,False,0.7,0.7999999999999999,0.75
2403,0.0224287,False,0.39999999999999997,0.5,0.44999999999999996
2404,0.0202386,False,0.3,0.39999999999999997,0.35
2405,0.0179701,False,0.09999999999999999,0.19999999999999998,0.15
2406,0.0269083,False,0.5,0.6,0.55
2407,0.0282758,False,0.7,0.7999999999999999,0.75
2408,0.0272134,True,nan,nan,nan
2409,0.0268422,False,0.19999999999999998,0.3,0.25
2410,0.0280636,True,nan,nan,nan
2411,0.0170049,True,nan,nan,nan
2412,0.0242746,True,nan,nan,nan
2413,0.0281256,False,0.19999999999999998,0.3,0.25
2414,0.0242303,True,nan,nan,nan
2415,0.0259405,False,3.5,3.5999999999999996,3.55
2416,0.0202905,False,0.3,0.39999999999999997,0.35
2417,0.0238093,False,0.7999999999999999,0.8999999999999999,0.8499999999999999
2418,0.0163308,False,0.09999999999999999,0.19999999999999998,0.15
2419,0.0183895,False,1.5999999999999999,1.7,1.65
2420,0.0266167,True,nan,nan,nan
2421,0.0154742,False,0.19999999999999998,0.3,0.25
2422,0.0244247,False,0.19999999999999998,0.3,0.25
2423,0.0294753,False,0.19999999999999998,0.3,0.25
2424,0.0169964,False,0.19999999999999998,0.3,0.25
2425,0.0189188,False,0.09999999999999999,0.19999999999999998,0.15
2426,0.0279144,False,0.3,0.39999999999999997,0.35
2427,0.0228298,False,0.09999999999999999,0.19999999999999998,0.15
2428,0.0259397,True,nan,nan,nan
2429,0.0206625,False,0.19999999999999998,0.3,0.25
2430,0.0190428,True,nan,nan,nan
2431,0.0269395,False,0.3,0.39999999999999997,0.35
2432,0.0290926,False,0.39999999999999997,0.5,0.44999999999999996
2433,0.0298204,True,nan,nan,nan
2434,0.0173701,True,nan,nan,nan
2435,0.0186472,True,nan,nan,nan
2436,0.0210069,False,0.09999999999999999,0.19999999999999998,0.15
2437,0.0255765,True,nan,nan,nan
2438,0.0224479,False,0.09999999999999999,0.19999999999999998,0.15
2439,0.018841,False,0.19999999999999998,0.3,0.25
2440,0.0224203,False,0.09999999999999999,0.19999999999999998,0.15
2441,0.0265027,False,0.19999999999999998,0.3,0.25
2442,0.0200554,False,0.19999999999999998,0.3,0.25
2443,0.0155076,True,nan,nan,nan
2444,0.018463,False,0.19999999999999998,0.3,0.25
2445,0.022889,True,nan,nan,nan
2446,0.0275673,False,0.3,0.39999999999999997,0.35
2447,0.0242186,False,0.09999999999999999,0.19999999999999998,0.15
2448,0.021518,False,0.19999999999999998,0.3,0.25
2449,0.0198695,True,nan,nan,nan
2450,0.0170662,True,nan,nan,nan
2451,0.0242653,True,nan,nan,nan
2452,0.0184024,False,0.09999999999999999,0.19999999999999998,0.15
2453,0.0216711,True,nan,nan,nan
2454,0.0254323,True,nan,nan,nan
2455,0.0234163,True,nan,nan,nan
2456,0.0179616,False,0.3,0.39999999999999997,0.35
2457,0.0242282,False,0.19999999999999998,0.3,0.25
2458,0.0192324,False,0.09999999999999999,0.19999999999999998,0.15
2459,0.0157265,False,0.0,0.09999999999999999,0.049999999999999996
2460,0.0189349,False,0.09999999999999999,0.19999999999999998,0.15
2461,0.0256679,True,nan,nan,nan
2462,0.0239874,False,0.19999999999999998,0.3,0.25
2463,0.0271552,False,0.19999999999999998,0.3,0.25
2464,0.0151432,True,nan,nan,nan
2465,0.0239203,False,0.5,0.6,0.55
2466,0.0267397,False,0.3,0.39999999999999997,0.35
2467,0.0296886,False,0.39999999999999997,0.5,0.44999999999999996
2468,0.0269264,False,0.19999999999999998,0.3,0.25
2469,0.0176729,True,nan,nan,nan
2470,0.0209359,True,nan,nan,nan
2471,0.0257283,False,3.5999999999999996,3.6999999999999997,3.6499999999999995
2472,0.0244144,False,0.19999999999999998,0.3,0.25
2473,0.0214726,False,0.6,0.7,0.6499999999999999
2474,0.0292552,False,0.7,0.7999999999999999,0.75
2475,0.0280388,False,0.8999999999999999,1.0,0.95
2476,0.0167916,False,0.09999999999999999,0.19999999999999998,0.15
2477,0.0273228,True,nan,nan,nan
2478,0.0253371,True,nan,nan,nan
2479,0.0195901,False,0.09999999999999999,0.19999999999999998,0.15
2480,0.0230228,False,0.19999999999999998,0.3,0.25
2481,0.0164586,True,nan,nan,nan
2482,0.0199058,False,0.19999999999999998,0.3,0.25
2483,0.0191059,False,0.09999999999999999,0.19999999999999998,0.15
2484,0.0180139,False,0.09999999999999999,0.19999999999999998,0.15
2485,0.0166429,True,nan,nan,nan
2486,0.0204699,False,0.3,0.39999999999999997,0.35
2487,0.0205283,False,0.19999999999999998,0.3,0.25
2488,0.0157785,True,nan,nan,nan
2489,0.0219828,True,nan,nan,nan
2490,0.0221091,False,0.3,0.39999999999999997,0.35
2491,0.0156945,True,nan,nan,nan
2492,0.0232108,False,0.5,0.6,0.55
2493,0.0233775,False,0.19999999999999998,0.3,0.25
2494,0.021272,False,0.19999999999999998,0.3,0.25
2495,0.0250485,False,0.19999999999999998,0.3,0.25
2496,0.0156206,False,0.0,0.09999999999999999,0.049999999999999996
2497,0.0206615,False,0.09999999999999999,0.19999999999999998,0.15
2498,0.02565,False,0.39999999999999997,0.5,0.44999999999999996
2499,0.0281454,False,0.19999999999999998,0.3,0.25
2500,0.018719,False,0.09999999999999999,0.19999999999999998,0.15
2501,0.0265018,False,0.3,0.39999999999999997,0.35
2502,0.0232982,True,nan,nan,nan
2503,0.0158743,False,0.0,0.09999999999999999,0.049999999999999996
2504,0.0159425,False,0.09999999999999999,0.19999999999999998,0.15
2505,0.0180681,False,0.09999999999999999,0.19999999999999998,0.15
2506,0.0216586,False,0.09999999999999999,0.19999999999999998,0.15
2507,0.0220247,False,0.3,0.39999999999999997,0.35
2508,0.0271668,True,nan,nan,nan
2509,0.0175902,True,nan,nan,nan
2510,0.0285859,True,nan,nan,nan
2511,0.0156201,False,0.39999999999999997,0.5,0.44999999999999996
2512,0.0274791,True,nan,nan,nan
2513,0.0225741,False,0.6,0.7,0.6499999999999999
2514,0.0155588,False,0.0,0.09999999999999999,0.049999999999999996
2515,0.0290595,False,0.39999999999999997,0.5,0.44999999999999996
2516,0.0198637,False,0.09999999999999999,0.19999999999999998,0.15
2517,0.0161193,False,0.0,0.09999999999999999,0.049999999999999996
2518,0.0274251,True,nan,nan,nan
2519,0.0295878,False,0.39999999999999997,0.5,0.44999999999999996
2520,0.0284043,True,nan,nan,nan
2521,0.0183519,False,0.09999999999999999,0.19999999999999998,0.15
2522,0.0236994,False,0.19999999999999998,0.3,0.25
2523,0.0213753,True,nan,nan,nan
2524,0.0268825,False,0.3,0.39999999999999997,0.35
2525,0.0231042,False,1.0,1.0999999999999999,1.0499999999999998
2526,0.0259494,False,0.19999999999999998,0.3,0.25
2527,0.0243339,False,0.3,0.39999999999999997,0.35
2528,0.0208353,True,nan,nan,nan
2529,0.0154065,False,0.3,0.39999999999999997,0.35
2530,0.0150831,False,0.0,0.09999999999999999,0.049999999999999996
2531,0.0270074,False,1.0,1.0999999999999999,1.0499999999999998
2532,0.0181998,True,nan,nan,nan
2533,0.024663,False,1.2,1.3,1.25
2534,0.0269241,False,0.5,0.6,0.55
2535,0.0175093,True,nan,nan,nan
2536,0.0178833,False,0.0,0.09999999999999999,0.049999999999999996
2537,0.0180217,True,nan,nan,nan
2538,0.0284987,False,0.7,0.7999999999999999,0.75
2539,0.0285256,True,nan,nan,nan
2540,0.0220004,True,nan,nan,nan
2541,0.029752,False,0.39999999999999997,0.5,0.44999999999999996
2542,0.0294304,False,0.7,0.7999999999999999,0.75
2543,0.0299072,False,0.3,0.39999999999999997,0.35
2544,0.0257848,False,0.3,0.39999999999999997,0.35
2545,0.0151315,True,nan,nan,nan
2546,0.0277011,True,nan,nan,nan
2547,0.0172028,False,0.09999999999999999,0.19999999999999998,0.15
2548,0.0167274,True,nan,nan,nan
2549,0.025483,False,0.19999999999999998,0.3,0.25
2550,0.0276113,True,nan,nan,nan
2551,0.0291239,True,nan,nan,nan
2552,0.0165865,True,nan,nan,nan
2553,0.0157106,False,0.0,0.09999999999999999,0.049999999999999996
2554,0.0166134,True,nan,nan,nan
2555,0.0261952,False,0.3,0.39999999999999997,0.35
2556,0.0242379,True,nan,nan,nan
2557,0.0221092,False,0.09999999999999999,0.19999999999999998,0.15
2558,0.0171766,False,0.0,0.09999999999999999,0.049999999999999996
2559,0.0203995,True,nan,nan,nan
2560,0.0200652,True,nan,nan,nan
2561,0.0189081,False,0.19999999999999998,0.3,0.25
2562,0.0166919,True,nan,nan,nan
2563,0.028762,False,0.3,0.39999999999999997,0.35
2564,0.027994,False,0.19999999999999998,0.3,0.25
2565,0.0152059,False,0.09999999999999999,0.19999999999999998,0.15
2566,0.0295741,False,0.39999999999999997,0.5,0.44999999999999996
2567,0.0170036,False,0.09999999999999999,0.19999999999999998,0.15
2568,0.0231956,False,0.09999999999999999,0.19999999999999998,0.15
2569,0.02015,True,nan,nan,nan
2570,0.0201866,False,1.0999999999999999,1.2,1.15
2571,0.0189668,False,0.09999999999999999,0.19999999999999998,0.15
2572,0.0266448,False,0.19999999999999998,0.3,0.25
2573,0.0275358,False,0.3,0.39999999999999997,0.35
2574,0.0257919,True,nan,nan,nan
2575,0.0200825,True,nan,nan,nan
2576,0.0200989,False,0.09999999999999999,0.19999999999999998,0.15
2577,0.0167541,True,nan,nan,nan
2578,0.0267839,False,0.3,0.39999999999999997,0.35
2579,0.0225136,False,0.09999999999999999,0.19999999999999998,0.15
2580,0.0269832,False,0.19999999999999998,0.3,0.25
2581,0.0275183,True,nan,nan,nan
2582,0.0291569,False,0.3,0.39999999999999997,0.35
2583,0.0243192,True,nan,nan,nan
2584,0.0191011,True,nan,nan,nan
2585,0.0256575,True,nan,nan,nan
2586,0.0216004,False,0.09999999999999999,0.19999999999999998,0.15
2587,0.0261597,False,0.3,0.39999999999999997,0.35
2588,0.0189188,False,0.09999999999999999,0.19999999999999998,0.15
2589,0.0217355,True,nan,nan,nan
2590,0.0182008,False,0.09999999999999999,0.19999999999999998,0.15
2591,0.0223949,False,0.3,0.39999999999999997,0.35
2592,0.0182855,False,0.09999999999999999,0.19999999999999998,0.15
2593,0.0290317,True,nan,nan,nan
2594,0.0209857,False,0.3,0.39999999999999997,0.35
2595,0.0240277,False,0.19999999999999998,0.3,0.25
2596,0.0227105,False,0.39999999999999997,0.5,0.44999999999999996
2597,0.0258962,False,0.3,0.39999999999999997,0.35
2598,0.0298669,False,0.5,0.6,0.55
2599,0.0291783,False,0.7999999999999999,0.8999999999999999,0.8499999999999999
2600,0.0267548,True,nan,nan,nan
2601,0.0152891,True,nan,nan,nan
2602,0.0212597,False,0.09999999999999999,0.19999999999999998,0.15
2603,0.025458,False,0.3,0.39999999999999997,0.35
2604,0.0192937,False,0.19999999999999998,0.3,0.25
2605,0.01975,False,0.09999999999999999,0.19999999999999998,0.15
2606,0.0172692,True,nan,nan,nan
2607,0.0245262,False,0.09999999999999999,0.19999999999999998,0.15
2608,0.029581,False,0.5,0.6,0.55
2609,0.0192743,False,1.3,1.4,1.35
2610,0.0187812,False,0.09999999999999999,0.19999999999999998,0.15
2611,0.0197023,True,nan,nan,nan
2612,0.0212444,True,nan,nan,nan
2613,0.0248619,True,nan,nan,nan
2614,0.0228805,False,1.4,1.5,1.45
2615,0.0198761,False,0.09999999999999999,0.19999999999999998,0.15
2616,0.0208165,False,0.39999999999999997,0.5,0.44999999999999996
2617,0.0211015,True,nan,nan,nan
2618,0.0214831,False,0.09999999999999999,0.19999999999999998,0.15
2619,0.0167494,True,nan,nan,nan
2620,0.01645,False,0.39999999999999997,0.5,0.44999999999999996
2621,0.0194789,False,0.09999999999999999,0.19999999999999998,0.15
2622,0.0164008,True,nan,nan,nan
2623,0.0151794,False,0.0,0.09999999999999999,0.049999999999999996
2624,0.0225633,True,nan,nan,nan
2625,0.0187226,True,nan,nan,nan
2626,0.0152313,True,nan,nan,nan
2627,0.0241213,True,nan,nan,nan
2628,0.0181597,True,nan,nan,nan
2629,0.0163598,False,0.0,0.09999999999999999,0.049999999999999996
2630,0.0214947,False,0.09999999999999999,0.19999999999999998,0.15
2631,0.0168625,False,0.09999999999999999,0.19999999999999998,0.15
2632,0.020731,False,0.19999999999999998,0.3,0.25
2633,0.0212225,False,0.39999999999999997,0.5,0.44999999999999996
2634,0.0171341,False,0.09999999999999999,0.19999999999999998,0.15
2635,0.025707,False,0.6,0.7,0.6499999999999999
2636,0.0204538,True,nan,nan,nan
2637,0.0266128,False,0.3,0.39999999999999997,0.35
2638,0.0247853,False,0.09999999999999999,0.19999999999999998,0.15
2639,0.0227467,False,0.6,0.7,0.6499999999999999
2640,0.0241063,False,0.3,0.39999999999999997,0.35
2641,0.0205804,False,0.39999999999999997,0.5,0.44999999999999996
2642,0.0210997,False,0.09999999999999999,0.19999999999999998,0.15
2643,0.02442,True,nan,nan,nan
2644,0.0174911,False,0.09999999999999999,0.19999999999999998,0.15
2645,0.023803,False,0.19999999999999998,0.3,0.25
2646,0.0256157,False,0.3,0.39999999999999997,0.35
2647,0.0232327,False,1.0,1.0999999999999999,1.0499999999999998
2648,0.0228019,False,0.3,0.39999999999999997,0.35
2649,0.0177218,False,0.19999999999999998,0.3,0.25
2650,0.0194684,False,0.09999999999999999,0.19999999999999998,0.15
2651,0.0170184,False,0.7,0.7999999999999999,0.75
2652,0.0169065,True,nan,nan,nan
2653,0.015756,True,nan,nan,nan
2654,0.0237599,False,2.0,2.1,2.05
2655,0.0232977,True,nan,nan,nan
2656,0.0168563,False,0.7,0.7999999999999999,0.75
2657,0.0157532,False,0.0,0.09999999999999999,0.049999999999999996
2658,0.0158798,True,nan,nan,nan
2659,0.0188722,False,0.19999999999999998,0.3,0.25
2660,0.0223364,True,nan,nan,nan
2661,0.0248919,False,0.19999999999999998,0.3,0.25
2662,0.0159235,False,0.19999999999999998,0.3,0.25
2663,0.0182295,True,nan,nan,nan
2664,0.0204547,True,nan,nan,nan
2665,0.0271307,False,1.4,1.5,1.45
2666,0.0167918,False,0.0,0.09999999999999999,0.049999999999999996
2667,0.0249895,False,0.19999999999999998,0.3,0.25
2668,0.0236251,True,nan,nan,nan
2669,0.0297205,False,0.19999999999999998,0.3,0.25
2670,0.0242078,False,0.8999999999999999,1.0,0.95
2671,0.0238099,True,nan,nan,nan
2672,0.0285091,False,0.19999999999999998,0.3,0.25
2673,0.0193676,True,nan,nan,nan
2674,0.0255329,True,nan,nan,nan
2675,0.0211063,False,0.3,0.39999999999999997,0.35
2676,0.0166157,False,0.0,0.09999999999999999,0.049999999999999996
2677,0.0177403,True,nan,nan,nan
2678,0.0264267,False,0.5,0.6,0.55
2679,0.0185559,True,nan,nan,nan
2680,0.0183978,False,0.09999999999999999,0.19999999999999998,0.15
2681,0.023664,True,nan,nan,nan
2682,0.0216791,True,nan,nan,nan
2683,0.0267407,False,0.19999999999999998,0.3,0.25
2684,0.0200552,False,0.19999999999999998,0.3,0.25
2685,0.0189897,True,nan,nan,nan
2686,0.0163439,False,0.09999999999999999,0.19999999999999998,0.15
2687,0.0217409,False,0.5,0.6,0.55
2688,0.0165659,True,nan,nan,nan
2689,0.0167766,True,nan,nan,nan
2690,0.0277007,False,0.6,0.7,0.6499999999999999
2691,0.015891,False,1.3,1.4,1.35
2692,0.0172611,True,nan,nan,nan
2693,0.0245295,True,nan,nan,nan
2694,0.0225527,False,0.3,0.39999999999999997,0.35
2695,0.0277519,False,0.19999999999999998,0.3,0.25
2696,0.0180454,True,nan,nan,nan
2697,0.027523,False,0.5,0.6,0.55
2698,0.0152998,False,0.09999999999999999,0.19999999999999998,0.15
2699,0.0180337,False,0.0,0.09999999999999999,0.049999999999999996
2700,0.0218859,False,0.09999999999999999,0.19999999999999998,0.15
2701,0.0294407,True,nan,nan,nan
2702,0.0183658,False,0.09999999999999999,0.19999999999999998,0.15
2703,0.0238253,False,0.19999999999999998,0.3,0.25
2704,0.0291331,False,0.5,0.6,0.55
2705,0.0266327,False,0.19999999999999998,0.3,0.25
2706,0.0284308,False,0.19999999999999998,0.3,0.25
2707,0.0186191,False,0.5,0.6,0.55
2708,0.027349,False,0.19999999999999998,0.3,0.25
2709,0.0226872,False,1.4,1.5,1.45
2710,0.0170248,False,0.0,0.09999999999999999,0.049999999999999996
2711,0.0213027,False,0.19999999999999998,0.3,0.25
2712,0.0240073,False,0.09999999999999999,0.19999999999999998,0.15
2713,0.0163036,False,0.09999999999999999,0.19999999999999998,0.15
2714,0.0188651,False,0.3,0.39999999999999997,0.35
2715,0.0280842,False,0.3,0.39999999999999997,0.35
2716,0.0291912,False,0.3,0.39999999999999997,0.35
2717,0.0290666,False,0.3,0.39999999999999997,0.35
2718,0.0184217,False,0.09999999999999999,0.19999999999999998,0.15
2719,0.0245657,True,nan,nan,nan
2720,0.0165043,False,0.09999999999999999,0.19999999999999998,0.15
2721,0.0174607,False,0.09999999999999999,0.19999999999999998,0.15
2722,0.0175329,False,0.09999999999999999,0.19999999999999998,0.15
2723,0.0198555,False,0.09999999999999999,0.19999999999999998,0.15
2724,0.0221321,True,nan,nan,nan
2725,0.0189212,False,0.19999999999999998,0.3,0.25
2726,0.0268902,False,0.39999999999999997,0.5,0.44999999999999996
2727,0.0193715,False,0.19999999999999998,0.3,0.25
2728,0.0250828,False,0.19999999999999998,0.3,0.25
2729,0.0295559,False,0.39999999999999997,0.5,0.44999999999999996
2730,0.018147,False,0.5,0.6,0.55
2731,0.0211157,True,nan,nan,nan
2732,0.0232338,True,nan,nan,nan
2733,0.0212979,False,0.5,0.6,0.55
2734,0.0181186,False,0.09999999999999999,0.19999999999999998,0.15
2735,0.0245155,True,nan,nan,nan
2736,0.0208161,False,0.09999999999999999,0.19999999999999998,0.15
2737,0.0187215,False,0.09999999999999999,0.19999999999999998,0.15
2738,0.0198943,True,nan,nan,nan
2739,0.0295002,True,nan,nan,nan
2740,0.0206234,False,0.39999999999999997,0.5,0.44999999999999996
2741,0.02571,True,nan,nan,nan
2742,0.028823,False,0.7,0.7999999999999999,0.75
2743,0.02978,False,0.39999999999999997,0.5,0.44999999999999996
2744,0.0276604,False,0.5,0.6,0.55
2745,0.019063,True,nan,nan,nan
2746,0.0173053,False,0.19999999999999998,0.3,0.25
2747,0.0228843,True,nan,nan,nan
2748,0.0209818,True,nan,nan,nan
2749,0.0261671,False,2.1,2.1999999999999997,2.15
2750,0.023044,False,0.19999999999999998,0.3,0.25
2751,0.0267656,True,nan,nan,nan
2752,0.027626,True,nan,nan,nan
2753,0.0269864,False,0.3,0.39999999999999997,0.35
2754,0.0180692,True,nan,nan,nan
2755,0.0275013,True,nan,nan,nan
2756,0.0226582,False,1.5,1.5999999999999999,1.5499999999999998
2757,0.0299195,True,nan,nan,nan
2758,0.0154124,True,nan,nan,nan
2759,0.0225103,True,nan,nan,nan
2760,0.0184869,False,0.09999999999999999,0.19999999999999998,0.15
2761,0.0188736,False,0.8999999999999999,1.0,0.95
2762,0.0288895,True,nan,nan,nan
2763,0.0270918,True,nan,nan,nan
2764,0.0191394,False,0.09999999999999999,0.19999999999999998,0.15
2765,0.024123,False,0.39999999999999997,0.5,0.44999999999999996
2766,0.0249481,False,0.6,0.7,0.6499999999999999
2767,0.0179988,True,nan,nan,nan
2768,0.0168126,False,0.7,0.7999999999999999,0.75
2769,0.0209304,True,nan,nan,nan
2770,0.0200622,True,nan,nan,nan
2771,0.0242227,True,nan,nan,nan
2772,0.0198093,False,0.6,0.7,0.6499999999999999
2773,0.0161807,False,0.0,0.09999999999999999,0.049999999999999996
2774,0.0220314,False,0.19999999999999998,0.3,0.25
2775,0.0281511,False,0.19999999999999998,0.3,0.25
2776,0.0173817,False,0.09999999999999999,0.19999999999999998,0.15
2777,0.0210609,True,nan,nan,nan
2778,0.0207225,True,nan,nan,nan
2779,0.0269765,False,0.19999999999999998,0.3,0.25
2780,0.0184091,False,1.0,1.0999999999999999,1.0499999999999998
2781,0.0183237,False,0.7,0.7999999999999999,0.75
2782,0.015696,False,0.09999999999999999,0.19999999999999998,0.15
2783,0.0287274,False,1.7,1.7999999999999998,1.75
2784,0.021331,False,0.09999999999999999,0.19999999999999998,0.15
2785,0.0213023,False,0.09999999999999999,0.19999999999999998,0.15
2786,0.0252456,False,0.39999999999999997,0.5,0.44999999999999996
2787,0.0158128,True,nan,nan,nan
2788,0.0288739,True,nan,nan,nan
2789,0.0175225,False,0.7,0.7999999999999999,0.75
2790,0.0215136,False,0.09999999999999999,0.19999999999999998,0.15
2791,0.0171099,False,0.3,0.39999999999999997,0.35
2792,0.0175394,False,0.09999999999999999,0.19999999999999998,0.15
2793,0.0226576,True,nan,nan,nan
2794,0.0258635,True,nan,nan,nan
2795,0.018287,False,0.6,0.7,0.6499999999999999
2796,0.0172217,False,0.19999999999999998,0.3,0.25
2797,0.0202904,True,nan,nan,nan
2798,0.0295048,True,nan,nan,nan
2799,0.0239531,True,nan,nan,nan
2800,0.0211961,False,0.09999999999999999,0.19999999999999998,0.15
2801,0.016823,False,0.5,0.6,0.55
2802,0.0241314,True,nan,nan,nan
2803,0.0178559,False,0.09999999999999999,0.19999999999999998,0.15
2804,0.0168266,True,nan,nan,nan
2805,0.022201,True,nan,nan,nan
2806,0.0180119,False,0.09999999999999999,0.19999999999999998,0.15
2807,0.0219443,False,0.09999999999999999,0.19999999999999998,0.15
2808,0.0277996,False,0.19999999999999998,0.3,0.25
2809,0.0282133,True,nan,nan,nan
2810,0.0155925,True,nan,nan,nan
2811,0.0270776,True,nan,nan,nan
2812,0.0202109,False,0.19999999999999998,0.3,0.25
2813,0.0207468,False,0.19999999999999998,0.3,0.25
2814,0.018123,True,nan,nan,nan
2815,0.025462,False,0.19999999999999998,0.3,0.25
2816,0.0230355,False,0.09999999999999999,0.19999999999999998,0.15
2817,0.0234481,True,nan,nan,nan
2818,0.0202045,False,0.19999999999999998,0.3,0.25
2819,0.022606,False,0.09999999999999999,0.19999999999999998,0.15
2820,0.0276671,False,0.3,0.39999999999999997,0.35
2821,0.0230603,True,nan,nan,nan
2822,0.023403,True,nan,nan,nan
2823,0.0158215,True,nan,nan,nan
2824,0.0173877,True,nan,nan,nan
2825,0.028995,True,nan,nan,nan
2826,0.0170789,True,nan,nan,nan
2827,0.0202153,False,0.3,0.39999999999999997,0.35
2828,0.0275029,True,nan,nan,nan
2829,0.0151007,False,0.0,0.09999999999999999,0.049999999999999996
2830,0.0235551,True,nan,nan,nan
2831,0.0219702,False,0.3,0.39999999999999997,0.35
2832,0.0297182,False,0.5,0.6,0.55
2833,0.0254614,False,3.5,3.5999999999999996,3.55
2834,0.0155007,False,0.09999999999999999,0.19999999999999998,0.15
2835,0.0268161,True,nan,nan,nan
2836,0.0278337,False,0.19999999999999998,0.3,0.25
2837,0.0162233,False,0.19999999999999998,0.3,0.25
2838,0.0258739,True,nan,nan,nan
2839,0.0207813,True,nan,nan,nan
2840,0.0207084,False,0.19999999999999998,0.3,0.25
2841,0.0169801,False,0.09999999999999999,0.19999999999999998,0.15
2842,0.0227111,False,0.09999999999999999,0.19999999999999998,0.15
2843,0.0205291,False,0.09999999999999999,0.19999999999999998,0.15
2844,0.0264463,True,nan,nan,nan
2845,0.0150848,False,1.4,1.5,1.45
2846,0.0250963,False,0.3,0.39999999999999997,0.35
2847,0.0280157,True,nan,nan,nan
2848,0.0287251,False,0.7,0.7999999999999999,0.75
2849,0.0246663,False,0.09999999999999999,0.19999999999999998,0.15
2850,0.0255271,False,0.39999999999999997,0.5,0.44999999999999996
2851,0.0238902,False,0.19999999999999998,0.3,0.25
2852,0.0239638,False,0.7,0.7999999999999999,0.75
2853,0.0291937,True,nan,nan,nan
2854,0.0205322,False,0.09999999999999999,0.19999999999999998,0.15
2855,0.025786,False,0.6,0.7,0.6499999999999999
2856,0.0298961,True,nan,nan,nan
2857,0.0290267,True,nan,nan,nan
2858,0.0226295,True,nan,nan,nan
2859,0.020114,False,0.6,0.7,0.6499999999999999
2860,0.0225909,False,0.19999999999999998,0.3,0.25
2861,0.0216294,False,0.6,0.7,0.6499999999999999
2862,0.0260763,False,0.8999999999999999,1.0,0.95
2863,0.0211426,False,0.19999999999999998,0.3,0.25
2864,0.0254604,True,nan,nan,nan
2865,0.0224277,False,0.3,0.39999999999999997,0.35
2866,0.0187858,True,nan,nan,nan
2867,0.0292596,False,0.39999999999999997,0.5,0.44999999999999996
2868,0.0153747,True,nan,nan,nan
2869,0.0268677,False,0.3,0.39999999999999997,0.35
2870,0.0178907,False,0.6,0.7,0.6499999999999999
2871,0.0194965,False,0.09999999999999999,0.19999999999999998,0.15
2872,0.020359,False,1.0999999999999999,1.2,1.15
2873,0.0220948,True,nan,nan,nan
2874,0.0274397,False,0.19999999999999998,0.3,0.25
2875,0.0170994,False,0.19999999999999998,0.3,0.25
2876,0.023675,True,nan,nan,nan
2877,0.0185308,True,nan,nan,nan
2878,0.0221679,True,nan,nan,nan
2879,0.0194833,False,0.09999999999999999,0.19999999999999998,0.15
2880,0.0271038,False,0.5,0.6,0.55
2881,0.0265056,True,nan,nan,nan
2882,0.0167207,True,nan,nan,nan
2883,0.0156132,False,0.0,0.09999999999999999,0.049999999999999996
2884,0.0287594,True,nan,nan,nan
2885,0.0261332,False,0.3,0.39999999999999997,0.35
2886,0.022916,True,nan,nan,nan
2887,0.0181321,False,0.19999999999999998,0.3,0.25
2888,0.0190181,False,0.19999999999999998,0.3,0.25
2889,0.0298239,False,0.5,0.6,0.55
2890,0.0156512,False,0.09999999999999999,0.19999999999999998,0.15
2891,0.0200144,False,0.3,0.39999999999999997,0.35
2892,0.0249888,True,nan,nan,nan
2893,0.0201967,False,0.19999999999999998,0.3,0.25
2894,0.0251296,False,0.19999999999999998,0.3,0.25
2895,0.0232756,False,0.19999999999999998,0.3,0.25
2896,0.0193014,False,0.09999999999999999,0.19999999999999998,0.15
2897,0.0257286,False,1.4,1.5,1.45
2898,0.0155969,False,0.19999999999999998,0.3,0.25
2899,0.0214919,False,0.19999999999999998,0.3,0.25
2900,0.0261108,False,0.19999999999999998,0.3,0.25
2901,0.0236726,False,0.39999999999999997,0.5,0.44999999999999996
2902,0.0179258,False,0.0,0.09999999999999999,0.049999999999999996
2903,0.0203774,True,nan,nan,nan
2904,0.0253019,True,nan,nan,nan
2905,0.020079,False,0.19999999999999998,0.3,0.25
2906,0.0225655,False,0.3,0.39999999999999997,0.35
2907,0.0189878,False,0.09999999999999999,0.19999999999999998,0.15
2908,0.0217587,False,0.09999999999999999,0.19999999999999998,0.15
2909,0.0171014,True,nan,nan,nan
2910,0.0175874,False,0.09999999999999999,0.19999999999999998,0.15
2911,0.0209896,True,nan,nan,nan
2912,0.0298372,True,nan,nan,nan
2913,0.0278222,False,0.3,0.39999999999999997,0.35
2914,0.0182116,True,nan,nan,nan
2915,0.0238092,False,0.19999999999999998,0.3,0.25
2916,0.0233145,True,nan,nan,nan
2917,0.0170058,True,nan,nan,nan
2918,0.0200351,False,0.09999999999999999,0.19999999999999998,0.15
2919,0.0250409,True,nan,nan,nan
2920,0.0277016,False,0.39999999999999997,0.5,0.44999999999999996
2921,0.0271954,True,nan,nan,nan
2922,0.0284074,True,nan,nan,nan
2923,0.0293922,False,0.5,0.6,0.55
2924,0.0274084,False,0.3,0.39999999999999997,0.35
2925,0.0228388,True,nan,nan,nan
2926,0.0194471,False,0.09999999999999999,0.19999999999999998,0.15
2927,0.0187088,False,0.19999999999999998,0.3,0.25
2928,0.0273569,False,0.19999999999999998,0.3,0.25
2929,0.0172165,False,0.39999999999999997,0.5,0.44999999999999996
2930,0.0163583,False,0.0,0.09999999999999999,0.049999999999999996
2931,0.0156771,True,nan,nan,nan
2932,0.0156544,False,0.0,0.09999999999999999,0.049999999999999996
2933,0.0215844,False,1.0,1.0999999999999999,1.0499999999999998
2934,0.0261298,False,0.5,0.6,0.55
2935,0.0233206,False,0.09999999999999999,0.19999999999999998,0.15
2936,0.0192118,False,0.3,0.39999999999999997,0.35
2937,0.0203321,True,nan,nan,nan
2938,0.0161219,False,0.09999999999999999,0.19999999999999998,0.15
2939,0.0238863,True,nan,nan,nan
2940,0.0184359,False,0.09999999999999999,0.19999999999999998,0.15
2941,0.0163573,False,0.0,0.09999999999999999,0.049999999999999996
2942,0.0263657,True,nan,nan,nan
2943,0.0225462,False,0.09999999999999999,0.19999999999999998,0.15
2944,0.0233307,False,0.3,0.39999999999999997,0.35
2945,0.0153477,False,0.09999999999999999,0.19999999999999998,0.15
2946,0.0194589,False,0.09999999999999999,0.19999999999999998,0.15
2947,0.0272834,False,0.19999999999999998,0.3,0.25
2948,0.0264194,False,0.5,0.6,0.55
2949,0.024112,True,nan,nan,nan
2950,0.0296809,False,0.19999999999999998,0.3,0.25
2951,0.0250372,True,nan,nan,nan
2952,0.0218369,False,0.09999999999999999,0.19999999999999998,0.15
2953,0.0169717,True,nan,nan,nan
2954,0.0237817,False,0.19999999999999998,0.3,0.25
2955,0.0249679,False,0.7999999999999999,0.8999999999999999,0.8499999999999999
2956,0.024109,True,nan,nan,nan
2957,0.0262599,True,nan,nan,nan
2958,0.0248551,False,1.9,2.0,1.95
2959,0.0242622,False,0.39999999999999997,0.5,0.44999999999999996
2960,0.0251164,False,1.2,1.3,1.25
2961,0.0251911,False,0.09999999999999999,0.19999999999999998,0.15
2962,0.0272327,True,nan,nan,nan
2963,0.0195832,True,nan,nan,nan
2964,0.0214155,False,0.09999999999999999,0.19999999999999998,0.15
2965,0.0250958,False,0.19999999999999998,0.3,0.25
2966,0.0156353,True,nan,nan,nan
2967,0.0234646,False,0.19999999999999998,0.3,0.25
2968,0.0196974,False,0.09999999999999999,0.19999999999999998,0.15
2969,0.0200067,True,nan,nan,nan
2970,0.0251339,True,nan,nan,nan
2971,0.0162843,True,nan,nan,nan
2972,0.0224377,False,0.19999999999999998,0.3,0.25
2973,0.0153572,False,0.0,0.09999999999999999,0.049999999999999996
2974,0.0292532,False,1.2,1.3,1.25
2975,0.0179684,False,0.09999999999999999,0.19999999999999998,0.15
2976,0.0171063,True,nan,nan,nan
2977,0.0298672,False,0.3,0.39999999999999997,0.35
2978,0.0189893,False,0.09999999999999999,0.19999999999999998,0.15
2979,0.0152658,True,nan,nan,nan
2980,0.0242188,False,0.09999999999999999,0.19999999999999998,0.15
2981,0.028491,False,0.19999999999999998,0.3,0.25
2982,0.0194327,True,nan,nan,nan
2983,0.0247971,False,0.3,0.39999999999999997,0.35
2984,0.0279729,True,nan,nan,nan
2985,0.0260618,False,0.3,0.39999999999999997,0.35
2986,0.0287318,False,0.7999999999999999,0.8999999999999999,0.8499999999999999
2987,0.0203488,True,nan,nan,nan
2988,0.0181564,True,nan,nan,nan
2989,0.0157879,False,0.0,0.09999999999999999,0.049999999999999996
2990,0.0251352,False,0.6,0.7,0.6499999999999999
2991,0.0179361,True,nan,nan,nan
2992,0.0282007,True,nan,nan,nan
2993,0.023974,False,0.7,0.7999999999999999,0.75
2994,0.0184237,False,0.09999999999999999,0.19999999999999998,0.15
2995,0.0162619,False,0.09999999999999999,0.19999999999999998,0.15
2996,0.0229249,True,nan,nan,nan
2997,0.0205861,True,nan,nan,nan
2998,0.0197827,False,0.09999999999999999,0.19999999999999998,0.15
2999,0.0207771,True,nan,nan,nan
3000,0.0244467,False,0.3,0.39999999999999997,0.35
3001,0.0176906,True,nan,nan,nan
3002,0.0176975,False,0.39999999999999997,0.5,0.44999999999999996
3003,0.0161969,False,0.09999999999999999,0.19999999999999998,0.15
3004,0.0206144,False,0.39999999999999997,0.5,0.44999999999999996
3005,0.0176794,False,0.09999999999999999,0.19999999999999998,0.15
3006,0.0261611,False,1.0,1.0999999999999999,1.0499999999999998
3007,0.0211358,True,nan,nan,nan
3008,0.0176048,True,nan,nan,nan
3009,0.0177577,True,nan,nan,nan
3010,0.0169356,False,0.19999999999999998,0.3,0.25
3011,0.0252299,False,0.39999999999999997,0.5,0.44999999999999996
3012,0.0204238,False,0.09999999999999999,0.19999999999999998,0.15
3013,0.0262941,True,nan,nan,nan
3014,0.0261068,True,nan,nan,nan
3015,0.0209851,False,0.19999999999999998,0.3,0.25
3016,0.0189771,True,nan,nan,nan
3017,0.0193939,False,0.09999999999999999,0.19999999999999998,0.15
3018,0.0255938,False,0.19999999999999998,0.3,0.25
3019,0.0195593,False,0.19999999999999998,0.3,0.25
3020,0.0176137,False,0.09999999999999999,0.19999999999999998,0.15
3021,0.0280534,False,0.19999999999999998,0.3,0.25
3022,0.0161161,True,nan,nan,nan
3023,0.0187572,True,nan,nan,nan
3024,0.0239384,True,nan,nan,nan
3025,0.0236463,False,0.19999999999999998,0.3,0.25
3026,0.0219629,False,1.3,1.4,1.35
3027,0.0171588,True,nan,nan,nan
3028,0.0177098,False,0.0,0.09999999999999999,0.049999999999999996
3029,0.0244068,False,1.2,1.3,1.25
3030,0.01717,True,nan,nan,nan
3031,0.0182258,True,nan,nan,nan
3032,0.0226404,False,0.39999999999999997,0.5,0.44999999999999996
3033,0.0158757,True,nan,nan,nan
3034,0.0223585,False,0.19999999999999998,0.3,0.25
3035,0.0255106,False,0.19999999999999998,0.3,0.25
3036,0.0222242,False,0.09999999999999999,0.19999999999999998,0.15
3037,0.0210199,False,0.6,0.7,0.6499999999999999
3038,0.0222663,False,0.7999999999999999,0.8999999999999999,0.8499999999999999
3039,0.0207738,False,0.19999999999999998,0.3,0.25
3040,0.0267456,True,nan,nan,nan
3041,0.0172888,False,0.09999999999999999,0.19999999999999998,0.15
3042,0.0267735,False,0.7,0.7999999999999999,0.75
3043,0.0241624,False,0.19999999999999998,0.3,0.25
3044,0.029294,True,nan,nan,nan
3045,0.0246207,False,0.19999999999999998,0.3,0.25
3046,0.0287479,False,0.19999999999999998,0.3,0.25
3047,0.0256149,False,0.3,0.39999999999999997,0.35
3048,0.0278685,False,0.19999999999999998,0.3,0.25
3049,0.0172086,False,0.09999999999999999,0.19999999999999998,0.15
3050,0.0238188,False,1.4,1.5,1.45
3051,0.0294835,True,nan,nan,nan
3052,0.0235273,False,0.6,0.7,0.6499999999999999
3053,0.0173955,False,0.5,0.6,0.55
3054,0.0159245,False,0.19999999999999998,0.3,0.25
3055,0.0278307,True,nan,nan,nan
3056,0.0230409,True,nan,nan,nan
3057,0.0165985,False,1.3,1.4,1.35
3058,0.0161027,False,4.7,4.8,4.75
3059,0.0277036,True,nan,nan,nan
3060,0.0182116,False,0.0,0.09999999999999999,0.049999999999999996
3061,0.016556,True,nan,nan,nan
3062,0.0202271,False,0.7,0.7999999999999999,0.75
3063,0.0250009,False,1.7999999999999998,1.9,1.8499999999999999
3064,0.0235858,False,0.8999999999999999,1.0,0.95
3065,0.0289372,False,0.5,0.6,0.55
3066,0.015741,True,nan,nan,nan
3067,0.0252242,False,0.3,0.39999999999999997,0.35
3068,0.0196716,False,0.09999999999999999,0.19999999999999998,0.15
3069,0.0242066,True,nan,nan,nan
3070,0.0267861,False,0.7,0.7999999999999999,0.75
3071,0.0177712,False,0.09999999999999999,0.19999999999999998,0.15
3072,0.0243908,True,nan,nan,nan
3073,0.01622,False,0.09999999999999999,0.19999999999999998,0.15
3074,0.0270627,False,0.19999999999999998,0.3,0.25
3075,0.0212268,True,nan,nan,nan
3076,0.0167317,False,0.19999999999999998,0.3,0.25
3077,0.0263443,False,0.19999999999999998,0.3,0.25
3078,0.0284518,False,0.19999999999999998,0.3,0.25
3079,0.0250094,True,nan,nan,nan
3080,0.0220167,False,0.6,0.7,0.6499999999999999
3081,0.0290177,False,0.7,0.7999999999999999,0.75
3082,0.0189146,False,0.09999999999999999,0.19999999999999998,0.15
3083,0.0250742,False,0.19999999999999998,0.3,0.25
3084,0.0290822,False,0.8999999999999999,1.0,0.95
3085,0.0170789,False,0.09999999999999999,0.19999999999999998,0.15
3086,0.0272974,False,0.19999999999999998,0.3,0.25
3087,0.0193121,False,0.8999999999999999,1.0,0.95
3088,0.0293887,False,0.19999999999999998,0.3,0.25
3089,0.0282703,False,0.5,0.6,0.55
3090,0.0196086,False,1.7,1.7999999999999998,1.75
3091,0.0231432,True,nan,nan,nan
3092,0.0195629,False,0.0,0.09999999999999999,0.049999999999999996
3093,0.0183759,False,0.09999999999999999,0.19999999999999998,0.15
3094,0.0265475,False,0.19999999999999998,0.3,0.25
3095,0.0237012,False,0.5,0.6,0.55
3096,0.0220951,True,nan,nan,nan
3097,0.0273698,False,0.6,0.7,0.6499999999999999
3098,0.0255156,False,0.5,0.6,0.55
3099,0.0226435,False,0.8999999999999999,1.0,0.95
3100,0.0182387,True,nan,nan,nan
3101,0.0278065,True,nan,nan,nan
3102,0.0279184,False,0.19999999999999998,0.3,0.25
3103,0.0212005,False,0.19999999999999998,0.3,0.25
3104,0.0295677,True,nan,nan,nan
3105,0.0244936,True,nan,nan,nan
3106,0.0298725,False,0.3,0.39999999999999997,0.35
3107,0.016519,False,0.09999999999999999,0.19999999999999998,0.15
3108,0.0158682,False,0.39999999999999997,0.5,0.44999999999999996
3109,0.0205638,False,0.09999999999999999,0.19999999999999998,0.15
3110,0.0290227,False,1.4,1.5,1.45
3111,0.0194572,False,0.39999999999999997,0.5,0.44999999999999996
3112,0.0215346,True,nan,nan,nan
3113,0.023423,True,nan,nan,nan
3114,0.0198844,False,0.09999999999999999,0.19999999999999998,0.15
3115,0.0195415,False,0.39999999999999997,0.5,0.44999999999999996
3116,0.0266723,True,nan,nan,nan
3117,0.0176772,False,0.0,0.09999999999999999,0.049999999999999996
3118,0.0159968,False,0.0,0.09999999999999999,0.049999999999999996
3119,0.0239506,False,0.7999999999999999,0.8999999999999999,0.8499999999999999
3120,0.0173501,False,1.3,1.4,1.35
3121,0.0222063,False,0.39999999999999997,0.5,0.44999999999999996
3122,0.0292595,False,0.39999999999999997,0.5,0.44999999999999996
3123,0.0279673,True,nan,nan,nan
3124,0.0280001,False,0.6,0.7,0.6499999999999999
3125,0.0296627,False,0.3,0.39999999999999997,0.35
3126,0.0201477,True,nan,nan,nan
3127,0.0157617,False,0.5,0.6,0.55
3128,0.0220697,False,0.19999999999999998,0.3,0.25
3129,0.0158632,False,0.09999999999999999,0.19999999999999998,0.15
3130,0.021625,False,0.19999999999999998,0.3,0.25
3131,0.0289917,True,nan,nan,nan
3132,0.0235228,True,nan,nan,nan
3133,0.016613,True,nan,nan,nan
3134,0.0248572,False,0.09999999999999999,0.19999999999999998,0.15
3135,0.0268742,False,0.3,0.39999999999999997,0.35
3136,0.0279722,False,1.3,1.4,1.35
3137,0.0273312,False,0.6,0.7,0.6499999999999999
3138,0.0187595,False,0.09999999999999999,0.19999999999999998,0.15
3139,0.029105,False,0.3,0.39999999999999997,0.35
3140,0.0229506,False,0.39999999999999997,0.5,0.44999999999999996
3141,0.0167914,False,0.0,0.09999999999999999,0.049999999999999996
3142,0.0212976,True,nan,nan,nan
3143,0.0188959,True,nan,nan,nan
3144,0.0231463,False,0.5,0.6,0.55
3145,0.0240028,False,0.3,0.39999999999999997,0.35
3146,0.0174233,False,0.0,0.09999999999999999,0.049999999999999996
3147,0.0180906,True,nan,nan,nan
3148,0.0151368,False,0.09999999999999999,0.19999999999999998,0.15
3149,0.0164012,True,nan,nan,nan
3150,0.0266283,False,0.19999999999999998,0.3,0.25
3151,0.0253827,False,0.19999999999999998,0.3,0.25
3152,0.0179625,True,nan,nan,nan
3153,0.0239063,True,nan,nan,nan
3154,0.0251772,False,0.39999999999999997,0.5,0.44999999999999996
3155,0.0235492,False,0.6,0.7,0.6499999999999999
3156,0.0201848,True,nan,nan,nan
3157,0.0203913,True,nan,nan,nan
3158,0.0204798,False,0.09999999999999999,0.19999999999999998,0.15
3159,0.0222487,False,1.3,1.4,1.35
3160,0.0157449,False,0.09999999999999999,0.19999999999999998,0.15
3161,0.0151579,False,0.0,0.09999999999999999,0.049999999999999996
3162,0.0258817,True,nan,nan,nan
3163,0.0204652,False,0.5,0.6,0.55
3164,0.0255661,False,0.5,0.6,0.55
3165,0.0279352,False,0.19999999999999998,0.3,0.25
3166,0.0211447,False,0.3,0.39999999999999997,0.35
3167,0.0254753,False,0.3,0.39999999999999997,0.35
3168,0.0251246,True,nan,nan,nan
3169,0.0183242,False,0.09999999999999999,0.19999999999999998,0.15
3170,0.0249646,False,0.39999999999999997,0.5,0.44999999999999996
3171,0.0227926,False,0.19999999999999998,0.3,0.25
3172,0.0209017,False,0.7,0.7999999999999999,0.75
3173,0.0210611,False,0.19999999999999998,0.3,0.25
3174,0.018199,True,nan,nan,nan
3175,0.0154097,True,nan,nan,nan
3176,0.0207177,False,0.09999999999999999,0.19999999999999998,0.15
3177,0.0299199,True,nan,nan,nan
3178,0.0187319,True,nan,nan,nan
3179,0.0203026,False,0.6,0.7,0.6499999999999999
3180,0.0183199,False,0.09999999999999999,0.19999999999999998,0.15
3181,0.0192317,True,nan,nan,nan
3182,0.0270982,True,nan,nan,nan
3183,0.0258291,False,0.09999999999999999,0.19999999999999998,0.15
3184,0.0212415,False,0.39999999999999997,0.5,0.44999999999999996
3185,0.0220537,True,nan,nan,nan
3186,0.021807,False,0.39999999999999997,0.5,0.44999999999999996
3187,0.022411,False,0.6,0.7,0.6499999999999999
3188,0.0228429,False,0.19999999999999998,0.3,0.25
3189,0.026877,False,0.19999999999999998,0.3,0.25
3190,0.0216801,True,nan,nan,nan
3191,0.0206121,False,0.19999999999999998,0.3,0.25
3192,0.0281218,True,nan,nan,nan
3193,0.0199789,True,nan,nan,nan
3194,0.0225251,False,0.19999999999999998,0.3,0.25
3195,0.0175403,True,nan,nan,nan
3196,0.0209473,False,0.19999999999999998,0.3,0.25
3197,0.0279928,True,nan,nan,nan
3198,0.0283423,False,0.19999999999999998,0.3,0.25
3199,0.0185405,False,0.09999999999999999,0.19999999999999998,0.15
3200,0.0207809,False,0.39999999999999997,0.5,0.44999999999999996
3201,0.0242215,False,0.39999999999999997,0.5,0.44999999999999996
3202,0.0226345,True,nan,nan,nan
3203,0.028726,True,nan,nan,nan
3204,0.0288075,False,1.3,1.4,1.35
3205,0.019519,True,nan,nan,nan
3206,0.0212883,True,nan,nan,nan
3207,0.0179205,True,nan,nan,nan
3208,0.0271954,False,0.19999999999999998,0.3,0.25
3209,0.0222305,True,nan,nan,nan
3210,0.0217003,False,0.19999999999999998,0.3,0.25
3211,0.0199994,False,0.09999999999999999,0.19999999999999998,0.15
3212,0.0276444,True,nan,nan,nan
3213,0.0248675,False,0.3,0.39999999999999997,0.35
3214,0.0205736,False,0.7999999999999999,0.8999999999999999,0.8499999999999999
3215,0.016328,False,0.09999999999999999,0.19999999999999998,0.15
3216,0.0259751,True,nan,nan,nan
3217,0.0211846,False,1.4,1.5,1.45
3218,0.020413,True,nan,nan,nan
3219,0.0191956,True,nan,nan,nan
3220,0.019447,True,nan,nan,nan
3221,0.0195439,True,nan,nan,nan
3222,0.0297131,False,0.39999999999999997,0.5,0.44999999999999996
3223,0.0166864,False,0.19999999999999998,0.3,0.25
3224,0.0249699,True,nan,nan,nan
3225,0.0192254,True,nan,nan,nan
3226,0.0256076,False,0.19999999999999998,0.3,0.25
3227,0.0278416,False,0.7,0.7999999999999999,0.75
3228,0.0257136,True,nan,nan,nan
3229,0.0192931,True,nan,nan,nan
3230,0.020647,True,nan,nan,nan
3231,0.0160355,False,0.09999999999999999,0.19999999999999998,0.15
3232,0.0199541,False,0.09999999999999999,0.19999999999999998,0.15
3233,0.0204211,True,nan,nan,nan
3234,0.0295833,True,nan,nan,nan
3235,0.0295269,False,0.7999999999999999,0.8999999999999999,0.8499999999999999
3236,0.0255821,False,0.3,0.39999999999999997,0.35
3237,0.0261909,True,nan,nan,nan
3238,0.0255433,False,0.39999999999999997,0.5,0.44999999999999996
3239,0.0245278,False,0.19999999999999998,0.3,0.25
3240,0.0254213,False,0.3,0.39999999999999997,0.35
3241,0.022566,True,nan,nan,nan
3242,0.0297057,False,0.39999999999999997,0.5,0.44999999999999996
3243,0.0212798,True,nan,nan,nan
3244,0.0293049,True,nan,nan,nan
3245,0.0288261,False,0.19999999999999998,0.3,0.25
3246,0.028379,False,0.39999999999999997,0.5,0.44999999999999996
3247,0.0200462,True,nan,nan,nan
3248,0.0208225,True,nan,nan,nan
3249,0.0241576,False,0.19999999999999998,0.3,0.25
3250,0.026059,False,0.19999999999999998,0.3,0.25
3251,0.0198014,True,nan,nan,nan
3252,0.0247836,False,0.09999999999999999,0.19999999999999998,0.15
3253,0.0253225,False,0.8999999999999999,1.0,0.95
3254,0.0158709,False,0.09999999999999999,0.19999999999999998,0.15
3255,0.0219036,False,0.09999999999999999,0.19999999999999998,0.15
3256,0.0159268,False,0.0,0.09999999999999999,0.049999999999999996
3257,0.0272877,True,nan,nan,nan
3258,0.0187396,True,nan,nan,nan
3259,0.0282135,True,nan,nan,nan
3260,0.0199001,True,nan,nan,nan
3261,0.0235932,True,nan,nan,nan
3262,0.0221552,False,0.19999999999999998,0.3,0.25
3263,0.0190196,False,0.39999999999999997,0.5,0.44999999999999996
3264,0.0298229,False,0.5,0.6,0.55
3265,0.0158496,False,0.0,0.09999999999999999,0.049999999999999996
3266,0.025379,False,0.7,0.7999999999999999,0.75
3267,0.0195674,True,nan,nan,nan
3268,0.0218163,False,0.19999999999999998,0.3,0.25
3269,0.0270295,True,nan,nan,nan
3270,0.0272835,False,0.19999999999999998,0.3,0.25
3271,0.026606,False,0.7999999999999999,0.8999999999999999,0.8499999999999999
3272,0.0159084,True,nan,nan,nan
3273,0.0298065,False,0.19999999999999998,0.3,0.25
3274,0.0186601,True,nan,nan,nan
3275,0.0168699,False,0.09999999999999999,0.19999999999999998,0.15
3276,0.0220619,False,0.19999999999999998,0.3,0.25
3277,0.0245648,False,0.19999999999999998,0.3,0.25
3278,0.024733,False,0.5,0.6,0.55
3279,0.0247576,False,0.19999999999999998,0.3,0.25
3280,0.0272063,False,0.3,0.39999999999999997,0.35
3281,0.0291086,False,0.19999999999999998,0.3,0.25
3282,0.0251296,False,0.3,0.39999999999999997,0.35
3283,0.0201787,False,0.3,0.39999999999999997,0.35
3284,0.0196042,False,0.09999999999999999,0.19999999999999998,0.15
3285,0.0182506,False,0.09999999999999999,0.19999999999999998,0.15
3286,0.0224391,False,0.19999999999999998,0.3,0.25
3287,0.0278069,False,0.6,0.7,0.6499999999999999
3288,0.0225576,False,0.09999999999999999,0.19999999999999998,0.15
3289,0.0158643,False,0.0,0.09999999999999999,0.049999999999999996
3290,0.0268924,True,nan,nan,nan
3291,0.0285812,False,3.5,3.5999999999999996,3.55
3292,0.019732,False,0.3,0.39999999999999997,0.35
3293,0.0293713,True,nan,nan,nan
3294,0.0250747,True,nan,nan,nan
3295,0.025212,False,0.19999999999999998,0.3,0.25
3296,0.01823,False,0.7,0.7999999999999999,0.75
3297,0.0282122,True,nan,nan,nan
3298,0.022859,True,nan,nan,nan
3299,0.0242886,False,0.09999999999999999,0.19999999999999998,0.15
3300,0.0201558,False,0.09999999999999999,0.19999999999999998,0.15
3301,0.0167183,True,nan,nan,nan
3302,0.020853,False,0.09999999999999999,0.19999999999999998,0.15
3303,0.0193658,False,0.09999999999999999,0.19999999999999998,0.15
3304,0.0190181,False,0.09999999999999999,0.19999999999999998,0.15
3305,0.0290775,False,0.3,0.39999999999999997,0.35
3306,0.0158076,True,nan,nan,nan
3307,0.0283121,False,0.7999999999999999,0.8999999999999999,0.8499999999999999
3308,0.0166178,False,0.0,0.09999999999999999,0.049999999999999996
3309,0.0165739,False,0.09999999999999999,0.19999999999999998,0.15
3310,0.0243515,False,0.19999999999999998,0.3,0.25
3311,0.0175306,False,0.0,0.09999999999999999,0.049999999999999996
3312,0.0154976,True,nan,nan,nan
3313,0.0241486,True,nan,nan,nan
3314,0.0279924,False,0.19999999999999998,0.3,0.25
3315,0.0152059,True,nan,nan,nan
3316,0.0215459,False,0.09999999999999999,0.19999999999999998,0.15
3317,0.019893,False,0.19999999999999998,0.3,0.25
3318,0.0232337,True,nan,nan,nan
3319,0.0203327,True,nan,nan,nan
3320,0.0192127,False,0.19999999999999998,0.3,0.25
3321,0.0282628,False,0.3,0.39999999999999997,0.35
3322,0.0281357,False,0.19999999999999998,0.3,0.25
3323,0.0203948,False,0.09999999999999999,0.19999999999999998,0.15
3324,0.0239271,False,0.5,0.6,0.55
3325,0.0182311,False,0.3,0.39999999999999997,0.35
3326,0.0163306,False,0.09999999999999999,0.19999999999999998,0.15
3327,0.020442,False,0.3,0.39999999999999997,0.35
3328,0.0229886,False,0.6,0.7,0.6499999999999999
3329,0.0243802,False,0.6,0.7,0.6499999999999999
3330,0.022759,True,nan,nan,nan
3331,0.0180056,True,nan,nan,nan
3332,0.0276598,False,0.3,0.39999999999999997,0.35
3333,0.0217493,False,0.09999999999999999,0.19999999999999998,0.15
3334,0.0285825,False,0.5,0.6,0.55
3335,0.0151369,True,nan,nan,nan
3336,0.0239692,True,nan,nan,nan
3337,0.0194469,False,0.09999999999999999,0.19999999999999998,0.15
3338,0.0183708,False,0.19999999999999998,0.3,0.25
3339,0.0272811,True,nan,nan,nan
3340,0.0185738,False,0.19999999999999998,0.3,0.25
3341,0.0202466,False,0.19999999999999998,0.3,0.25
3342,0.0299193,False,1.4,1.5,1.45
3343,0.0252017,False,0.3,0.39999999999999997,0.35
3344,0.0155106,False,0.0,0.09999999999999999,0.049999999999999996
3345,0.0261888,False,0.19999999999999998,0.3,0.25
3346,0.0200856,False,0.09999999999999999,0.19999999999999998,0.15
3347,0.0210205,False,0.09999999999999999,0.19999999999999998,0.15
3348,0.0285823,True,nan,nan,nan
3349,0.0253899,True,nan,nan,nan
3350,0.020392,True,nan,nan,nan
3351,0.0246779,True,nan,nan,nan
3352,0.0287801,False,0.7999999999999999,0.8999999999999999,0.8499999999999999
3353,0.0280281,False,0.19999999999999998,0.3,0.25
3354,0.0214161,True,nan,nan,nan
3355,0.027084,False,0.39999999999999997,0.5,0.44999999999999996
3356,0.0194198,False,0.7,0.7999999999999999,0.75
3357,0.0246197,True,nan,nan,nan
3358,0.0198853,False,0.19999999999999998,0.3,0.25
3359,0.0220374,True,nan,nan,nan
3360,0.0243974,True,nan,nan,nan
3361,0.0151397,True,nan,nan,nan
3362,0.0182728,False,0.09999999999999999,0.19999999999999998,0.15
3363,0.0265453,False,0.19999999999999998,0.3,0.25
3364,0.0168043,False,0.09999999999999999,0.19999999999999998,0.15
3365,0.0155853,False,0.09999999999999999,0.19999999999999998,0.15
3366,0.0226596,False,1.4,1.5,1.45
3367,0.0252622,False,0.19999999999999998,0.3,0.25
3368,0.0236319,True,nan,nan,nan
3369,0.0234715,True,nan,nan,nan
3370,0.0224848,False,0.09999999999999999,0.19999999999999998,0.15
3371,0.0288024,True,nan,nan,nan
3372,0.0294827,False,0.5,0.6,0.55
3373,0.0295271,False,0.5,0.6,0.55
3374,0.0212559,True,nan,nan,nan
3375,0.0194557,False,0.19999999999999998,0.3,0.25
3376,0.021762,False,0.7999999999999999,0.8999999999999999,0.8499999999999999
3377,0.0208558,False,0.6,0.7,0.6499999999999999
3378,0.0180233,True,nan,nan,nan
3379,0.0283386,False,0.3,0.39999999999999997,0.35
3380,0.020163,False,0.5,0.6,0.55
3381,0.0212746,True,nan,nan,nan
3382,0.0159192,False,0.09999999999999999,0.19999999999999998,0.15
3383,0.0281244,False,0.19999999999999998,0.3,0.25
3384,0.027342,False,0.39999999999999997,0.5,0.44999999999999996
3385,0.017933,False,0.39999999999999997,0.5,0.44999999999999996
3386,0.0214556,False,0.3,0.39999999999999997,0.35
3387,0.0203471,False,0.39999999999999997,0.5,0.44999999999999996
3388,0.0283013,False,0.19999999999999998,0.3,0.25
3389,0.0206772,False,0.39999999999999997,0.5,0.44999999999999996
3390,0.0274272,True,nan,nan,nan
3391,0.0291624,False,0.19999999999999998,0.3,0.25
3392,0.0219137,True,nan,nan,nan
3393,0.0281264,False,0.19999999999999998,0.3,0.25
3394,0.026723,False,0.7,0.7999999999999999,0.75
3395,0.015677,True,nan,nan,nan
3396,0.0283605,False,0.7999999999999999,0.8999999999999999,0.8499999999999999
3397,0.0294116,False,0.3,0.39999999999999997,0.35
3398,0.0232529,False,0.39999999999999997,0.5,0.44999999999999996
3399,0.0239085,False,0.5,0.6,0.55
3400,0.0298131,False,0.39999999999999997,0.5,0.44999999999999996
3401,0.0268708,False,0.19999999999999998,0.3,0.25
3402,0.0163088,True,nan,nan,nan
3403,0.0173269,True,nan,nan,nan
3404,0.0243283,False,0.8999999999999999,1.0,0.95
3405,0.0215657,False,0.09999999999999999,0.19999999999999998,0.15
3406,0.0175051,True,nan,nan,nan
3407,0.0238093,False,0.19999999999999998,0.3,0.25
3408,0.0177682,False,0.19999999999999998,0.3,0.25
3409,0.0259429,True,nan,nan,nan
3410,0.027621,True,nan,nan,nan
3411,0.02031,False,0.09999999999999999,0.19999999999999998,0.15
3412,0.0260074,False,0.7999999999999999,0.8999999999999999,0.8499999999999999
3413,0.019688,True,nan,nan,nan
3414,0.0262346,False,0.19999999999999998,0.3,0.25
3415,0.0287675,True,nan,nan,nan
3416,0.0234075,False,0.7999999999999999,0.8999999999999999,0.8499999999999999
3417,0.0183134,True,nan,nan,nan
3418,0.0239233,True,nan,nan,nan
3419,0.0264695,True,nan,nan,nan
3420,0.0163637,True,nan,nan,nan
3421,0.0272854,True,nan,nan,nan
3422,0.0294345,False,0.5,0.6,0.55
3423,0.0191553,False,0.5,0.6,0.55
3424,0.0152027,False,0.09999999999999999,0.19999999999999998,0.15
3425,0.0226069,True,nan,nan,nan
3426,0.023686,False,0.7999999999999999,0.8999999999999999,0.8499999999999999
3427,0.0189526,False,0.19999999999999998,0.3,0.25
3428,0.0291346,True,nan,nan,nan
3429,0.0251739,True,nan,nan,nan
3430,0.0210429,True,nan,nan,nan
3431,0.0151626,False,0.19999999999999998,0.3,0.25
3432,0.018836,False,0.3,0.39999999999999997,0.35
3433,0.0296756,False,0.7999999999999999,0.8999999999999999,0.8499999999999999
3434,0.0182329,True,nan,nan,nan
3435,0.0153033,False,0.3,0.39999999999999997,0.35
3436,0.0229854,False,0.19999999999999998,0.3,0.25
3437,0.0151961,True,nan,nan,nan
3438,0.0282452,True,nan,nan,nan
3439,0.0164542,True,nan,nan,nan
3440,0.0268681,False,0.39999999999999997,0.5,0.44999999999999996
3441,0.0212189,False,0.3,0.39999999999999997,0.35
3442,0.0264289,False,1.4,1.5,1.45
3443,0.0291004,True,nan,nan,nan
3444,0.0158255,False,0.0,0.09999999999999999,0.049999999999999996
3445,0.0242202,True,nan,nan,nan
3446,0.015986,False,0.0,0.09999999999999999,0.049999999999999996
3447,0.0152476,False,0.19999999999999998,0.3,0.25
3448,0.0160842,False,0.0,0.09999999999999999,0.049999999999999996
3449,0.0265703,True,nan,nan,nan
3450,0.0159528,False,0.0,0.09999999999999999,0.049999999999999996
3451,0.0266317,False,0.39999999999999997,0.5,0.44999999999999996
3452,0.0267685,False,0.7999999999999999,0.8999999999999999,0.8499999999999999
3453,0.025064,True,nan,nan,nan
3454,0.0204229,False,0.19999999999999998,0.3,0.25
3455,0.0173589,False,0.0,0.09999999999999999,0.049999999999999996
3456,0.0283961,False,0.19999999999999998,0.3,0.25
3457,0.0264609,False,0.39999999999999997,0.5,0.44999999999999996
3458,0.015997,True,nan,nan,nan
3459,0.0218014,False,0.09999999999999999,0.19999999999999998,0.15
3460,0.0245604,True,nan,nan,nan
3461,0.0191035,False,0.09999999999999999,0.19999999999999998,0.15
3462,0.0171047,True,nan,nan,nan
3463,0.0195761,False,0.09999999999999999,0.19999999999999998,0.15
3464,0.0283852,True,nan,nan,nan
3465,0.0169665,True,nan,nan,nan
3466,0.0202532,False,0.09999999999999999,0.19999999999999998,0.15
3467,0.0154521,True,nan,nan,nan
3468,0.0162901,False,0.09999999999999999,0.19999999999999998,0.15
3469,0.0254731,True,nan,nan,nan
3470,0.0226676,True,nan,nan,nan
3471,0.0161829,True,nan,nan,nan
3472,0.0167765,False,0.0,0.09999999999999999,0.049999999999999996
3473,0.0260277,False,1.3,1.4,1.35
3474,0.0240036,False,0.19999999999999998,0.3,0.25
3475,0.0200735,False,0.3,0.39999999999999997,0.35
3476,0.0229059,False,0.19999999999999998,0.3,0.25
3477,0.0248085,False,0.19999999999999998,0.3,0.25
3478,0.0200747,True,nan,nan,nan
3479,0.0177332,False,0.19999999999999998,0.3,0.25
3480,0.0181249,True,nan,nan,nan
3481,0.0203018,False,0.19999999999999998,0.3,0.25
3482,0.0253967,False,0.39999999999999997,0.5,0.44999999999999996
3483,0.0268498,True,nan,nan,nan
3484,0.0290159,False,0.3,0.39999999999999997,0.35
3485,0.0209312,True,nan,nan,nan
3486,0.0298811,True,nan,nan,nan
3487,0.0186899,False,4.7,4.8,4.75
3488,0.0181638,False,1.0999999999999999,1.2,1.15
3489,0.0292974,False,0.6,0.7,0.6499999999999999
3490,0.0244914,False,0.09999999999999999,0.19999999999999998,0.15
3491,0.0228057,False,1.0999999999999999,1.2,1.15
3492,0.0287434,False,0.19999999999999998,0.3,0.25
3493,0.0197574,False,0.3,0.39999999999999997,0.35
3494,0.0153629,False,0.0,0.09999999999999999,0.049999999999999996
3495,0.0276583,False,0.19999999999999998,0.3,0.25
3496,0.0212056,False,0.19999999999999998,0.3,0.25
3497,0.0186263,True,nan,nan,nan
3498,0.0153962,False,0.0,0.09999999999999999,0.049999999999999996
3499,0.0280842,False,0.19999999999999998,0.3,0.25
3500,0.0195109,True,nan,nan,nan
3501,0.0243442,False,0.19999999999999998,0.3,0.25
3502,0.0293837,True,nan,nan,nan
3503,0.0201459,False,0.09999999999999999,0.19999999999999998,0.15
3504,0.0253961,False,0.8999999999999999,1.0,0.95
3505,0.0177022,False,0.6,0.7,0.6499999999999999
3506,0.0279477,True,nan,nan,nan
3507,0.0230528,False,0.19999999999999998,0.3,0.25
3508,0.0224408,True,nan,nan,nan
3509,0.0220301,True,nan,nan,nan
3510,0.0288806,False,1.3,1.4,1.35
3511,0.0249912,False,0.19999999999999998,0.3,0.25
3512,0.0209219,False,0.09999999999999999,0.19999999999999998,0.15
3513,0.0224161,False,0.09999999999999999,0.19999999999999998,0.15
3514,0.0209395,False,0.19999999999999998,0.3,0.25
3515,0.0200999,True,nan,nan,nan
3516,0.0158144,False,0.09999999999999999,0.19999999999999998,0.15
3517,0.0234448,True,nan,nan,nan
3518,0.0260509,False,0.19999999999999998,0.3,0.25
3519,0.0242102,True,nan,nan,nan
3520,0.016658,True,nan,nan,nan
3521,0.016824,False,0.39999999999999997,0.5,0.44999999999999996
3522,0.0270561,False,0.5,0.6,0.55
3523,0.0161987,True,nan,nan,nan
3524,0.017873,True,nan,nan,nan
3525,0.020877,False,0.5,0.6,0.55
3526,0.0179717,False,0.19999999999999998,0.3,0.25
3527,0.0152851,True,nan,nan,nan
3528,0.0240103,True,nan,nan,nan
3529,0.0244345,False,0.3,0.39999999999999997,0.35
3530,0.0201664,True,nan,nan,nan
3531,0.0243128,False,0.39999999999999997,0.5,0.44999999999999996
3532,0.0182424,False,0.09999999999999999,0.19999999999999998,0.15
3533,0.0292666,True,nan,nan,nan
3534,0.0197813,False,0.3,0.39999999999999997,0.35
3535,0.0265373,False,0.7999999999999999,0.8999999999999999,0.8499999999999999
3536,0.029013,True,nan,nan,nan
3537,0.029644,True,nan,nan,nan
3538,0.0219328,False,0.09999999999999999,0.19999999999999998,0.15
3539,0.027185,False,1.3,1.4,1.35
3540,0.0230342,False,0.5,0.6,0.55
3541,0.0190681,False,0.6,0.7,0.6499999999999999
3542,0.0229326,True,nan,nan,nan
3543,0.0289421,False,0.6,0.7,0.6499999999999999
3544,0.0175234,False,0.09999999999999999,0.19999999999999998,0.15
3545,0.0209753,False,0.09999999999999999,0.19999999999999998,0.15
3546,0.0185919,False,0.19999999999999998,0.3,0.25
3547,0.0226318,False,0.5,0.6,0.55
3548,0.028442,False,0.19999999999999998,0.3,0.25
3549,0.0210766,True,nan,nan,nan
3550,0.0175106,False,0.0,0.09999999999999999,0.049999999999999996
3551,0.0212308,True,nan,nan,nan
3552,0.0194515,False,0.09999999999999999,0.19999999999999998,0.15
3553,0.0260613,False,0.7,0.7999999999999999,0.75
3554,0.0206766,False,0.3,0.39999999999999997,0.35
3555,0.0224454,False,0.39999999999999997,0.5,0.44999999999999996
3556,0.0194772,False,0.09999999999999999,0.19999999999999998,0.15
3557,0.0195132,False,0.09999999999999999,0.19999999999999998,0.15
3558,0.0203977,False,0.09999999999999999,0.19999999999999998,0.15
3559,0.0152008,False,0.3,0.39999999999999997,0.35
3560,0.0292391,True,nan,nan,nan
3561,0.0217038,False,0.3,0.39999999999999997,0.35
3562,0.024257,False,0.7,0.7999999999999999,0.75
3563,0.0294828,False,0.7999999999999999,0.8999999999999999,0.8499999999999999
3564,0.0235957,False,0.19999999999999998,0.3,0.25
3565,0.0217671,True,nan,nan,nan
3566,0.022995,False,0.09999999999999999,0.19999999999999998,0.15
3567,0.0278242,False,0.5,0.6,0.55
3568,0.0229245,True,nan,nan,nan
3569,0.0191896,False,0.09999999999999999,0.19999999999999998,0.15
3570,0.0274107,False,0.7,0.7999999999999999,0.75
3571,0.0233993,False,0.39999999999999997,0.5,0.44999999999999996
3572,0.0248845,True,nan,nan,nan
3573,0.0261925,True,nan,nan,nan
3574,0.0250946,False,2.0,2.1,2.05
3575,0.016018,False,0.09999999999999999,0.19999999999999998,0.15
3576,0.0192432,False,0.39999999999999997,0.5,0.44999999999999996
3577,0.0151891,False,0.09999999999999999,0.19999999999999998,0.15
3578,0.018917,False,0.09999999999999999,0.19999999999999998,0.15
3579,0.0299048,False,0.39999999999999997,0.5,0.44999999999999996
3580,0.0159444,True,nan,nan,nan
3581,0.021592,False,0.09999999999999999,0.19999999999999998,0.15
3582,0.016985,False,0.3,0.39999999999999997,0.35
3583,0.0158466,False,0.0,0.09999999999999999,0.049999999999999996
3584,0.0254091,False,0.6,0.7,0.6499999999999999
3585,0.0157105,False,0.09999999999999999,0.19999999999999998,0.15
3586,0.0183771,False,0.09999999999999999,0.19999999999999998,0.15
3587,0.0265069,True,nan,nan,nan
3588,0.024566,False,0.6,0.7,0.6499999999999999
3589,0.0293782,True,nan,nan,nan
3590,0.0288001,True,nan,nan,nan
3591,0.0282701,True,nan,nan,nan
3592,0.0295549,True,nan,nan,nan
3593,0.0173494,True,nan,nan,nan
3594,0.0228829,True,nan,nan,nan
3595,0.0237097,False,0.19999999999999998,0.3,0.25
3596,0.0250427,False,0.19999999999999998,0.3,0.25
3597,0.0287455,False,0.3,0.39999999999999997,0.35
3598,0.0158005,False,0.0,0.09999999999999999,0.049999999999999996
3599,0.0174886,True,nan,nan,nan
3600,0.0259932,False,0.09999999999999999,0.19999999999999998,0.15
3601,0.0219924,True,nan,nan,nan
3602,0.0256667,False,0.39999999999999997,0.5,0.44999999999999996
3603,0.0155326,False,0.19999999999999998,0.3,0.25
3604,0.0292425,False,0.3,0.39999999999999997,0.35
3605,0.0164897,False,0.0,0.09999999999999999,0.049999999999999996
3606,0.0210792,False,0.09999999999999999,0.19999999999999998,0.15
3607,0.016667,True,nan,nan,nan
3608,0.0157541,False,0.0,0.09999999999999999,0.049999999999999996
3609,0.0269155,True,nan,nan,nan
3610,0.023416,True,nan,nan,nan
3611,0.0227655,False,0.09999999999999999,0.19999999999999998,0.15
3612,0.0191781,False,0.19999999999999998,0.3,0.25
3613,0.0202305,True,nan,nan,nan
3614,0.0260765,False,0.3,0.39999999999999997,0.35
3615,0.0212622,False,0.19999999999999998,0.3,0.25
3616,0.0154613,False,0.09999999999999999,0.19999999999999998,0.15
3617,0.0188092,True,nan,nan,nan
3618,0.0171486,True,nan,nan,nan
3619,0.0267326,False,0.7,0.7999999999999999,0.75
3620,0.0225621,False,0.3,0.39999999999999997,0.35
3621,0.0296735,False,0.39999999999999997,0.5,0.44999999999999996
3622,0.0186975,True,nan,nan,nan
3623,0.0236329,False,0.09999999999999999,0.19999999999999998,0.15
3624,0.0266111,False,0.19999999999999998,0.3,0.25
3625,0.0204836,False,0.19999999999999998,0.3,0.25
3626,0.0220997,True,nan,nan,nan
3627,0.0246936,True,nan,nan,nan
3628,0.0294097,False,0.19999999999999998,0.3,0.25
3629,0.021901,True,nan,nan,nan
3630,0.0220599,False,0.19999999999999998,0.3,0.25
3631,0.018291,True,nan,nan,nan
3632,0.0245578,False,0.09999999999999999,0.19999999999999998,0.15
3633,0.0180772,True,nan,nan,nan
3634,0.0241662,False,0.5,0.6,0.55
3635,0.0242307,False,0.6,0.7,0.6499999999999999
3636,0.0187103,False,1.4,1.5,1.45
3637,0.0165059,True,nan,nan,nan
3638,0.0284932,False,0.19999999999999998,0.3,0.25
3639,0.0172292,True,nan,nan,nan
3640,0.0281679,True,nan,nan,nan
3641,0.0279318,False,0.39999999999999997,0.5,0.44999999999999996
3642,0.0153525,True,nan,nan,nan
3643,0.0246746,True,nan,nan,nan
3644,0.0208367,True,nan,nan,nan
3645,0.0266466,True,nan,nan,nan
3646,0.0211619,False,0.3,0.39999999999999997,0.35
3647,0.0212214,False,0.09999999999999999,0.19999999999999998,0.15
3648,0.0295465,True,nan,nan,nan
3649,0.0230549,False,0.39999999999999997,0.5,0.44999999999999996
3650,0.0164174,True,nan,nan,nan
3651,0.0209236,False,0.19999999999999998,0.3,0.25
3652,0.0158253,False,0.19999999999999998,0.3,0.25
3653,0.0223037,False,0.6,0.7,0.6499999999999999
3654,0.0256148,False,0.3,0.39999999999999997,0.35
3655,0.0217831,True,nan,nan,nan
3656,0.0210054,False,0.19999999999999998,0.3,0.25
3657,0.0195561,True,nan,nan,nan
3658,0.0168662,True,nan,nan,nan
3659,0.0239059,False,0.19999999999999998,0.3,0.25
3660,0.0298149,False,0.19999999999999998,0.3,0.25
3661,0.0235211,False,0.5,0.6,0.55
3662,0.0255833,True,nan,nan,nan
3663,0.0188693,True,nan,nan,nan
3664,0.0189025,False,0.19999999999999998,0.3,0.25
3665,0.0233008,True,nan,nan,nan
3666,0.0267681,False,0.8999999999999999,1.0,0.95
3667,0.0210329,False,0.19999999999999998,0.3,0.25
3668,0.0260845,True,nan,nan,nan
3669,0.0278323,True,nan,nan,nan
3670,0.0194071,False,0.09999999999999999,0.19999999999999998,0.15
3671,0.0260126,True,nan,nan,nan
3672,0.0189674,False,0.19999999999999998,0.3,0.25
3673,0.0245116,False,0.6,0.7,0.6499999999999999
3674,0.0246702,True,nan,nan,nan
3675,0.0158411,False,1.2,1.3,1.25
3676,0.0266786,True,nan,nan,nan
3677,0.0238937,True,nan,nan,nan
3678,0.0264325,False,0.6,0.7,0.6499999999999999
3679,0.0234517,False,0.3,0.39999999999999997,0.35
3680,0.0166381,False,0.09999999999999999,0.19999999999999998,0.15
3681,0.0227846,True,nan,nan,nan
3682,0.0247456,False,0.09999999999999999,0.19999999999999998,0.15
3683,0.0281035,True,nan,nan,nan
3684,0.0242417,True,nan,nan,nan
3685,0.0219496,True,nan,nan,nan
3686,0.0166899,False,0.0,0.09999999999999999,0.049999999999999996
3687,0.0257306,False,0.19999999999999998,0.3,0.25
3688,0.0252958,False,0.3,0.39999999999999997,0.35
3689,0.0245842,False,0.19999999999999998,0.3,0.25
3690,0.0266463,False,0.3,0.39999999999999997,0.35
3691,0.0212711,False,0.19999999999999998,0.3,0.25
3692,0.0179789,False,0.6,0.7,0.6499999999999999
3693,0.0226511,False,0.19999999999999998,0.3,0.25
3694,0.0293489,True,nan,nan,nan
3695,0.0265382,False,0.3,0.39999999999999997,0.35
3696,0.0232791,False,1.3,1.4,1.35
3697,0.017265,False,0.19999999999999998,0.3,0.25
3698,0.024969,False,0.39999999999999997,0.5,0.44999999999999996
3699,0.0265053,False,0.8999999999999999,1.0,0.95
3700,0.0214916,True,nan,nan,nan
3701,0.0298069,False,0.3,0.39999999999999997,0.35
3702,0.0255322,False,0.5,0.6,0.55
3703,0.0272983,True,nan,nan,nan
3704,0.0183832,True,nan,nan,nan
3705,0.0173024,False,0.19999999999999998,0.3,0.25
3706,0.0286581,True,nan,nan,nan
3707,0.0234553,False,0.3,0.39999999999999997,0.35
3708,0.029155,False,1.4,1.5,1.45
3709,0.0226342,False,0.39999999999999997,0.5,0.44999999999999996
3710,0.0238572,False,0.19999999999999998,0.3,0.25
3711,0.0285404,True,nan,nan,nan
3712,0.0286576,False,0.3,0.39999999999999997,0.35
3713,0.0218967,True,nan,nan,nan
3714,0.0213788,True,nan,nan,nan
3715,0.0220802,False,0.6,0.7,0.6499999999999999
3716,0.0162998,True,nan,nan,nan
3717,0.0191948,False,0.09999999999999999,0.19999999999999998,0.15
3718,0.0186309,False,0.0,0.09999999999999999,0.049999999999999996
3719,0.0212466,False,1.4,1.5,1.45
3720,0.0183966,False,0.09999999999999999,0.19999999999999998,0.15
3721,0.0167158,True,nan,nan,nan
3722,0.0257266,False,0.6,0.7,0.6499999999999999
3723,0.0268137,False,0.19999999999999998,0.3,0.25
3724,0.0172132,False,0.0,0.09999999999999999,0.049999999999999996
3725,0.0287271,False,0.5,0.6,0.55
3726,0.0213884,False,0.09999999999999999,0.19999999999999998,0.15
3727,0.0246518,False,0.39999999999999997,0.5,0.44999999999999996
3728,0.0198351,False,0.09999999999999999,0.19999999999999998,0.15
3729,0.0223633,False,0.6,0.7,0.6499999999999999
3730,0.0290433,True,nan,nan,nan
3731,0.0171999,False,0.0,0.09999999999999999,0.049999999999999996
3732,0.022946,False,0.09999999999999999,0.19999999999999998,0.15
3733,0.0215529,False,0.09999999999999999,0.19999999999999998,0.15
3734,0.0286552,False,0.5,0.6,0.55
3735,0.0162539,False,1.0999999999999999,1.2,1.15
3736,0.0245484,False,0.5,0.6,0.55
3737,0.0161493,False,0.19999999999999998,0.3,0.25
3738,0.0269304,False,0.19999999999999998,0.3,0.25
3739,0.025984,True,nan,nan,nan
3740,0.0190923,False,0.09999999999999999,0.19999999999999998,0.15
3741,0.0267053,True,nan,nan,nan
3742,0.0250346,False,0.19999999999999998,0.3,0.25
3743,0.0217835,False,0.19999999999999998,0.3,0.25
3744,0.0213502,False,0.19999999999999998,0.3,0.25
3745,0.0287205,False,0.19999999999999998,0.3,0.25
3746,0.017769,False,0.0,0.09999999999999999,0.049999999999999996
3747,0.0226633,False,0.6,0.7,0.6499999999999999
3748,0.0199653,False,0.39999999999999997,0.5,0.44999999999999996
3749,0.0288661,False,0.5,0.6,0.55
3750,0.0207209,True,nan,nan,nan
3751,0.0173475,True,nan,nan,nan
3752,0.0245639,False,0.19999999999999998,0.3,0.25
3753,0.0153966,True,nan,nan,nan
3754,0.0255596,False,0.3,0.39999999999999997,0.35
3755,0.0193109,False,0.19999999999999998,0.3,0.25
3756,0.0182932,True,nan,nan,nan
3757,0.0216956,False,0.19999999999999998,0.3,0.25
3758,0.0280478,False,0.19999999999999998,0.3,0.25
3759,0.0216255,False,0.3,0.39999999999999997,0.35
3760,0.0225186,True,nan,nan,nan
3761,0.0227341,False,0.39999999999999997,0.5,0.44999999999999996
3762,0.0272143,False,0.39999999999999997,0.5,0.44999999999999996
3763,0.0236191,True,nan,nan,nan
3764,0.0274964,False,0.6,0.7,0.6499999999999999
3765,0.0264616,False,0.19999999999999998,0.3,0.25
3766,0.029865,False,0.3,0.39999999999999997,0.35
3767,0.0255642,False,0.5,0.6,0.55
3768,0.0155358,True,nan,nan,nan
3769,0.0254202,False,0.5,0.6,0.55
3770,0.0228042,True,nan,nan,nan
3771,0.0265775,False,0.3,0.39999999999999997,0.35
3772,0.0152357,False,0.09999999999999999,0.19999999999999998,0.15
3773,0.0223638,True,nan,nan,nan
3774,0.0186215,True,nan,nan,nan
3775,0.0174861,False,0.5,0.6,0.55
3776,0.0190765,False,0.09999999999999999,0.19999999999999998,0.15
3777,0.0269557,False,0.39999999999999997,0.5,0.44999999999999996
3778,0.0225886,False,0.3,0.39999999999999997,0.35
3779,0.0189949,True,nan,nan,nan
3780,0.0208775,False,0.09999999999999999,0.19999999999999998,0.15
3781,0.026343,True,nan,nan,nan
3782,0.0211795,False,0.09999999999999999,0.19999999999999998,0.15
3783,0.0162027,True,nan,nan,nan
3784,0.02113,False,0.09999999999999999,0.19999999999999998,0.15
3785,0.0222478,False,0.7999999999999999,0.8999999999999999,0.8499999999999999
3786,0.0267215,False,0.3,0.39999999999999997,0.35
3787,0.0195167,False,0.09999999999999999,0.19999999999999998,0.15
3788,0.0277268,False,1.0,1.0999999999999999,1.0499999999999998
3789,0.0156247,False,0.0,0.09999999999999999,0.049999999999999996
3790,0.0254588,False,0.19999999999999998,0.3,0.25
3791,0.0263775,True,nan,nan,nan
3792,0.0156821,True,nan,nan,nan
3793,0.0280983,False,0.5,0.6,0.55
3794,0.0198794,True,nan,nan,nan
3795,0.018353,False,0.39999999999999997,0.5,0.44999999999999996
3796,0.0164898,False,0.09999999999999999,0.19999999999999998,0.15
3797,0.0280156,True,nan,nan,nan
3798,0.0152455,True,nan,nan,nan
3799,0.0227401,False,0.19999999999999998,0.3,0.25
3800,0.0197754,False,0.09999999999999999,0.19999999999999998,0.15
3801,0.0250688,True,nan,nan,nan
3802,0.0156689,True,nan,nan,nan
3803,0.025851,False,0.39999999999999997,0.5,0.44999999999999996
3804,0.0244288,False,1.0999999999999999,1.2,1.15
3805,0.0184137,True,nan,nan,nan
3806,0.0299234,True,nan,nan,nan
3807,0.0282989,True,nan,nan,nan
3808,0.0274689,True,nan,nan,nan
3809,0.0273418,True,nan,nan,nan
3810,0.0219437,False,0.19999999999999998,0.3,0.25
3811,0.0239753,False,0.3,0.39999999999999997,0.35
3812,0.0239131,False,0.3,0.39999999999999997,0.35
3813,0.0244649,False,1.0,1.0999999999999999,1.0499999999999998
3814,0.022005,False,0.3,0.39999999999999997,0.35
3815,0.0204842,False,0.09999999999999999,0.19999999999999998,0.15
3816,0.0292613,False,0.39999999999999997,0.5,0.44999999999999996
3817,0.0217226,False,0.6,0.7,0.6499999999999999
3818,0.0166245,False,0.0,0.09999999999999999,0.049999999999999996
3819,0.0252798,False,0.6,0.7,0.6499999999999999
3820,0.0288088,False,0.39999999999999997,0.5,0.44999999999999996
3821,0.0200498,True,nan,nan,nan
3822,0.0196274,True,nan,nan,nan
3823,0.0279217,False,0.3,0.39999999999999997,0.35
3824,0.022553,False,0.19999999999999998,0.3,0.25
3825,0.0251641,False,0.39999999999999997,0.5,0.44999999999999996
3826,0.0172785,False,0.09999999999999999,0.19999999999999998,0.15
3827,0.0274181,True,nan,nan,nan
3828,0.0215181,True,nan,nan,nan
3829,0.0186951,False,0.09999999999999999,0.19999999999999998,0.15
3830,0.020468,False,0.19999999999999998,0.3,0.25
3831,0.0227105,False,0.09999999999999999,0.19999999999999998,0.15
3832,0.0273453,False,0.5,0.6,0.55
3833,0.0220073,False,0.09999999999999999,0.19999999999999998,0.15
3834,0.0272529,False,0.39999999999999997,0.5,0.44999999999999996
3835,0.0287867,True,nan,nan,nan
3836,0.0253871,False,0.19999999999999998,0.3,0.25
3837,0.0287034,True,nan,nan,nan
3838,0.028418,False,0.7,0.7999999999999999,0.75
3839,0.0257375,False,0.8999999999999999,1.0,0.95
3840,0.0190264,False,0.19999999999999998,0.3,0.25
3841,0.0217645,False,0.09999999999999999,0.19999999999999998,0.15
3842,0.015256,False,0.0,0.09999999999999999,0.049999999999999996
3843,0.0267921,False,0.19999999999999998,0.3,0.25
3844,0.0240962,True,nan,nan,nan
3845,0.016597,False,0.0,0.09999999999999999,0.049999999999999996
3846,0.0152268,False,0.09999999999999999,0.19999999999999998,0.15
3847,0.0225329,False,0.09999999999999999,0.19999999999999998,0.15
3848,0.0223648,False,1.3,1.4,1.35
3849,0.0162514,False,0.0,0.09999999999999999,0.049999999999999996
3850,0.0255765,False,0.19999999999999998,0.3,0.25
3851,0.0256917,False,0.3,0.39999999999999997,0.35
3852,0.0256962,True,nan,nan,nan
3853,0.0291449,True,nan,nan,nan
3854,0.0178395,True,nan,nan,nan
3855,0.0166369,False,0.19999999999999998,0.3,0.25
3856,0.0177638,True,nan,nan,nan
3857,0.0165667,True,nan,nan,nan
3858,0.0188319,True,nan,nan,nan
3859,0.0245533,True,nan,nan,nan
3860,0.0216642,False,0.09999999999999999,0.19999999999999998,0.15
3861,0.0270034,False,0.5,0.6,0.55
3862,0.0261807,False,0.19999999999999998,0.3,0.25
3863,0.0198446,False,0.39999999999999997,0.5,0.44999999999999996
3864,0.0229217,False,0.3,0.39999999999999997,0.35
3865,0.0165096,False,0.09999999999999999,0.19999999999999998,0.15
3866,0.0263609,False,0.19999999999999998,0.3,0.25
3867,0.0180999,False,0.0,0.09999999999999999,0.049999999999999996
3868,0.0251454,False,0.5,0.6,0.55
3869,0.0262726,False,0.19999999999999998,0.3,0.25
3870,0.016434,False,0.0,0.09999999999999999,0.049999999999999996
3871,0.0289739,False,0.19999999999999998,0.3,0.25
3872,0.0216106,False,0.6,0.7,0.6499999999999999
3873,0.0253187,True,nan,nan,nan
3874,0.0210984,True,nan,nan,nan
3875,0.0266539,False,1.0999999999999999,1.2,1.15
3876,0.0249796,False,0.5,0.6,0.55
3877,0.0295603,False,1.0,1.0999999999999999,1.0499999999999998
3878,0.0185565,False,0.09999999999999999,0.19999999999999998,0.15
3879,0.0189061,False,0.19999999999999998,0.3,0.25
3880,0.0284119,True,nan,nan,nan
3881,0.0169228,True,nan,nan,nan
3882,0.0179189,False,0.0,0.09999999999999999,0.049999999999999996
3883,0.0161933,False,0.09999999999999999,0.19999999999999998,0.15
3884,0.0235998,False,0.19999999999999998,0.3,0.25
3885,0.0200257,True,nan,nan,nan
3886,0.0291373,False,0.19999999999999998,0.3,0.25
3887,0.0234158,False,0.19999999999999998,0.3,0.25
3888,0.026131,False,0.3,0.39999999999999997,0.35
3889,0.0285699,False,0.7999999999999999,0.8999999999999999,0.8499999999999999
3890,0.0183608,True,nan,nan,nan
3891,0.0174914,True,nan,nan,nan
3892,0.0197896,False,0.6,0.7,0.6499999999999999
3893,0.0298379,False,0.3,0.39999999999999997,0.35
3894,0.0179099,False,0.09999999999999999,0.19999999999999998,0.15
3895,0.0268951,True,nan,nan,nan
3896,0.0228463,False,0.39999999999999997,0.5,0.44999999999999996
3897,0.0188871,False,0.09999999999999999,0.19999999999999998,0.15
3898,0.0209278,True,nan,nan,nan
3899,0.0201595,False,0.09999999999999999,0.19999999999999998,0.15
3900,0.0298218,False,0.3,0.39999999999999997,0.35
3901,0.0265958,True,nan,nan,nan
3902,0.0277689,False,0.5,0.6,0.55
3903,0.0217897,False,0.5,0.6,0.55
3904,0.0171136,True,nan,nan,nan
3905,0.0210771,True,nan,nan,nan
3906,0.0254787,False,0.19999999999999998,0.3,0.25
3907,0.0258669,False,0.39999999999999997,0.5,0.44999999999999996
3908,0.0195099,False,0.19999999999999998,0.3,0.25
3909,0.0173754,True,nan,nan,nan
3910,0.029048,True,nan,nan,nan
3911,0.0186245,True,nan,nan,nan
3912,0.0166389,False,0.09999999999999999,0.19999999999999998,0.15
3913,0.019859,False,0.09999999999999999,0.19999999999999998,0.15
3914,0.0218304,False,0.5,0.6,0.55
3915,0.0193406,False,0.09999999999999999,0.19999999999999998,0.15
3916,0.0210853,False,0.39999999999999997,0.5,0.44999999999999996
3917,0.0216775,False,0.6,0.7,0.6499999999999999
3918,0.0285559,True,nan,nan,nan
3919,0.0182059,False,1.7,1.7999999999999998,1.75
3920,0.0238966,False,0.19999999999999998,0.3,0.25
3921,0.0154036,True,nan,nan,nan
3922,0.0262427,False,0.39999999999999997,0.5,0.44999999999999996
3923,0.0219938,True,nan,nan,nan
3924,0.0253872,True,nan,nan,nan
3925,0.0280939,False,0.19999999999999998,0.3,0.25
3926,0.0259353,True,nan,nan,nan
3927,0.0276303,True,nan,nan,nan
3928,0.0192522,False,0.3,0.39999999999999997,0.35
3929,0.0180551,False,0.09999999999999999,0.19999999999999998,0.15
3930,0.0256915,True,nan,nan,nan
3931,0.018673,False,0.19999999999999998,0.3,0.25
3932,0.0244526,True,nan,nan,nan
3933,0.0216461,True,nan,nan,nan
3934,0.0205433,False,0.7999999999999999,0.8999999999999999,0.8499999999999999
3935,0.0219383,False,0.19999999999999998,0.3,0.25
3936,0.0252047,True,nan,nan,nan
3937,0.0155518,True,nan,nan,nan
3938,0.0200712,False,0.3,0.39999999999999997,0.35
3939,0.0180946,True,nan,nan,nan
3940,0.0231849,True,nan,nan,nan
3941,0.0231354,False,1.0999999999999999,1.2,1.15
3942,0.021972,True,nan,nan,nan
3943,0.0223385,True,nan,nan,nan
3944,0.0229324,True,nan,nan,nan
3945,0.0174636,True,nan,nan,nan
3946,0.0272786,False,0.7999999999999999,0.8999999999999999,0.8499999999999999
3947,0.0185866,False,0.09999999999999999,0.19999999999999998,0.15
3948,0.0169805,False,0.0,0.09999999999999999,0.049999999999999996
3949,0.0245915,False,0.5,0.6,0.55
3950,0.0233217,False,0.19999999999999998,0.3,0.25
3951,0.0276605,False,1.2,1.3,1.25
3952,0.0277441,False,1.2,1.3,1.25
3953,0.0213011,True,nan,nan,nan
3954,0.029441,False,0.19999999999999998,0.3,0.25
3955,0.0298206,False,0.5,0.6,0.55
3956,0.0260604,False,0.6,0.7,0.6499999999999999
3957,0.0212708,False,0.09999999999999999,0.19999999999999998,0.15
3958,0.0223267,False,0.19999999999999998,0.3,0.25
3959,0.0162935,True,nan,nan,nan
3960,0.0228193,True,nan,nan,nan
3961,0.0177163,False,0.19999999999999998,0.3,0.25
3962,0.0291971,False,0.3,0.39999999999999997,0.35
3963,0.0215244,False,0.09999999999999999,0.19999999999999998,0.15
3964,0.0279075,True,nan,nan,nan
3965,0.0158334,True,nan,nan,nan
3966,0.0292494,False,0.6,0.7,0.6499999999999999
3967,0.0279261,True,nan,nan,nan
3968,0.0210454,False,0.09999999999999999,0.19999999999999998,0.15
3969,0.0225161,False,0.09999999999999999,0.19999999999999998,0.15
3970,0.0294674,False,0.19999999999999998,0.3,0.25
3971,0.0163884,False,0.0,0.09999999999999999,0.049999999999999996
3972,0.0188754,False,0.09999999999999999,0.19999999999999998,0.15
3973,0.0244866,False,0.3,0.39999999999999997,0.35
3974,0.0183355,False,0.19999999999999998,0.3,0.25
3975,0.0243282,True,nan,nan,nan
3976,0.0243392,True,nan,nan,nan
3977,0.0239742,True,nan,nan,nan
3978,0.0252242,False,0.6,0.7,0.6499999999999999
3979,0.0235078,False,0.7999999999999999,0.8999999999999999,0.8499999999999999
3980,0.0155572,True,nan,nan,nan
3981,0.0217577,False,0.6,0.7,0.6499999999999999
3982,0.0215156,True,nan,nan,nan
3983,0.0199311,False,0.09999999999999999,0.19999999999999998,0.15
3984,0.0216495,False,0.09999999999999999,0.19999999999999998,0.15
3985,0.0173723,False,0.09999999999999999,0.19999999999999998,0.15
3986,0.0186801,True,nan,nan,nan
3987,0.027591,True,nan,nan,nan
3988,0.0263825,True,nan,nan,nan
3989,0.0251322,False,0.19999999999999998,0.3,0.25
3990,0.0183099,False,0.39999999999999997,0.5,0.44999999999999996
3991,0.0188219,False,0.39999999999999997,0.5,0.44999999999999996
3992,0.0207203,False,0.19999999999999998,0.3,0.25
3993,0.0265929,True,nan,nan,nan
3994,0.0215072,True,nan,nan,nan
3995,0.0176919,False,1.0999999999999999,1.2,1.15
3996,0.0224609,False,0.19999999999999998,0.3,0.25
3997,0.0152516,False,0.19999999999999998,0.3,0.25
3998,0.0283639,False,0.3,0.39999999999999997,0.35
3999,0.0285825,False,0.19999999999999998,0.3,0.25
4000,0.02923,True,nan,nan,nan
4001,0.0261284,True,nan,nan,nan
4002,0.0278853,False,0.39999999999999997,0.5,0.44999999999999996
4003,0.0248969,False,0.19999999999999998,0.3,0.25
4004,0.0240014,False,0.09999999999999999,0.19999999999999998,0.15
4005,0.0187836,False,0.09999999999999999,0.19999999999999998,0.15
4006,0.0160069,False,0.7,0.7999999999999999,0.75
4007,0.0237751,False,0.6,0.7,0.6499999999999999
4008,0.0171626,False,0.19999999999999998,0.3,0.25
4009,0.0210084,False,0.3,0.39999999999999997,0.35
4010,0.0278752,False,0.19999999999999998,0.3,0.25
4011,0.019626,False,0.09999999999999999,0.19999999999999998,0.15
4012,0.0269195,False,0.3,0.39999999999999997,0.35
4013,0.0178806,False,0.09999999999999999,0.19999999999999998,0.15
4014,0.0247663,False,0.5,0.6,0.55
4015,0.0297345,True,nan,nan,nan
4016,0.0246787,False,0.19999999999999998,0.3,0.25
4017,0.0291266,False,1.9,2.0,1.95
4018,0.0297773,True,nan,nan,nan
4019,0.0222899,False,0.7,0.7999999999999999,0.75
4020,0.0228376,False,0.5,0.6,0.55
4021,0.0243917,False,0.19999999999999998,0.3,0.25
4022,0.0160764,False,0.0,0.09999999999999999,0.049999999999999996
4023,0.0188955,True,nan,nan,nan
4024,0.0272884,True,nan,nan,nan
4025,0.0197483,False,0.19999999999999998,0.3,0.25
4026,0.0261909,False,0.19999999999999998,0.3,0.25
4027,0.0180264,False,0.09999999999999999,0.19999999999999998,0.15
4028,0.0240186,False,0.19999999999999998,0.3,0.25
4029,0.01792,False,0.0,0.09999999999999999,0.049999999999999996
4030,0.0178281,False,0.7,0.7999999999999999,0.75
4031,0.0254134,False,0.5,0.6,0.55
4032,0.0269607,True,nan,nan,nan
4033,0.0159847,True,nan,nan,nan
4034,0.016512,False,0.09999999999999999,0.19999999999999998,0.15
4035,0.0279871,False,0.6,0.7,0.6499999999999999
4036,0.0272365,True,nan,nan,nan
4037,0.0259822,False,0.39999999999999997,0.5,0.44999999999999996
4038,0.029197,False,1.0,1.0999999999999999,1.0499999999999998
4039,0.0199065,False,0.39999999999999997,0.5,0.44999999999999996
4040,0.0245055,True,nan,nan,nan
4041,0.0260396,True,nan,nan,nan
4042,0.0216044,False,0.19999999999999998,0.3,0.25
4043,0.0208133,False,0.09999999999999999,0.19999999999999998,0.15
4044,0.0221132,False,0.19999999999999998,0.3,0.25
4045,0.0210088,False,0.19999999999999998,0.3,0.25
4046,0.0268278,True,nan,nan,nan
4047,0.0220494,False,0.09999999999999999,0.19999999999999998,0.15
4048,0.0255948,True,nan,nan,nan
4049,0.0201307,True,nan,nan,nan
4050,0.0175429,False,0.09999999999999999,0.19999999999999998,0.15
4051,0.0265247,False,1.0,1.0999999999999999,1.0499999999999998
4052,0.0168454,False,0.5,0.6,0.55
4053,0.0285839,True,nan,nan,nan
4054,0.0208805,True,nan,nan,nan
4055,0.0260901,False,0.3,0.39999999999999997,0.35
4056,0.0238351,False,0.7,0.7999999999999999,0.75
4057,0.0242727,True,nan,nan,nan
4058,0.0191996,False,0.09999999999999999,0.19999999999999998,0.15
4059,0.0203796,False,0.09999999999999999,0.19999999999999998,0.15
4060,0.0238935,False,0.19999999999999998,0.3,0.25
4061,0.0163067,True,nan,nan,nan
4062,0.0236495,False,0.3,0.39999999999999997,0.35
4063,0.016293,False,0.0,0.09999999999999999,0.049999999999999996
4064,0.0167277,True,nan,nan,nan
4065,0.0234673,False,0.39999999999999997,0.5,0.44999999999999996
4066,0.0172918,False,0.0,0.09999999999999999,0.049999999999999996
4067,0.0222015,True,nan,nan,nan
4068,0.016042,True,nan,nan,nan
4069,0.0275989,True,nan,nan,nan
4070,0.0179561,False,0.5,0.6,0.55
4071,0.020075,True,nan,nan,nan
4072,0.0154794,False,0.09999999999999999,0.19999999999999998,0.15
4073,0.0178954,False,0.3,0.39999999999999997,0.35
4074,0.0176668,False,0.0,0.09999999999999999,0.049999999999999996
4075,0.0220071,False,0.5,0.6,0.55
4076,0.0171851,True,nan,nan,nan
4077,0.0222633,True,nan,nan,nan
4078,0.018804,True,nan,nan,nan
4079,0.0167705,True,nan,nan,nan
4080,0.0220906,True,nan,nan,nan
4081,0.0283702,False,0.19999999999999998,0.3,0.25
4082,0.021338,False,0.39999999999999997,0.5,0.44999999999999996
4083,0.0290071,True,nan,nan,nan
4084,0.0237631,False,0.6,0.7,0.6499999999999999
4085,0.024477,False,0.09999999999999999,0.19999999999999998,0.15
4086,0.0229205,False,0.19999999999999998,0.3,0.25
4087,0.015906,True,nan,nan,nan
4088,0.0200288,False,0.09999999999999999,0.19999999999999998,0.15
4089,0.0209649,False,0.19999999999999998,0.3,0.25
4090,0.0274101,False,0.6,0.7,0.6499999999999999
4091,0.0164302,False,0.0,0.09999999999999999,0.049999999999999996
4092,0.0266567,True,nan,nan,nan
4093,0.0206429,False,0.39999999999999997,0.5,0.44999999999999996
4094,0.0191092,True,nan,nan,nan
4095,0.0264619,True,nan,nan,nan
4096,0.0156971,True,nan,nan,nan
4097,0.0265163,True,nan,nan,nan
4098,0.0223659,False,0.09999999999999999,0.19999999999999998,0.15
4099,0.0248254,False,0.5,0.6,0.55
4100,0.027088,True,nan,nan,nan
4101,0.0235606,False,0.19999999999999998,0.3,0.25
4102,0.0184208,False,0.09999999999999999,0.19999999999999998,0.15
4103,0.0222746,False,1.2,1.3,1.25
4104,0.0273309,False,0.39999999999999997,0.5,0.44999999999999996
4105,0.0182479,False,0.09999999999999999,0.19999999999999998,0.15
4106,0.0164219,False,0.0,0.09999999999999999,0.049999999999999996
4107,0.0234294,False,0.39999999999999997,0.5,0.44999999999999996
4108,0.0264551,True,nan,nan,nan
4109,0.026907,True,nan,nan,nan
4110,0.0213433,False,0.09999999999999999,0.19999999999999998,0.15
4111,0.0172236,True,nan,nan,nan
4112,0.0202085,False,0.19999999999999998,0.3,0.25
4113,0.028065,False,0.39999999999999997,0.5,0.44999999999999996
4114,0.016215,True,nan,nan,nan
4115,0.0215865,False,0.09999999999999999,0.19999999999999998,0.15
4116,0.0158828,False,0.3,0.39999999999999997,0.35
4117,0.0239016,True,nan,nan,nan
4118,0.019723,False,0.09999999999999999,0.19999999999999998,0.15
4119,0.0230551,True,nan,nan,nan
4120,0.0165628,True,nan,nan,nan
4121,0.0235835,False,0.3,0.39999999999999997,0.35
4122,0.0190384,False,0.09999999999999999,0.19999999999999998,0.15
4123,0.0271862,False,0.39999999999999997,0.5,0.44999999999999996
4124,0.0156293,True,nan,nan,nan
4125,0.0275735,False,0.19999999999999998,0.3,0.25
4126,0.0159319,True,nan,nan,nan
4127,0.0233777,False,0.09999999999999999,0.19999999999999998,0.15
4128,0.019431,False,0.19999999999999998,0.3,0.25
4129,0.0218912,True,nan,nan,nan
4130,0.0292608,False,0.3,0.39999999999999997,0.35
4131,0.0293968,True,nan,nan,nan
4132,0.0281204,True,nan,nan,nan
4133,0.0291897,False,1.7,1.7999999999999998,1.75
4134,0.0212536,True,nan,nan,nan
4135,0.0200947,False,0.5,0.6,0.55
4136,0.0228431,False,1.3,1.4,1.35
4137,0.023592,False,0.09999999999999999,0.19999999999999998,0.15
4138,0.0207508,False,0.19999999999999998,0.3,0.25
4139,0.0173044,True,nan,nan,nan
4140,0.0182901,False,0.19999999999999998,0.3,0.25
4141,0.0298333,False,2.8,2.9,2.8499999999999996
4142,0.0182935,False,0.19999999999999998,0.3,0.25
4143,0.0198612,False,0.3,0.39999999999999997,0.35
4144,0.0220561,True,nan,nan,nan
4145,0.0259201,False,0.3,0.39999999999999997,0.35
4146,0.0237259,True,nan,nan,nan
4147,0.0256304,False,0.19999999999999998,0.3,0.25
4148,0.019869,False,0.09999999999999999,0.19999999999999998,0.15
4149,0.025156,False,0.19999999999999998,0.3,0.25
4150,0.0274662,True,nan,nan,nan
4151,0.0254955,False,0.3,0.39999999999999997,0.35
4152,0.0197759,True,nan,nan,nan
4153,0.0200927,True,nan,nan,nan
4154,0.019512,False,0.09999999999999999,0.19999999999999998,0.15
4155,0.0280793,True,nan,nan,nan
4156,0.0250377,True,nan,nan,nan
4157,0.0161222,False,0.09999999999999999,0.19999999999999998,0.15
4158,0.0200498,True,nan,nan,nan
4159,0.0238008,False,0.3,0.39999999999999997,0.35
4160,0.0157863,False,0.0,0.09999999999999999,0.049999999999999996
4161,0.0298694,False,0.8999999999999999,1.0,0.95
4162,0.0272305,False,0.5,0.6,0.55
4163,0.0278826,False,0.8999999999999999,1.0,0.95
4164,0.0280168,False,0.6,0.7,0.6499999999999999
4165,0.0183081,True,nan,nan,nan
4166,0.0268793,False,0.7,0.7999999999999999,0.75
4167,0.0177054,False,1.9,2.0,1.95
4168,0.0174859,False,0.09999999999999999,0.19999999999999998,0.15
4169,0.0201414,False,0.3,0.39999999999999997,0.35
4170,0.0285302,False,0.19999999999999998,0.3,0.25
4171,0.0294902,False,1.4,1.5,1.45
4172,0.0176466,False,0.39999999999999997,0.5,0.44999999999999996
4173,0.0250031,True,nan,nan,nan
4174,0.0169881,True,nan,nan,nan
4175,0.021427,True,nan,nan,nan
4176,0.0273045,True,nan,nan,nan
4177,0.0192863,True,nan,nan,nan
4178,0.0294067,False,0.8999999999999999,1.0,0.95
4179,0.0187808,False,0.09999999999999999,0.19999999999999998,0.15
4180,0.0260853,False,0.7,0.7999999999999999,0.75
4181,0.0277678,True,nan,nan,nan
4182,0.0212032,False,0.19999999999999998,0.3,0.25
4183,0.0185904,False,0.09999999999999999,0.19999999999999998,0.15
4184,0.021931,True,nan,nan,nan
4185,0.0226023,False,0.09999999999999999,0.19999999999999998,0.15
4186,0.0271805,False,0.19999999999999998,0.3,0.25
4187,0.0211277,True,nan,nan,nan
4188,0.0157545,True,nan,nan,nan
4189,0.0201688,False,0.09999999999999999,0.19999999999999998,0.15
4190,0.0280792,True,nan,nan,nan
4191,0.023827,True,nan,nan,nan
4192,0.0264959,False,0.19999999999999998,0.3,0.25
4193,0.0216009,False,0.19999999999999998,0.3,0.25
4194,0.021083,False,0.7999999999999999,0.8999999999999999,0.8499999999999999
4195,0.0218717,False,1.0,1.0999999999999999,1.0499999999999998
4196,0.0181508,False,0.09999999999999999,0.19999999999999998,0.15
4197,0.0228205,False,0.19999999999999998,0.3,0.25
4198,0.022547,False,0.3,0.39999999999999997,0.35
4199,0.0231617,False,0.39999999999999997,0.5,0.44999999999999996
4200,0.0284537,False,1.2,1.3,1.25
4201,0.0271312,True,nan,nan,nan
4202,0.0166187,True,nan,nan,nan
4203,0.0243118,True,nan,nan,nan
4204,0.0195757,False,0.39999999999999997,0.5,0.44999999999999996
4205,0.0285685,True,nan,nan,nan
4206,0.0197174,False,0.09999999999999999,0.19999999999999998,0.15
4207,0.0166822,False,0.09999999999999999,0.19999999999999998,0.15
4208,0.0281345,False,0.19999999999999998,0.3,0.25
4209,0.0174342,False,0.0,0.09999999999999999,0.049999999999999996
4210,0.0240379,False,0.7,0.7999999999999999,0.75
4211,0.0162337,True,nan,nan,nan
4212,0.0297378,True,nan,nan,nan
4213,0.0181676,False,0.09999999999999999,0.19999999999999998,0.15
4214,0.0280882,False,0.19999999999999998,0.3,0.25
4215,0.0226642,False,1.0999999999999999,1.2,1.15
4216,0.0268072,True,nan,nan,nan
4217,0.016839,False,0.0,0.09999999999999999,0.049999999999999996
4218,0.016719,True,nan,nan,nan
4219,0.0247747,False,0.19999999999999998,0.3,0.25
4220,0.0200966,False,0.5,0.6,0.55
4221,0.0226366,True,nan,nan,nan
4222,0.0178265,False,0.0,0.09999999999999999,0.049999999999999996
4223,0.0184245,False,0.09999999999999999,0.19999999999999998,0.15
4224,0.0200771,False,0.19999999999999998,0.3,0.25
4225,0.0250132,False,0.7,0.7999999999999999,0.75
4226,0.0264943,True,nan,nan,nan
4227,0.0297541,False,0.39999999999999997,0.5,0.44999999999999996
4228,0.0152214,False,0.0,0.09999999999999999,0.049999999999999996
4229,0.0204975,False,0.19999999999999998,0.3,0.25
4230,0.0154295,False,0.0,0.09999999999999999,0.049999999999999996
4231,0.0175623,False,0.09999999999999999,0.19999999999999998,0.15
4232,0.026259,False,0.19999999999999998,0.3,0.25
4233,0.0176974,False,0.09999999999999999,0.19999999999999998,0.15
4234,0.0175314,True,nan,nan,nan
4235,0.0223303,False,0.09999999999999999,0.19999999999999998,0.15
4236,0.0276467,False,1.4,1.5,1.45
4237,0.0267077,False,0.8999999999999999,1.0,0.95
4238,0.0157794,False,0.3,0.39999999999999997,0.35
4239,0.0227069,False,0.39999999999999997,0.5,0.44999999999999996
4240,0.0192724,False,0.09999999999999999,0.19999999999999998,0.15
4241,0.0287574,False,0.5,0.6,0.55
4242,0.0208929,False,0.09999999999999999,0.19999999999999998,0.15
4243,0.0203492,False,0.39999999999999997,0.5,0.44999999999999996
4244,0.022773,False,0.09999999999999999,0.19999999999999998,0.15
4245,0.0152902,False,0.0,0.09999999999999999,0.049999999999999996
4246,0.0223093,True,nan,nan,nan
4247,0.0288613,True,nan,nan,nan
4248,0.0292111,False,1.0,1.0999999999999999,1.0499999999999998
4249,0.0173712,False,0.0,0.09999999999999999,0.049999999999999996
4250,0.0169139,True,nan,nan,nan
4251,0.0244678,True,nan,nan,nan
4252,0.0219726,False,0.09999999999999999,0.19999999999999998,0.15
4253,0.0245424,False,0.39999999999999997,0.5,0.44999999999999996
4254,0.0251309,False,0.7999999999999999,0.8999999999999999,0.8499999999999999
4255,0.0243395,True,nan,nan,nan
4256,0.0209829,True,nan,nan,nan
4257,0.019884,False,0.39999999999999997,0.5,0.44999999999999996
4258,0.0151556,False,0.19999999999999998,0.3,0.25
4259,0.0220682,True,nan,nan,nan
4260,0.0154586,False,0.0,0.09999999999999999,0.049999999999999996
4261,0.0202837,True,nan,nan,nan
4262,0.0178089,True,nan,nan,nan
4263,0.0279917,False,0.7,0.7999999999999999,0.75
4264,0.0275024,False,0.3,0.39999999999999997,0.35
4265,0.0190045,True,nan,nan,nan
4266,0.0187258,False,0.0,0.09999999999999999,0.049999999999999996
4267,0.0158032,False,0.3,0.39999999999999997,0.35
4268,0.0156892,True,nan,nan,nan
4269,0.0278979,True,nan,nan,nan
4270,0.0209329,False,0.19999999999999998,0.3,0.25
4271,0.0258282,False,0.5,0.6,0.55
4272,0.0187614,False,0.0,0.09999999999999999,0.049999999999999996
4273,0.0183966,True,nan,nan,nan
4274,0.0274563,True,nan,nan,nan
4275,0.0228834,False,0.09999999999999999,0.19999999999999998,0.15
4276,0.0164621,False,0.7999999999999999,0.8999999999999999,0.8499999999999999
4277,0.0215155,True,nan,nan,nan
4278,0.0172697,False,0.09999999999999999,0.19999999999999998,0.15
4279,0.0186612,False,0.19999999999999998,0.3,0.25
4280,0.025683,False,0.3,0.39999999999999997,0.35
4281,0.0251425,True,nan,nan,nan
4282,0.0225883,False,0.3,0.39999999999999997,0.35
4283,0.0202416,True,nan,nan,nan
4284,0.0291613,True,nan,nan,nan
4285,0.0157866,False,0.0,0.09999999999999999,0.049999999999999996
4286,0.0253982,True,nan,nan,nan
4287,0.0154168,True,nan,nan,nan
4288,0.0174372,False,0.19999999999999998,0.3,0.25
4289,0.0192323,True,nan,nan,nan
4290,0.0275999,False,0.19999999999999998,0.3,0.25
4291,0.0214555,True,nan,nan,nan
4292,0.0283585,False,1.3,1.4,1.35
4293,0.0217875,False,0.39999999999999997,0.5,0.44999999999999996
4294,0.0248268,False,0.19999999999999998,0.3,0.25
4295,0.0174829,False,0.09999999999999999,0.19999999999999998,0.15
4296,0.0283045,False,0.7,0.7999999999999999,0.75
4297,0.026869,True,nan,nan,nan
4298,0.0217511,False,1.4,1.5,1.45
4299,0.0268613,True,nan,nan,nan
4300,0.0207512,False,0.19999999999999998,0.3,0.25
4301,0.0299051,False,0.39999999999999997,0.5,0.44999999999999996
4302,0.0183937,False,0.19999999999999998,0.3,0.25
4303,0.0172081,False,0.0,0.09999999999999999,0.049999999999999996
4304,0.0267429,False,0.19999999999999998,0.3,0.25
4305,0.0158319,False,0.3,0.39999999999999997,0.35
4306,0.0291471,True,nan,nan,nan
4307,0.0164838,True,nan,nan,nan
4308,0.0187393,True,nan,nan,nan
4309,0.0223756,False,0.7,0.7999999999999999,0.75
4310,0.018119,True,nan,nan,nan
4311,0.020713,False,0.09999999999999999,0.19999999999999998,0.15
4312,0.0299112,False,0.3,0.39999999999999997,0.35
4313,0.018187,False,0.09999999999999999,0.19999999999999998,0.15
4314,0.0295715,False,0.39999999999999997,0.5,0.44999999999999996
4315,0.0245009,False,0.09999999999999999,0.19999999999999998,0.15
4316,0.0258197,True,nan,nan,nan
4317,0.0284477,True,nan,nan,nan
4318,0.0182916,True,nan,nan,nan
4319,0.026173,True,nan,nan,nan
4320,0.0271696,True,nan,nan,nan
4321,0.0168605,False,0.3,0.39999999999999997,0.35
4322,0.0215032,True,nan,nan,nan
4323,0.0282975,True,nan,nan,nan
4324,0.0154925,False,0.0,0.09999999999999999,0.049999999999999996
4325,0.0156195,False,0.09999999999999999,0.19999999999999998,0.15
4326,0.0227743,True,nan,nan,nan
4327,0.0287013,False,0.6,0.7,0.6499999999999999
4328,0.0289642,False,0.5,0.6,0.55
4329,0.021146,True,nan,nan,nan
4330,0.0251857,True,nan,nan,nan
4331,0.0270244,True,nan,nan,nan
4332,0.0151102,False,0.09999999999999999,0.19999999999999998,0.15
4333,0.0175718,True,nan,nan,nan
4334,0.0270755,True,nan,nan,nan
4335,0.0245862,False,0.7,0.7999999999999999,0.75
4336,0.0162281,True,nan,nan,nan
4337,0.028718,False,0.6,0.7,0.6499999999999999
4338,0.0195934,False,0.19999999999999998,0.3,0.25
4339,0.0170311,False,0.09999999999999999,0.19999999999999998,0.15
4340,0.0162954,False,0.0,0.09999999999999999,0.049999999999999996
4341,0.0175283,False,0.09999999999999999,0.19999999999999998,0.15
4342,0.0228518,False,0.09999999999999999,0.19999999999999998,0.15
4343,0.0185035,False,0.19999999999999998,0.3,0.25
4344,0.016142,True,nan,nan,nan
4345,0.0245906,True,nan,nan,nan
4346,0.0200463,False,0.39999999999999997,0.5,0.44999999999999996
4347,0.0286499,True,nan,nan,nan
4348,0.0273213,True,nan,nan,nan
4349,0.0285875,True,nan,nan,nan
4350,0.0262866,False,0.19999999999999998,0.3,0.25
4351,0.0273443,False,0.5,0.6,0.55
4352,0.0282471,False,0.3,0.39999999999999997,0.35
4353,0.0222643,False,0.09999999999999999,0.19999999999999998,0.15
4354,0.0157965,False,0.19999999999999998,0.3,0.25
4355,0.0295261,True,nan,nan,nan
4356,0.0174606,True,nan,nan,nan
4357,0.0195361,False,0.3,0.39999999999999997,0.35
4358,0.0229599,False,0.39999999999999997,0.5,0.44999999999999996
4359,0.0256857,True,nan,nan,nan
4360,0.0289746,False,0.39999999999999997,0.5,0.44999999999999996
4361,0.0242558,True,nan,nan,nan
4362,0.0179532,True,nan,nan,nan
4363,0.0234626,True,nan,nan,nan
4364,0.0293717,True,nan,nan,nan
4365,0.0203379,False,0.39999999999999997,0.5,0.44999999999999996
4366,0.0261857,False,0.6,0.7,0.6499999999999999
4367,0.0161278,False,0.0,0.09999999999999999,0.049999999999999996
4368,0.0170722,False,0.09999999999999999,0.19999999999999998,0.15
4369,0.0247875,False,0.09999999999999999,0.19999999999999998,0.15
4370,0.0219581,True,nan,nan,nan
4371,0.027653,True,nan,nan,nan
4372,0.023989,False,0.09999999999999999,0.19999999999999998,0.15
4373,0.0216629,False,0.09999999999999999,0.19999999999999998,0.15
4374,0.0298847,True,nan,nan,nan
4375,0.0217491,False,0.19999999999999998,0.3,0.25
4376,0.015287,False,0.09999999999999999,0.19999999999999998,0.15
4377,0.0275541,False,0.3,0.39999999999999997,0.35
4378,0.024214,True,nan,nan,nan
4379,0.0295549,False,0.39999999999999997,0.5,0.44999999999999996
4380,0.025199,True,nan,nan,nan
4381,0.0205973,False,0.39999999999999997,0.5,0.44999999999999996
4382,0.0197684,False,0.09999999999999999,0.19999999999999998,0.15
4383,0.0226881,False,0.09999999999999999,0.19999999999999998,0.15
4384,0.0284891,False,1.2,1.3,1.25
4385,0.0227119,True,nan,nan,nan
4386,0.0213599,False,0.5,0.6,0.55
4387,0.0223086,False,0.7,0.7999999999999999,0.75
4388,0.0179262,False,0.09999999999999999,0.19999999999999998,0.15
4389,0.0153057,False,0.0,0.09999999999999999,0.049999999999999996
4390,0.018478,True,nan,nan,nan
4391,0.0197437,False,0.09999999999999999,0.19999999999999998,0.15
4392,0.0161592,False,0.09999999999999999,0.19999999999999998,0.15
4393,0.0181058,True,nan,nan,nan
4394,0.0230238,False,0.3,0.39999999999999997,0.35
4395,0.0173186,True,nan,nan,nan
4396,0.0220605,False,0.7,0.7999999999999999,0.75
4397,0.0193343,False,0.09999999999999999,0.19999999999999998,0.15
4398,0.0230672,True,nan,nan,nan
4399,0.0245131,False,0.19999999999999998,0.3,0.25
4400,0.0261281,True,nan,nan,nan
4401,0.0260867,False,1.0,1.0999999999999999,1.0499999999999998
4402,0.0250878,False,0.5,0.6,0.55
4403,0.0221252,False,0.5,0.6,0.55
4404,0.0279495,False,0.39999999999999997,0.5,0.44999999999999996
4405,0.0195127,True,nan,nan,nan
4406,0.0192644,False,0.09999999999999999,0.19999999999999998,0.15
4407,0.024874,False,0.7,0.7999999999999999,0.75
4408,0.0230038,False,0.39999999999999997,0.5,0.44999999999999996
4409,0.015361,False,0.19999999999999998,0.3,0.25
4410,0.0290419,True,nan,nan,nan
4411,0.0237256,False,0.19999999999999998,0.3,0.25
4412,0.0153879,False,0.0,0.09999999999999999,0.049999999999999996
4413,0.0204589,False,0.09999999999999999,0.19999999999999998,0.15
4414,0.0185829,False,0.5,0.6,0.55
4415,0.0151181,True,nan,nan,nan
4416,0.0161386,False,0.19999999999999998,0.3,0.25
4417,0.0188983,True,nan,nan,nan
4418,0.0229421,False,0.39999999999999997,0.5,0.44999999999999996
4419,0.0166458,False,0.09999999999999999,0.19999999999999998,0.15
4420,0.0155756,False,0.09999999999999999,0.19999999999999998,0.15
4421,0.0218604,True,nan,nan,nan
4422,0.0298084,True,nan,nan,nan
4423,0.0296077,False,0.3,0.39999999999999997,0.35
4424,0.0290213,False,0.3,0.39999999999999997,0.35
4425,0.0219687,False,0.09999999999999999,0.19999999999999998,0.15
4426,0.0297315,True,nan,nan,nan
4427,0.0262302,False,1.7999999999999998,1.9,1.8499999999999999
4428,0.020043,False,0.19999999999999998,0.3,0.25
4429,0.0161379,False,0.09999999999999999,0.19999999999999998,0.15
4430,0.0260578,True,nan,nan,nan
4431,0.015198,False,0.09999999999999999,0.19999999999999998,0.15
4432,0.016524,False,0.0,0.09999999999999999,0.049999999999999996
4433,0.0154926,True,nan,nan,nan
4434,0.0279666,False,0.19999999999999998,0.3,0.25
4435,0.0202111,True,nan,nan,nan
4436,0.0232408,False,0.7999999999999999,0.8999999999999999,0.8499999999999999
4437,0.0204624,False,0.09999999999999999,0.19999999999999998,0.15
4438,0.0223253,False,0.09999999999999999,0.19999999999999998,0.15
4439,0.0264409,False,0.5,0.6,0.55
4440,0.0276301,False,0.39999999999999997,0.5,0.44999999999999996
4441,0.0232269,True,nan,nan,nan
4442,0.0177916,False,0.7,0.7999999999999999,0.75
4443,0.0226326,False,0.09999999999999999,0.19999999999999998,0.15
4444,0.0203014,False,0.09999999999999999,0.19999999999999998,0.15
4445,0.0266852,False,0.19999999999999998,0.3,0.25
4446,0.023497,False,0.09999999999999999,0.19999999999999998,0.15
4447,0.0206221,True,nan,nan,nan
4448,0.0285678,False,1.5,1.5999999999999999,1.5499999999999998
4449,0.0205849,True,nan,nan,nan
4450,0.0262575,False,0.39999999999999997,0.5,0.44999999999999996
4451,0.0229693,False,0.09999999999999999,0.19999999999999998,0.15
4452,0.0203215,True,nan,nan,nan
4453,0.0279846,True,nan,nan,nan
4454,0.0266952,False,0.19999999999999998,0.3,0.25
4455,0.0297305,False,0.6,0.7,0.6499999999999999
4456,0.0164405,False,0.0,0.09999999999999999,0.049999999999999996
4457,0.0207617,True,nan,nan,nan
4458,0.0156501,True,nan,nan,nan
4459,0.019156,True,nan,nan,nan
4460,0.0204358,False,0.5,0.6,0.55
4461,0.0166442,False,0.09999999999999999,0.19999999999999998,0.15
4462,0.0210962,False,0.19999999999999998,0.3,0.25
4463,0.0259951,True,nan,nan,nan
4464,0.0298729,False,0.3,0.39999999999999997,0.35
4465,0.029153,False,0.6,0.7,0.6499999999999999
4466,0.0181677,True,nan,nan,nan
4467,0.022727,False,0.09999999999999999,0.19999999999999998,0.15
4468,0.0183057,True,nan,nan,nan
4469,0.0241701,True,nan,nan,nan
4470,0.0279869,False,0.19999999999999998,0.3,0.25
4471,0.0265286,False,0.7999999999999999,0.8999999999999999,0.8499999999999999
4472,0.0255037,True,nan,nan,nan
4473,0.0272405,True,nan,nan,nan
4474,0.0186075,True,nan,nan,nan
4475,0.0222283,True,nan,nan,nan
4476,0.0162755,True,nan,nan,nan
4477,0.0221289,False,0.09999999999999999,0.19999999999999998,0.15
4478,0.0222791,True,nan,nan,nan
4479,0.0238959,False,0.7,0.7999999999999999,0.75
4480,0.0268106,False,1.5,1.5999999999999999,1.5499999999999998
4481,0.0158598,False,0.09999999999999999,0.19999999999999998,0.15
4482,0.0165842,True,nan,nan,nan
4483,0.0244988,False,0.09999999999999999,0.19999999999999998,0.15
4484,0.0250732,False,0.19999999999999998,0.3,0.25
4485,0.0222109,False,0.09999999999999999,0.19999999999999998,0.15
4486,0.0274248,False,0.5,0.6,0.55
4487,0.0275747,False,0.5,0.6,0.55
4488,0.0252293,False,0.5,0.6,0.55
4489,0.0153567,False,0.19999999999999998,0.3,0.25
4490,0.0190018,True,nan,nan,nan
4491,0.0193262,True,nan,nan,nan
4492,0.0189422,False,0.19999999999999998,0.3,0.25
4493,0.0245853,False,0.19999999999999998,0.3,0.25
4494,0.0172217,False,0.39999999999999997,0.5,0.44999999999999996
4495,0.016305,False,0.09999999999999999,0.19999999999999998,0.15
4496,0.0174548,True,nan,nan,nan
4497,0.0280223,False,1.5999999999999999,1.7,1.65
4498,0.0171777,False,0.0,0.09999999999999999,0.049999999999999996
4499,0.0210397,False,1.4,1.5,1.45
4500,0.0298173,True,nan,nan,nan
4501,0.0299061,False,0.19999999999999998,0.3,0.25
4502,0.0217235,False,0.19999999999999998,0.3,0.25
4503,0.0297518,False,0.6,0.7,0.6499999999999999
4504,0.017273,True,nan,nan,nan
4505,0.0219341,False,0.09999999999999999,0.19999999999999998,0.15
4506,0.0278208,True,nan,nan,nan
4507,0.0225383,False,0.19999999999999998,0.3,0.25
4508,0.0198897,False,0.6,0.7,0.6499999999999999
4509,0.0248247,False,0.09999999999999999,0.19999999999999998,0.15
4510,0.0245125,True,nan,nan,nan
4511,0.01709,False,0.0,0.09999999999999999,0.049999999999999996
4512,0.0277484,False,0.5,0.6,0.55
4513,0.0205218,False,0.3,0.39999999999999997,0.35
4514,0.0297888,False,0.3,0.39999999999999997,0.35
4515,0.0272626,True,nan,nan,nan
4516,0.0291107,True,nan,nan,nan
4517,0.0214117,False,0.09999999999999999,0.19999999999999998,0.15
4518,0.0209591,True,nan,nan,nan
4519,0.020472,False,0.09999999999999999,0.19999999999999998,0.15
4520,0.017899,True,nan,nan,nan
4521,0.0234213,False,0.39999999999999997,0.5,0.44999999999999996
4522,0.0249375,False,0.39999999999999997,0.5,0.44999999999999996
4523,0.0262382,True,nan,nan,nan
4524,0.0223599,False,0.39999999999999997,0.5,0.44999999999999996
4525,0.0197743,True,nan,nan,nan
4526,0.0203605,False,0.7,0.7999999999999999,0.75
4527,0.0163624,False,0.0,0.09999999999999999,0.049999999999999996
4528,0.022816,False,0.19999999999999998,0.3,0.25
4529,0.0245097,False,0.19999999999999998,0.3,0.25
4530,0.0255791,False,0.3,0.39999999999999997,0.35
4531,0.0273417,False,1.3,1.4,1.35
4532,0.0225976,False,0.3,0.39999999999999997,0.35
4533,0.0281577,True,nan,nan,nan
4534,0.0234573,True,nan,nan,nan
4535,0.0203463,False,0.19999999999999998,0.3,0.25
4536,0.0233194,True,nan,nan,nan
4537,0.0180135,False,0.6,0.7,0.6499999999999999
4538,0.0247693,True,nan,nan,nan
4539,0.0289639,False,0.3,0.39999999999999997,0.35
4540,0.0255855,True,nan,nan,nan
4541,0.0162962,False,0.09999999999999999,0.19999999999999998,0.15
4542,0.0203997,True,nan,nan,nan
4543,0.0261291,False,0.3,0.39999999999999997,0.35
4544,0.0258151,False,0.5,0.6,0.55
4545,0.0245217,True,nan,nan,nan
4546,0.0215023,True,nan,nan,nan
4547,0.0177697,True,nan,nan,nan
4548,0.0195024,False,0.7,0.7999999999999999,0.75
4549,0.017118,True,nan,nan,nan
4550,0.0155942,True,nan,nan,nan
4551,0.0249314,False,0.19999999999999998,0.3,0.25
4552,0.0180803,True,nan,nan,nan
4553,0.0165295,True,nan,nan,nan
4554,0.0277153,True,nan,nan,nan
4555,0.0247206,True,nan,nan,nan
4556,0.0254093,False,0.7,0.7999999999999999,0.75
4557,0.0262859,False,0.19999999999999998,0.3,0.25
4558,0.0238635,False,0.39999999999999997,0.5,0.44999999999999996
4559,0.0296275,False,0.3,0.39999999999999997,0.35
4560,0.0260964,False,0.39999999999999997,0.5,0.44999999999999996
4561,0.0234348,True,nan,nan,nan
4562,0.02298,False,0.19999999999999998,0.3,0.25
4563,0.0208513,False,0.09999999999999999,0.19999999999999998,0.15
4564,0.0240944,False,0.19999999999999998,0.3,0.25
4565,0.0233099,False,0.8999999999999999,1.0,0.95
4566,0.020003,True,nan,nan,nan
4567,0.0183207,False,0.0,0.09999999999999999,0.049999999999999996
4568,0.0163635,True,nan,nan,nan
4569,0.0158587,False,0.19999999999999998,0.3,0.25
4570,0.0299174,True,nan,nan,nan
4571,0.0262326,True,nan,nan,nan
4572,0.0266814,False,0.3,0.39999999999999997,0.35
4573,0.0285195,True,nan,nan,nan
4574,0.0175077,True,nan,nan,nan
4575,0.0270321,False,0.7,0.7999999999999999,0.75
4576,0.0154327,False,0.19999999999999998,0.3,0.25
4577,0.0237502,False,0.5,0.6,0.55
4578,0.0227836,False,0.6,0.7,0.6499999999999999
4579,0.0235125,False,0.39999999999999997,0.5,0.44999999999999996
4580,0.0290259,False,0.39999999999999997,0.5,0.44999999999999996
4581,0.0190191,True,nan,nan,nan
4582,0.0216324,False,0.7,0.7999999999999999,0.75
4583,0.0268734,False,0.19999999999999998,0.3,0.25
4584,0.0241136,True,nan,nan,nan
4585,0.0209399,False,1.5,1.5999999999999999,1.5499999999999998
4586,0.016723,False,0.5,0.6,0.55
4587,0.0276475,True,nan,nan,nan
4588,0.0188052,False,0.09999999999999999,0.19999999999999998,0.15
4589,0.0182095,True,nan,nan,nan
4590,0.0214446,False,0.09999999999999999,0.19999999999999998,0.15
4591,0.02594,False,0.19999999999999998,0.3,0.25
4592,0.0278186,False,0.39999999999999997,0.5,0.44999999999999996
4593,0.0154641,True,nan,nan,nan
4594,0.0296439,False,0.19999999999999998,0.3,0.25
4595,0.0244191,False,0.09999999999999999,0.19999999999999998,0.15
4596,0.0198116,False,0.3,0.39999999999999997,0.35
4597,0.0250165,True,nan,nan,nan
4598,0.0270675,False,1.0,1.0999999999999999,1.0499999999999998
4599,0.0247986,False,1.0,1.0999999999999999,1.0499999999999998
4600,0.0238638,False,0.19999999999999998,0.3,0.25
4601,0.0150822,False,0.0,0.09999999999999999,0.049999999999999996
4602,0.0232233,False,0.6,0.7,0.6499999999999999
4603,0.0276602,False,0.39999999999999997,0.5,0.44999999999999996
4604,0.0223105,False,0.09999999999999999,0.19999999999999998,0.15
4605,0.0198639,False,0.19999999999999998,0.3,0.25
4606,0.0274683,True,nan,nan,nan
4607,0.0279445,False,0.5,0.6,0.55
4608,0.0215684,True,nan,nan,nan
4609,0.0154405,True,nan,nan,nan
4610,0.0156051,False,0.09999999999999999,0.19999999999999998,0.15
4611,0.0181433,False,0.09999999999999999,0.19999999999999998,0.15
4612,0.0203982,False,0.19999999999999998,0.3,0.25
4613,0.0264001,True,nan,nan,nan
4614,0.027165,True,nan,nan,nan
4615,0.0266745,False,0.19999999999999998,0.3,0.25
4616,0.0194786,False,0.09999999999999999,0.19999999999999998,0.15
4617,0.0193977,True,nan,nan,nan
4618,0.0265175,True,nan,nan,nan
4619,0.0161294,False,0.19999999999999998,0.3,0.25
4620,0.0165393,False,0.0,0.09999999999999999,0.049999999999999996
4621,0.02709,False,0.19999999999999998,0.3,0.25
4622,0.0230135,True,nan,nan,nan
4623,0.0151455,True,nan,nan,nan
4624,0.0168466,False,0.09999999999999999,0.19999999999999998,0.15
4625,0.0206302,False,0.5,0.6,0.55
4626,0.0158574,False,0.09999999999999999,0.19999999999999998,0.15
4627,0.0192597,False,0.09999999999999999,0.19999999999999998,0.15
4628,0.0288963,False,0.19999999999999998,0.3,0.25
4629,0.0257013,False,0.19999999999999998,0.3,0.25
4630,0.0242,True,nan,nan,nan
4631,0.0156732,True,nan,nan,nan
4632,0.0220426,True,nan,nan,nan
4633,0.0238668,True,nan,nan,nan
4634,0.0193206,True,nan,nan,nan
4635,0.0201312,False,0.09999999999999999,0.19999999999999998,0.15
4636,0.0215911,False,0.09999999999999999,0.19999999999999998,0.15
4637,0.0286664,True,nan,nan,nan
4638,0.0193843,False,0.19999999999999998,0.3,0.25
4639,0.026439,True,nan,nan,nan
4640,0.0180663,False,1.7999999999999998,1.9,1.8499999999999999
4641,0.0160969,True,nan,nan,nan
4642,0.0157407,True,nan,nan,nan
4643,0.0237414,True,nan,nan,nan
4644,0.0193582,False,0.19999999999999998,0.3,0.25
4645,0.0259475,False,0.39999999999999997,0.5,0.44999999999999996
4646,0.0274889,False,0.39999999999999997,0.5,0.44999999999999996
4647,0.0258997,True,nan,nan,nan
4648,0.0286757,True,nan,nan,nan
4649,0.0162388,True,nan,nan,nan
4650,0.0188609,False,0.19999999999999998,0.3,0.25
4651,0.0236235,False,0.19999999999999998,0.3,0.25
4652,0.0156332,False,0.0,0.09999999999999999,0.049999999999999996
4653,0.0173963,False,0.0,0.09999999999999999,0.049999999999999996
4654,0.0296951,False,0.39999999999999997,0.5,0.44999999999999996
4655,0.0168172,False,0.09999999999999999,0.19999999999999998,0.15
4656,0.0218244,False,2.0,2.1,2.05
4657,0.0262224,False,0.19999999999999998,0.3,0.25
4658,0.0207196,False,0.19999999999999998,0.3,0.25
4659,0.0290554,True,nan,nan,nan
4660,0.0286219,False,0.19999999999999998,0.3,0.25
4661,0.0185989,False,1.0999999999999999,1.2,1.15
4662,0.0153018,True,nan,nan,nan
4663,0.0228262,False,0.09999999999999999,0.19999999999999998,0.15
4664,0.0159799,True,nan,nan,nan
4665,0.0197268,False,0.5,0.6,0.55
4666,0.0270828,False,0.19999999999999998,0.3,0.25
4667,0.0286674,False,0.39999999999999997,0.5,0.44999999999999996
4668,0.015952,True,nan,nan,nan
4669,0.0238871,False,0.09999999999999999,0.19999999999999998,0.15
4670,0.0220896,True,nan,nan,nan
4671,0.0200624,False,0.7,0.7999999999999999,0.75
4672,0.0244395,True,nan,nan,nan
4673,0.0203256,False,0.19999999999999998,0.3,0.25
4674,0.0290862,False,0.5,0.6,0.55
4675,0.022971,True,nan,nan,nan
4676,0.029402,True,nan,nan,nan
4677,0.0226018,True,nan,nan,nan
4678,0.0248746,False,0.09999999999999999,0.19999999999999998,0.15
4679,0.0236341,True,nan,nan,nan
4680,0.0249927,False,0.09999999999999999,0.19999999999999998,0.15
4681,0.0269841,False,0.6,0.7,0.6499999999999999
4682,0.0179807,False,0.0,0.09999999999999999,0.049999999999999996
4683,0.0152411,False,0.7,0.7999999999999999,0.75
4684,0.0265139,True,nan,nan,nan
4685,0.0264114,False,0.3,0.39999999999999997,0.35
4686,0.0165384,False,0.09999999999999999,0.19999999999999998,0.15
4687,0.027957,True,nan,nan,nan
4688,0.0179591,False,0.0,0.09999999999999999,0.049999999999999996
4689,0.017698,False,0.5,0.6,0.55
4690,0.020255,False,0.19999999999999998,0.3,0.25
4691,0.0264509,False,0.3,0.39999999999999997,0.35
4692,0.0238093,False,0.5,0.6,0.55
4693,0.0249292,True,nan,nan,nan
4694,0.0246949,True,nan,nan,nan
4695,0.0273585,False,0.39999999999999997,0.5,0.44999999999999996
4696,0.0262992,False,0.19999999999999998,0.3,0.25
4697,0.0228371,True,nan,nan,nan
4698,0.017774,False,0.19999999999999998,0.3,0.25
4699,0.0183212,True,nan,nan,nan
4700,0.0272482,False,1.3,1.4,1.35
4701,0.0191363,False,0.7,0.7999999999999999,0.75
4702,0.0257805,True,nan,nan,nan
4703,0.0260733,True,nan,nan,nan
4704,0.0297591,False,0.39999999999999997,0.5,0.44999999999999996
4705,0.0155046,True,nan,nan,nan
4706,0.0226192,False,0.09999999999999999,0.19999999999999998,0.15
4707,0.024086,False,0.5,0.6,0.55
4708,0.0251423,True,nan,nan,nan
4709,0.025231,True,nan,nan,nan
4710,0.0166933,True,nan,nan,nan
4711,0.0237754,True,nan,nan,nan
4712,0.0182635,True,nan,nan,nan
4713,0.0215566,False,0.09999999999999999,0.19999999999999998,0.15
4714,0.0289123,False,0.19999999999999998,0.3,0.25
4715,0.0180918,False,0.0,0.09999999999999999,0.049999999999999996
4716,0.015177,True,nan,nan,nan
4717,0.026125,False,0.7,0.7999999999999999,0.75
4718,0.0226795,False,0.39999999999999997,0.5,0.44999999999999996
4719,0.0174717,True,nan,nan,nan
4720,0.0172223,False,0.0,0.09999999999999999,0.049999999999999996
4721,0.0201906,True,nan,nan,nan
4722,0.0216398,False,0.19999999999999998,0.3,0.25
4723,0.0197516,True,nan,nan,nan
4724,0.0194538,False,0.09999999999999999,0.19999999999999998,0.15
4725,0.0160503,False,0.19999999999999998,0.3,0.25
4726,0.0154633,False,0.0,0.09999999999999999,0.049999999999999996
4727,0.0238244,False,0.19999999999999998,0.3,0.25
4728,0.0246665,False,0.19999999999999998,0.3,0.25
4729,0.0204595,False,0.19999999999999998,0.3,0.25
4730,0.0268636,True,nan,nan,nan
4731,0.0235316,False,0.09999999999999999,0.19999999999999998,0.15
4732,0.025354,False,1.0999999999999999,1.2,1.15
4733,0.0237344,True,nan,nan,nan
4734,0.0286708,False,0.3,0.39999999999999997,0.35
4735,0.0268268,False,0.39999999999999997,0.5,0.44999999999999996
4736,0.0170598,True,nan,nan,nan
4737,0.0246034,True,nan,nan,nan
4738,0.0153741,True,nan,nan,nan
4739,0.0161139,False,0.09999999999999999,0.19999999999999998,0.15
4740,0.0193908,False,0.09999999999999999,0.19999999999999998,0.15
4741,0.0190731,True,nan,nan,nan
4742,0.0217176,True,nan,nan,nan
4743,0.018621,True,nan,nan,nan
4744,0.0269927,True,nan,nan,nan
4745,0.0285877,False,0.19999999999999998,0.3,0.25
4746,0.0239652,True,nan,nan,nan
4747,0.017369,False,0.0,0.09999999999999999,0.049999999999999996
4748,0.0223184,False,0.19999999999999998,0.3,0.25
4749,0.0277227,False,0.19999999999999998,0.3,0.25
4750,0.0156555,False,0.09999999999999999,0.19999999999999998,0.15
4751,0.0218622,False,0.5,0.6,0.55
4752,0.016723,False,0.19999999999999998,0.3,0.25
4753,0.020045,False,0.8999999999999999,1.0,0.95
4754,0.0247706,True,nan,nan,nan
4755,0.026157,True,nan,nan,nan
4756,0.0226273,False,0.19999999999999998,0.3,0.25
4757,0.0197942,False,0.19999999999999998,0.3,0.25
4758,0.0189407,True,nan,nan,nan
4759,0.0169545,False,0.09999999999999999,0.19999999999999998,0.15
4760,0.0259628,True,nan,nan,nan
4761,0.0159159,False,0.09999999999999999,0.19999999999999998,0.15
4762,0.0258104,False,0.7999999999999999,0.8999999999999999,0.8499999999999999
4763,0.0266122,True,nan,nan,nan
4764,0.0259227,True,nan,nan,nan
4765,0.0184275,False,0.0,0.09999999999999999,0.049999999999999996
4766,0.0182361,False,0.0,0.09999999999999999,0.049999999999999996
4767,0.0266371,True,nan,nan,nan
4768,0.0226101,False,0.19999999999999998,0.3,0.25
4769,0.0256415,True,nan,nan,nan
4770,0.0202768,False,0.3,0.39999999999999997,0.35
4771,0.0208534,True,nan,nan,nan
4772,0.0210404,False,0.19999999999999998,0.3,0.25
4773,0.0191938,True,nan,nan,nan
4774,0.016063,True,nan,nan,nan
4775,0.029016,False,0.6,0.7,0.6499999999999999
4776,0.0185662,False,0.6,0.7,0.6499999999999999
4777,0.0188452,True,nan,nan,nan
4778,0.0169107,False,0.09999999999999999,0.19999999999999998,0.15
4779,0.0262975,False,0.19999999999999998,0.3,0.25
4780,0.0291079,True,nan,nan,nan
4781,0.0223456,False,0.19999999999999998,0.3,0.25
4782,0.0278978,True,nan,nan,nan
4783,0.0203312,True,nan,nan,nan
4784,0.0194235,False,0.09999999999999999,0.19999999999999998,0.15
4785,0.020383,True,nan,nan,nan
4786,0.0175464,False,0.09999999999999999,0.19999999999999998,0.15
4787,0.0277269,False,1.2,1.3,1.25
4788,0.0200984,False,0.39999999999999997,0.5,0.44999999999999996
4789,0.0203206,False,0.19999999999999998,0.3,0.25
4790,0.0181379,False,0.19999999999999998,0.3,0.25
4791,0.0293403,True,nan,nan,nan
4792,0.0252644,True,nan,nan,nan
4793,0.0213155,False,0.6,0.7,0.6499999999999999
4794,0.0280485,False,0.3,0.39999999999999997,0.35
4795,0.016359,False,0.0,0.09999999999999999,0.049999999999999996
4796,0.0237917,False,0.19999999999999998,0.3,0.25
4797,0.0267313,True,nan,nan,nan
4798,0.0180357,False,0.0,0.09999999999999999,0.049999999999999996
4799,0.0184834,True,nan,nan,nan
4800,0.0203596,True,nan,nan,nan
4801,0.019327,False,0.39999999999999997,0.5,0.44999999999999996
4802,0.0154327,False,0.19999999999999998,0.3,0.25
4803,0.0248445,True,nan,nan,nan
4804,0.0195927,False,0.09999999999999999,0.19999999999999998,0.15
4805,0.0250975,True,nan,nan,nan
4806,0.0188077,True,nan,nan,nan
4807,0.0168483,False,0.09999999999999999,0.19999999999999998,0.15
4808,0.0162,False,0.0,0.09999999999999999,0.049999999999999996
4809,0.0234277,False,0.3,0.39999999999999997,0.35
4810,0.0235401,False,0.3,0.39999999999999997,0.35
4811,0.0188998,False,0.09999999999999999,0.19999999999999998,0.15
4812,0.0283803,True,nan,nan,nan
4813,0.0166952,False,0.09999999999999999,0.19999999999999998,0.15
4814,0.0195116,True,nan,nan,nan
4815,0.019182,False,0.09999999999999999,0.19999999999999998,0.15
4816,0.015162,True,nan,nan,nan
4817,0.0266018,True,nan,nan,nan
4818,0.0254512,True,nan,nan,nan
4819,0.0253421,True,nan,nan,nan
4820,0.0273366,True,nan,nan,nan
4821,0.0206175,True,nan,nan,nan
4822,0.0223049,True,nan,nan,nan
4823,0.0280369,False,0.19999999999999998,0.3,0.25
4824,0.0214111,False,0.19999999999999998,0.3,0.25
4825,0.0267484,False,0.39999999999999997,0.5,0.44999999999999996
4826,0.0215802,False,0.09999999999999999,0.19999999999999998,0.15
4827,0.0227795,False,0.3,0.39999999999999997,0.35
4828,0.0245564,False,0.19999999999999998,0.3,0.25
4829,0.0167119,False,0.09999999999999999,0.19999999999999998,0.15
4830,0.0233912,True,nan,nan,nan
4831,0.0170768,False,0.09999999999999999,0.19999999999999998,0.15
4832,0.0191114,False,0.39999999999999997,0.5,0.44999999999999996
4833,0.0212736,False,0.09999999999999999,0.19999999999999998,0.15
4834,0.0221747,False,0.3,0.39999999999999997,0.35
4835,0.0248424,True,nan,nan,nan
4836,0.015507,False,0.09999999999999999,0.19999999999999998,0.15
4837,0.0154257,True,nan,nan,nan
4838,0.0189516,True,nan,nan,nan
4839,0.0154949,True,nan,nan,nan
4840,0.0200539,False,0.09999999999999999,0.19999999999999998,0.15
4841,0.0213014,True,nan,nan,nan
4842,0.0162629,False,0.09999999999999999,0.19999999999999998,0.15
4843,0.0293256,False,1.0999999999999999,1.2,1.15
4844,0.0201098,False,0.09999999999999999,0.19999999999999998,0.15
4845,0.0219856,True,nan,nan,nan
4846,0.0235617,False,0.19999999999999998,0.3,0.25
4847,0.0205113,False,0.19999999999999998,0.3,0.25
4848,0.0166955,True,nan,nan,nan
4849,0.0282645,False,0.7,0.7999999999999999,0.75
4850,0.0256839,True,nan,nan,nan
4851,0.0262395,False,0.19999999999999998,0.3,0.25
4852,0.0233437,True,nan,nan,nan
4853,0.0285606,True,nan,nan,nan
4854,0.0248156,False,0.39999999999999997,0.5,0.44999999999999996
4855,0.0199558,True,nan,nan,nan
4856,0.0200981,True,nan,nan,nan
4857,0.0222218,False,0.3,0.39999999999999997,0.35
4858,0.0277798,False,0.19999999999999998,0.3,0.25
4859,0.0196312,False,0.3,0.39999999999999997,0.35
4860,0.0206138,True,nan,nan,nan
4861,0.0261483,True,nan,nan,nan
4862,0.0165297,False,0.19999999999999998,0.3,0.25
4863,0.0276944,False,0.3,0.39999999999999997,0.35
4864,0.0199725,False,0.09999999999999999,0.19999999999999998,0.15
4865,0.0249283,True,nan,nan,nan
4866,0.0218503,True,nan,nan,nan
4867,0.0297589,True,nan,nan,nan
4868,0.0280905,True,nan,nan,nan
4869,0.0178098,False,0.0,0.09999999999999999,0.049999999999999996
4870,0.0264166,False,0.19999999999999998,0.3,0.25
4871,0.0166149,False,0.3,0.39999999999999997,0.35
4872,0.0225512,True,nan,nan,nan
4873,0.0178765,False,0.39999999999999997,0.5,0.44999999999999996
4874,0.027704,True,nan,nan,nan
4875,0.0192963,False,0.09999999999999999,0.19999999999999998,0.15
4876,0.024665,True,nan,nan,nan
4877,0.0169473,False,0.19999999999999998,0.3,0.25
4878,0.0155992,True,nan,nan,nan
4879,0.0256571,False,2.4,2.5,2.45
4880,0.0196874,True,nan,nan,nan
4881,0.0264586,False,0.39999999999999997,0.5,0.44999999999999996
4882,0.0177838,False,0.09999999999999999,0.19999999999999998,0.15
4883,0.0272244,True,nan,nan,nan
4884,0.0288945,False,0.19999999999999998,0.3,0.25
4885,0.0183165,False,0.3,0.39999999999999997,0.35
4886,0.021636,True,nan,nan,nan
4887,0.0267628,False,0.3,0.39999999999999997,0.35
4888,0.0161085,True,nan,nan,nan
4889,0.0191964,False,0.09999999999999999,0.19999999999999998,0.15
4890,0.0151968,False,0.09999999999999999,0.19999999999999998,0.15
4891,0.0250855,False,0.6,0.7,0.6499999999999999
4892,0.027588,False,0.39999999999999997,0.5,0.44999999999999996
4893,0.0171957,True,nan,nan,nan
4894,0.0214977,True,nan,nan,nan
4895,0.019405,False,0.3,0.39999999999999997,0.35
4896,0.0250718,False,0.19999999999999998,0.3,0.25
4897,0.0217634,False,0.6,0.7,0.6499999999999999
4898,0.0204306,False,0.09999999999999999,0.19999999999999998,0.15
4899,0.0288558,True,nan,nan,nan
4900,0.0283663,True,nan,nan,nan
4901,0.0176333,True,nan,nan,nan
4902,0.0273195,False,0.39999999999999997,0.5,0.44999999999999996
4903,0.0276762,True,nan,nan,nan
4904,0.0291254,False,0.39999999999999997,0.5,0.44999999999999996
4905,0.0223032,False,0.7999999999999999,0.8999999999999999,0.8499999999999999
4906,0.0284119,True,nan,nan,nan
4907,0.0171108,False,0.09999999999999999,0.19999999999999998,0.15
4908,0.0248708,False,0.09999999999999999,0.19999999999999998,0.15
4909,0.026267,True,nan,nan,nan
4910,0.0176747,True,nan,nan,nan
4911,0.02226,False,0.3,0.39999999999999997,0.35
4912,0.0157553,False,0.09999999999999999,0.19999999999999998,0.15
4913,0.0272103,False,0.3,0.39999999999999997,0.35
4914,0.0201456,False,0.19999999999999998,0.3,0.25
4915,0.0218969,False,0.3,0.39999999999999997,0.35
4916,0.0258934,False,0.39999999999999997,0.5,0.44999999999999996
4917,0.0157159,False,0.19999999999999998,0.3,0.25
4918,0.0265969,False,0.8999999999999999,1.0,0.95
4919,0.0204068,True,nan,nan,nan
4920,0.0178458,False,0.09999999999999999,0.19999999999999998,0.15
4921,0.015716,True,nan,nan,nan
4922,0.0172259,True,nan,nan,nan
4923,0.0151881,True,nan,nan,nan
4924,0.0166372,False,1.2,1.3,1.25
4925,0.0235576,True,nan,nan,nan
4926,0.0237206,False,0.19999999999999998,0.3,0.25
4927,0.0257333,False,0.39999999999999997,0.5,0.44999999999999996
4928,0.0174647,False,0.19999999999999998,0.3,0.25
4929,0.018878,True,nan,nan,nan
4930,0.0203441,True,nan,nan,nan
4931,0.0252459,True,nan,nan,nan
4932,0.0165526,False,0.09999999999999999,0.19999999999999998,0.15
4933,0.0171699,False,0.0,0.09999999999999999,0.049999999999999996
4934,0.0295255,True,nan,nan,nan
4935,0.0175537,False,0.09999999999999999,0.19999999999999998,0.15
4936,0.021437,False,0.3,0.39999999999999997,0.35
4937,0.0189256,True,nan,nan,nan
4938,0.0171069,True,nan,nan,nan
4939,0.0197546,True,nan,nan,nan
4940,0.0171095,False,0.0,0.09999999999999999,0.049999999999999996
4941,0.0204748,True,nan,nan,nan
4942,0.0193908,False,0.09999999999999999,0.19999999999999998,0.15
4943,0.0219109,False,0.19999999999999998,0.3,0.25
4944,0.0273586,False,0.19999999999999998,0.3,0.25
4945,0.0196141,False,0.0,0.09999999999999999,0.049999999999999996
4946,0.0154347,True,nan,nan,nan
4947,0.0153256,True,nan,nan,nan
4948,0.0163029,False,0.3,0.39999999999999997,0.35
4949,0.0262105,False,0.6,0.7,0.6499999999999999
4950,0.0207087,False,0.7,0.7999999999999999,0.75
4951,0.0191403,False,0.3,0.39999999999999997,0.35
4952,0.0187539,False,0.09999999999999999,0.19999999999999998,0.15
4953,0.0288892,False,0.3,0.39999999999999997,0.35
4954,0.0270086,True,nan,nan,nan
4955,0.0278533,False,0.5,0.6,0.55
4956,0.0269341,False,0.39999999999999997,0.5,0.44999999999999996
4957,0.0176131,True,nan,nan,nan
4958,0.0257313,False,0.19999999999999998,0.3,0.25
4959,0.0267816,False,0.19999999999999998,0.3,0.25
4960,0.0253363,True,nan,nan,nan
4961,0.0232627,False,0.09999999999999999,0.19999999999999998,0.15
4962,0.0271967,False,0.19999999999999998,0.3,0.25
4963,0.0202715,True,nan,nan,nan
4964,0.0282382,True,nan,nan,nan
4965,0.0215813,False,0.09999999999999999,0.19999999999999998,0.15
4966,0.0225576,True,nan,nan,nan
4967,0.0290343,False,0.8999999999999999,1.0,0.95
4968,0.0289667,False,1.2,1.3,1.25
4969,0.0227326,False,0.09999999999999999,0.19999999999999998,0.15
4970,0.0211145,False,0.09999999999999999,0.19999999999999998,0.15
4971,0.0297903,False,0.39999999999999997,0.5,0.44999999999999996
4972,0.023806,True,nan,nan,nan
4973,0.0159717,True,nan,nan,nan
4974,0.0245563,False,0.19999999999999998,0.3,0.25
4975,0.0158088,False,0.0,0.09999999999999999,0.049999999999999996
4976,0.0226375,True,nan,nan,nan
4977,0.0259959,False,0.3,0.39999999999999997,0.35
4978,0.0259182,False,1.4,1.5,1.45
4979,0.0241098,False,0.19999999999999998,0.3,0.25
4980,0.0245668,True,nan,nan,nan
4981,0.0272435,True,nan,nan,nan
4982,0.0228432,False,0.09999999999999999,0.19999999999999998,0.15
4983,0.0174068,True,nan,nan,nan
4984,0.0248171,False,0.3,0.39999999999999997,0.35
4985,0.0213673,True,nan,nan,nan
4986,0.0165502,True,nan,nan,nan
4987,0.0264382,False,0.19999999999999998,0.3,0.25
4988,0.0164259,False,0.0,0.09999999999999999,0.049999999999999996
4989,0.0253508,True,nan,nan,nan
4990,0.0282886,True,nan,nan,nan
4991,0.0192006,False,0.19999999999999998,0.3,0.25
4992,0.0166146,False,0.0,0.09999999999999999,0.049999999999999996
4993,0.0266973,True,nan,nan,nan
4994,0.0217851,False,0.09999999999999999,0.19999999999999998,0.15
4995,0.0182712,True,nan,nan,nan
4996,0.0208027,True,nan,nan,nan
4997,0.021447,False,0.7,0.7999999999999999,0.75
4998,0.0160772,False,0.0,0.09999999999999999,0.049999999999999996
4999,0.0236041,True,nan,nan,nan
5000,0.0281044,False,1.3,1.4,1.35
5001,0.0275723,True,nan,nan,nan
5002,0.0286716,False,0.39999999999999997,0.5,0.44999999999999996
5003,0.0267957,False,0.5,0.6,0.55
5004,0.0297871,False,0.39999999999999997,0.5,0.44999999999999996
5005,0.0280807,False,0.19999999999999998,0.3,0.25
5006,0.0250931,True,nan,nan,nan
5007,0.0171257,True,nan,nan,nan
5008,0.0261166,False,0.3,0.39999999999999997,0.35
5009,0.0260531,False,0.7,0.7999999999999999,0.75
5010,0.0190236,False,0.19999999999999998,0.3,0.25
5011,0.0181638,False,0.09999999999999999,0.19999999999999998,0.15
5012,0.0269391,True,nan,nan,nan
5013,0.0298249,False,1.4,1.5,1.45
5014,0.0227545,False,0.09999999999999999,0.19999999999999998,0.15
5015,0.0200448,False,0.09999999999999999,0.19999999999999998,0.15
5016,0.0281352,False,1.2,1.3,1.25
5017,0.0258751,False,0.39999999999999997,0.5,0.44999999999999996
5018,0.0158475,True,nan,nan,nan
5019,0.0153315,True,nan,nan,nan
5020,0.0159385,False,0.0,0.09999999999999999,0.049999999999999996
5021,0.0258063,True,nan,nan,nan
5022,0.0173765,False,0.0,0.09999999999999999,0.049999999999999996
5023,0.0265667,False,1.5,1.5999999999999999,1.5499999999999998
5024,0.0211255,False,0.19999999999999998,0.3,0.25
5025,0.0238645,False,0.7,0.7999999999999999,0.75
5026,0.0266086,False,0.19999999999999998,0.3,0.25
5027,0.0283512,True,nan,nan,nan
5028,0.0276924,False,0.19999999999999998,0.3,0.25
5029,0.0157258,False,0.0,0.09999999999999999,0.049999999999999996
5030,0.0275001,False,0.3,0.39999999999999997,0.35
5031,0.021962,False,0.19999999999999998,0.3,0.25
5032,0.0248001,True,nan,nan,nan
5033,0.0213294,False,0.09999999999999999,0.19999999999999998,0.15
5034,0.0277847,False,0.3,0.39999999999999997,0.35
5035,0.0238815,False,0.09999999999999999,0.19999999999999998,0.15
5036,0.0231791,False,0.09999999999999999,0.19999999999999998,0.15
5037,0.021987,False,0.09999999999999999,0.19999999999999998,0.15
5038,0.018823,False,0.3,0.39999999999999997,0.35
5039,0.0151058,False,0.5,0.6,0.55
5040,0.0283842,True,nan,nan,nan
5041,0.0296415,True,nan,nan,nan
5042,0.0199394,False,0.7999999999999999,0.8999999999999999,0.8499999999999999
5043,0.0254809,True,nan,nan,nan
5044,0.0212656,True,nan,nan,nan
5045,0.0223103,False,0.09999999999999999,0.19999999999999998,0.15
5046,0.0229335,False,0.6,0.7,0.6499999999999999
5047,0.0251499,False,0.09999999999999999,0.19999999999999998,0.15
5048,0.0266579,False,0.19999999999999998,0.3,0.25
5049,0.0171106,False,0.19999999999999998,0.3,0.25
5050,0.0291259,False,1.0,1.0999999999999999,1.0499999999999998
5051,0.0208047,True,nan,nan,nan
5052,0.01713,False,0.09999999999999999,0.19999999999999998,0.15
5053,0.0289582,False,0.39999999999999997,0.5,0.44999999999999996
5054,0.0262387,False,0.19999999999999998,0.3,0.25
5055,0.0279268,False,0.19999999999999998,0.3,0.25
5056,0.0169761,False,0.09999999999999999,0.19999999999999998,0.15
5057,0.026948,False,0.19999999999999998,0.3,0.25
5058,0.0191975,True,nan,nan,nan
5059,0.0284141,False,0.5,0.6,0.55
5060,0.0222124,False,0.3,0.39999999999999997,0.35
5061,0.0231623,False,0.19999999999999998,0.3,0.25
5062,0.0243793,True,nan,nan,nan
5063,0.0251074,True,nan,nan,nan
5064,0.025789,True,nan,nan,nan
5065,0.0290546,True,nan,nan,nan
5066,0.0239408,False,0.19999999999999998,0.3,0.25
5067,0.0192036,False,0.09999999999999999,0.19999999999999998,0.15
5068,0.027543,False,0.7,0.7999999999999999,0.75
5069,0.0233874,False,0.39999999999999997,0.5,0.44999999999999996
5070,0.0163526,True,nan,nan,nan
5071,0.0201677,True,nan,nan,nan
5072,0.0152034,False,0.09999999999999999,0.19999999999999998,0.15
5073,0.027389,True,nan,nan,nan
5074,0.0293534,False,1.9,2.0,1.95
5075,0.0233582,False,0.09999999999999999,0.19999999999999998,0.15
5076,0.0256569,True,nan,nan,nan
5077,0.0193624,False,0.09999999999999999,0.19999999999999998,0.15
5078,0.0158587,False,0.0,0.09999999999999999,0.049999999999999996
5079,0.023227,True,nan,nan,nan
5080,0.018062,True,nan,nan,nan
5081,0.0204201,False,0.09999999999999999,0.19999999999999998,0.15
5082,0.0182902,True,nan,nan,nan
5083,0.0247435,False,0.19999999999999998,0.3,0.25
5084,0.015933,False,0.0,0.09999999999999999,0.049999999999999996
5085,0.021936,True,nan,nan,nan
5086,0.0291378,False,0.3,0.39999999999999997,0.35
5087,0.0280336,False,1.2,1.3,1.25
5088,0.016524,True,nan,nan,nan
5089,0.0276664,True,nan,nan,nan
5090,0.0224351,False,0.09999999999999999,0.19999999999999998,0.15
5091,0.015505,False,0.19999999999999998,0.3,0.25
5092,0.0214832,False,0.09999999999999999,0.19999999999999998,0.15
5093,0.0194146,False,0.09999999999999999,0.19999999999999998,0.15
5094,0.0188248,False,0.09999999999999999,0.19999999999999998,0.15
5095,0.0193868,False,0.19999999999999998,0.3,0.25
5096,0.017404,False,0.09999999999999999,0.19999999999999998,0.15
5097,0.0230062,True,nan,nan,nan
5098,0.0237401,True,nan,nan,nan
5099,0.0282459,False,0.19999999999999998,0.3,0.25
5100,0.0154453,False,0.19999999999999998,0.3,0.25
5101,0.0242782,True,nan,nan,nan
5102,0.0193882,False,0.6,0.7,0.6499999999999999
5103,0.0234622,False,0.19999999999999998,0.3,0.25
5104,0.0195049,False,0.5,0.6,0.55
5105,0.021482,False,0.5,0.6,0.55
5106,0.0178399,False,0.0,0.09999999999999999,0.049999999999999996
5107,0.0194904,True,nan,nan,nan
5108,0.0212764,True,nan,nan,nan
5109,0.0215023,False,0.6,0.7,0.6499999999999999
5110,0.0209325,False,0.09999999999999999,0.19999999999999998,0.15
5111,0.0298042,True,nan,nan,nan
5112,0.024155,True,nan,nan,nan
5113,0.0264239,False,0.19999999999999998,0.3,0.25
5114,0.0154915,True,nan,nan,nan
5115,0.0164482,False,0.09999999999999999,0.19999999999999998,0.15
5116,0.0270676,True,nan,nan,nan
5117,0.0241209,False,0.7999999999999999,0.8999999999999999,0.8499999999999999
5118,0.0229923,False,0.7999999999999999,0.8999999999999999,0.8499999999999999
5119,0.0181688,False,0.09999999999999999,0.19999999999999998,0.15
5120,0.016251,False,0.19999999999999998,0.3,0.25
5121,0.024425,True,nan,nan,nan
5122,0.0213488,True,nan,nan,nan
5123,0.0236487,False,0.5,0.6,0.55
5124,0.0274241,False,0.39999999999999997,0.5,0.44999999999999996
5125,0.0167281,False,0.09999999999999999,0.19999999999999998,0.15
5126,0.0205237,True,nan,nan,nan
5127,0.0271924,False,0.3,0.39999999999999997,0.35
5128,0.0283781,True,nan,nan,nan
5129,0.0185364,False,0.19999999999999998,0.3,0.25
5130,0.0169538,False,0.09999999999999999,0.19999999999999998,0.15
5131,0.0183032,False,0.0,0.09999999999999999,0.049999999999999996
5132,0.0156739,False,0.09999999999999999,0.19999999999999998,0.15
5133,0.0268673,True,nan,nan,nan
5134,0.021429,False,1.0999999999999999,1.2,1.15
5135,0.0209415,False,0.09999999999999999,0.19999999999999998,0.15
5136,0.0261287,True,nan,nan,nan
5137,0.016534,False,0.09999999999999999,0.19999999999999998,0.15
5138,0.0200435,False,0.19999999999999998,0.3,0.25
5139,0.0154298,True,nan,nan,nan
5140,0.0295288,False,0.19999999999999998,0.3,0.25
5141,0.0238872,False,0.19999999999999998,0.3,0.25
5142,0.0248277,False,0.39999999999999997,0.5,0.44999999999999996
5143,0.0263442,False,0.3,0.39999999999999997,0.35
5144,0.0255871,False,0.19999999999999998,0.3,0.25
5145,0.0151183,False,0.09999999999999999,0.19999999999999998,0.15
5146,0.0274808,False,0.3,0.39999999999999997,0.35
5147,0.015239,True,nan,nan,nan
5148,0.0203119,False,0.19999999999999998,0.3,0.25
5149,0.0166804,True,nan,nan,nan
5150,0.0195207,True,nan,nan,nan
5151,0.0157184,True,nan,nan,nan
5152,0.0233634,False,0.7,0.7999999999999999,0.75
5153,0.027552,False,0.3,0.39999999999999997,0.35
5154,0.020824,False,0.39999999999999997,0.5,0.44999999999999996
5155,0.0168767,False,0.09999999999999999,0.19999999999999998,0.15
5156,0.0180202,False,0.0,0.09999999999999999,0.049999999999999996
5157,0.0150839,False,0.0,0.09999999999999999,0.049999999999999996
5158,0.0217676,False,0.19999999999999998,0.3,0.25
5159,0.0180506,True,nan,nan,nan
5160,0.0156591,True,nan,nan,nan
5161,0.0168037,False,0.19999999999999998,0.3,0.25
5162,0.0274829,False,1.5,1.5999999999999999,1.5499999999999998
5163,0.0270482,False,0.3,0.39999999999999997,0.35
5164,0.0214604,False,0.09999999999999999,0.19999999999999998,0.15
5165,0.0163995,True,nan,nan,nan
5166,0.0174814,True,nan,nan,nan
5167,0.0270491,True,nan,nan,nan
5168,0.017312,False,0.0,0.09999999999999999,0.049999999999999996
5169,0.0220502,True,nan,nan,nan
5170,0.0182032,False,0.09999999999999999,0.19999999999999998,0.15
5171,0.0270932,True,nan,nan,nan
5172,0.0239201,False,0.19999999999999998,0.3,0.25
5173,0.0211288,False,0.5,0.6,0.55
5174,0.0214251,False,0.09999999999999999,0.19999999999999998,0.15
5175,0.029859,True,nan,nan,nan
5176,0.0214507,False,0.6,0.7,0.6499999999999999
5177,0.0270466,False,0.5,0.6,0.55
5178,0.0290457,False,0.3,0.39999999999999997,0.35
5179,0.0165169,False,0.09999999999999999,0.19999999999999998,0.15
5180,0.0163431,True,nan,nan,nan
5181,0.0167881,False,0.09999999999999999,0.19999999999999998,0.15
5182,0.0220331,False,0.19999999999999998,0.3,0.25
5183,0.0276826,False,0.8999999999999999,1.0,0.95
5184,0.0293585,False,0.3,0.39999999999999997,0.35
5185,0.024478,True,nan,nan,nan
5186,0.0228896,True,nan,nan,nan
5187,0.0218201,False,0.3,0.39999999999999997,0.35
5188,0.0216104,False,0.19999999999999998,0.3,0.25
5189,0.028436,True,nan,nan,nan
5190,0.0297217,True,nan,nan,nan
5191,0.0297042,False,0.19999999999999998,0.3,0.25
5192,0.0256863,False,0.5,0.6,0.55
5193,0.0205436,True,nan,nan,nan
5194,0.0170913,True,nan,nan,nan
5195,0.0196171,False,0.19999999999999998,0.3,0.25
5196,0.0277002,True,nan,nan,nan
5197,0.0250651,False,0.19999999999999998,0.3,0.25
5198,0.0231758,False,0.5,0.6,0.55
5199,0.0257823,True,nan,nan,nan
5200,0.0282589,True,nan,nan,nan
5201,0.0193662,False,0.09999999999999999,0.19999999999999998,0.15
5202,0.0225705,False,0.5,0.6,0.55
5203,0.0220318,False,0.19999999999999998,0.3,0.25
5204,0.0162108,False,0.6,0.7,0.6499999999999999
5205,0.0175557,True,nan,nan,nan
5206,0.0253386,False,0.19999999999999998,0.3,0.25
5207,0.0242304,False,0.19999999999999998,0.3,0.25
5208,0.0195073,False,0.5,0.6,0.55
5209,0.0221625,False,0.19999999999999998,0.3,0.25
5210,0.0206949,False,0.19999999999999998,0.3,0.25
5211,0.0163211,False,0.0,0.09999999999999999,0.049999999999999996
5212,0.0208379,False,0.19999999999999998,0.3,0.25
5213,0.0254658,True,nan,nan,nan
5214,0.0223553,False,0.09999999999999999,0.19999999999999998,0.15
5215,0.0178739,False,0.09999999999999999,0.19999999999999998,0.15
5216,0.0245851,False,0.09999999999999999,0.19999999999999998,0.15
5217,0.0285791,True,nan,nan,nan
5218,0.0161017,False,0.09999999999999999,0.19999999999999998,0.15
5219,0.0231116,False,0.3,0.39999999999999997,0.35
5220,0.0286444,True,nan,nan,nan
5221,0.0247558,True,nan,nan,nan
5222,0.0168384,True,nan,nan,nan
5223,0.0286527,True,nan,nan,nan
5224,0.0233627,True,nan,nan,nan
5225,0.0262863,False,0.39999999999999997,0.5,0.44999999999999996
5226,0.015821,True,nan,nan,nan
5227,0.0293865,False,0.5,0.6,0.55
5228,0.0285893,False,0.3,0.39999999999999997,0.35
5229,0.0286271,True,nan,nan,nan
5230,0.0170563,False,0.0,0.09999999999999999,0.049999999999999996
5231,0.0223726,False,0.09999999999999999,0.19999999999999998,0.15
5232,0.0245799,False,0.7,0.7999999999999999,0.75
5233,0.0249273,False,0.19999999999999998,0.3,0.25
5234,0.0208424,False,0.19999999999999998,0.3,0.25
5235,0.0172817,False,0.19999999999999998,0.3,0.25
5236,0.0190008,False,0.09999999999999999,0.19999999999999998,0.15
5237,0.0155689,False,0.0,0.09999999999999999,0.049999999999999996
5238,0.0177094,True,nan,nan,nan
5239,0.0206467,False,0.09999999999999999,0.19999999999999998,0.15
5240,0.0196676,True,nan,nan,nan
5241,0.0249766,True,nan,nan,nan
5242,0.029132,False,0.3,0.39999999999999997,0.35
5243,0.0290973,False,0.19999999999999998,0.3,0.25
5244,0.0290566,True,nan,nan,nan
5245,0.0199167,False,0.09999999999999999,0.19999999999999998,0.15
5246,0.0297092,True,nan,nan,nan
5247,0.0161398,True,nan,nan,nan
5248,0.016045,False,0.09999999999999999,0.19999999999999998,0.15
5249,0.0199807,True,nan,nan,nan
5250,0.0202151,True,nan,nan,nan
5251,0.016226,False,0.0,0.09999999999999999,0.049999999999999996
5252,0.022927,True,nan,nan,nan
5253,0.0270947,True,nan,nan,nan
5254,0.0178443,False,0.09999999999999999,0.19999999999999998,0.15
5255,0.0243876,True,nan,nan,nan
5256,0.0229199,True,nan,nan,nan
5257,0.0233439,False,0.19999999999999998,0.3,0.25
5258,0.0233452,False,0.09999999999999999,0.19999999999999998,0.15
5259,0.029118,False,1.3,1.4,1.35
5260,0.0221035,False,0.09999999999999999,0.19999999999999998,0.15
5261,0.0250427,False,0.19999999999999998,0.3,0.25
5262,0.0294126,False,1.3,1.4,1.35
5263,0.0295975,True,nan,nan,nan
5264,0.0156755,False,0.09999999999999999,0.19999999999999998,0.15
5265,0.0214874,False,0.09999999999999999,0.19999999999999998,0.15
5266,0.0289698,False,0.5,0.6,0.55
5267,0.0201861,False,0.19999999999999998,0.3,0.25
5268,0.0267411,False,0.19999999999999998,0.3,0.25
5269,0.0185719,True,nan,nan,nan
5270,0.0196892,True,nan,nan,nan
5271,0.018345,False,0.09999999999999999,0.19999999999999998,0.15
5272,0.0268252,True,nan,nan,nan
5273,0.018704,False,0.19999999999999998,0.3,0.25
5274,0.0172942,True,nan,nan,nan
5275,0.0287416,False,0.19999999999999998,0.3,0.25
5276,0.0185836,False,0.3,0.39999999999999997,0.35
5277,0.0199947,True,nan,nan,nan
5278,0.0155317,False,0.09999999999999999,0.19999999999999998,0.15
5279,0.0246084,False,0.3,0.39999999999999997,0.35
5280,0.0221235,False,0.09999999999999999,0.19999999999999998,0.15
5281,0.0292295,False,1.0,1.0999999999999999,1.0499999999999998
5282,0.0158941,False,0.0,0.09999999999999999,0.049999999999999996
5283,0.0179549,True,nan,nan,nan
5284,0.0246415,True,nan,nan,nan
5285,0.0188245,True,nan,nan,nan
5286,0.0209625,True,nan,nan,nan
5287,0.0216741,False,0.09999999999999999,0.19999999999999998,0.15
5288,0.0166059,False,0.0,0.09999999999999999,0.049999999999999996
5289,0.0162988,True,nan,nan,nan
5290,0.020911,True,nan,nan,nan
5291,0.0209363,False,0.7,0.7999999999999999,0.75
5292,0.0213258,False,0.09999999999999999,0.19999999999999998,0.15
5293,0.0236334,False,0.09999999999999999,0.19999999999999998,0.15
5294,0.0228837,False,0.19999999999999998,0.3,0.25
5295,0.0180989,False,0.19999999999999998,0.3,0.25
5296,0.0169006,False,0.0,0.09999999999999999,0.049999999999999996
5297,0.026813,False,1.0999999999999999,1.2,1.15
5298,0.0156227,False,0.19999999999999998,0.3,0.25
5299,0.0191663,True,nan,nan,nan
5300,0.0261527,False,0.6,0.7,0.6499999999999999
5301,0.0201469,False,0.09999999999999999,0.19999999999999998,0.15
5302,0.0200103,True,nan,nan,nan
5303,0.0297915,True,nan,nan,nan
5304,0.0288508,True,nan,nan,nan
5305,0.0201862,False,0.09999999999999999,0.19999999999999998,0.15
5306,0.0194987,True,nan,nan,nan
5307,0.024474,False,0.19999999999999998,0.3,0.25
5308,0.0216582,True,nan,nan,nan
5309,0.0241668,True,nan,nan,nan
5310,0.0237335,True,nan,nan,nan
5311,0.0180801,True,nan,nan,nan
5312,0.0235932,False,0.3,0.39999999999999997,0.35
5313,0.0221912,False,0.39999999999999997,0.5,0.44999999999999996
5314,0.0183634,True,nan,nan,nan
5315,0.0232031,False,0.19999999999999998,0.3,0.25
5316,0.0159576,False,0.09999999999999999,0.19999999999999998,0.15
5317,0.0192211,False,0.0,0.09999999999999999,0.049999999999999996
5318,0.0185696,True,nan,nan,nan
5319,0.0184552,False,0.19999999999999998,0.3,0.25
5320,0.0248713,False,0.19999999999999998,0.3,0.25
5321,0.0274716,False,1.9,2.0,1.95
5322,0.0237145,False,0.3,0.39999999999999997,0.35
5323,0.0174077,False,0.09999999999999999,0.19999999999999998,0.15
5324,0.0288576,False,0.19999999999999998,0.3,0.25
5325,0.0214848,False,0.19999999999999998,0.3,0.25
5326,0.0193283,True,nan,nan,nan
5327,0.0257943,False,0.3,0.39999999999999997,0.35
5328,0.0180322,False,0.19999999999999998,0.3,0.25
5329,0.0267668,True,nan,nan,nan
5330,0.016343,False,1.3,1.4,1.35
5331,0.0249632,False,0.39999999999999997,0.5,0.44999999999999996
5332,0.0158876,True,nan,nan,nan
5333,0.0238879,False,1.4,1.5,1.45
5334,0.0285652,False,0.7999999999999999,0.8999999999999999,0.8499999999999999
5335,0.0223943,False,1.4,1.5,1.45
5336,0.0188972,False,0.09999999999999999,0.19999999999999998,0.15
5337,0.0201859,True,nan,nan,nan
5338,0.0221401,False,0.7,0.7999999999999999,0.75
5339,0.0186496,False,1.5999999999999999,1.7,1.65
5340,0.0152782,True,nan,nan,nan
5341,0.0168461,False,1.0,1.0999999999999999,1.0499999999999998
5342,0.0274147,False,0.3,0.39999999999999997,0.35
5343,0.0220215,True,nan,nan,nan
5344,0.0154201,True,nan,nan,nan
5345,0.0271581,True,nan,nan,nan
5346,0.0196079,False,0.3,0.39999999999999997,0.35
5347,0.0210417,False,0.09999999999999999,0.19999999999999998,0.15
5348,0.015352,False,1.0999999999999999,1.2,1.15
5349,0.0158783,True,nan,nan,nan
5350,0.0237233,False,0.19999999999999998,0.3,0.25
5351,0.0251761,False,0.09999999999999999,0.19999999999999998,0.15
5352,0.0220768,True,nan,nan,nan
5353,0.0169398,True,nan,nan,nan
5354,0.0278899,True,nan,nan,nan
5355,0.0159059,False,0.19999999999999998,0.3,0.25
5356,0.0193249,False,0.09999999999999999,0.19999999999999998,0.15
5357,0.023174,False,0.09999999999999999,0.19999999999999998,0.15
5358,0.0207997,False,1.3,1.4,1.35
5359,0.0241829,True,nan,nan,nan
5360,0.0295782,True,nan,nan,nan
5361,0.0193828,True,nan,nan,nan
5362,0.0201632,False,0.19999999999999998,0.3,0.25
5363,0.0259759,False,0.5,0.6,0.55
5364,0.0218875,False,1.9,2.0,1.95
5365,0.0288302,False,0.6,0.7,0.6499999999999999
5366,0.0157344,False,0.0,0.09999999999999999,0.049999999999999996
5367,0.0205964,False,0.09999999999999999,0.19999999999999998,0.15
5368,0.0213278,False,0.19999999999999998,0.3,0.25
5369,0.0275315,False,0.5,0.6,0.55
5370,0.0263305,False,0.39999999999999997,0.5,0.44999999999999996
5371,0.0197821,True,nan,nan,nan
5372,0.028482,False,0.3,0.39999999999999997,0.35
5373,0.0220235,False,0.09999999999999999,0.19999999999999998,0.15
5374,0.0199688,False,0.09999999999999999,0.19999999999999998,0.15
5375,0.0162557,False,0.19999999999999998,0.3,0.25
5376,0.0181247,True,nan,nan,nan
5377,0.0285962,False,0.3,0.39999999999999997,0.35
5378,0.027356,False,0.19999999999999998,0.3,0.25
5379,0.0245444,False,0.19999999999999998,0.3,0.25
5380,0.0254323,False,2.6999999999999997,2.8,2.75
5381,0.0151081,False,1.0,1.0999999999999999,1.0499999999999998
5382,0.0274184,False,1.3,1.4,1.35
5383,0.0206717,False,0.6,0.7,0.6499999999999999
5384,0.017182,False,3.5,3.5999999999999996,3.55
5385,0.0170938,True,nan,nan,nan
5386,0.0246987,False,2.0,2.1,2.05
5387,0.0167687,False,0.19999999999999998,0.3,0.25
5388,0.0265424,False,0.19999999999999998,0.3,0.25
5389,0.0195461,True,nan,nan,nan
5390,0.0294896,False,0.39999999999999997,0.5,0.44999999999999996
5391,0.0298062,False,0.6,0.7,0.6499999999999999
5392,0.0254039,True,nan,nan,nan
5393,0.0258771,True,nan,nan,nan
5394,0.0246708,True,nan,nan,nan
5395,0.0223361,False,0.09999999999999999,0.19999999999999998,0.15
5396,0.0295785,True,nan,nan,nan
5397,0.0229537,False,0.09999999999999999,0.19999999999999998,0.15
5398,0.0288028,False,0.3,0.39999999999999997,0.35
5399,0.0151549,True,nan,nan,nan
5400,0.0176126,True,nan,nan,nan
5401,0.0210232,True,nan,nan,nan
5402,0.0229762,False,0.19999999999999998,0.3,0.25
5403,0.0181277,False,0.7,0.7999999999999999,0.75
5404,0.0277444,False,0.39999999999999997,0.5,0.44999999999999996
5405,0.0205908,True,nan,nan,nan
5406,0.0201601,False,0.09999999999999999,0.19999999999999998,0.15
5407,0.028273,False,1.4,1.5,1.45
5408,0.0211323,False,0.09999999999999999,0.19999999999999998,0.15
5409,0.0221745,True,nan,nan,nan
5410,0.0201399,False,0.09999999999999999,0.19999999999999998,0.15
5411,0.0226841,False,0.39999999999999997,0.5,0.44999999999999996
5412,0.0272758,False,0.19999999999999998,0.3,0.25
5413,0.0288462,False,0.6,0.7,0.6499999999999999
5414,0.0239613,False,0.19999999999999998,0.3,0.25
5415,0.027449,False,0.19999999999999998,0.3,0.25
5416,0.0182737,True,nan,nan,nan
5417,0.0295208,False,0.39999999999999997,0.5,0.44999999999999996
5418,0.0196231,False,0.19999999999999998,0.3,0.25
5419,0.0247029,False,0.09999999999999999,0.19999999999999998,0.15
5420,0.0202402,False,0.09999999999999999,0.19999999999999998,0.15
5421,0.0240635,True,nan,nan,nan
5422,0.0168206,True,nan,nan,nan
5423,0.0209047,False,0.09999999999999999,0.19999999999999998,0.15
5424,0.0290264,False,2.6999999999999997,2.8,2.75
5425,0.0192886,False,0.09999999999999999,0.19999999999999998,0.15
5426,0.0288084,False,0.19999999999999998,0.3,0.25
5427,0.0194721,True,nan,nan,nan
5428,0.023305,False,0.09999999999999999,0.19999999999999998,0.15
5429,0.020857,False,0.19999999999999998,0.3,0.25
5430,0.0299039,False,0.19999999999999998,0.3,0.25
5431,0.0292772,False,1.0999999999999999,1.2,1.15
5432,0.0169028,False,0.09999999999999999,0.19999999999999998,0.15
5433,0.0173356,False,0.09999999999999999,0.19999999999999998,0.15
5434,0.020208,False,0.5,0.6,0.55
5435,0.0195146,True,nan,nan,nan
5436,0.029473,True,nan,nan,nan
5437,0.0285866,True,nan,nan,nan
5438,0.0275811,False,0.19999999999999998,0.3,0.25
5439,0.0284116,False,0.6,0.7,0.6499999999999999
5440,0.0195154,True,nan,nan,nan
5441,0.0223263,False,0.09999999999999999,0.19999999999999998,0.15
5442,0.0159051,False,0.0,0.09999999999999999,0.049999999999999996
5443,0.0190752,False,0.09999999999999999,0.19999999999999998,0.15
5444,0.0223358,False,0.19999999999999998,0.3,0.25
5445,0.0163694,False,0.09999999999999999,0.19999999999999998,0.15
5446,0.0286664,False,0.3,0.39999999999999997,0.35
5447,0.01872,True,nan,nan,nan
5448,0.0163704,False,0.19999999999999998,0.3,0.25
5449,0.018888,False,0.5,0.6,0.55
5450,0.0239979,False,0.09999999999999999,0.19999999999999998,0.15
5451,0.0277051,False,0.19999999999999998,0.3,0.25
5452,0.0242509,True,nan,nan,nan
5453,0.0163228,False,0.09999999999999999,0.19999999999999998,0.15
5454,0.0234679,False,1.5999999999999999,1.7,1.65
5455,0.0224936,False,1.0999999999999999,1.2,1.15
5456,0.0251268,True,nan,nan,nan
5457,0.0287801,False,0.3,0.39999999999999997,0.35
5458,0.0169492,True,nan,nan,nan
5459,0.0297312,False,1.0999999999999999,1.2,1.15
5460,0.0292594,True,nan,nan,nan
5461,0.0270646,True,nan,nan,nan
5462,0.0196284,True,nan,nan,nan
5463,0.0166039,True,nan,nan,nan
5464,0.0198567,True,nan,nan,nan
5465,0.0192643,False,0.19999999999999998,0.3,0.25
5466,0.0206595,False,1.0999999999999999,1.2,1.15
5467,0.0224421,False,0.19999999999999998,0.3,0.25
5468,0.0262997,True,nan,nan,nan
5469,0.0200657,True,nan,nan,nan
5470,0.0267316,False,0.3,0.39999999999999997,0.35
5471,0.0211634,False,0.5,0.6,0.55
5472,0.0237825,False,0.19999999999999998,0.3,0.25
5473,0.0265323,False,0.19999999999999998,0.3,0.25
5474,0.0277626,True,nan,nan,nan
5475,0.0216419,False,0.19999999999999998,0.3,0.25
5476,0.0258262,False,0.6,0.7,0.6499999999999999
5477,0.0286388,False,0.6,0.7,0.6499999999999999
5478,0.0289562,False,0.19999999999999998,0.3,0.25
5479,0.0233499,False,0.09999999999999999,0.19999999999999998,0.15
5480,0.0163499,False,0.0,0.09999999999999999,0.049999999999999996
5481,0.0270442,False,0.5,0.6,0.55
5482,0.0285199,True,nan,nan,nan
5483,0.0194647,True,nan,nan,nan
5484,0.0197436,False,0.09999999999999999,0.19999999999999998,0.15
5485,0.01911,False,0.3,0.39999999999999997,0.35
5486,0.0182663,False,0.3,0.39999999999999997,0.35
5487,0.0218961,True,nan,nan,nan
5488,0.0173941,True,nan,nan,nan
5489,0.0274757,True,nan,nan,nan
5490,0.0255512,False,0.8999999999999999,1.0,0.95
5491,0.0247324,False,0.3,0.39999999999999997,0.35
5492,0.026655,True,nan,nan,nan
5493,0.0246452,False,0.5,0.6,0.55
5494,0.0195724,False,0.7999999999999999,0.8999999999999999,0.8499999999999999
5495,0.0228328,False,0.09999999999999999,0.19999999999999998,0.15
5496,0.0191063,True,nan,nan,nan
5497,0.0239337,False,0.39999999999999997,0.5,0.44999999999999996
5498,0.0248778,False,0.19999999999999998,0.3,0.25
5499,0.0155331,False,0.19999999999999998,0.3,0.25
5500,0.0219385,False,0.3,0.39999999999999997,0.35
5501,0.0183053,False,0.6,0.7,0.6499999999999999
5502,0.0238928,False,0.7,0.7999999999999999,0.75
5503,0.0258905,True,nan,nan,nan
5504,0.0266735,True,nan,nan,nan
5505,0.0191089,False,0.09999999999999999,0.19999999999999998,0.15
5506,0.0278764,False,1.5999999999999999,1.7,1.65
5507,0.0206345,False,0.19999999999999998,0.3,0.25
5508,0.0167844,False,0.39999999999999997,0.5,0.44999999999999996
5509,0.0153372,False,0.0,0.09999999999999999,0.049999999999999996
5510,0.0248228,True,nan,nan,nan
5511,0.029501,False,1.7,1.7999999999999998,1.75
5512,0.0168548,False,0.0,0.09999999999999999,0.049999999999999996
5513,0.0282909,False,0.19999999999999998,0.3,0.25
5514,0.0197777,False,0.09999999999999999,0.19999999999999998,0.15
5515,0.0249491,True,nan,nan,nan
5516,0.0220773,False,0.5,0.6,0.55
5517,0.0282116,False,2.8,2.9,2.8499999999999996
5518,0.0267297,True,nan,nan,nan
5519,0.0287267,True,nan,nan,nan
5520,0.0169729,False,0.3,0.39999999999999997,0.35
5521,0.0209425,False,0.09999999999999999,0.19999999999999998,0.15
5522,0.0217121,False,0.8999999999999999,1.0,0.95
5523,0.0281871,False,0.19999999999999998,0.3,0.25
5524,0.0251021,False,0.19999999999999998,0.3,0.25
5525,0.0254906,False,0.5,0.6,0.55
5526,0.0190549,False,0.19999999999999998,0.3,0.25
5527,0.0215846,False,0.39999999999999997,0.5,0.44999999999999996
5528,0.0238403,True,nan,nan,nan
5529,0.0297234,False,0.3,0.39999999999999997,0.35
5530,0.0217464,False,0.09999999999999999,0.19999999999999998,0.15
5531,0.0275869,True,nan,nan,nan
5532,0.0202861,False,0.3,0.39999999999999997,0.35
5533,0.0294775,False,1.3,1.4,1.35
5534,0.0281997,True,nan,nan,nan
5535,0.0181831,False,0.39999999999999997,0.5,0.44999999999999996
5536,0.0294697,False,3.3,3.4,3.3499999999999996
5537,0.0221667,False,0.3,0.39999999999999997,0.35
5538,0.0175884,True,nan,nan,nan
5539,0.0163006,False,0.0,0.09999999999999999,0.049999999999999996
5540,0.0251448,True,nan,nan,nan
5541,0.0289132,True,nan,nan,nan
5542,0.0152612,False,0.09999999999999999,0.19999999999999998,0.15
5543,0.018097,True,nan,nan,nan
5544,0.028968,True,nan,nan,nan
5545,0.0227506,False,0.7,0.7999999999999999,0.75
5546,0.0200088,True,nan,nan,nan
5547,0.0171367,False,0.0,0.09999999999999999,0.049999999999999996
5548,0.0230358,True,nan,nan,nan
5549,0.0228748,True,nan,nan,nan
5550,0.0287436,True,nan,nan,nan
5551,0.0164674,True,nan,nan,nan
5552,0.0272613,True,nan,nan,nan
5553,0.0182381,False,3.5,3.5999999999999996,3.55
5554,0.0199781,False,0.09999999999999999,0.19999999999999998,0.15
5555,0.0250321,True,nan,nan,nan
5556,0.0258979,False,0.3,0.39999999999999997,0.35
5557,0.015643,True,nan,nan,nan
5558,0.026374,False,0.3,0.39999999999999997,0.35
5559,0.0181136,False,0.09999999999999999,0.19999999999999998,0.15
5560,0.0264329,True,nan,nan,nan
5561,0.0211025,False,0.8999999999999999,1.0,0.95
5562,0.0168775,True,nan,nan,nan
5563,0.023039,False,0.09999999999999999,0.19999999999999998,0.15
5564,0.0203687,False,0.09999999999999999,0.19999999999999998,0.15
5565,0.0216961,False,0.19999999999999998,0.3,0.25
5566,0.0233579,False,0.19999999999999998,0.3,0.25
5567,0.0157296,True,nan,nan,nan
5568,0.0173569,False,3.5,3.5999999999999996,3.55
5569,0.0196766,True,nan,nan,nan
5570,0.0262739,False,0.19999999999999998,0.3,0.25
5571,0.0171472,True,nan,nan,nan
5572,0.0298413,True,nan,nan,nan
5573,0.0204846,True,nan,nan,nan
5574,0.0158056,True,nan,nan,nan
5575,0.0293074,False,1.4,1.5,1.45
5576,0.0180073,False,0.7,0.7999999999999999,0.75
5577,0.0252007,False,0.19999999999999998,0.3,0.25
5578,0.0171916,False,0.0,0.09999999999999999,0.049999999999999996
5579,0.0282058,False,0.3,0.39999999999999997,0.35
5580,0.023309,False,0.19999999999999998,0.3,0.25
5581,0.025136,False,1.2,1.3,1.25
5582,0.0244627,False,1.5,1.5999999999999999,1.5499999999999998
5583,0.0292031,False,0.7999999999999999,0.8999999999999999,0.8499999999999999
5584,0.0212289,False,0.09999999999999999,0.19999999999999998,0.15
5585,0.0239412,False,0.7,0.7999999999999999,0.75
5586,0.0206341,False,0.19999999999999998,0.3,0.25
5587,0.0213718,True,nan,nan,nan
5588,0.0212869,True,nan,nan,nan
5589,0.0178829,False,0.19999999999999998,0.3,0.25
5590,0.0204364,False,0.7999999999999999,0.8999999999999999,0.8499999999999999
5591,0.0270427,False,0.3,0.39999999999999997,0.35
5592,0.026897,True,nan,nan,nan
5593,0.0271159,False,0.39999999999999997,0.5,0.44999999999999996
5594,0.0212981,False,0.09999999999999999,0.19999999999999998,0.15
5595,0.0208136,False,0.6,0.7,0.6499999999999999
5596,0.0198042,False,0.09999999999999999,0.19999999999999998,0.15
5597,0.023084,True,nan,nan,nan
5598,0.0203323,False,0.39999999999999997,0.5,0.44999999999999996
5599,0.0248288,True,nan,nan,nan
5600,0.025346,True,nan,nan,nan
5601,0.0225607,True,nan,nan,nan
5602,0.026665,True,nan,nan,nan
5603,0.0272266,True,nan,nan,nan
5604,0.0193011,False,0.09999999999999999,0.19999999999999998,0.15
5605,0.0265114,False,0.39999999999999997,0.5,0.44999999999999996
5606,0.0228545,False,0.6,0.7,0.6499999999999999
5607,0.0283185,True,nan,nan,nan
5608,0.0271008,True,nan,nan,nan
5609,0.0278251,False,0.19999999999999998,0.3,0.25
5610,0.023591,False,0.19999999999999998,0.3,0.25
5611,0.0178745,True,nan,nan,nan
5612,0.0155745,False,0.09999999999999999,0.19999999999999998,0.15
5613,0.0276528,False,0.3,0.39999999999999997,0.35
5614,0.0272758,True,nan,nan,nan
5615,0.026242,False,0.5,0.6,0.55
5616,0.0275228,False,0.7999999999999999,0.8999999999999999,0.8499999999999999
5617,0.0249778,False,0.19999999999999998,0.3,0.25
5618,0.0255449,False,0.6,0.7,0.6499999999999999
5619,0.0173979,False,0.09999999999999999,0.19999999999999998,0.15
5620,0.0291208,True,nan,nan,nan
5621,0.0256319,True,nan,nan,nan
5622,0.0163778,True,nan,nan,nan
5623,0.0246365,False,0.19999999999999998,0.3,0.25
5624,0.019617,False,0.3,0.39999999999999997,0.35
5625,0.0226152,False,0.19999999999999998,0.3,0.25
5626,0.0284728,True,nan,nan,nan
5627,0.0232294,False,0.19999999999999998,0.3,0.25
5628,0.0222029,False,0.09999999999999999,0.19999999999999998,0.15
5629,0.0278241,True,nan,nan,nan
5630,0.0246042,False,0.19999999999999998,0.3,0.25
5631,0.0158351,True,nan,nan,nan
5632,0.0243772,False,0.3,0.39999999999999997,0.35
5633,0.0198381,False,0.7999999999999999,0.8999999999999999,0.8499999999999999
5634,0.0258988,False,0.3,0.39999999999999997,0.35
5635,0.0160802,False,0.09999999999999999,0.19999999999999998,0.15
5636,0.0169159,False,0.0,0.09999999999999999,0.049999999999999996
5637,0.0270524,False,1.3,1.4,1.35
5638,0.0209614,False,0.09999999999999999,0.19999999999999998,0.15
5639,0.0152543,False,0.09999999999999999,0.19999999999999998,0.15
5640,0.022274,True,nan,nan,nan
5641,0.0243759,True,nan,nan,nan
5642,0.0220862,False,0.09999999999999999,0.19999999999999998,0.15
5643,0.02162,False,0.09999999999999999,0.19999999999999998,0.15
5644,0.0181368,True,nan,nan,nan
5645,0.0260727,True,nan,nan,nan
5646,0.0163859,False,0.3,0.39999999999999997,0.35
5647,0.0236279,False,0.19999999999999998,0.3,0.25
5648,0.0288687,True,nan,nan,nan
5649,0.0221318,True,nan,nan,nan
5650,0.0280568,True,nan,nan,nan
5651,0.0232064,True,nan,nan,nan
5652,0.0223276,True,nan,nan,nan
5653,0.0255384,True,nan,nan,nan
5654,0.0165262,False,0.6,0.7,0.6499999999999999
5655,0.0275614,False,0.19999999999999998,0.3,0.25
5656,0.0219416,True,nan,nan,nan
5657,0.0171635,False,0.09999999999999999,0.19999999999999998,0.15
5658,0.0287787,False,0.3,0.39999999999999997,0.35
5659,0.0279435,False,0.19999999999999998,0.3,0.25
5660,0.0169939,False,0.5,0.6,0.55
5661,0.0166728,False,0.0,0.09999999999999999,0.049999999999999996
5662,0.0195147,True,nan,nan,nan
5663,0.0199062,True,nan,nan,nan
5664,0.0206221,True,nan,nan,nan
5665,0.0253218,True,nan,nan,nan
5666,0.0224468,True,nan,nan,nan
5667,0.0197278,True,nan,nan,nan
5668,0.0191076,False,0.3,0.39999999999999997,0.35
5669,0.0169393,True,nan,nan,nan
5670,0.0236567,False,0.09999999999999999,0.19999999999999998,0.15
5671,0.0175077,False,0.09999999999999999,0.19999999999999998,0.15
5672,0.0177347,False,0.09999999999999999,0.19999999999999998,0.15
5673,0.018203,False,0.0,0.09999999999999999,0.049999999999999996
5674,0.0213069,False,0.19999999999999998,0.3,0.25
5675,0.0244629,True,nan,nan,nan
5676,0.0157117,False,0.39999999999999997,0.5,0.44999999999999996
5677,0.024692,False,0.5,0.6,0.55
5678,0.0267047,True,nan,nan,nan
5679,0.0282848,True,nan,nan,nan
5680,0.0286321,False,0.5,0.6,0.55
5681,0.0168165,False,0.09999999999999999,0.19999999999999998,0.15
5682,0.0192037,True,nan,nan,nan
5683,0.0238649,True,nan,nan,nan
5684,0.0164179,False,0.19999999999999998,0.3,0.25
5685,0.0166749,False,0.19999999999999998,0.3,0.25
5686,0.0152063,True,nan,nan,nan
5687,0.0161608,False,0.19999999999999998,0.3,0.25
5688,0.0288862,False,0.6,0.7,0.6499999999999999
5689,0.0204957,False,0.7,0.7999999999999999,0.75
5690,0.0256198,True,nan,nan,nan
5691,0.0219064,False,0.3,0.39999999999999997,0.35
5692,0.0193555,True,nan,nan,nan
5693,0.0223515,True,nan,nan,nan
5694,0.027271,True,nan,nan,nan
5695,0.0171596,False,0.09999999999999999,0.19999999999999998,0.15
5696,0.0161083,False,0.09999999999999999,0.19999999999999998,0.15
5697,0.0269046,True,nan,nan,nan
5698,0.0261258,False,0.19999999999999998,0.3,0.25
5699,0.0162945,True,nan,nan,nan
5700,0.0218457,False,1.3,1.4,1.35
5701,0.0269049,True,nan,nan,nan
5702,0.0191588,False,0.19999999999999998,0.3,0.25
5703,0.0186483,False,0.8999999999999999,1.0,0.95
5704,0.0233306,False,0.09999999999999999,0.19999999999999998,0.15
5705,0.0274908,False,0.3,0.39999999999999997,0.35
5706,0.0266628,True,nan,nan,nan
5707,0.0184527,False,0.0,0.09999999999999999,0.049999999999999996
5708,0.0231257,False,0.19999999999999998,0.3,0.25
5709,0.0197289,False,0.09999999999999999,0.19999999999999998,0.15
5710,0.029132,False,0.7999999999999999,0.8999999999999999,0.8499999999999999
5711,0.0184986,True,nan,nan,nan
5712,0.0184168,False,0.09999999999999999,0.19999999999999998,0.15
5713,0.0221171,False,0.09999999999999999,0.19999999999999998,0.15
5714,0.0156593,True,nan,nan,nan
5715,0.0243291,False,0.39999999999999997,0.5,0.44999999999999996
5716,0.0256064,True,nan,nan,nan
5717,0.0256105,True,nan,nan,nan
5718,0.0186317,True,nan,nan,nan
5719,0.0161312,False,0.0,0.09999999999999999,0.049999999999999996
5720,0.0229347,False,0.09999999999999999,0.19999999999999998,0.15
5721,0.0234553,False,0.09999999999999999,0.19999999999999998,0.15
5722,0.027859,True,nan,nan,nan
5723,0.017362,True,nan,nan,nan
5724,0.0285365,True,nan,nan,nan
5725,0.0284324,True,nan,nan,nan
5726,0.0188404,False,0.09999999999999999,0.19999999999999998,0.15
5727,0.016065,True,nan,nan,nan
5728,0.0192709,True,nan,nan,nan
5729,0.0290253,False,0.7,0.7999999999999999,0.75
5730,0.0201287,False,0.19999999999999998,0.3,0.25
5731,0.020538,True,nan,nan,nan
5732,0.0267929,True,nan,nan,nan
5733,0.0284922,True,nan,nan,nan
5734,0.0262194,True,nan,nan,nan
5735,0.0257898,False,0.19999999999999998,0.3,0.25
5736,0.0265225,False,0.6,0.7,0.6499999999999999
5737,0.0248618,False,0.09999999999999999,0.19999999999999998,0.15
5738,0.0241847,False,0.7999999999999999,0.8999999999999999,0.8499999999999999
5739,0.0202799,False,0.3,0.39999999999999997,0.35
5740,0.0265098,False,0.6,0.7,0.6499999999999999
5741,0.0151956,False,0.3,0.39999999999999997,0.35
5742,0.0264365,True,nan,nan,nan
5743,0.0167487,False,0.0,0.09999999999999999,0.049999999999999996
5744,0.0263553,True,nan,nan,nan
5745,0.0180538,True,nan,nan,nan
5746,0.0179959,False,0.09999999999999999,0.19999999999999998,0.15
5747,0.0174789,False,0.09999999999999999,0.19999999999999998,0.15
5748,0.0252706,False,0.5,0.6,0.55
5749,0.0207837,False,0.19999999999999998,0.3,0.25
5750,0.0206181,False,0.39999999999999997,0.5,0.44999999999999996
5751,0.029708,True,nan,nan,nan
5752,0.0290517,False,0.19999999999999998,0.3,0.25
5753,0.0245798,False,0.19999999999999998,0.3,0.25
5754,0.0273713,False,0.5,0.6,0.55
5755,0.0175522,False,0.0,0.09999999999999999,0.049999999999999996
5756,0.0209583,False,0.19999999999999998,0.3,0.25
5757,0.0166926,False,0.19999999999999998,0.3,0.25
5758,0.0257531,False,0.19999999999999998,0.3,0.25
5759,0.0168155,True,nan,nan,nan
5760,0.0170872,False,0.5,0.6,0.55
5761,0.0228276,False,0.09999999999999999,0.19999999999999998,0.15
5762,0.0178137,False,0.09999999999999999,0.19999999999999998,0.15
5763,0.0160541,True,nan,nan,nan
5764,0.0285934,False,0.39999999999999997,0.5,0.44999999999999996
5765,0.0160169,True,nan,nan,nan
5766,0.0247691,True,nan,nan,nan
5767,0.0197215,False,0.7,0.7999999999999999,0.75
5768,0.0282224,True,nan,nan,nan
5769,0.0238235,False,0.3,0.39999999999999997,0.35
5770,0.0255438,True,nan,nan,nan
5771,0.0191492,True,nan,nan,nan
5772,0.0163072,False,1.4,1.5,1.45
5773,0.0227476,False,0.09999999999999999,0.19999999999999998,0.15
5774,0.0227317,False,0.19999999999999998,0.3,0.25
5775,0.0223455,True,nan,nan,nan
5776,0.0157672,False,0.09999999999999999,0.19999999999999998,0.15
5777,0.0165117,False,0.09999999999999999,0.19999999999999998,0.15
5778,0.0196333,False,0.09999999999999999,0.19999999999999998,0.15
5779,0.0243244,True,nan,nan,nan
5780,0.0202017,True,nan,nan,nan
5781,0.0293824,True,nan,nan,nan
5782,0.0204655,False,0.19999999999999998,0.3,0.25
5783,0.0220607,True,nan,nan,nan
5784,0.0297778,True,nan,nan,nan
5785,0.0272656,False,0.3,0.39999999999999997,0.35
5786,0.0263979,True,nan,nan,nan
5787,0.0233046,False,0.09999999999999999,0.19999999999999998,0.15
5788,0.0293751,True,nan,nan,nan
5789,0.0196172,False,0.3,0.39999999999999997,0.35
5790,0.0261749,True,nan,nan,nan
5791,0.0232963,False,0.39999999999999997,0.5,0.44999999999999996
5792,0.0268898,True,nan,nan,nan
5793,0.0279518,False,0.19999999999999998,0.3,0.25
5794,0.0155787,False,0.09999999999999999,0.19999999999999998,0.15
5795,0.0278964,False,0.19999999999999998,0.3,0.25
5796,0.0293616,False,0.39999999999999997,0.5,0.44999999999999996
5797,0.0171829,False,0.09999999999999999,0.19999999999999998,0.15
5798,0.0204285,True,nan,nan,nan
5799,0.0208808,True,nan,nan,nan
5800,0.0191593,False,0.09999999999999999,0.19999999999999998,0.15
5801,0.0255904,False,0.3,0.39999999999999997,0.35
5802,0.0268605,True,nan,nan,nan
5803,0.0215517,False,0.09999999999999999,0.19999999999999998,0.15
5804,0.0212771,False,0.09999999999999999,0.19999999999999998,0.15
5805,0.0285978,False,1.2,1.3,1.25
5806,0.0173016,False,0.09999999999999999,0.19999999999999998,0.15
5807,0.0233689,False,0.3,0.39999999999999997,0.35
5808,0.0183948,True,nan,nan,nan
5809,0.0242661,True,nan,nan,nan
5810,0.0164327,True,nan,nan,nan
5811,0.0195026,True,nan,nan,nan
5812,0.0183478,True,nan,nan,nan
5813,0.0245478,False,0.39999999999999997,0.5,0.44999999999999996
5814,0.0202318,True,nan,nan,nan
5815,0.0245042,True,nan,nan,nan
5816,0.0154414,False,0.39999999999999997,0.5,0.44999999999999996
5817,0.0275475,True,nan,nan,nan
5818,0.0224225,False,0.19999999999999998,0.3,0.25
5819,0.0223149,False,0.09999999999999999,0.19999999999999998,0.15
5820,0.0182191,False,0.19999999999999998,0.3,0.25
5821,0.0258277,True,nan,nan,nan
5822,0.0184713,False,0.09999999999999999,0.19999999999999998,0.15
5823,0.0170966,True,nan,nan,nan
5824,0.0172493,False,0.09999999999999999,0.19999999999999998,0.15
5825,0.0278559,True,nan,nan,nan
5826,0.0191792,False,0.19999999999999998,0.3,0.25
5827,0.0183691,False,0.0,0.09999999999999999,0.049999999999999996
5828,0.020665,False,0.6,0.7,0.6499999999999999
5829,0.0271733,False,0.19999999999999998,0.3,0.25
5830,0.017948,False,0.19999999999999998,0.3,0.25
5831,0.0247621,False,0.19999999999999998,0.3,0.25
5832,0.0196635,True,nan,nan,nan
5833,0.0183407,False,0.19999999999999998,0.3,0.25
5834,0.0175053,True,nan,nan,nan
5835,0.024224,False,0.19999999999999998,0.3,0.25
5836,0.0154583,False,0.7,0.7999999999999999,0.75
5837,0.0256036,False,0.39999999999999997,0.5,0.44999999999999996
5838,0.0239028,True,nan,nan,nan
5839,0.0277493,False,0.19999999999999998,0.3,0.25
5840,0.0169586,False,0.09999999999999999,0.19999999999999998,0.15
5841,0.0266092,True,nan,nan,nan
5842,0.0253332,True,nan,nan,nan
5843,0.0152651,False,0.09999999999999999,0.19999999999999998,0.15
5844,0.0155766,False,1.7,1.7999999999999998,1.75
5845,0.0186986,False,0.09999999999999999,0.19999999999999998,0.15
5846,0.0211853,False,0.19999999999999998,0.3,0.25
5847,0.0290081,False,0.3,0.39999999999999997,0.35
5848,0.0294691,True,nan,nan,nan
5849,0.0192975,False,0.09999999999999999,0.19999999999999998,0.15
5850,0.0292951,False,0.19999999999999998,0.3,0.25
5851,0.0200893,False,0.19999999999999998,0.3,0.25
5852,0.0280498,True,nan,nan,nan
5853,0.0188052,True,nan,nan,nan
5854,0.015102,False,0.0,0.09999999999999999,0.049999999999999996
5855,0.0254498,False,0.19999999999999998,0.3,0.25
5856,0.0263512,False,0.5,0.6,0.55
5857,0.015717,False,0.0,0.09999999999999999,0.049999999999999996
5858,0.0168296,True,nan,nan,nan
5859,0.0290058,False,0.3,0.39999999999999997,0.35
5860,0.0276929,True,nan,nan,nan
5861,0.0250513,False,0.19999999999999998,0.3,0.25
5862,0.0296021,True,nan,nan,nan
5863,0.0183268,True,nan,nan,nan
5864,0.020905,False,0.19999999999999998,0.3,0.25
5865,0.0295895,False,0.5,0.6,0.55
5866,0.0190459,False,0.09999999999999999,0.19999999999999998,0.15
5867,0.0253014,True,nan,nan,nan
5868,0.0228075,False,0.09999999999999999,0.19999999999999998,0.15
5869,0.0264493,False,0.39999999999999997,0.5,0.44999999999999996
5870,0.0190595,True,nan,nan,nan
5871,0.0279689,True,nan,nan,nan
5872,0.0243939,False,0.3,0.39999999999999997,0.35
5873,0.0150776,True,nan,nan,nan
5874,0.0269695,False,0.19999999999999998,0.3,0.25
5875,0.0212965,True,nan,nan,nan
5876,0.018467,False,0.3,0.39999999999999997,0.35
5877,0.0174201,True,nan,nan,nan
5878,0.017127,False,0.09999999999999999,0.19999999999999998,0.15
5879,0.0298837,True,nan,nan,nan
5880,0.0246587,True,nan,nan,nan
5881,0.022018,False,0.09999999999999999,0.19999999999999998,0.15
5882,0.0266583,True,nan,nan,nan
5883,0.0223913,False,0.19999999999999998,0.3,0.25
5884,0.0219918,True,nan,nan,nan
5885,0.020086,False,0.3,0.39999999999999997,0.35
5886,0.0249099,False,0.6,0.7,0.6499999999999999
5887,0.0221202,False,0.19999999999999998,0.3,0.25
5888,0.0293134,False,0.3,0.39999999999999997,0.35
5889,0.0155232,True,nan,nan,nan
5890,0.0237725,False,1.3,1.4,1.35
5891,0.0162525,True,nan,nan,nan
5892,0.0198619,False,0.09999999999999999,0.19999999999999998,0.15
5893,0.0160388,False,0.0,0.09999999999999999,0.049999999999999996
5894,0.0295,True,nan,nan,nan
5895,0.0220559,False,0.09999999999999999,0.19999999999999998,0.15
5896,0.0256987,True,nan,nan,nan
5897,0.0160678,False,0.0,0.09999999999999999,0.049999999999999996
5898,0.0221719,True,nan,nan,nan
5899,0.0162989,True,nan,nan,nan
5900,0.0248163,False,1.0,1.0999999999999999,1.0499999999999998
5901,0.0276403,False,0.5,0.6,0.55
5902,0.0196881,True,nan,nan,nan
5903,0.0287873,True,nan,nan,nan
5904,0.0159947,False,0.19999999999999998,0.3,0.25
5905,0.0174707,True,nan,nan,nan
5906,0.019709,False,0.19999999999999998,0.3,0.25
5907,0.0232243,True,nan,nan,nan
5908,0.0247503,False,0.3,0.39999999999999997,0.35
5909,0.0192043,False,0.3,0.39999999999999997,0.35
5910,0.0257509,True,nan,nan,nan
5911,0.0203629,False,0.09999999999999999,0.19999999999999998,0.15
5912,0.0156048,False,0.09999999999999999,0.19999999999999998,0.15
5913,0.025983,True,nan,nan,nan
5914,0.0221892,False,0.19999999999999998,0.3,0.25
5915,0.0198059,False,0.09999999999999999,0.19999999999999998,0.15
5916,0.0201626,True,nan,nan,nan
5917,0.0293103,True,nan,nan,nan
5918,0.0294183,True,nan,nan,nan
5919,0.01557,True,nan,nan,nan
5920,0.0291646,True,nan,nan,nan
5921,0.028086,True,nan,nan,nan
5922,0.0275808,True,nan,nan,nan
5923,0.0180364,True,nan,nan,nan
5924,0.0170382,False,0.09999999999999999,0.19999999999999998,0.15
5925,0.0270135,True,nan,nan,nan
5926,0.0197371,False,0.09999999999999999,0.19999999999999998,0.15
5927,0.0152984,False,1.5999999999999999,1.7,1.65
5928,0.0266905,True,nan,nan,nan
5929,0.0217116,False,0.19999999999999998,0.3,0.25
5930,0.0224126,False,0.39999999999999997,0.5,0.44999999999999996
5931,0.0268777,True,nan,nan,nan
5932,0.0169047,True,nan,nan,nan
5933,0.0212142,False,1.7,1.7999999999999998,1.75
5934,0.0198612,False,0.09999999999999999,0.19999999999999998,0.15
5935,0.027484,True,nan,nan,nan
5936,0.0191053,False,0.09999999999999999,0.19999999999999998,0.15
5937,0.0281725,False,0.19999999999999998,0.3,0.25
5938,0.0163446,False,0.19999999999999998,0.3,0.25
5939,0.0255012,False,1.0999999999999999,1.2,1.15
5940,0.0251,False,0.19999999999999998,0.3,0.25
5941,0.0210198,False,0.09999999999999999,0.19999999999999998,0.15
5942,0.022328,False,0.3,0.39999999999999997,0.35
5943,0.022193,False,0.19999999999999998,0.3,0.25
5944,0.028396,False,1.2,1.3,1.25
5945,0.0176459,False,0.09999999999999999,0.19999999999999998,0.15
5946,0.0212859,False,0.09999999999999999,0.19999999999999998,0.15
5947,0.0208293,True,nan,nan,nan
5948,0.0194353,True,nan,nan,nan
5949,0.0192012,False,0.19999999999999998,0.3,0.25
5950,0.0272485,True,nan,nan,nan
5951,0.0212898,False,0.3,0.39999999999999997,0.35
5952,0.0226728,True,nan,nan,nan
5953,0.0178915,False,0.09999999999999999,0.19999999999999998,0.15
5954,0.0172903,True,nan,nan,nan
5955,0.0225028,False,0.09999999999999999,0.19999999999999998,0.15
5956,0.0252092,False,1.0,1.0999999999999999,1.0499999999999998
5957,0.0284535,False,0.19999999999999998,0.3,0.25
5958,0.0174023,False,0.09999999999999999,0.19999999999999998,0.15
5959,0.0227086,True,nan,nan,nan
5960,0.029535,False,0.19999999999999998,0.3,0.25
5961,0.0209006,False,0.09999999999999999,0.19999999999999998,0.15
5962,0.0172087,False,0.39999999999999997,0.5,0.44999999999999996
5963,0.0278668,False,0.7999999999999999,0.8999999999999999,0.8499999999999999
5964,0.0225601,False,0.19999999999999998,0.3,0.25
5965,0.0277365,True,nan,nan,nan
5966,0.0271535,False,0.19999999999999998,0.3,0.25
5967,0.0185335,False,0.5,0.6,0.55
5968,0.0279521,True,nan,nan,nan
5969,0.02617,False,0.3,0.39999999999999997,0.35
5970,0.0183129,False,0.09999999999999999,0.19999999999999998,0.15
5971,0.0273147,False,0.39999999999999997,0.5,0.44999999999999996
5972,0.0230471,False,0.19999999999999998,0.3,0.25
5973,0.020366,True,nan,nan,nan
5974,0.0157004,True,nan,nan,nan
5975,0.0208906,False,0.09999999999999999,0.19999999999999998,0.15
5976,0.0191797,True,nan,nan,nan
5977,0.0230467,True,nan,nan,nan
5978,0.0159076,False,0.09999999999999999,0.19999999999999998,0.15
5979,0.0158938,False,0.0,0.09999999999999999,0.049999999999999996
5980,0.0249611,True,nan,nan,nan
5981,0.0180593,False,0.09999999999999999,0.19999999999999998,0.15
5982,0.0245623,False,0.19999999999999998,0.3,0.25
5983,0.017295,False,0.0,0.09999999999999999,0.049999999999999996
5984,0.0283197,False,0.6,0.7,0.6499999999999999
5985,0.0283133,True,nan,nan,nan
5986,0.0249676,False,0.09999999999999999,0.19999999999999998,0.15
5987,0.0157962,False,0.0,0.09999999999999999,0.049999999999999996
5988,0.0233596,True,nan,nan,nan
5989,0.026421,True,nan,nan,nan
5990,0.0273623,False,0.5,0.6,0.55
5991,0.0187202,True,nan,nan,nan
5992,0.0174357,False,0.3,0.39999999999999997,0.35
5993,0.0204366,False,0.09999999999999999,0.19999999999999998,0.15
5994,0.0257222,False,0.19999999999999998,0.3,0.25
5995,0.0239339,False,0.39999999999999997,0.5,0.44999999999999996
5996,0.0265558,False,0.19999999999999998,0.3,0.25
5997,0.0191088,False,0.3,0.39999999999999997,0.35
5998,0.0254635,False,0.3,0.39999999999999997,0.35
5999,0.0216812,False,0.09999999999999999,0.19999999999999998,0.15
6000,0.0246412,True,nan,nan,nan
6001,0.0268711,True,nan,nan,nan
6002,0.016078,False,0.0,0.09999999999999999,0.049999999999999996
6003,0.0298738,False,0.3,0.39999999999999997,0.35
6004,0.0279295,False,0.7,0.7999999999999999,0.75
6005,0.0294722,True,nan,nan,nan
6006,0.0221978,False,0.19999999999999998,0.3,0.25
6007,0.0238422,True,nan,nan,nan
6008,0.0229958,True,nan,nan,nan
6009,0.0209094,True,nan,nan,nan
6010,0.0195869,False,0.19999999999999998,0.3,0.25
6011,0.0229506,False,0.09999999999999999,0.19999999999999998,0.15
6012,0.0260114,False,0.19999999999999998,0.3,0.25
6013,0.0262612,True,nan,nan,nan
6014,0.016748,False,0.19999999999999998,0.3,0.25
6015,0.0157056,False,0.09999999999999999,0.19999999999999998,0.15
6016,0.0272719,True,nan,nan,nan
6017,0.028557,True,nan,nan,nan
6018,0.0216329,False,0.09999999999999999,0.19999999999999998,0.15
6019,0.0294025,False,0.6,0.7,0.6499999999999999
6020,0.0199722,False,0.09999999999999999,0.19999999999999998,0.15
6021,0.0225521,True,nan,nan,nan
6022,0.0226124,True,nan,nan,nan
6023,0.0211475,True,nan,nan,nan
6024,0.0221005,False,0.3,0.39999999999999997,0.35
6025,0.0181676,False,0.19999999999999998,0.3,0.25
6026,0.0164249,False,0.09999999999999999,0.19999999999999998,0.15
6027,0.0163851,True,nan,nan,nan
6028,0.0196163,True,nan,nan,nan
6029,0.0240433,True,nan,nan,nan
6030,0.0260635,False,0.19999999999999998,0.3,0.25
6031,0.0280081,False,0.19999999999999998,0.3,0.25
6032,0.0158501,False,0.0,0.09999999999999999,0.049999999999999996
6033,0.0253226,True,nan,nan,nan
6034,0.0206921,True,nan,nan,nan
6035,0.0175844,True,nan,nan,nan
6036,0.0172033,False,0.09999999999999999,0.19999999999999998,0.15
6037,0.0241926,True,nan,nan,nan
6038,0.0165246,False,0.09999999999999999,0.19999999999999998,0.15
6039,0.0197753,False,0.09999999999999999,0.19999999999999998,0.15
6040,0.016316,False,0.0,0.09999999999999999,0.049999999999999996
6041,0.0219551,True,nan,nan,nan
6042,0.021214,False,0.39999999999999997,0.5,0.44999999999999996
6043,0.0173716,True,nan,nan,nan
6044,0.0279646,False,0.3,0.39999999999999997,0.35
6045,0.0278684,False,0.19999999999999998,0.3,0.25
6046,0.0181002,True,nan,nan,nan
6047,0.0214384,False,0.3,0.39999999999999997,0.35
6048,0.0155277,False,0.09999999999999999,0.19999999999999998,0.15
6049,0.0182127,False,0.0,0.09999999999999999,0.049999999999999996
6050,0.0267625,False,0.19999999999999998,0.3,0.25
6051,0.022513,True,nan,nan,nan
6052,0.0226724,False,0.19999999999999998,0.3,0.25
6053,0.0218996,False,0.7999999999999999,0.8999999999999999,0.8499999999999999
6054,0.0287555,True,nan,nan,nan
6055,0.0226615,False,0.09999999999999999,0.19999999999999998,0.15
6056,0.0293032,False,0.5,0.6,0.55
6057,0.0213876,False,0.09999999999999999,0.19999999999999998,0.15
6058,0.0287507,True,nan,nan,nan
6059,0.0242965,False,0.19999999999999998,0.3,0.25
6060,0.025498,False,0.6,0.7,0.6499999999999999
6061,0.0185835,False,0.09999999999999999,0.19999999999999998,0.15
6062,0.0244354,False,0.39999999999999997,0.5,0.44999999999999996
6063,0.0256567,True,nan,nan,nan
6064,0.028942,False,0.39999999999999997,0.5,0.44999999999999996
6065,0.02617,True,nan,nan,nan
6066,0.0226292,False,0.7,0.7999999999999999,0.75
6067,0.0207306,True,nan,nan,nan
6068,0.0279893,False,0.3,0.39999999999999997,0.35
6069,0.0254529,False,0.7999999999999999,0.8999999999999999,0.8499999999999999
6070,0.0263161,False,0.6,0.7,0.6499999999999999
6071,0.0297622,True,nan,nan,nan
6072,0.0175448,False,0.09999999999999999,0.19999999999999998,0.15
6073,0.0297194,False,0.5,0.6,0.55
6074,0.0283563,True,nan,nan,nan
6075,0.0193026,True,nan,nan,nan
6076,0.0265427,False,0.7,0.7999999999999999,0.75
6077,0.0215424,False,1.5999999999999999,1.7,1.65
6078,0.0274675,False,1.4,1.5,1.45
6079,0.016267,False,0.09999999999999999,0.19999999999999998,0.15
6080,0.0250208,False,0.19999999999999998,0.3,0.25
6081,0.0162001,False,0.0,0.09999999999999999,0.049999999999999996
6082,0.0184373,False,0.3,0.39999999999999997,0.35
6083,0.0281672,False,1.0,1.0999999999999999,1.0499999999999998
6084,0.020847,False,0.09999999999999999,0.19999999999999998,0.15
6085,0.020042,False,0.09999999999999999,0.19999999999999998,0.15
6086,0.02479,True,nan,nan,nan
6087,0.0156817,False,0.19999999999999998,0.3,0.25
6088,0.0216078,False,0.19999999999999998,0.3,0.25
6089,0.0224283,False,0.19999999999999998,0.3,0.25
6090,0.0223225,False,0.09999999999999999,0.19999999999999998,0.15
6091,0.0197738,False,0.09999999999999999,0.19999999999999998,0.15
6092,0.0238146,False,0.39999999999999997,0.5,0.44999999999999996
6093,0.0283422,False,0.3,0.39999999999999997,0.35
6094,0.0160086,True,nan,nan,nan
6095,0.0247581,True,nan,nan,nan
6096,0.0235714,False,0.19999999999999998,0.3,0.25
6097,0.0271961,False,0.8999999999999999,1.0,0.95
6098,0.0255238,False,0.19999999999999998,0.3,0.25
6099,0.015175,True,nan,nan,nan
6100,0.0263818,True,nan,nan,nan
6101,0.0247039,True,nan,nan,nan
6102,0.0235588,True,nan,nan,nan
6103,0.0285903,False,1.0999999999999999,1.2,1.15
6104,0.0178289,True,nan,nan,nan
