{
  "case_name": "paper2_local_damage_slab_x012_018_df0p1_n15000_seed906_explicit",
  "status": "segment_10k_to_50k_completed",
  "mpi_processes": 4,
  "segment_start_step": 10000,
  "segment_end_step": 50000,
  "segment_steps": 40000,
  "physical_time_at_50k_s": 0.0005,
  "wall_time_s": 297.7,
  "atoms_total": 25000,
  "debris_atoms_t0": 15000,
  "debris_atoms_t10000": 15000,
  "debris_atoms_t50000": 15000,
  "kinetic_energy_max_segment": 6.8327721e-06,
  "kinetic_energy_final": 1.8440613e-06,
  "neighbor_list_builds_segment": 27,
  "dangerous_builds_segment": 0,
  "btc_approx_x_ge_L": 0,
  "x_mean_over_L_0": 0.3327864712592593,
  "x_mean_over_L_50000": 0.3329083325925926,
  "x_q90_over_L_50000": 0.3858402222222223,
  "x_q99_over_L_50000": 0.3987778222222222,
  "type2_dx_mean_m": 5.4837600000000064e-06,
  "type2_dx_q99_m": 0.00020930799999999925,
  "type2_dx_min_m": -0.0019885000000000007,
  "type2_dx_max_m": 0.003873399999999999,
  "type2_vx_mean_m_s": 0.014708348224999997,
  "type2_vx_q95_m_s": 0.0147072,
  "type2_vx_max_m_s": 5.43913,
  "interpretation": "The explicit localized release remains numerically stable through 50000 steps with no outlet breakthrough. The debris cloud remains localized in the internal source zone over this early 5e-4 s window."
}
