{
  "summary": {
    "frame_count": 40,
    "final_step": 1990000,
    "final_time_s": 0.01,
    "final_xmax_over_L": 0.9945955555555556,
    "final_x99_over_L": 0.4201562666666665,
    "final_source_fraction": 0.8945,
    "final_outlet_fraction": 0.0,
    "early_xmax_slope_L_per_s": 562.8200542005418,
    "late_xmax_slope_L_per_s": -1.9741592166877258,
    "front_slowdown_ratio_late_over_early": -0.0035076206008542495,
    "late_x99_slope_L_per_s": 2.1057645806723917,
    "late_source_loss_rate_per_s": 11.600255427840416,
    "late_downstream_growth_rate_per_s": 11.558748403574896,
    "front_near_saturation": true,
    "bulk_still_retained": true,
    "breakthrough_observed": false,
    "claim_boundary": "Saturation metrics quantify slowing of the maximum front and continued bulk retention; they do not replace the outlet-crossing criterion for breakthrough."
  },
  "windows": [
    {
      "window": "all",
      "frame_count": 40,
      "start_step": 20000,
      "end_step": 1990000,
      "start_time_s": 0.00015,
      "end_time_s": 0.01,
      "xmax_slope_L_per_s": 21.756877645727833,
      "x99_slope_L_per_s": 2.2819173213840704,
      "source_fraction_slope_per_s": -10.381306648824854,
      "downstream_fraction_slope_per_s": 10.209407188700885,
      "gap_slope_L_per_s": 19.474960324343744,
      "final_xmax_over_L": 0.9945955555555556,
      "final_x99_over_L": 0.4201562666666665,
      "final_source_fraction": 0.8945,
      "final_downstream_fraction": 0.1012333333333333,
      "final_outlet_fraction": 0.0
    },
    {
      "window": "early",
      "frame_count": 5,
      "start_step": 20000,
      "end_step": 200000,
      "start_time_s": 0.00015,
      "end_time_s": 0.00105,
      "xmax_slope_L_per_s": 562.8200542005418,
      "x99_slope_L_per_s": 0.8658392050587317,
      "source_fraction_slope_per_s": -9.90379403794063,
      "downstream_fraction_slope_per_s": 7.604336043360414,
      "gap_slope_L_per_s": 561.9542149954834,
      "final_xmax_over_L": 0.9908955555555556,
      "final_x99_over_L": 0.3997688888888889,
      "final_source_fraction": 0.9887,
      "final_downstream_fraction": 0.0081666666666666,
      "final_outlet_fraction": 0.0
    },
    {
      "window": "late",
      "frame_count": 5,
      "start_step": 1800000,
      "end_step": 1990000,
      "start_time_s": 0.0090499999999999,
      "end_time_s": 0.01,
      "xmax_slope_L_per_s": -1.9741592166877258,
      "x99_slope_L_per_s": 2.1057645806723917,
      "source_fraction_slope_per_s": -11.600255427840416,
      "downstream_fraction_slope_per_s": 11.558748403574896,
      "gap_slope_L_per_s": -4.079923797360062,
      "final_xmax_over_L": 0.9945955555555556,
      "final_x99_over_L": 0.4201562666666665,
      "final_source_fraction": 0.8945,
      "final_downstream_fraction": 0.1012333333333333,
      "final_outlet_fraction": 0.0
    }
  ]
}
