{
  "summary": {
    "job_count": 3,
    "common_time_s": 0.00515,
    "all_outlet_fractions_zero": true,
    "max_final_released_fraction": 0.10386666666666666,
    "min_final_source_fraction": 0.8961333333333333,
    "max_front_bulk_gap_over_L": 0.558057777777778,
    "max_front_to_bulk_speed_ratio": 26.584795627255414,
    "claim_boundary": "These metrics compare localized-release mechanism axes across three production cases. They support retained-bulk/sparse-front decoupling, not a source-position scaling law, completed BTC, outlet breakthrough or critical clogging transition."
  },
  "rows": [
    {
      "job_id": "906_upstream_source_continue_1M_to_4M",
      "label": "906 upstream",
      "final_time_s": 0.01,
      "target_time_reached": false,
      "particle_count": 15000,
      "final_source_fraction": 0.9015333333333332,
      "final_released_fraction": 0.09846666666666681,
      "final_downstream_fraction": 0.0967333333333333,
      "final_outlet_fraction": 0.0,
      "final_x_mean_over_L": 0.346076038197037,
      "final_x99_over_L": 0.4169889333333333,
      "final_xmax_over_L": 0.85254,
      "final_front_bulk_gap_over_L": 0.43555106666666665,
      "final_gap_to_outlet_over_L": 0.14746000000000004,
      "common_time_s": 0.00515,
      "common_source_fraction": 0.9575333333333332,
      "common_downstream_fraction": 0.0400666666666666,
      "common_outlet_fraction": 0.0,
      "common_x99_over_L": 0.4051536,
      "common_xmax_over_L": 0.5638822222222223,
      "common_front_bulk_gap_over_L": 0.15872862222222228,
      "source_release_rate_fraction_per_s": 9.421125283817945,
      "downstream_growth_rate_fraction_per_s": 9.24274672470775,
      "x99_speed_L_per_s": 1.6833764072525463,
      "xmax_speed_L_per_s": 41.687755868827416,
      "front_to_bulk_speed_ratio": 24.764369804176106,
      "front_intermittency_index": 1.4025679873989036
    },
    {
      "job_id": "907_downstream_source_dt5e9_to_10ms",
      "label": "907 downstream",
      "final_time_s": 0.01005,
      "target_time_reached": true,
      "particle_count": 15000,
      "final_source_fraction": 0.8961333333333333,
      "final_released_fraction": 0.10386666666666666,
      "final_downstream_fraction": 0.1009333333333333,
      "final_outlet_fraction": 0.0,
      "final_x_mean_over_L": 0.6126589753051852,
      "final_x99_over_L": 0.6837535333333333,
      "final_xmax_over_L": 0.9826066666666669,
      "final_front_bulk_gap_over_L": 0.2988531333333335,
      "final_gap_to_outlet_over_L": 0.01739333333333315,
      "common_time_s": 0.00515,
      "common_source_fraction": 0.9508,
      "common_downstream_fraction": 0.0455333333333333,
      "common_outlet_fraction": 0.0,
      "common_x99_over_L": 0.6729979111111112,
      "common_xmax_over_L": 0.9234333333333334,
      "common_front_bulk_gap_over_L": 0.25043542222222226,
      "source_release_rate_fraction_per_s": 10.591912421149797,
      "downstream_growth_rate_fraction_per_s": 10.627574301299255,
      "x99_speed_L_per_s": 2.055583390089288,
      "xmax_speed_L_per_s": 2.024301536157082,
      "front_to_bulk_speed_ratio": 0.9847820068584778,
      "front_intermittency_index": 1.3713863407652884
    },
    {
      "job_id": "908_high_inventory_dt5e9_to_10ms",
      "label": "908 high inventory",
      "final_time_s": 0.00515,
      "target_time_reached": false,
      "particle_count": 30000,
      "final_source_fraction": 0.9467,
      "final_released_fraction": 0.053300000000000014,
      "final_downstream_fraction": 0.0482333333333333,
      "final_outlet_fraction": 0.0,
      "final_x_mean_over_L": 0.3384113634292592,
      "final_x99_over_L": 0.4073288888888889,
      "final_xmax_over_L": 0.9653866666666668,
      "final_front_bulk_gap_over_L": 0.558057777777778,
      "final_gap_to_outlet_over_L": 0.03461333333333316,
      "common_time_s": 0.00515,
      "common_source_fraction": 0.9467,
      "common_downstream_fraction": 0.0482333333333333,
      "common_outlet_fraction": 0.0,
      "common_x99_over_L": 0.4073288888888889,
      "common_xmax_over_L": 0.9653866666666668,
      "common_front_bulk_gap_over_L": 0.558057777777778,
      "source_release_rate_fraction_per_s": 10.244917043740843,
      "downstream_growth_rate_fraction_per_s": 9.502654600301671,
      "x99_speed_L_per_s": 1.668560764202989,
      "xmax_speed_L_per_s": 44.35834690799357,
      "front_to_bulk_speed_ratio": 26.584795627255414,
      "front_intermittency_index": 1.8282702236308779
    }
  ]
}
