{
  "case_name": "paper1_df0p0225_ug2_seed401",
  "n_frames": 50,
  "fit_window": "pre_first_breakthrough",
  "first_breakthrough_time_s": 0.0315899999999999,
  "first_breakthrough_BTC": 0.0003333333333333,
  "final_time_s": 0.0396899999999999,
  "final_BTC": 0.0183333333333333,
  "final_x_mean_over_L": 0.6401190866666666,
  "final_x_q90_over_L": 0.8687982222222222,
  "final_x_q99_over_L": 0.9974803111111112,
  "x_mean_speed_m_per_s": 0.7814820424689535,
  "x_mean_fit_r2": 0.9924013239598841,
  "x_q90_speed_m_per_s": 0.9668987875524052,
  "x_q90_fit_r2": 0.9958858956612116,
  "x_q99_speed_m_per_s": 1.125497887742338,
  "x_q99_fit_r2": 0.9984408605030711,
  "blockage_centroid_speed_m_per_s": 0.7828588408929418,
  "blockage_centroid_fit_r2": 0.9922194301865661,
  "peak_blockage_time_s": 0.00729,
  "peak_blockage_ratio": 5.2253180789355115e-05,
  "peak_blockage_x_over_L": 0.075,
  "q99_09_time_s": 0.0356399999999999,
  "q99_09_minus_first_BTC_s": 0.004049999999999998
}