particle_id,initial_z_m,retained_at_final_time,outlet_interval_start_s,outlet_interval_end_s,outlet_time_midpoint_s
2001,0.0179909,True,nan,nan,nan
2002,0.0213737,True,nan,nan,nan
2003,0.0188286,True,nan,nan,nan
2004,0.0278386,True,nan,nan,nan
2005,0.0153907,True,nan,nan,nan
2006,0.0258914,True,nan,nan,nan
2007,0.0222197,True,nan,nan,nan
2008,0.020652,True,nan,nan,nan
2009,0.0284912,True,nan,nan,nan
2010,0.0166304,True,nan,nan,nan
2011,0.0233399,True,nan,nan,nan
2012,0.0248754,True,nan,nan,nan
2013,0.0220765,True,nan,nan,nan
2014,0.0284802,True,nan,nan,nan
2015,0.0169637,True,nan,nan,nan
2016,0.0205643,True,nan,nan,nan
2017,0.0196524,True,nan,nan,nan
2018,0.0282946,True,nan,nan,nan
2019,0.0208092,True,nan,nan,nan
2020,0.0154878,True,nan,nan,nan
2021,0.0290958,True,nan,nan,nan
2022,0.024805,True,nan,nan,nan
2023,0.027783,True,nan,nan,nan
2024,0.0283228,True,nan,nan,nan
2025,0.0181287,True,nan,nan,nan
2026,0.0263349,True,nan,nan,nan
2027,0.0274388,True,nan,nan,nan
2028,0.0165865,True,nan,nan,nan
2029,0.0164567,True,nan,nan,nan
2030,0.0175709,True,nan,nan,nan
2031,0.027909,True,nan,nan,nan
2032,0.0160434,True,nan,nan,nan
2033,0.0283083,True,nan,nan,nan
2034,0.0263914,True,nan,nan,nan
2035,0.0201681,True,nan,nan,nan
2036,0.0163849,True,nan,nan,nan
2037,0.023124,True,nan,nan,nan
2038,0.0151934,True,nan,nan,nan
2039,0.0248316,True,nan,nan,nan
2040,0.0206816,True,nan,nan,nan
2041,0.0173489,True,nan,nan,nan
2042,0.0271525,True,nan,nan,nan
2043,0.0228887,True,nan,nan,nan
2044,0.0174706,True,nan,nan,nan
2045,0.0233151,True,nan,nan,nan
2046,0.0222615,True,nan,nan,nan
2047,0.0272365,True,nan,nan,nan
2048,0.0200523,True,nan,nan,nan
2049,0.0156197,True,nan,nan,nan
2050,0.0157739,True,nan,nan,nan
2051,0.028739,True,nan,nan,nan
2052,0.0156813,True,nan,nan,nan
2053,0.0284862,True,nan,nan,nan
2054,0.0166121,True,nan,nan,nan
2055,0.027741,True,nan,nan,nan
2056,0.0165502,True,nan,nan,nan
2057,0.020926,True,nan,nan,nan
2058,0.0286676,True,nan,nan,nan
2059,0.0281713,True,nan,nan,nan
2060,0.0224574,True,nan,nan,nan
2061,0.0233524,True,nan,nan,nan
2062,0.015297,True,nan,nan,nan
2063,0.0220746,True,nan,nan,nan
2064,0.016857,True,nan,nan,nan
2065,0.0242882,True,nan,nan,nan
2066,0.0257254,True,nan,nan,nan
2067,0.017368,True,nan,nan,nan
2068,0.0254612,True,nan,nan,nan
2069,0.022142,True,nan,nan,nan
2070,0.022605,True,nan,nan,nan
2071,0.0167399,True,nan,nan,nan
2072,0.0243861,True,nan,nan,nan
2073,0.0207267,True,nan,nan,nan
2074,0.0250766,True,nan,nan,nan
2075,0.0197789,True,nan,nan,nan
2076,0.0242159,True,nan,nan,nan
2077,0.0248532,True,nan,nan,nan
2078,0.0237992,True,nan,nan,nan
2079,0.0248432,True,nan,nan,nan
2080,0.0282546,True,nan,nan,nan
2081,0.0276092,True,nan,nan,nan
2082,0.0251789,True,nan,nan,nan
2083,0.020954,True,nan,nan,nan
2084,0.0208103,True,nan,nan,nan
2085,0.0297372,True,nan,nan,nan
2086,0.0154939,True,nan,nan,nan
2087,0.0186087,True,nan,nan,nan
2088,0.0248046,True,nan,nan,nan
2089,0.0151835,True,nan,nan,nan
2090,0.0198326,True,nan,nan,nan
2091,0.0156638,True,nan,nan,nan
2092,0.0249349,True,nan,nan,nan
2093,0.021119,True,nan,nan,nan
2094,0.0172996,True,nan,nan,nan
2095,0.0256381,True,nan,nan,nan
2096,0.0252334,True,nan,nan,nan
2097,0.020914,True,nan,nan,nan
2098,0.0271019,True,nan,nan,nan
2099,0.0264772,True,nan,nan,nan
2100,0.0215592,True,nan,nan,nan
2101,0.019064,True,nan,nan,nan
2102,0.0179507,True,nan,nan,nan
2103,0.0193045,True,nan,nan,nan
2104,0.0266441,True,nan,nan,nan
2105,0.0245631,True,nan,nan,nan
2106,0.0263098,True,nan,nan,nan
2107,0.027488,True,nan,nan,nan
2108,0.0269786,True,nan,nan,nan
2109,0.0190206,True,nan,nan,nan
2110,0.0291819,True,nan,nan,nan
2111,0.0181064,True,nan,nan,nan
2112,0.0236876,True,nan,nan,nan
2113,0.0220945,True,nan,nan,nan
2114,0.0187067,True,nan,nan,nan
2115,0.0220653,True,nan,nan,nan
2116,0.0194752,True,nan,nan,nan
2117,0.0273626,True,nan,nan,nan
2118,0.0199493,True,nan,nan,nan
2119,0.0205396,True,nan,nan,nan
2120,0.0234882,True,nan,nan,nan
2121,0.0281605,True,nan,nan,nan
2122,0.0152129,True,nan,nan,nan
2123,0.0234348,True,nan,nan,nan
2124,0.0275828,True,nan,nan,nan
2125,0.0234079,True,nan,nan,nan
2126,0.0201487,True,nan,nan,nan
2127,0.0251263,True,nan,nan,nan
2128,0.0157122,True,nan,nan,nan
2129,0.0278734,True,nan,nan,nan
2130,0.015172,True,nan,nan,nan
2131,0.0285852,True,nan,nan,nan
2132,0.0275242,True,nan,nan,nan
2133,0.0240451,True,nan,nan,nan
2134,0.0241596,True,nan,nan,nan
2135,0.0193806,True,nan,nan,nan
2136,0.0220166,True,nan,nan,nan
2137,0.0203924,True,nan,nan,nan
2138,0.0193156,True,nan,nan,nan
2139,0.0174502,True,nan,nan,nan
2140,0.0179035,True,nan,nan,nan
2141,0.0222436,True,nan,nan,nan
2142,0.0207347,True,nan,nan,nan
2143,0.0220762,True,nan,nan,nan
2144,0.0237772,True,nan,nan,nan
2145,0.0199177,True,nan,nan,nan
2146,0.028083,True,nan,nan,nan
2147,0.0156829,True,nan,nan,nan
2148,0.0196267,True,nan,nan,nan
2149,0.0257386,True,nan,nan,nan
2150,0.0159977,True,nan,nan,nan
2151,0.0160247,True,nan,nan,nan
2152,0.0152694,True,nan,nan,nan
2153,0.0285908,True,nan,nan,nan
2154,0.0177012,True,nan,nan,nan
2155,0.0179648,True,nan,nan,nan
2156,0.0170436,True,nan,nan,nan
2157,0.0224602,True,nan,nan,nan
2158,0.0190561,True,nan,nan,nan
2159,0.0265495,True,nan,nan,nan
2160,0.0194395,True,nan,nan,nan
2161,0.0247053,True,nan,nan,nan
2162,0.022544,True,nan,nan,nan
2163,0.023572,True,nan,nan,nan
2164,0.0290544,True,nan,nan,nan
2165,0.0199427,True,nan,nan,nan
2166,0.0267816,True,nan,nan,nan
2167,0.0260507,True,nan,nan,nan
2168,0.0287841,True,nan,nan,nan
2169,0.0228119,True,nan,nan,nan
2170,0.0275164,True,nan,nan,nan
2171,0.0183441,True,nan,nan,nan
2172,0.0274376,True,nan,nan,nan
2173,0.0218164,True,nan,nan,nan
2174,0.0286149,True,nan,nan,nan
2175,0.0272198,True,nan,nan,nan
2176,0.017495,True,nan,nan,nan
2177,0.0159828,True,nan,nan,nan
2178,0.015771,True,nan,nan,nan
2179,0.0231758,True,nan,nan,nan
2180,0.0154173,True,nan,nan,nan
2181,0.0173895,True,nan,nan,nan
2182,0.0245304,True,nan,nan,nan
2183,0.0190422,True,nan,nan,nan
2184,0.0263887,True,nan,nan,nan
2185,0.0160797,True,nan,nan,nan
2186,0.0285936,True,nan,nan,nan
2187,0.0188734,True,nan,nan,nan
2188,0.021745,True,nan,nan,nan
2189,0.0288921,True,nan,nan,nan
2190,0.0285834,True,nan,nan,nan
2191,0.0194802,True,nan,nan,nan
2192,0.0276503,True,nan,nan,nan
2193,0.0279368,True,nan,nan,nan
2194,0.0193227,True,nan,nan,nan
2195,0.0200943,True,nan,nan,nan
2196,0.0254549,True,nan,nan,nan
2197,0.0237277,True,nan,nan,nan
2198,0.0183588,True,nan,nan,nan
2199,0.0215974,True,nan,nan,nan
2200,0.0191998,True,nan,nan,nan
2201,0.0223734,True,nan,nan,nan
2202,0.0242881,True,nan,nan,nan
2203,0.0248319,True,nan,nan,nan
2204,0.0182052,True,nan,nan,nan
2205,0.0222823,True,nan,nan,nan
2206,0.0202529,True,nan,nan,nan
2207,0.0254768,True,nan,nan,nan
2208,0.0174539,True,nan,nan,nan
2209,0.0281583,True,nan,nan,nan
2210,0.0182942,True,nan,nan,nan
2211,0.0201074,True,nan,nan,nan
2212,0.0244712,True,nan,nan,nan
2213,0.0160516,True,nan,nan,nan
2214,0.0225173,True,nan,nan,nan
2215,0.0183956,True,nan,nan,nan
2216,0.0187714,True,nan,nan,nan
2217,0.015869,True,nan,nan,nan
2218,0.0204555,True,nan,nan,nan
2219,0.0248334,True,nan,nan,nan
2220,0.0257574,True,nan,nan,nan
2221,0.022085,True,nan,nan,nan
2222,0.0192917,True,nan,nan,nan
2223,0.0181842,True,nan,nan,nan
2224,0.0196787,True,nan,nan,nan
2225,0.0200723,True,nan,nan,nan
2226,0.0261614,True,nan,nan,nan
2227,0.0234007,True,nan,nan,nan
2228,0.0239558,True,nan,nan,nan
2229,0.0238156,True,nan,nan,nan
2230,0.0286101,True,nan,nan,nan
2231,0.0294149,True,nan,nan,nan
2232,0.0152954,True,nan,nan,nan
2233,0.0159995,True,nan,nan,nan
2234,0.0213833,True,nan,nan,nan
2235,0.0278212,True,nan,nan,nan
2236,0.015892,True,nan,nan,nan
2237,0.0157677,True,nan,nan,nan
2238,0.0200179,True,nan,nan,nan
2239,0.0212012,True,nan,nan,nan
2240,0.0163069,True,nan,nan,nan
2241,0.0178327,True,nan,nan,nan
2242,0.0227163,True,nan,nan,nan
2243,0.0289991,True,nan,nan,nan
2244,0.0195766,True,nan,nan,nan
2245,0.0278797,True,nan,nan,nan
2246,0.0276126,True,nan,nan,nan
2247,0.0260487,True,nan,nan,nan
2248,0.0242583,True,nan,nan,nan
2249,0.0281431,True,nan,nan,nan
2250,0.0170369,True,nan,nan,nan
2251,0.0184839,True,nan,nan,nan
2252,0.0263703,True,nan,nan,nan
2253,0.0191812,True,nan,nan,nan
2254,0.0227277,True,nan,nan,nan
2255,0.0188911,True,nan,nan,nan
2256,0.0280015,True,nan,nan,nan
2257,0.0173442,True,nan,nan,nan
2258,0.019806,True,nan,nan,nan
2259,0.0176217,True,nan,nan,nan
2260,0.0172644,True,nan,nan,nan
2261,0.0266869,True,nan,nan,nan
2262,0.0236501,True,nan,nan,nan
2263,0.0228005,True,nan,nan,nan
2264,0.0217812,True,nan,nan,nan
2265,0.0226123,True,nan,nan,nan
2266,0.0188541,True,nan,nan,nan
2267,0.0273124,True,nan,nan,nan
2268,0.0256147,True,nan,nan,nan
2269,0.0197731,True,nan,nan,nan
2270,0.0281082,True,nan,nan,nan
2271,0.0219281,True,nan,nan,nan
2272,0.0205674,True,nan,nan,nan
2273,0.0199919,True,nan,nan,nan
2274,0.019943,True,nan,nan,nan
2275,0.0259316,True,nan,nan,nan
2276,0.0210963,True,nan,nan,nan
2277,0.028543,True,nan,nan,nan
2278,0.028599,True,nan,nan,nan
2279,0.0260933,True,nan,nan,nan
2280,0.0231804,True,nan,nan,nan
2281,0.015164,True,nan,nan,nan
2282,0.0281059,True,nan,nan,nan
2283,0.0253032,True,nan,nan,nan
2284,0.0225193,True,nan,nan,nan
2285,0.0284461,True,nan,nan,nan
2286,0.0259244,True,nan,nan,nan
2287,0.0198877,True,nan,nan,nan
2288,0.0229944,True,nan,nan,nan
2289,0.0192365,True,nan,nan,nan
2290,0.0248206,True,nan,nan,nan
2291,0.0288593,True,nan,nan,nan
2292,0.0287238,True,nan,nan,nan
2293,0.0253096,True,nan,nan,nan
2294,0.0215882,True,nan,nan,nan
2295,0.0252708,True,nan,nan,nan
2296,0.0265691,True,nan,nan,nan
2297,0.0279577,True,nan,nan,nan
2298,0.0168723,True,nan,nan,nan
2299,0.0244421,True,nan,nan,nan
2300,0.0225064,True,nan,nan,nan
2301,0.0151461,True,nan,nan,nan
2302,0.0297119,True,nan,nan,nan
2303,0.0219885,True,nan,nan,nan
2304,0.0168496,True,nan,nan,nan
2305,0.0235362,True,nan,nan,nan
2306,0.0289709,True,nan,nan,nan
2307,0.0175133,True,nan,nan,nan
2308,0.0284064,True,nan,nan,nan
2309,0.0209445,True,nan,nan,nan
2310,0.015538,True,nan,nan,nan
2311,0.0293982,True,nan,nan,nan
2312,0.0184143,True,nan,nan,nan
2313,0.0249806,True,nan,nan,nan
2314,0.0258211,True,nan,nan,nan
2315,0.0200426,True,nan,nan,nan
2316,0.0183541,True,nan,nan,nan
2317,0.0190934,True,nan,nan,nan
2318,0.0198406,True,nan,nan,nan
2319,0.0159902,True,nan,nan,nan
2320,0.0198118,True,nan,nan,nan
2321,0.0240126,True,nan,nan,nan
2322,0.0285673,True,nan,nan,nan
2323,0.0156222,True,nan,nan,nan
2324,0.0185168,True,nan,nan,nan
2325,0.0284588,True,nan,nan,nan
2326,0.021671,True,nan,nan,nan
2327,0.0208463,True,nan,nan,nan
2328,0.0238277,True,nan,nan,nan
2329,0.019857,True,nan,nan,nan
2330,0.0274012,True,nan,nan,nan
2331,0.0216193,True,nan,nan,nan
2332,0.0232769,True,nan,nan,nan
2333,0.0158507,True,nan,nan,nan
2334,0.0155582,True,nan,nan,nan
2335,0.0179528,True,nan,nan,nan
2336,0.0267629,True,nan,nan,nan
2337,0.0219909,True,nan,nan,nan
2338,0.0229124,True,nan,nan,nan
2339,0.0221542,True,nan,nan,nan
2340,0.0180092,True,nan,nan,nan
2341,0.0246359,True,nan,nan,nan
2342,0.0284432,True,nan,nan,nan
2343,0.0241773,True,nan,nan,nan
2344,0.029514,True,nan,nan,nan
2345,0.0204464,True,nan,nan,nan
2346,0.0208787,True,nan,nan,nan
2347,0.0182769,True,nan,nan,nan
2348,0.0249839,True,nan,nan,nan
2349,0.0201652,True,nan,nan,nan
2350,0.0267546,True,nan,nan,nan
2351,0.0173672,True,nan,nan,nan
2352,0.0237641,True,nan,nan,nan
2353,0.019943,True,nan,nan,nan
2354,0.0242366,True,nan,nan,nan
2355,0.0253443,True,nan,nan,nan
2356,0.0159431,True,nan,nan,nan
2357,0.0191864,True,nan,nan,nan
2358,0.0219158,True,nan,nan,nan
2359,0.028044,True,nan,nan,nan
2360,0.0196944,True,nan,nan,nan
2361,0.0244615,True,nan,nan,nan
2362,0.0261984,True,nan,nan,nan
2363,0.0180553,True,nan,nan,nan
2364,0.0215215,True,nan,nan,nan
2365,0.0206113,True,nan,nan,nan
2366,0.0232281,True,nan,nan,nan
2367,0.0263194,True,nan,nan,nan
2368,0.0224201,True,nan,nan,nan
2369,0.0287036,True,nan,nan,nan
2370,0.0249773,True,nan,nan,nan
2371,0.0242292,True,nan,nan,nan
2372,0.0197636,True,nan,nan,nan
2373,0.0202609,True,nan,nan,nan
2374,0.0201799,True,nan,nan,nan
2375,0.015578,True,nan,nan,nan
2376,0.0189497,True,nan,nan,nan
2377,0.0214859,True,nan,nan,nan
2378,0.0202059,True,nan,nan,nan
2379,0.0228663,True,nan,nan,nan
2380,0.0244983,True,nan,nan,nan
2381,0.0247325,True,nan,nan,nan
2382,0.0206502,True,nan,nan,nan
2383,0.023892,True,nan,nan,nan
2384,0.018629,True,nan,nan,nan
2385,0.0245542,True,nan,nan,nan
2386,0.0289459,True,nan,nan,nan
2387,0.0278933,True,nan,nan,nan
2388,0.0169453,True,nan,nan,nan
2389,0.0164014,True,nan,nan,nan
2390,0.0159089,True,nan,nan,nan
2391,0.0203539,True,nan,nan,nan
2392,0.0223392,True,nan,nan,nan
2393,0.0209035,True,nan,nan,nan
2394,0.0239852,True,nan,nan,nan
2395,0.0283955,True,nan,nan,nan
2396,0.0200857,True,nan,nan,nan
2397,0.017595,True,nan,nan,nan
2398,0.0251072,True,nan,nan,nan
2399,0.0242128,True,nan,nan,nan
2400,0.0213019,True,nan,nan,nan
2401,0.0263784,True,nan,nan,nan
2402,0.0232926,True,nan,nan,nan
2403,0.0228325,True,nan,nan,nan
2404,0.0222591,True,nan,nan,nan
2405,0.0234444,True,nan,nan,nan
2406,0.025895,True,nan,nan,nan
2407,0.0257196,True,nan,nan,nan
2408,0.0224792,True,nan,nan,nan
2409,0.0295021,True,nan,nan,nan
2410,0.0279948,True,nan,nan,nan
2411,0.0193422,True,nan,nan,nan
2412,0.0256012,True,nan,nan,nan
2413,0.0255074,True,nan,nan,nan
2414,0.0295345,True,nan,nan,nan
2415,0.0183304,True,nan,nan,nan
2416,0.0155768,True,nan,nan,nan
2417,0.0259645,True,nan,nan,nan
2418,0.027663,True,nan,nan,nan
2419,0.0176071,True,nan,nan,nan
2420,0.0283555,True,nan,nan,nan
2421,0.024737,True,nan,nan,nan
2422,0.0297754,True,nan,nan,nan
2423,0.0279712,True,nan,nan,nan
2424,0.0282195,True,nan,nan,nan
2425,0.015689,True,nan,nan,nan
2426,0.0276005,True,nan,nan,nan
2427,0.0204076,True,nan,nan,nan
2428,0.0173138,True,nan,nan,nan
2429,0.0282569,True,nan,nan,nan
2430,0.0252821,True,nan,nan,nan
2431,0.0173497,True,nan,nan,nan
2432,0.0164584,True,nan,nan,nan
2433,0.0254015,True,nan,nan,nan
2434,0.0229375,True,nan,nan,nan
2435,0.022379,True,nan,nan,nan
2436,0.0271825,True,nan,nan,nan
2437,0.0257805,True,nan,nan,nan
2438,0.0209975,True,nan,nan,nan
2439,0.0249409,True,nan,nan,nan
2440,0.0273613,True,nan,nan,nan
2441,0.016162,True,nan,nan,nan
2442,0.0254841,True,nan,nan,nan
2443,0.0224895,True,nan,nan,nan
2444,0.0202815,True,nan,nan,nan
2445,0.0289469,True,nan,nan,nan
2446,0.0177872,True,nan,nan,nan
2447,0.0235208,True,nan,nan,nan
2448,0.018917,True,nan,nan,nan
2449,0.0256837,True,nan,nan,nan
2450,0.0255196,True,nan,nan,nan
2451,0.0156469,True,nan,nan,nan
2452,0.0217576,True,nan,nan,nan
2453,0.0200614,True,nan,nan,nan
2454,0.022566,True,nan,nan,nan
2455,0.0292079,True,nan,nan,nan
2456,0.029142,True,nan,nan,nan
2457,0.0236382,True,nan,nan,nan
2458,0.0293737,True,nan,nan,nan
2459,0.016301,True,nan,nan,nan
2460,0.0154165,True,nan,nan,nan
2461,0.0267988,True,nan,nan,nan
2462,0.0240076,True,nan,nan,nan
2463,0.0244407,True,nan,nan,nan
2464,0.0293398,True,nan,nan,nan
2465,0.0190051,True,nan,nan,nan
2466,0.027327,True,nan,nan,nan
2467,0.0179657,True,nan,nan,nan
2468,0.0212519,True,nan,nan,nan
2469,0.0191119,True,nan,nan,nan
2470,0.0220354,True,nan,nan,nan
2471,0.0247289,True,nan,nan,nan
2472,0.0192894,True,nan,nan,nan
2473,0.0268012,True,nan,nan,nan
2474,0.0257699,True,nan,nan,nan
2475,0.015433,True,nan,nan,nan
2476,0.0206265,True,nan,nan,nan
2477,0.0249862,True,nan,nan,nan
2478,0.0151824,True,nan,nan,nan
2479,0.0194795,True,nan,nan,nan
2480,0.0288678,True,nan,nan,nan
2481,0.0264776,True,nan,nan,nan
2482,0.0229042,True,nan,nan,nan
2483,0.0293562,True,nan,nan,nan
2484,0.0166342,True,nan,nan,nan
2485,0.0178116,True,nan,nan,nan
2486,0.028155,True,nan,nan,nan
2487,0.0207381,True,nan,nan,nan
2488,0.0267848,True,nan,nan,nan
2489,0.0282971,True,nan,nan,nan
2490,0.0199074,True,nan,nan,nan
2491,0.0253727,True,nan,nan,nan
2492,0.0286775,True,nan,nan,nan
2493,0.0155448,True,nan,nan,nan
2494,0.021502,True,nan,nan,nan
2495,0.0190775,True,nan,nan,nan
2496,0.0274645,True,nan,nan,nan
2497,0.0156677,True,nan,nan,nan
2498,0.0257782,True,nan,nan,nan
2499,0.0269199,True,nan,nan,nan
2500,0.028017,True,nan,nan,nan
2501,0.0261088,True,nan,nan,nan
2502,0.0298735,True,nan,nan,nan
2503,0.0162384,True,nan,nan,nan
2504,0.0174437,True,nan,nan,nan
2505,0.0258783,True,nan,nan,nan
2506,0.0194864,True,nan,nan,nan
2507,0.0182068,True,nan,nan,nan
2508,0.0209497,True,nan,nan,nan
2509,0.029739,True,nan,nan,nan
2510,0.024205,True,nan,nan,nan
2511,0.0194501,True,nan,nan,nan
2512,0.0279186,True,nan,nan,nan
2513,0.0290489,True,nan,nan,nan
2514,0.0200527,True,nan,nan,nan
2515,0.0277368,True,nan,nan,nan
2516,0.0203519,True,nan,nan,nan
2517,0.0244262,True,nan,nan,nan
2518,0.0155277,True,nan,nan,nan
2519,0.0208151,True,nan,nan,nan
2520,0.0194112,True,nan,nan,nan
2521,0.0234681,True,nan,nan,nan
2522,0.0197057,True,nan,nan,nan
2523,0.0192625,True,nan,nan,nan
2524,0.0167116,True,nan,nan,nan
2525,0.0205788,True,nan,nan,nan
2526,0.0289574,True,nan,nan,nan
2527,0.026203,True,nan,nan,nan
2528,0.015629,True,nan,nan,nan
2529,0.0217224,True,nan,nan,nan
2530,0.0280727,True,nan,nan,nan
2531,0.0238323,True,nan,nan,nan
2532,0.0218384,True,nan,nan,nan
2533,0.0274346,True,nan,nan,nan
2534,0.0191486,True,nan,nan,nan
2535,0.0190772,True,nan,nan,nan
2536,0.0219256,True,nan,nan,nan
2537,0.0214573,True,nan,nan,nan
2538,0.0171745,True,nan,nan,nan
2539,0.0180609,True,nan,nan,nan
2540,0.0226892,True,nan,nan,nan
2541,0.0288931,True,nan,nan,nan
2542,0.0295169,True,nan,nan,nan
2543,0.0254013,True,nan,nan,nan
2544,0.0283783,True,nan,nan,nan
2545,0.0159709,True,nan,nan,nan
2546,0.0292263,True,nan,nan,nan
2547,0.0252489,True,nan,nan,nan
2548,0.0187879,True,nan,nan,nan
2549,0.0294238,True,nan,nan,nan
2550,0.0209939,True,nan,nan,nan
2551,0.0235329,True,nan,nan,nan
2552,0.0240324,True,nan,nan,nan
2553,0.02129,True,nan,nan,nan
2554,0.0275456,True,nan,nan,nan
2555,0.020443,True,nan,nan,nan
2556,0.0159642,True,nan,nan,nan
2557,0.0173785,True,nan,nan,nan
2558,0.0256082,True,nan,nan,nan
2559,0.0221477,True,nan,nan,nan
2560,0.028273,True,nan,nan,nan
2561,0.0262495,True,nan,nan,nan
2562,0.0176333,True,nan,nan,nan
2563,0.0230878,True,nan,nan,nan
2564,0.0197741,True,nan,nan,nan
2565,0.0222738,True,nan,nan,nan
2566,0.028193,True,nan,nan,nan
2567,0.0279335,True,nan,nan,nan
2568,0.0268551,True,nan,nan,nan
2569,0.0270164,True,nan,nan,nan
2570,0.0205459,True,nan,nan,nan
2571,0.0172069,True,nan,nan,nan
2572,0.019593,True,nan,nan,nan
2573,0.0242962,True,nan,nan,nan
2574,0.0205694,True,nan,nan,nan
2575,0.0224581,True,nan,nan,nan
2576,0.0289764,True,nan,nan,nan
2577,0.0289396,True,nan,nan,nan
2578,0.0224235,True,nan,nan,nan
2579,0.0186622,True,nan,nan,nan
2580,0.0200779,True,nan,nan,nan
2581,0.0152094,True,nan,nan,nan
2582,0.0269595,True,nan,nan,nan
2583,0.0296069,True,nan,nan,nan
2584,0.025206,True,nan,nan,nan
2585,0.0297363,True,nan,nan,nan
2586,0.0281305,True,nan,nan,nan
2587,0.0215488,True,nan,nan,nan
2588,0.0227429,True,nan,nan,nan
2589,0.0245312,True,nan,nan,nan
2590,0.0217344,True,nan,nan,nan
2591,0.0264782,True,nan,nan,nan
2592,0.0179315,True,nan,nan,nan
2593,0.0187648,True,nan,nan,nan
2594,0.0275707,True,nan,nan,nan
2595,0.0229466,True,nan,nan,nan
2596,0.0215862,True,nan,nan,nan
2597,0.0218929,True,nan,nan,nan
2598,0.0264741,True,nan,nan,nan
2599,0.0292562,True,nan,nan,nan
2600,0.0288923,True,nan,nan,nan
2601,0.0247658,True,nan,nan,nan
2602,0.0164991,True,nan,nan,nan
2603,0.0203739,True,nan,nan,nan
2604,0.0228373,True,nan,nan,nan
2605,0.0223473,True,nan,nan,nan
2606,0.0235017,True,nan,nan,nan
2607,0.0155526,True,nan,nan,nan
2608,0.0184503,True,nan,nan,nan
2609,0.0281476,True,nan,nan,nan
2610,0.0290386,True,nan,nan,nan
2611,0.0201716,True,nan,nan,nan
2612,0.027319,True,nan,nan,nan
2613,0.0155252,True,nan,nan,nan
2614,0.0201413,True,nan,nan,nan
2615,0.021097,True,nan,nan,nan
2616,0.028142,True,nan,nan,nan
2617,0.0225413,True,nan,nan,nan
2618,0.0276715,True,nan,nan,nan
2619,0.0155343,True,nan,nan,nan
2620,0.0162186,True,nan,nan,nan
2621,0.0275802,True,nan,nan,nan
2622,0.0167671,True,nan,nan,nan
2623,0.0228673,True,nan,nan,nan
2624,0.0156355,True,nan,nan,nan
2625,0.0285453,True,nan,nan,nan
2626,0.0245398,True,nan,nan,nan
2627,0.0219262,True,nan,nan,nan
2628,0.0162527,True,nan,nan,nan
2629,0.0188172,True,nan,nan,nan
2630,0.0153405,True,nan,nan,nan
2631,0.0179487,True,nan,nan,nan
2632,0.0162389,True,nan,nan,nan
2633,0.0153657,True,nan,nan,nan
2634,0.0227646,True,nan,nan,nan
2635,0.0160518,True,nan,nan,nan
2636,0.017759,True,nan,nan,nan
2637,0.0169882,True,nan,nan,nan
2638,0.0189095,True,nan,nan,nan
2639,0.0254142,True,nan,nan,nan
2640,0.0274724,True,nan,nan,nan
2641,0.0287616,True,nan,nan,nan
2642,0.0188597,True,nan,nan,nan
2643,0.0219638,True,nan,nan,nan
2644,0.0229777,True,nan,nan,nan
2645,0.0256553,True,nan,nan,nan
2646,0.0289941,True,nan,nan,nan
2647,0.0216864,True,nan,nan,nan
2648,0.0256082,True,nan,nan,nan
2649,0.0155891,True,nan,nan,nan
2650,0.0178861,True,nan,nan,nan
2651,0.0240964,True,nan,nan,nan
2652,0.0275777,True,nan,nan,nan
2653,0.016948,True,nan,nan,nan
2654,0.0199837,True,nan,nan,nan
2655,0.0254865,True,nan,nan,nan
2656,0.0228189,True,nan,nan,nan
2657,0.0236642,True,nan,nan,nan
2658,0.0151917,True,nan,nan,nan
2659,0.0198216,True,nan,nan,nan
2660,0.0158616,True,nan,nan,nan
2661,0.0161032,True,nan,nan,nan
2662,0.0223267,True,nan,nan,nan
2663,0.0297424,True,nan,nan,nan
2664,0.022062,True,nan,nan,nan
2665,0.0217733,True,nan,nan,nan
2666,0.0183731,True,nan,nan,nan
2667,0.0253767,True,nan,nan,nan
2668,0.0209112,True,nan,nan,nan
2669,0.0245234,True,nan,nan,nan
2670,0.0276071,True,nan,nan,nan
2671,0.0269464,True,nan,nan,nan
2672,0.0236585,True,nan,nan,nan
2673,0.020111,True,nan,nan,nan
2674,0.0179707,True,nan,nan,nan
2675,0.0214205,True,nan,nan,nan
2676,0.028626,True,nan,nan,nan
2677,0.0158071,True,nan,nan,nan
2678,0.0250435,True,nan,nan,nan
2679,0.0282784,True,nan,nan,nan
2680,0.0297625,True,nan,nan,nan
2681,0.0241667,True,nan,nan,nan
2682,0.027173,True,nan,nan,nan
2683,0.0281656,True,nan,nan,nan
2684,0.027039,True,nan,nan,nan
2685,0.0175733,True,nan,nan,nan
2686,0.0184269,True,nan,nan,nan
2687,0.023336,True,nan,nan,nan
2688,0.0154806,True,nan,nan,nan
2689,0.0251041,True,nan,nan,nan
2690,0.0215899,True,nan,nan,nan
2691,0.0298236,True,nan,nan,nan
2692,0.0268316,True,nan,nan,nan
2693,0.0188582,True,nan,nan,nan
2694,0.0163566,True,nan,nan,nan
2695,0.0231905,True,nan,nan,nan
2696,0.0202212,True,nan,nan,nan
2697,0.0298156,True,nan,nan,nan
2698,0.0247176,True,nan,nan,nan
2699,0.0155621,True,nan,nan,nan
2700,0.0266141,True,nan,nan,nan
2701,0.0180658,True,nan,nan,nan
2702,0.0161637,True,nan,nan,nan
2703,0.0252953,True,nan,nan,nan
2704,0.0202004,True,nan,nan,nan
2705,0.0155649,True,nan,nan,nan
2706,0.0176765,True,nan,nan,nan
2707,0.0168702,True,nan,nan,nan
2708,0.0293424,True,nan,nan,nan
2709,0.027481,True,nan,nan,nan
2710,0.0273104,True,nan,nan,nan
2711,0.028993,True,nan,nan,nan
2712,0.0221922,True,nan,nan,nan
2713,0.02212,True,nan,nan,nan
2714,0.0182884,True,nan,nan,nan
2715,0.0241509,True,nan,nan,nan
2716,0.0226841,True,nan,nan,nan
2717,0.0217283,True,nan,nan,nan
2718,0.0271325,True,nan,nan,nan
2719,0.0257799,True,nan,nan,nan
2720,0.0258989,True,nan,nan,nan
2721,0.0165956,True,nan,nan,nan
2722,0.021949,True,nan,nan,nan
2723,0.0220211,True,nan,nan,nan
2724,0.0178275,True,nan,nan,nan
2725,0.028386,True,nan,nan,nan
2726,0.0281149,True,nan,nan,nan
2727,0.0188235,True,nan,nan,nan
2728,0.0206081,True,nan,nan,nan
2729,0.0259024,True,nan,nan,nan
2730,0.0240338,True,nan,nan,nan
2731,0.0269973,True,nan,nan,nan
2732,0.0231886,True,nan,nan,nan
2733,0.026463,True,nan,nan,nan
2734,0.0254489,True,nan,nan,nan
2735,0.0210668,True,nan,nan,nan
2736,0.0239066,True,nan,nan,nan
2737,0.018079,True,nan,nan,nan
2738,0.0164133,True,nan,nan,nan
2739,0.0185661,True,nan,nan,nan
2740,0.0244357,True,nan,nan,nan
2741,0.0246801,True,nan,nan,nan
2742,0.028672,True,nan,nan,nan
2743,0.0205552,True,nan,nan,nan
2744,0.0206591,True,nan,nan,nan
2745,0.0210376,True,nan,nan,nan
2746,0.017914,True,nan,nan,nan
2747,0.025295,True,nan,nan,nan
2748,0.0200291,True,nan,nan,nan
2749,0.0153034,True,nan,nan,nan
2750,0.0201202,True,nan,nan,nan
2751,0.0247047,True,nan,nan,nan
2752,0.027329,True,nan,nan,nan
2753,0.0226747,True,nan,nan,nan
2754,0.0187247,True,nan,nan,nan
2755,0.0175897,True,nan,nan,nan
2756,0.0169618,True,nan,nan,nan
2757,0.0223168,True,nan,nan,nan
2758,0.0263685,True,nan,nan,nan
2759,0.0183741,True,nan,nan,nan
2760,0.029046,True,nan,nan,nan
2761,0.0198061,True,nan,nan,nan
2762,0.0222078,True,nan,nan,nan
2763,0.0247851,True,nan,nan,nan
2764,0.0208013,True,nan,nan,nan
2765,0.029232,True,nan,nan,nan
2766,0.0167025,True,nan,nan,nan
2767,0.0216394,True,nan,nan,nan
2768,0.0161469,True,nan,nan,nan
2769,0.0289808,True,nan,nan,nan
2770,0.0227401,True,nan,nan,nan
2771,0.0255341,True,nan,nan,nan
2772,0.0217031,True,nan,nan,nan
2773,0.0284429,True,nan,nan,nan
2774,0.0248681,True,nan,nan,nan
2775,0.0268938,True,nan,nan,nan
2776,0.0191775,True,nan,nan,nan
2777,0.0158392,True,nan,nan,nan
2778,0.0245324,True,nan,nan,nan
2779,0.0167164,True,nan,nan,nan
2780,0.0163744,True,nan,nan,nan
2781,0.0235139,True,nan,nan,nan
2782,0.0237674,True,nan,nan,nan
2783,0.0194223,True,nan,nan,nan
2784,0.0234934,True,nan,nan,nan
2785,0.0191084,True,nan,nan,nan
2786,0.0247702,True,nan,nan,nan
2787,0.0220152,True,nan,nan,nan
2788,0.0216632,True,nan,nan,nan
2789,0.0184724,True,nan,nan,nan
2790,0.0277142,True,nan,nan,nan
2791,0.0220857,True,nan,nan,nan
2792,0.015797,True,nan,nan,nan
2793,0.0280616,True,nan,nan,nan
2794,0.0294774,True,nan,nan,nan
2795,0.0216768,True,nan,nan,nan
2796,0.0286178,True,nan,nan,nan
2797,0.0162463,True,nan,nan,nan
2798,0.021187,True,nan,nan,nan
2799,0.0225659,True,nan,nan,nan
2800,0.0225539,True,nan,nan,nan
2801,0.0234056,True,nan,nan,nan
2802,0.0242066,True,nan,nan,nan
2803,0.0165407,True,nan,nan,nan
2804,0.0153519,True,nan,nan,nan
2805,0.0154163,True,nan,nan,nan
2806,0.0228293,True,nan,nan,nan
2807,0.0295495,True,nan,nan,nan
2808,0.0234338,True,nan,nan,nan
2809,0.0263943,True,nan,nan,nan
2810,0.0228993,True,nan,nan,nan
2811,0.0258449,True,nan,nan,nan
2812,0.0286066,True,nan,nan,nan
2813,0.0166916,True,nan,nan,nan
2814,0.0247895,True,nan,nan,nan
2815,0.0251627,True,nan,nan,nan
2816,0.0161272,True,nan,nan,nan
2817,0.0219499,True,nan,nan,nan
2818,0.0298008,True,nan,nan,nan
2819,0.0258756,True,nan,nan,nan
2820,0.02812,True,nan,nan,nan
2821,0.0220384,True,nan,nan,nan
2822,0.0219742,True,nan,nan,nan
2823,0.0286426,True,nan,nan,nan
2824,0.0206524,True,nan,nan,nan
2825,0.0172965,True,nan,nan,nan
2826,0.0206257,True,nan,nan,nan
2827,0.0290269,True,nan,nan,nan
2828,0.0152519,True,nan,nan,nan
2829,0.0264027,True,nan,nan,nan
2830,0.0183738,True,nan,nan,nan
2831,0.0289241,True,nan,nan,nan
2832,0.0178208,True,nan,nan,nan
2833,0.0230212,True,nan,nan,nan
2834,0.0163733,True,nan,nan,nan
2835,0.0287688,True,nan,nan,nan
2836,0.0154243,True,nan,nan,nan
2837,0.0242364,True,nan,nan,nan
2838,0.0288016,True,nan,nan,nan
2839,0.0164188,True,nan,nan,nan
2840,0.0280967,True,nan,nan,nan
2841,0.0158986,True,nan,nan,nan
2842,0.0222186,True,nan,nan,nan
2843,0.0233099,True,nan,nan,nan
2844,0.0180346,True,nan,nan,nan
2845,0.0285641,True,nan,nan,nan
2846,0.019601,True,nan,nan,nan
2847,0.0198606,True,nan,nan,nan
2848,0.0226833,True,nan,nan,nan
2849,0.0169491,True,nan,nan,nan
2850,0.0262845,True,nan,nan,nan
2851,0.0175811,True,nan,nan,nan
2852,0.0164039,True,nan,nan,nan
2853,0.0237003,True,nan,nan,nan
2854,0.0154088,True,nan,nan,nan
2855,0.0212485,True,nan,nan,nan
2856,0.0214623,True,nan,nan,nan
2857,0.016966,True,nan,nan,nan
2858,0.0284704,True,nan,nan,nan
2859,0.0191561,True,nan,nan,nan
2860,0.0248764,True,nan,nan,nan
2861,0.0293679,True,nan,nan,nan
2862,0.0162186,True,nan,nan,nan
2863,0.0221869,True,nan,nan,nan
2864,0.0155557,True,nan,nan,nan
2865,0.0234322,True,nan,nan,nan
2866,0.0295491,True,nan,nan,nan
2867,0.0193123,True,nan,nan,nan
2868,0.0273539,True,nan,nan,nan
2869,0.0190517,True,nan,nan,nan
2870,0.0288626,True,nan,nan,nan
2871,0.0169155,True,nan,nan,nan
2872,0.0218792,True,nan,nan,nan
2873,0.0261507,True,nan,nan,nan
2874,0.0294971,True,nan,nan,nan
2875,0.0280267,True,nan,nan,nan
2876,0.0161018,True,nan,nan,nan
2877,0.0173331,True,nan,nan,nan
2878,0.0279333,True,nan,nan,nan
2879,0.0265469,True,nan,nan,nan
2880,0.0206127,True,nan,nan,nan
2881,0.0277284,True,nan,nan,nan
2882,0.0244167,True,nan,nan,nan
2883,0.0282973,True,nan,nan,nan
2884,0.0257231,True,nan,nan,nan
2885,0.0235465,True,nan,nan,nan
2886,0.0230433,True,nan,nan,nan
2887,0.0229673,True,nan,nan,nan
2888,0.0257855,True,nan,nan,nan
2889,0.0274708,True,nan,nan,nan
2890,0.0204921,True,nan,nan,nan
2891,0.0274128,True,nan,nan,nan
2892,0.0291347,True,nan,nan,nan
2893,0.0174355,True,nan,nan,nan
2894,0.025926,True,nan,nan,nan
2895,0.0248975,True,nan,nan,nan
2896,0.02223,True,nan,nan,nan
2897,0.0246043,True,nan,nan,nan
2898,0.0293717,True,nan,nan,nan
2899,0.0292177,True,nan,nan,nan
2900,0.0272027,True,nan,nan,nan
2901,0.0282319,True,nan,nan,nan
2902,0.0197533,True,nan,nan,nan
2903,0.0221188,True,nan,nan,nan
2904,0.0182488,True,nan,nan,nan
2905,0.0283529,True,nan,nan,nan
2906,0.017453,True,nan,nan,nan
2907,0.017889,True,nan,nan,nan
2908,0.0284902,True,nan,nan,nan
2909,0.0267478,True,nan,nan,nan
2910,0.0237407,True,nan,nan,nan
2911,0.0241388,True,nan,nan,nan
2912,0.023431,True,nan,nan,nan
2913,0.0153082,True,nan,nan,nan
2914,0.0280763,True,nan,nan,nan
2915,0.0265226,True,nan,nan,nan
2916,0.0171132,True,nan,nan,nan
2917,0.0206714,True,nan,nan,nan
2918,0.019111,True,nan,nan,nan
2919,0.0194813,True,nan,nan,nan
2920,0.0295166,True,nan,nan,nan
2921,0.0289439,True,nan,nan,nan
2922,0.0229187,True,nan,nan,nan
2923,0.0281619,True,nan,nan,nan
2924,0.0180148,True,nan,nan,nan
2925,0.023465,True,nan,nan,nan
2926,0.0183829,True,nan,nan,nan
2927,0.0235645,True,nan,nan,nan
2928,0.0198864,True,nan,nan,nan
2929,0.0280565,True,nan,nan,nan
2930,0.0171303,True,nan,nan,nan
2931,0.0151461,True,nan,nan,nan
2932,0.0277192,True,nan,nan,nan
2933,0.0220492,True,nan,nan,nan
2934,0.0184392,True,nan,nan,nan
2935,0.0247939,True,nan,nan,nan
2936,0.0257347,True,nan,nan,nan
2937,0.0275556,True,nan,nan,nan
2938,0.0207689,True,nan,nan,nan
2939,0.0237026,True,nan,nan,nan
2940,0.0272275,True,nan,nan,nan
2941,0.0170377,True,nan,nan,nan
2942,0.0246804,True,nan,nan,nan
2943,0.020049,True,nan,nan,nan
2944,0.021614,True,nan,nan,nan
2945,0.0159547,True,nan,nan,nan
2946,0.0242595,True,nan,nan,nan
2947,0.0170263,True,nan,nan,nan
2948,0.0193781,True,nan,nan,nan
2949,0.0201512,True,nan,nan,nan
2950,0.0197886,True,nan,nan,nan
2951,0.0229041,True,nan,nan,nan
2952,0.0259095,True,nan,nan,nan
2953,0.0264714,True,nan,nan,nan
2954,0.0176475,True,nan,nan,nan
2955,0.0294685,True,nan,nan,nan
2956,0.0230635,True,nan,nan,nan
2957,0.0190353,True,nan,nan,nan
2958,0.0214995,True,nan,nan,nan
2959,0.0225944,True,nan,nan,nan
2960,0.0162972,True,nan,nan,nan
2961,0.0168986,True,nan,nan,nan
2962,0.0280516,True,nan,nan,nan
2963,0.0164786,True,nan,nan,nan
2964,0.0245184,True,nan,nan,nan
2965,0.0220977,True,nan,nan,nan
2966,0.0234944,True,nan,nan,nan
2967,0.0275591,True,nan,nan,nan
2968,0.0209965,True,nan,nan,nan
2969,0.018429,True,nan,nan,nan
2970,0.0282167,True,nan,nan,nan
2971,0.0153728,True,nan,nan,nan
2972,0.0281487,True,nan,nan,nan
2973,0.0157933,True,nan,nan,nan
2974,0.0230141,True,nan,nan,nan
2975,0.0151497,True,nan,nan,nan
2976,0.027552,True,nan,nan,nan
2977,0.0296565,True,nan,nan,nan
2978,0.0265596,True,nan,nan,nan
2979,0.0188849,True,nan,nan,nan
2980,0.0152262,True,nan,nan,nan
2981,0.0252129,True,nan,nan,nan
2982,0.0159256,True,nan,nan,nan
2983,0.0179949,True,nan,nan,nan
2984,0.0298195,True,nan,nan,nan
2985,0.0193054,True,nan,nan,nan
2986,0.0181304,True,nan,nan,nan
2987,0.0275242,True,nan,nan,nan
2988,0.0227903,True,nan,nan,nan
2989,0.0232685,True,nan,nan,nan
2990,0.0255989,True,nan,nan,nan
2991,0.0287675,True,nan,nan,nan
2992,0.0260643,True,nan,nan,nan
2993,0.0269426,True,nan,nan,nan
2994,0.0263922,True,nan,nan,nan
2995,0.0229036,True,nan,nan,nan
2996,0.0214693,True,nan,nan,nan
2997,0.0157881,True,nan,nan,nan
2998,0.0185748,True,nan,nan,nan
2999,0.0191019,True,nan,nan,nan
3000,0.0151616,True,nan,nan,nan
3001,0.0220542,True,nan,nan,nan
3002,0.0184151,True,nan,nan,nan
3003,0.0287124,True,nan,nan,nan
3004,0.0190138,True,nan,nan,nan
3005,0.0226548,True,nan,nan,nan
3006,0.0207276,True,nan,nan,nan
3007,0.0182482,True,nan,nan,nan
3008,0.0287911,True,nan,nan,nan
3009,0.0256169,True,nan,nan,nan
3010,0.0175597,True,nan,nan,nan
3011,0.0277948,True,nan,nan,nan
3012,0.0236264,True,nan,nan,nan
3013,0.0292782,True,nan,nan,nan
3014,0.0223172,True,nan,nan,nan
3015,0.0252478,True,nan,nan,nan
3016,0.0293234,True,nan,nan,nan
3017,0.0277549,True,nan,nan,nan
3018,0.0225929,True,nan,nan,nan
3019,0.0229146,True,nan,nan,nan
3020,0.0244662,True,nan,nan,nan
3021,0.0167966,True,nan,nan,nan
3022,0.0224353,True,nan,nan,nan
3023,0.0295234,True,nan,nan,nan
3024,0.0268414,True,nan,nan,nan
3025,0.0277186,True,nan,nan,nan
3026,0.0226438,True,nan,nan,nan
3027,0.0197544,True,nan,nan,nan
3028,0.0161492,True,nan,nan,nan
3029,0.0203544,True,nan,nan,nan
3030,0.0253262,True,nan,nan,nan
3031,0.0273197,True,nan,nan,nan
3032,0.0261585,True,nan,nan,nan
3033,0.0233227,True,nan,nan,nan
3034,0.0244941,True,nan,nan,nan
3035,0.0295063,True,nan,nan,nan
3036,0.0225562,True,nan,nan,nan
3037,0.025064,True,nan,nan,nan
3038,0.0263754,True,nan,nan,nan
3039,0.0257816,True,nan,nan,nan
3040,0.016629,True,nan,nan,nan
3041,0.0252196,True,nan,nan,nan
3042,0.0176855,True,nan,nan,nan
3043,0.0244898,True,nan,nan,nan
3044,0.0205883,True,nan,nan,nan
3045,0.0281074,True,nan,nan,nan
3046,0.0179826,True,nan,nan,nan
3047,0.0171243,True,nan,nan,nan
3048,0.0197353,True,nan,nan,nan
3049,0.0248399,True,nan,nan,nan
3050,0.026633,True,nan,nan,nan
3051,0.0228843,True,nan,nan,nan
3052,0.0166284,True,nan,nan,nan
3053,0.0164622,True,nan,nan,nan
3054,0.0193114,True,nan,nan,nan
3055,0.0236616,True,nan,nan,nan
3056,0.0221453,True,nan,nan,nan
3057,0.0152529,True,nan,nan,nan
3058,0.0278994,True,nan,nan,nan
3059,0.0287708,True,nan,nan,nan
3060,0.0254223,True,nan,nan,nan
3061,0.0159948,True,nan,nan,nan
3062,0.01973,True,nan,nan,nan
3063,0.0290603,True,nan,nan,nan
3064,0.0184401,True,nan,nan,nan
3065,0.0262384,True,nan,nan,nan
3066,0.0217463,True,nan,nan,nan
3067,0.0170421,True,nan,nan,nan
3068,0.0260451,True,nan,nan,nan
3069,0.0202212,True,nan,nan,nan
3070,0.0266393,True,nan,nan,nan
3071,0.017189,True,nan,nan,nan
3072,0.0287371,True,nan,nan,nan
3073,0.0157859,True,nan,nan,nan
3074,0.0159307,True,nan,nan,nan
3075,0.0284984,True,nan,nan,nan
3076,0.027114,True,nan,nan,nan
3077,0.0258237,True,nan,nan,nan
3078,0.0160786,True,nan,nan,nan
3079,0.0270319,True,nan,nan,nan
3080,0.0170348,True,nan,nan,nan
3081,0.0254301,True,nan,nan,nan
3082,0.0295591,True,nan,nan,nan
3083,0.0269479,True,nan,nan,nan
3084,0.0173462,True,nan,nan,nan
3085,0.0166277,True,nan,nan,nan
3086,0.0158281,True,nan,nan,nan
3087,0.0192034,True,nan,nan,nan
3088,0.0250431,True,nan,nan,nan
3089,0.0193399,True,nan,nan,nan
3090,0.0154677,True,nan,nan,nan
3091,0.0157159,True,nan,nan,nan
3092,0.0202183,True,nan,nan,nan
3093,0.0269693,True,nan,nan,nan
3094,0.020569,True,nan,nan,nan
3095,0.0237975,True,nan,nan,nan
3096,0.027834,True,nan,nan,nan
3097,0.0171734,True,nan,nan,nan
3098,0.0195215,True,nan,nan,nan
3099,0.0265898,True,nan,nan,nan
3100,0.0295549,True,nan,nan,nan
3101,0.0275921,True,nan,nan,nan
3102,0.020429,True,nan,nan,nan
3103,0.0173401,True,nan,nan,nan
3104,0.0224859,True,nan,nan,nan
3105,0.0210368,True,nan,nan,nan
3106,0.0168333,True,nan,nan,nan
3107,0.0168908,True,nan,nan,nan
3108,0.0156197,True,nan,nan,nan
3109,0.0294854,True,nan,nan,nan
3110,0.0265263,True,nan,nan,nan
3111,0.0258663,True,nan,nan,nan
3112,0.0286595,True,nan,nan,nan
3113,0.0178419,True,nan,nan,nan
3114,0.028534,True,nan,nan,nan
3115,0.0187192,True,nan,nan,nan
3116,0.0159553,True,nan,nan,nan
3117,0.0284283,True,nan,nan,nan
3118,0.0232251,True,nan,nan,nan
3119,0.0266699,True,nan,nan,nan
3120,0.0157385,True,nan,nan,nan
3121,0.0155095,True,nan,nan,nan
3122,0.0220478,True,nan,nan,nan
3123,0.0262651,True,nan,nan,nan
3124,0.029623,True,nan,nan,nan
3125,0.0168606,True,nan,nan,nan
3126,0.019381,True,nan,nan,nan
3127,0.0225331,True,nan,nan,nan
3128,0.0218856,True,nan,nan,nan
3129,0.0168672,True,nan,nan,nan
3130,0.0158387,True,nan,nan,nan
3131,0.020288,True,nan,nan,nan
3132,0.0196159,True,nan,nan,nan
3133,0.0157308,True,nan,nan,nan
3134,0.0234823,True,nan,nan,nan
3135,0.0297108,True,nan,nan,nan
3136,0.0184306,True,nan,nan,nan
3137,0.0290486,True,nan,nan,nan
3138,0.0287626,True,nan,nan,nan
3139,0.027065,True,nan,nan,nan
3140,0.0287638,True,nan,nan,nan
3141,0.0268543,True,nan,nan,nan
3142,0.0257206,True,nan,nan,nan
3143,0.019043,True,nan,nan,nan
3144,0.0277544,True,nan,nan,nan
3145,0.0256259,True,nan,nan,nan
3146,0.0282318,True,nan,nan,nan
3147,0.019153,True,nan,nan,nan
3148,0.0295975,True,nan,nan,nan
3149,0.0296279,True,nan,nan,nan
3150,0.0195112,True,nan,nan,nan
3151,0.0292598,True,nan,nan,nan
3152,0.0272137,True,nan,nan,nan
3153,0.0163669,True,nan,nan,nan
3154,0.0184359,True,nan,nan,nan
3155,0.0211971,True,nan,nan,nan
3156,0.0209198,True,nan,nan,nan
3157,0.0184185,True,nan,nan,nan
3158,0.0181792,True,nan,nan,nan
3159,0.0218526,True,nan,nan,nan
3160,0.0198655,True,nan,nan,nan
3161,0.0160336,True,nan,nan,nan
3162,0.0238267,True,nan,nan,nan
3163,0.0280644,True,nan,nan,nan
3164,0.024982,True,nan,nan,nan
3165,0.019963,True,nan,nan,nan
3166,0.0213456,True,nan,nan,nan
3167,0.0250236,True,nan,nan,nan
3168,0.0286405,True,nan,nan,nan
3169,0.0181433,True,nan,nan,nan
3170,0.0202406,True,nan,nan,nan
3171,0.0250081,True,nan,nan,nan
3172,0.0211377,True,nan,nan,nan
3173,0.0292944,True,nan,nan,nan
3174,0.0197772,True,nan,nan,nan
3175,0.0183882,True,nan,nan,nan
3176,0.0177283,True,nan,nan,nan
3177,0.0298564,True,nan,nan,nan
3178,0.0204513,True,nan,nan,nan
3179,0.0286345,True,nan,nan,nan
3180,0.0254299,True,nan,nan,nan
3181,0.0255887,True,nan,nan,nan
3182,0.0191227,True,nan,nan,nan
3183,0.0231418,True,nan,nan,nan
3184,0.0247765,True,nan,nan,nan
3185,0.0196466,True,nan,nan,nan
3186,0.018913,True,nan,nan,nan
3187,0.0174291,True,nan,nan,nan
3188,0.0203895,True,nan,nan,nan
3189,0.027096,True,nan,nan,nan
3190,0.0260595,True,nan,nan,nan
3191,0.0176401,True,nan,nan,nan
3192,0.0226274,True,nan,nan,nan
3193,0.0223452,True,nan,nan,nan
3194,0.0227172,True,nan,nan,nan
3195,0.0231175,True,nan,nan,nan
3196,0.0228165,True,nan,nan,nan
3197,0.0182023,True,nan,nan,nan
3198,0.0218907,True,nan,nan,nan
3199,0.0177499,True,nan,nan,nan
3200,0.0192878,True,nan,nan,nan
3201,0.0209717,True,nan,nan,nan
3202,0.0268007,True,nan,nan,nan
3203,0.0276152,True,nan,nan,nan
3204,0.0220535,True,nan,nan,nan
3205,0.0179457,True,nan,nan,nan
3206,0.0298673,True,nan,nan,nan
3207,0.019287,True,nan,nan,nan
3208,0.0167415,True,nan,nan,nan
3209,0.0271374,True,nan,nan,nan
3210,0.0295763,True,nan,nan,nan
3211,0.027175,True,nan,nan,nan
3212,0.0223993,True,nan,nan,nan
3213,0.0285404,True,nan,nan,nan
3214,0.0156606,True,nan,nan,nan
3215,0.0175691,True,nan,nan,nan
3216,0.0219465,True,nan,nan,nan
3217,0.0195397,True,nan,nan,nan
3218,0.0267751,True,nan,nan,nan
3219,0.0263812,True,nan,nan,nan
3220,0.0281251,True,nan,nan,nan
3221,0.0159966,True,nan,nan,nan
3222,0.0190561,True,nan,nan,nan
3223,0.0157985,True,nan,nan,nan
3224,0.0228406,True,nan,nan,nan
3225,0.0172579,True,nan,nan,nan
3226,0.0264037,True,nan,nan,nan
3227,0.0183226,True,nan,nan,nan
3228,0.0292887,True,nan,nan,nan
3229,0.0244014,True,nan,nan,nan
3230,0.0179413,True,nan,nan,nan
3231,0.0205308,True,nan,nan,nan
3232,0.0222102,True,nan,nan,nan
3233,0.0273589,True,nan,nan,nan
3234,0.0186067,True,nan,nan,nan
3235,0.0174338,True,nan,nan,nan
3236,0.01948,True,nan,nan,nan
3237,0.0254176,True,nan,nan,nan
3238,0.0266824,True,nan,nan,nan
3239,0.0264069,True,nan,nan,nan
3240,0.0248077,True,nan,nan,nan
3241,0.0227256,True,nan,nan,nan
3242,0.0229566,True,nan,nan,nan
3243,0.0179019,True,nan,nan,nan
3244,0.0160795,True,nan,nan,nan
3245,0.0233983,True,nan,nan,nan
3246,0.0278367,True,nan,nan,nan
3247,0.0238362,True,nan,nan,nan
3248,0.0217957,True,nan,nan,nan
3249,0.0257325,True,nan,nan,nan
3250,0.0274787,True,nan,nan,nan
3251,0.0212831,True,nan,nan,nan
3252,0.0184759,True,nan,nan,nan
3253,0.02913,True,nan,nan,nan
3254,0.023195,True,nan,nan,nan
3255,0.0195195,True,nan,nan,nan
3256,0.0198155,True,nan,nan,nan
3257,0.0167744,True,nan,nan,nan
3258,0.0184063,True,nan,nan,nan
3259,0.0279605,True,nan,nan,nan
3260,0.021086,True,nan,nan,nan
3261,0.025925,True,nan,nan,nan
3262,0.0297221,True,nan,nan,nan
3263,0.0287121,True,nan,nan,nan
3264,0.018025,True,nan,nan,nan
3265,0.0239948,True,nan,nan,nan
3266,0.0267441,True,nan,nan,nan
3267,0.0178397,True,nan,nan,nan
3268,0.0279462,True,nan,nan,nan
3269,0.020154,True,nan,nan,nan
3270,0.0230904,True,nan,nan,nan
3271,0.0289314,True,nan,nan,nan
3272,0.0161552,True,nan,nan,nan
3273,0.0296816,True,nan,nan,nan
3274,0.0163355,True,nan,nan,nan
3275,0.0284277,True,nan,nan,nan
3276,0.0296661,True,nan,nan,nan
3277,0.0292277,True,nan,nan,nan
3278,0.0159572,True,nan,nan,nan
3279,0.0157967,True,nan,nan,nan
3280,0.0193409,True,nan,nan,nan
3281,0.0280211,True,nan,nan,nan
3282,0.0266866,True,nan,nan,nan
3283,0.0204766,True,nan,nan,nan
3284,0.0273482,True,nan,nan,nan
3285,0.0252626,True,nan,nan,nan
3286,0.0243442,True,nan,nan,nan
3287,0.0227271,True,nan,nan,nan
3288,0.019508,True,nan,nan,nan
3289,0.0176281,True,nan,nan,nan
3290,0.0278736,True,nan,nan,nan
3291,0.0182712,True,nan,nan,nan
3292,0.0291056,True,nan,nan,nan
3293,0.0224487,True,nan,nan,nan
3294,0.0221281,True,nan,nan,nan
3295,0.0224484,True,nan,nan,nan
3296,0.0267676,True,nan,nan,nan
3297,0.0198106,True,nan,nan,nan
3298,0.0225455,True,nan,nan,nan
3299,0.0177,True,nan,nan,nan
3300,0.0222846,True,nan,nan,nan
3301,0.0238927,True,nan,nan,nan
3302,0.0168286,True,nan,nan,nan
3303,0.0173001,True,nan,nan,nan
3304,0.01876,True,nan,nan,nan
3305,0.0290059,True,nan,nan,nan
3306,0.0185825,True,nan,nan,nan
3307,0.0211287,True,nan,nan,nan
3308,0.026853,True,nan,nan,nan
3309,0.0247331,True,nan,nan,nan
3310,0.0172649,True,nan,nan,nan
3311,0.0242837,True,nan,nan,nan
3312,0.0200909,True,nan,nan,nan
3313,0.0157756,True,nan,nan,nan
3314,0.0264747,True,nan,nan,nan
3315,0.0220816,True,nan,nan,nan
3316,0.0273291,True,nan,nan,nan
3317,0.0234812,True,nan,nan,nan
3318,0.0229722,True,nan,nan,nan
3319,0.021197,True,nan,nan,nan
3320,0.0284618,True,nan,nan,nan
3321,0.0287334,True,nan,nan,nan
3322,0.0271708,True,nan,nan,nan
3323,0.0227546,True,nan,nan,nan
3324,0.0250927,True,nan,nan,nan
3325,0.0216643,True,nan,nan,nan
3326,0.020221,True,nan,nan,nan
3327,0.0285482,True,nan,nan,nan
3328,0.0174843,True,nan,nan,nan
3329,0.0233839,True,nan,nan,nan
3330,0.0224564,True,nan,nan,nan
3331,0.0172603,True,nan,nan,nan
3332,0.0179945,True,nan,nan,nan
3333,0.0280343,True,nan,nan,nan
3334,0.0275018,True,nan,nan,nan
3335,0.0270894,True,nan,nan,nan
3336,0.017195,True,nan,nan,nan
3337,0.0266754,True,nan,nan,nan
3338,0.0237159,True,nan,nan,nan
3339,0.0267259,True,nan,nan,nan
3340,0.0245247,True,nan,nan,nan
3341,0.0288052,True,nan,nan,nan
3342,0.0220406,True,nan,nan,nan
3343,0.0206461,True,nan,nan,nan
3344,0.0188038,True,nan,nan,nan
3345,0.028405,True,nan,nan,nan
3346,0.0156181,True,nan,nan,nan
3347,0.0286821,True,nan,nan,nan
3348,0.0212414,True,nan,nan,nan
3349,0.0201447,True,nan,nan,nan
3350,0.0265354,True,nan,nan,nan
3351,0.0263639,True,nan,nan,nan
3352,0.0245424,True,nan,nan,nan
3353,0.0198756,True,nan,nan,nan
3354,0.0267849,True,nan,nan,nan
3355,0.0219011,True,nan,nan,nan
3356,0.016734,True,nan,nan,nan
3357,0.0163554,True,nan,nan,nan
3358,0.0186122,True,nan,nan,nan
3359,0.024617,True,nan,nan,nan
3360,0.0204479,True,nan,nan,nan
3361,0.0280428,True,nan,nan,nan
3362,0.0242687,True,nan,nan,nan
3363,0.0189778,True,nan,nan,nan
3364,0.0233152,True,nan,nan,nan
3365,0.0172612,True,nan,nan,nan
3366,0.0155667,True,nan,nan,nan
3367,0.0202204,True,nan,nan,nan
3368,0.0287127,True,nan,nan,nan
3369,0.024411,True,nan,nan,nan
3370,0.0275303,True,nan,nan,nan
3371,0.0177612,True,nan,nan,nan
3372,0.0208942,True,nan,nan,nan
3373,0.0223674,True,nan,nan,nan
3374,0.0280057,True,nan,nan,nan
3375,0.0245456,True,nan,nan,nan
3376,0.0297297,True,nan,nan,nan
3377,0.0262369,True,nan,nan,nan
3378,0.0162474,True,nan,nan,nan
3379,0.0256733,True,nan,nan,nan
3380,0.0161927,True,nan,nan,nan
3381,0.0277996,True,nan,nan,nan
3382,0.0183039,True,nan,nan,nan
3383,0.0250083,True,nan,nan,nan
3384,0.0160042,True,nan,nan,nan
3385,0.0252141,True,nan,nan,nan
3386,0.0209132,True,nan,nan,nan
3387,0.02313,True,nan,nan,nan
3388,0.0296475,True,nan,nan,nan
3389,0.0216113,True,nan,nan,nan
3390,0.025554,True,nan,nan,nan
3391,0.0200102,True,nan,nan,nan
3392,0.0225189,True,nan,nan,nan
3393,0.0266353,True,nan,nan,nan
3394,0.0278624,True,nan,nan,nan
3395,0.017329,True,nan,nan,nan
3396,0.0289159,True,nan,nan,nan
3397,0.0215413,True,nan,nan,nan
3398,0.0155665,True,nan,nan,nan
3399,0.0225148,True,nan,nan,nan
3400,0.0255688,True,nan,nan,nan
3401,0.0277892,True,nan,nan,nan
3402,0.0251436,True,nan,nan,nan
3403,0.0233237,True,nan,nan,nan
3404,0.0281922,True,nan,nan,nan
3405,0.0282879,True,nan,nan,nan
3406,0.0230926,True,nan,nan,nan
3407,0.0190758,True,nan,nan,nan
3408,0.0160993,True,nan,nan,nan
3409,0.0251399,True,nan,nan,nan
3410,0.0205378,True,nan,nan,nan
3411,0.0172265,True,nan,nan,nan
3412,0.018538,True,nan,nan,nan
3413,0.0234088,True,nan,nan,nan
3414,0.0189503,True,nan,nan,nan
3415,0.0185733,True,nan,nan,nan
3416,0.0251777,True,nan,nan,nan
3417,0.0234701,True,nan,nan,nan
3418,0.0231978,True,nan,nan,nan
3419,0.0180015,True,nan,nan,nan
3420,0.0262046,True,nan,nan,nan
3421,0.0190221,True,nan,nan,nan
3422,0.0225579,True,nan,nan,nan
3423,0.0219454,True,nan,nan,nan
3424,0.0278513,True,nan,nan,nan
3425,0.0238708,True,nan,nan,nan
3426,0.0173334,True,nan,nan,nan
3427,0.0190998,True,nan,nan,nan
3428,0.0171673,True,nan,nan,nan
3429,0.0154289,True,nan,nan,nan
3430,0.0221859,True,nan,nan,nan
3431,0.0260485,True,nan,nan,nan
3432,0.0244966,True,nan,nan,nan
3433,0.0293927,True,nan,nan,nan
3434,0.0207819,True,nan,nan,nan
3435,0.0195869,True,nan,nan,nan
3436,0.0213276,True,nan,nan,nan
3437,0.0205506,True,nan,nan,nan
3438,0.0252531,True,nan,nan,nan
3439,0.018357,True,nan,nan,nan
3440,0.0159452,True,nan,nan,nan
3441,0.0270347,True,nan,nan,nan
3442,0.0176225,True,nan,nan,nan
3443,0.0296967,True,nan,nan,nan
3444,0.0232017,True,nan,nan,nan
3445,0.0253992,True,nan,nan,nan
3446,0.0177736,True,nan,nan,nan
3447,0.0281743,True,nan,nan,nan
3448,0.0188563,True,nan,nan,nan
3449,0.0277773,True,nan,nan,nan
3450,0.0253171,True,nan,nan,nan
3451,0.0176555,True,nan,nan,nan
3452,0.0266643,True,nan,nan,nan
3453,0.0295748,True,nan,nan,nan
3454,0.021978,True,nan,nan,nan
3455,0.0238282,True,nan,nan,nan
3456,0.0206086,True,nan,nan,nan
3457,0.0187945,True,nan,nan,nan
3458,0.0184277,True,nan,nan,nan
3459,0.0295041,True,nan,nan,nan
3460,0.0161524,True,nan,nan,nan
3461,0.0191666,True,nan,nan,nan
3462,0.0295741,True,nan,nan,nan
3463,0.0156829,True,nan,nan,nan
3464,0.0178746,True,nan,nan,nan
3465,0.0280222,True,nan,nan,nan
3466,0.0277064,True,nan,nan,nan
3467,0.0262635,True,nan,nan,nan
3468,0.0276415,True,nan,nan,nan
3469,0.015486,True,nan,nan,nan
3470,0.0209237,True,nan,nan,nan
3471,0.0255796,True,nan,nan,nan
3472,0.0293601,True,nan,nan,nan
3473,0.0280371,True,nan,nan,nan
3474,0.0182845,True,nan,nan,nan
3475,0.0222319,True,nan,nan,nan
3476,0.0201177,True,nan,nan,nan
3477,0.0264608,True,nan,nan,nan
3478,0.0206686,True,nan,nan,nan
3479,0.0215149,True,nan,nan,nan
3480,0.016988,True,nan,nan,nan
3481,0.0297754,True,nan,nan,nan
3482,0.0169101,True,nan,nan,nan
3483,0.0273142,True,nan,nan,nan
3484,0.0186787,True,nan,nan,nan
3485,0.0197956,True,nan,nan,nan
3486,0.0152811,True,nan,nan,nan
3487,0.0246028,True,nan,nan,nan
3488,0.0210509,True,nan,nan,nan
3489,0.027414,True,nan,nan,nan
3490,0.0179165,True,nan,nan,nan
3491,0.0181284,True,nan,nan,nan
3492,0.0243019,True,nan,nan,nan
3493,0.0265433,True,nan,nan,nan
3494,0.0287213,True,nan,nan,nan
3495,0.0263932,True,nan,nan,nan
3496,0.0254239,True,nan,nan,nan
3497,0.0212341,True,nan,nan,nan
3498,0.0196871,True,nan,nan,nan
3499,0.0219017,True,nan,nan,nan
3500,0.024082,True,nan,nan,nan
3501,0.0237844,True,nan,nan,nan
3502,0.0213466,True,nan,nan,nan
3503,0.0210758,True,nan,nan,nan
3504,0.0289819,True,nan,nan,nan
3505,0.0297862,True,nan,nan,nan
3506,0.0238996,True,nan,nan,nan
3507,0.016053,True,nan,nan,nan
3508,0.0225298,True,nan,nan,nan
3509,0.0225694,True,nan,nan,nan
3510,0.026472,True,nan,nan,nan
3511,0.0185337,True,nan,nan,nan
3512,0.0280752,True,nan,nan,nan
3513,0.0260896,True,nan,nan,nan
3514,0.0268053,True,nan,nan,nan
3515,0.0213693,True,nan,nan,nan
3516,0.0286442,True,nan,nan,nan
3517,0.0181965,True,nan,nan,nan
3518,0.0177476,True,nan,nan,nan
3519,0.0207668,True,nan,nan,nan
3520,0.0180156,True,nan,nan,nan
3521,0.0253562,True,nan,nan,nan
3522,0.021834,True,nan,nan,nan
3523,0.0197688,True,nan,nan,nan
3524,0.0250877,True,nan,nan,nan
3525,0.015179,True,nan,nan,nan
3526,0.0237964,True,nan,nan,nan
3527,0.0181305,True,nan,nan,nan
3528,0.0190231,True,nan,nan,nan
3529,0.0215161,True,nan,nan,nan
3530,0.0238532,True,nan,nan,nan
3531,0.0274363,True,nan,nan,nan
3532,0.0205198,True,nan,nan,nan
3533,0.0288938,True,nan,nan,nan
3534,0.0171072,True,nan,nan,nan
3535,0.0296399,True,nan,nan,nan
3536,0.0175751,True,nan,nan,nan
3537,0.0208468,True,nan,nan,nan
3538,0.0227375,True,nan,nan,nan
3539,0.0281008,True,nan,nan,nan
3540,0.0180348,True,nan,nan,nan
3541,0.0218736,True,nan,nan,nan
3542,0.0166255,True,nan,nan,nan
3543,0.0297394,True,nan,nan,nan
3544,0.0245608,True,nan,nan,nan
3545,0.0191048,True,nan,nan,nan
3546,0.0284518,True,nan,nan,nan
3547,0.0253797,True,nan,nan,nan
3548,0.0248355,True,nan,nan,nan
3549,0.0252703,True,nan,nan,nan
3550,0.0227191,True,nan,nan,nan
3551,0.0283451,True,nan,nan,nan
3552,0.0289187,True,nan,nan,nan
3553,0.0294221,True,nan,nan,nan
3554,0.0250436,True,nan,nan,nan
3555,0.0210844,True,nan,nan,nan
3556,0.0209168,True,nan,nan,nan
3557,0.0243084,True,nan,nan,nan
3558,0.0178903,True,nan,nan,nan
3559,0.0234765,True,nan,nan,nan
3560,0.0159551,True,nan,nan,nan
3561,0.0218483,True,nan,nan,nan
3562,0.021132,True,nan,nan,nan
3563,0.0222506,True,nan,nan,nan
3564,0.0262717,True,nan,nan,nan
3565,0.0255565,True,nan,nan,nan
3566,0.0223179,True,nan,nan,nan
3567,0.0232862,True,nan,nan,nan
3568,0.0247819,True,nan,nan,nan
3569,0.0286554,True,nan,nan,nan
3570,0.0189256,True,nan,nan,nan
3571,0.026964,True,nan,nan,nan
3572,0.0276952,True,nan,nan,nan
3573,0.0241152,True,nan,nan,nan
3574,0.0214123,True,nan,nan,nan
3575,0.0188462,True,nan,nan,nan
3576,0.0252237,True,nan,nan,nan
3577,0.0282666,True,nan,nan,nan
3578,0.0295875,True,nan,nan,nan
3579,0.0283357,True,nan,nan,nan
3580,0.0210362,True,nan,nan,nan
3581,0.0291195,True,nan,nan,nan
3582,0.0214147,True,nan,nan,nan
3583,0.0296498,True,nan,nan,nan
3584,0.0166629,True,nan,nan,nan
3585,0.0160273,True,nan,nan,nan
3586,0.0159715,True,nan,nan,nan
3587,0.0162988,True,nan,nan,nan
3588,0.0288901,True,nan,nan,nan
3589,0.0252637,True,nan,nan,nan
3590,0.0283279,True,nan,nan,nan
3591,0.0293264,True,nan,nan,nan
3592,0.0229243,True,nan,nan,nan
3593,0.0169992,True,nan,nan,nan
3594,0.0234843,True,nan,nan,nan
3595,0.0193399,True,nan,nan,nan
3596,0.0187638,True,nan,nan,nan
3597,0.0236399,True,nan,nan,nan
3598,0.0235601,True,nan,nan,nan
3599,0.0295341,True,nan,nan,nan
3600,0.0158413,True,nan,nan,nan
3601,0.0286996,True,nan,nan,nan
3602,0.0281968,True,nan,nan,nan
3603,0.0160935,True,nan,nan,nan
3604,0.0245054,True,nan,nan,nan
3605,0.0257201,True,nan,nan,nan
3606,0.0200445,True,nan,nan,nan
3607,0.0173977,True,nan,nan,nan
3608,0.0221504,True,nan,nan,nan
3609,0.0243761,True,nan,nan,nan
3610,0.0180076,True,nan,nan,nan
3611,0.0191243,True,nan,nan,nan
3612,0.0232297,True,nan,nan,nan
3613,0.0249723,True,nan,nan,nan
3614,0.0270932,True,nan,nan,nan
3615,0.0296434,True,nan,nan,nan
3616,0.0222433,True,nan,nan,nan
3617,0.0177159,True,nan,nan,nan
3618,0.0200082,True,nan,nan,nan
3619,0.0249855,True,nan,nan,nan
3620,0.0280831,True,nan,nan,nan
3621,0.016873,True,nan,nan,nan
3622,0.0245513,True,nan,nan,nan
3623,0.0229736,True,nan,nan,nan
3624,0.021087,True,nan,nan,nan
3625,0.0237775,True,nan,nan,nan
3626,0.0223941,True,nan,nan,nan
3627,0.0278253,True,nan,nan,nan
3628,0.0225778,True,nan,nan,nan
3629,0.0208536,True,nan,nan,nan
3630,0.0226885,True,nan,nan,nan
3631,0.0230578,True,nan,nan,nan
3632,0.0153272,True,nan,nan,nan
3633,0.0212896,True,nan,nan,nan
3634,0.0231085,True,nan,nan,nan
3635,0.0259979,True,nan,nan,nan
3636,0.0204723,True,nan,nan,nan
3637,0.0173411,True,nan,nan,nan
3638,0.0269715,True,nan,nan,nan
3639,0.0263024,True,nan,nan,nan
3640,0.0176718,True,nan,nan,nan
3641,0.0169723,True,nan,nan,nan
3642,0.0284558,True,nan,nan,nan
3643,0.0211212,True,nan,nan,nan
3644,0.0242083,True,nan,nan,nan
3645,0.0161635,True,nan,nan,nan
3646,0.0258345,True,nan,nan,nan
3647,0.0220148,True,nan,nan,nan
3648,0.0181851,True,nan,nan,nan
3649,0.0270169,True,nan,nan,nan
3650,0.0234824,True,nan,nan,nan
3651,0.0260225,True,nan,nan,nan
3652,0.0178218,True,nan,nan,nan
3653,0.0233223,True,nan,nan,nan
3654,0.0156771,True,nan,nan,nan
3655,0.021919,True,nan,nan,nan
3656,0.016216,True,nan,nan,nan
3657,0.0157902,True,nan,nan,nan
3658,0.0280708,True,nan,nan,nan
3659,0.0203709,True,nan,nan,nan
3660,0.0184253,True,nan,nan,nan
3661,0.0181824,True,nan,nan,nan
3662,0.0183958,True,nan,nan,nan
3663,0.0283651,True,nan,nan,nan
3664,0.0266057,True,nan,nan,nan
3665,0.0265082,True,nan,nan,nan
3666,0.017013,True,nan,nan,nan
3667,0.0224946,True,nan,nan,nan
3668,0.0208966,True,nan,nan,nan
3669,0.0227186,True,nan,nan,nan
3670,0.016325,True,nan,nan,nan
3671,0.0278688,True,nan,nan,nan
3672,0.0201436,True,nan,nan,nan
3673,0.023327,True,nan,nan,nan
3674,0.0221023,True,nan,nan,nan
3675,0.0163142,True,nan,nan,nan
3676,0.0169133,True,nan,nan,nan
3677,0.0269441,True,nan,nan,nan
3678,0.0261772,True,nan,nan,nan
3679,0.0289853,True,nan,nan,nan
3680,0.02582,True,nan,nan,nan
3681,0.0230686,True,nan,nan,nan
3682,0.0277021,True,nan,nan,nan
3683,0.0233841,True,nan,nan,nan
3684,0.017177,True,nan,nan,nan
3685,0.0155041,True,nan,nan,nan
3686,0.0204823,True,nan,nan,nan
3687,0.0259771,True,nan,nan,nan
3688,0.0237115,True,nan,nan,nan
3689,0.0263961,True,nan,nan,nan
3690,0.0233838,True,nan,nan,nan
3691,0.0170507,True,nan,nan,nan
3692,0.0191097,True,nan,nan,nan
3693,0.022959,True,nan,nan,nan
3694,0.0164728,True,nan,nan,nan
3695,0.0236843,True,nan,nan,nan
3696,0.0224746,True,nan,nan,nan
3697,0.0178354,True,nan,nan,nan
3698,0.0268354,True,nan,nan,nan
3699,0.0280617,True,nan,nan,nan
3700,0.0278684,True,nan,nan,nan
3701,0.0183525,True,nan,nan,nan
3702,0.0238557,True,nan,nan,nan
3703,0.0275901,True,nan,nan,nan
3704,0.0155355,True,nan,nan,nan
3705,0.0239802,True,nan,nan,nan
3706,0.0156534,True,nan,nan,nan
3707,0.0232297,True,nan,nan,nan
3708,0.0285549,True,nan,nan,nan
3709,0.0210666,True,nan,nan,nan
3710,0.0289202,True,nan,nan,nan
3711,0.0298423,True,nan,nan,nan
3712,0.0270591,True,nan,nan,nan
3713,0.0210374,True,nan,nan,nan
3714,0.025996,True,nan,nan,nan
3715,0.0217899,True,nan,nan,nan
3716,0.0270078,True,nan,nan,nan
3717,0.0262504,True,nan,nan,nan
3718,0.0207575,True,nan,nan,nan
3719,0.0240982,True,nan,nan,nan
3720,0.0193692,True,nan,nan,nan
3721,0.0240821,True,nan,nan,nan
3722,0.025611,True,nan,nan,nan
3723,0.0221576,True,nan,nan,nan
3724,0.0163369,True,nan,nan,nan
3725,0.0189652,True,nan,nan,nan
3726,0.0289516,True,nan,nan,nan
3727,0.0175486,True,nan,nan,nan
3728,0.0243272,True,nan,nan,nan
3729,0.0165271,True,nan,nan,nan
3730,0.0288589,True,nan,nan,nan
3731,0.0226067,True,nan,nan,nan
3732,0.0193153,True,nan,nan,nan
3733,0.0211968,True,nan,nan,nan
3734,0.0153339,True,nan,nan,nan
3735,0.0225124,True,nan,nan,nan
3736,0.0188321,True,nan,nan,nan
3737,0.0194332,True,nan,nan,nan
3738,0.017558,True,nan,nan,nan
3739,0.0165712,True,nan,nan,nan
3740,0.0225869,True,nan,nan,nan
3741,0.0175382,True,nan,nan,nan
3742,0.0156442,True,nan,nan,nan
3743,0.0249094,True,nan,nan,nan
3744,0.0232256,True,nan,nan,nan
3745,0.0207829,True,nan,nan,nan
3746,0.016613,True,nan,nan,nan
3747,0.0290557,True,nan,nan,nan
3748,0.0221355,True,nan,nan,nan
3749,0.0157016,True,nan,nan,nan
3750,0.017981,True,nan,nan,nan
3751,0.0269642,True,nan,nan,nan
3752,0.0174851,True,nan,nan,nan
3753,0.021488,True,nan,nan,nan
3754,0.0210718,True,nan,nan,nan
3755,0.0186174,True,nan,nan,nan
3756,0.0197364,True,nan,nan,nan
3757,0.0185676,True,nan,nan,nan
3758,0.0252907,True,nan,nan,nan
3759,0.0200291,True,nan,nan,nan
3760,0.0271896,True,nan,nan,nan
3761,0.0218763,True,nan,nan,nan
3762,0.0159608,True,nan,nan,nan
3763,0.0172085,True,nan,nan,nan
3764,0.0197988,True,nan,nan,nan
3765,0.0237615,True,nan,nan,nan
3766,0.0227373,True,nan,nan,nan
3767,0.0167773,True,nan,nan,nan
3768,0.0272624,True,nan,nan,nan
3769,0.025091,True,nan,nan,nan
3770,0.0185686,True,nan,nan,nan
3771,0.02746,True,nan,nan,nan
3772,0.0202623,True,nan,nan,nan
3773,0.0249994,True,nan,nan,nan
3774,0.0206401,True,nan,nan,nan
3775,0.0254037,True,nan,nan,nan
3776,0.0205245,True,nan,nan,nan
3777,0.0200295,True,nan,nan,nan
3778,0.0180734,True,nan,nan,nan
3779,0.0277669,True,nan,nan,nan
3780,0.0278467,True,nan,nan,nan
3781,0.0251618,True,nan,nan,nan
3782,0.0216037,True,nan,nan,nan
3783,0.0296497,True,nan,nan,nan
3784,0.0268544,True,nan,nan,nan
3785,0.0162836,True,nan,nan,nan
3786,0.0294186,True,nan,nan,nan
3787,0.0266177,True,nan,nan,nan
3788,0.0235445,True,nan,nan,nan
3789,0.0242255,True,nan,nan,nan
3790,0.0186226,True,nan,nan,nan
3791,0.016384,True,nan,nan,nan
3792,0.0297808,True,nan,nan,nan
3793,0.0169351,True,nan,nan,nan
3794,0.0278422,True,nan,nan,nan
3795,0.0199172,True,nan,nan,nan
3796,0.0179442,True,nan,nan,nan
3797,0.0254132,True,nan,nan,nan
3798,0.0254,True,nan,nan,nan
3799,0.0158258,True,nan,nan,nan
3800,0.0181048,True,nan,nan,nan
3801,0.0206679,True,nan,nan,nan
3802,0.0184687,True,nan,nan,nan
3803,0.0266149,True,nan,nan,nan
3804,0.0178707,True,nan,nan,nan
3805,0.023176,True,nan,nan,nan
3806,0.0264665,True,nan,nan,nan
3807,0.0289461,True,nan,nan,nan
3808,0.0175561,True,nan,nan,nan
3809,0.0256891,True,nan,nan,nan
3810,0.0176523,True,nan,nan,nan
3811,0.0274035,True,nan,nan,nan
3812,0.0238205,True,nan,nan,nan
3813,0.0215567,True,nan,nan,nan
3814,0.028073,True,nan,nan,nan
3815,0.022794,True,nan,nan,nan
3816,0.0268493,True,nan,nan,nan
3817,0.0261198,True,nan,nan,nan
3818,0.021165,True,nan,nan,nan
3819,0.0247407,True,nan,nan,nan
3820,0.021863,True,nan,nan,nan
3821,0.0179527,True,nan,nan,nan
3822,0.019866,True,nan,nan,nan
3823,0.0236621,True,nan,nan,nan
3824,0.0220826,True,nan,nan,nan
3825,0.0181838,True,nan,nan,nan
3826,0.0281613,True,nan,nan,nan
3827,0.0259474,True,nan,nan,nan
3828,0.0196649,True,nan,nan,nan
3829,0.0190038,True,nan,nan,nan
3830,0.0177411,True,nan,nan,nan
3831,0.02936,True,nan,nan,nan
3832,0.0230782,True,nan,nan,nan
3833,0.0203544,True,nan,nan,nan
3834,0.0296506,True,nan,nan,nan
3835,0.0225621,True,nan,nan,nan
3836,0.0199602,True,nan,nan,nan
3837,0.0291396,True,nan,nan,nan
3838,0.0289969,True,nan,nan,nan
3839,0.0230357,True,nan,nan,nan
3840,0.0288227,True,nan,nan,nan
3841,0.0207131,True,nan,nan,nan
3842,0.0278187,True,nan,nan,nan
3843,0.0281671,True,nan,nan,nan
3844,0.0213096,True,nan,nan,nan
3845,0.0198185,True,nan,nan,nan
3846,0.0260182,True,nan,nan,nan
3847,0.0235027,True,nan,nan,nan
3848,0.0251175,True,nan,nan,nan
3849,0.0198641,True,nan,nan,nan
3850,0.0170972,True,nan,nan,nan
3851,0.0275737,True,nan,nan,nan
3852,0.015647,True,nan,nan,nan
3853,0.0241853,True,nan,nan,nan
3854,0.0201173,True,nan,nan,nan
3855,0.0293248,True,nan,nan,nan
3856,0.0189255,True,nan,nan,nan
3857,0.0288743,True,nan,nan,nan
3858,0.0214412,True,nan,nan,nan
3859,0.0170096,True,nan,nan,nan
3860,0.0188515,True,nan,nan,nan
3861,0.0291136,True,nan,nan,nan
3862,0.0209964,True,nan,nan,nan
3863,0.0213487,True,nan,nan,nan
3864,0.0186954,True,nan,nan,nan
3865,0.0215256,True,nan,nan,nan
3866,0.0177977,True,nan,nan,nan
3867,0.0279138,True,nan,nan,nan
3868,0.0201981,True,nan,nan,nan
3869,0.0229073,True,nan,nan,nan
3870,0.0183362,True,nan,nan,nan
3871,0.0171616,True,nan,nan,nan
3872,0.0223358,True,nan,nan,nan
3873,0.0243841,True,nan,nan,nan
3874,0.0227694,True,nan,nan,nan
3875,0.016254,True,nan,nan,nan
3876,0.02431,True,nan,nan,nan
3877,0.0250087,True,nan,nan,nan
3878,0.0184395,True,nan,nan,nan
3879,0.0270483,True,nan,nan,nan
3880,0.0269188,True,nan,nan,nan
3881,0.0280696,True,nan,nan,nan
3882,0.0180669,True,nan,nan,nan
3883,0.0187561,True,nan,nan,nan
3884,0.0290694,True,nan,nan,nan
3885,0.0274738,True,nan,nan,nan
3886,0.0171665,True,nan,nan,nan
3887,0.0276308,True,nan,nan,nan
3888,0.0176045,True,nan,nan,nan
3889,0.0282206,True,nan,nan,nan
3890,0.0261057,True,nan,nan,nan
3891,0.0157239,True,nan,nan,nan
3892,0.0167801,True,nan,nan,nan
3893,0.0221505,True,nan,nan,nan
3894,0.0282069,True,nan,nan,nan
3895,0.0189018,True,nan,nan,nan
3896,0.026828,True,nan,nan,nan
3897,0.0247539,True,nan,nan,nan
3898,0.0198448,True,nan,nan,nan
3899,0.0269537,True,nan,nan,nan
3900,0.0279579,True,nan,nan,nan
3901,0.0228185,True,nan,nan,nan
3902,0.0177359,True,nan,nan,nan
3903,0.017588,True,nan,nan,nan
3904,0.0290593,True,nan,nan,nan
3905,0.0171764,True,nan,nan,nan
3906,0.0182101,True,nan,nan,nan
3907,0.0193529,True,nan,nan,nan
3908,0.0246233,True,nan,nan,nan
3909,0.0168771,True,nan,nan,nan
3910,0.0259959,True,nan,nan,nan
3911,0.0163365,True,nan,nan,nan
3912,0.0287053,True,nan,nan,nan
3913,0.0274249,True,nan,nan,nan
3914,0.0201785,True,nan,nan,nan
3915,0.0155523,True,nan,nan,nan
3916,0.0253698,True,nan,nan,nan
3917,0.0295564,True,nan,nan,nan
3918,0.0164052,True,nan,nan,nan
3919,0.028301,True,nan,nan,nan
3920,0.0158297,True,nan,nan,nan
3921,0.0221177,True,nan,nan,nan
3922,0.0244741,True,nan,nan,nan
3923,0.0223338,True,nan,nan,nan
3924,0.0229602,True,nan,nan,nan
3925,0.0293834,True,nan,nan,nan
3926,0.0232305,True,nan,nan,nan
3927,0.0262365,True,nan,nan,nan
3928,0.0294028,True,nan,nan,nan
3929,0.0249693,True,nan,nan,nan
3930,0.016541,True,nan,nan,nan
3931,0.0173747,True,nan,nan,nan
3932,0.0187277,True,nan,nan,nan
3933,0.0276647,True,nan,nan,nan
3934,0.0267331,True,nan,nan,nan
3935,0.0272423,True,nan,nan,nan
3936,0.0253393,True,nan,nan,nan
3937,0.0296134,True,nan,nan,nan
3938,0.0152202,True,nan,nan,nan
3939,0.0230385,True,nan,nan,nan
3940,0.0251611,True,nan,nan,nan
3941,0.0183409,True,nan,nan,nan
3942,0.0241642,True,nan,nan,nan
3943,0.0153432,True,nan,nan,nan
3944,0.0203602,True,nan,nan,nan
3945,0.019473,True,nan,nan,nan
3946,0.0169496,True,nan,nan,nan
3947,0.0159348,True,nan,nan,nan
3948,0.0273244,True,nan,nan,nan
3949,0.0193092,True,nan,nan,nan
3950,0.0268193,True,nan,nan,nan
3951,0.0262842,True,nan,nan,nan
3952,0.0154218,True,nan,nan,nan
3953,0.0204783,True,nan,nan,nan
3954,0.0207547,True,nan,nan,nan
3955,0.0255034,True,nan,nan,nan
3956,0.0215288,True,nan,nan,nan
3957,0.0294983,True,nan,nan,nan
3958,0.0212503,True,nan,nan,nan
3959,0.0198107,True,nan,nan,nan
3960,0.0160438,True,nan,nan,nan
3961,0.0204097,True,nan,nan,nan
3962,0.0235886,True,nan,nan,nan
3963,0.0237257,True,nan,nan,nan
3964,0.0226238,True,nan,nan,nan
3965,0.0165912,True,nan,nan,nan
3966,0.023142,True,nan,nan,nan
3967,0.0259935,True,nan,nan,nan
3968,0.0184907,True,nan,nan,nan
3969,0.0244592,True,nan,nan,nan
3970,0.0202831,True,nan,nan,nan
3971,0.0255713,True,nan,nan,nan
3972,0.0183233,True,nan,nan,nan
3973,0.020653,True,nan,nan,nan
3974,0.0230545,True,nan,nan,nan
3975,0.0221173,True,nan,nan,nan
3976,0.026929,True,nan,nan,nan
3977,0.018292,True,nan,nan,nan
3978,0.0174613,True,nan,nan,nan
3979,0.0270483,True,nan,nan,nan
3980,0.0177536,True,nan,nan,nan
3981,0.0170618,True,nan,nan,nan
3982,0.025528,True,nan,nan,nan
3983,0.0251504,True,nan,nan,nan
3984,0.0293335,True,nan,nan,nan
3985,0.0284886,True,nan,nan,nan
3986,0.0284471,True,nan,nan,nan
3987,0.0172456,True,nan,nan,nan
3988,0.0258121,True,nan,nan,nan
3989,0.0181816,True,nan,nan,nan
3990,0.0255767,True,nan,nan,nan
3991,0.0197582,True,nan,nan,nan
3992,0.0224593,True,nan,nan,nan
3993,0.0171901,True,nan,nan,nan
3994,0.0166994,True,nan,nan,nan
3995,0.0161191,True,nan,nan,nan
3996,0.0259895,True,nan,nan,nan
3997,0.0240723,True,nan,nan,nan
3998,0.0292879,True,nan,nan,nan
3999,0.0285219,True,nan,nan,nan
4000,0.021898,True,nan,nan,nan
4001,0.0210104,True,nan,nan,nan
4002,0.020505,True,nan,nan,nan
4003,0.027947,True,nan,nan,nan
4004,0.0153262,True,nan,nan,nan
4005,0.0204037,True,nan,nan,nan
4006,0.0269993,True,nan,nan,nan
4007,0.0155456,True,nan,nan,nan
4008,0.0286866,True,nan,nan,nan
4009,0.0200292,True,nan,nan,nan
4010,0.0193939,True,nan,nan,nan
4011,0.0178169,True,nan,nan,nan
4012,0.0206883,True,nan,nan,nan
4013,0.0291195,True,nan,nan,nan
4014,0.0262272,True,nan,nan,nan
4015,0.016739,True,nan,nan,nan
4016,0.0239802,True,nan,nan,nan
4017,0.0266503,True,nan,nan,nan
4018,0.0156213,True,nan,nan,nan
4019,0.0156821,True,nan,nan,nan
4020,0.0267572,True,nan,nan,nan
4021,0.0284717,True,nan,nan,nan
4022,0.0200527,True,nan,nan,nan
4023,0.026293,True,nan,nan,nan
4024,0.0210588,True,nan,nan,nan
4025,0.0286826,True,nan,nan,nan
4026,0.0172496,True,nan,nan,nan
4027,0.0157356,True,nan,nan,nan
4028,0.0186169,True,nan,nan,nan
4029,0.0291185,True,nan,nan,nan
4030,0.0237424,True,nan,nan,nan
4031,0.0255251,True,nan,nan,nan
4032,0.0237684,True,nan,nan,nan
4033,0.0268576,True,nan,nan,nan
4034,0.0234048,True,nan,nan,nan
4035,0.0165,True,nan,nan,nan
4036,0.0211901,True,nan,nan,nan
4037,0.0155025,True,nan,nan,nan
4038,0.0268103,True,nan,nan,nan
4039,0.0262008,True,nan,nan,nan
4040,0.0282623,True,nan,nan,nan
4041,0.0289848,True,nan,nan,nan
4042,0.0270963,True,nan,nan,nan
4043,0.0249321,True,nan,nan,nan
4044,0.0202121,True,nan,nan,nan
4045,0.0244664,True,nan,nan,nan
4046,0.0278828,True,nan,nan,nan
4047,0.0185753,True,nan,nan,nan
4048,0.0211806,True,nan,nan,nan
4049,0.016126,True,nan,nan,nan
4050,0.0267514,True,nan,nan,nan
4051,0.0226499,True,nan,nan,nan
4052,0.0188516,True,nan,nan,nan
4053,0.0151514,True,nan,nan,nan
4054,0.0227804,True,nan,nan,nan
4055,0.0219243,True,nan,nan,nan
4056,0.0248715,True,nan,nan,nan
4057,0.0239471,True,nan,nan,nan
4058,0.0260505,True,nan,nan,nan
4059,0.0160726,True,nan,nan,nan
4060,0.0189007,True,nan,nan,nan
4061,0.0179078,True,nan,nan,nan
4062,0.020292,True,nan,nan,nan
4063,0.0236288,True,nan,nan,nan
4064,0.0257132,True,nan,nan,nan
4065,0.0240753,True,nan,nan,nan
4066,0.0195244,True,nan,nan,nan
4067,0.0205816,True,nan,nan,nan
4068,0.0240117,True,nan,nan,nan
4069,0.0164591,True,nan,nan,nan
4070,0.0293185,True,nan,nan,nan
4071,0.028754,True,nan,nan,nan
4072,0.0270509,True,nan,nan,nan
4073,0.0265336,True,nan,nan,nan
4074,0.0238304,True,nan,nan,nan
4075,0.0291113,True,nan,nan,nan
4076,0.0163877,True,nan,nan,nan
4077,0.0223119,True,nan,nan,nan
4078,0.0155699,True,nan,nan,nan
4079,0.0225659,True,nan,nan,nan
4080,0.0162327,True,nan,nan,nan
4081,0.0174992,True,nan,nan,nan
4082,0.02605,True,nan,nan,nan
4083,0.0232345,True,nan,nan,nan
4084,0.018941,True,nan,nan,nan
4085,0.0248255,True,nan,nan,nan
4086,0.0253585,True,nan,nan,nan
4087,0.0157125,True,nan,nan,nan
4088,0.0202609,True,nan,nan,nan
4089,0.0293471,True,nan,nan,nan
4090,0.0250316,True,nan,nan,nan
4091,0.0290928,True,nan,nan,nan
4092,0.0196332,True,nan,nan,nan
4093,0.0258689,True,nan,nan,nan
4094,0.0275861,True,nan,nan,nan
4095,0.0161539,True,nan,nan,nan
4096,0.0165834,True,nan,nan,nan
4097,0.0196534,True,nan,nan,nan
4098,0.0179327,True,nan,nan,nan
4099,0.0196289,True,nan,nan,nan
4100,0.0197056,True,nan,nan,nan
4101,0.029529,True,nan,nan,nan
4102,0.0187536,True,nan,nan,nan
4103,0.0153297,True,nan,nan,nan
4104,0.0290704,True,nan,nan,nan
4105,0.0289854,True,nan,nan,nan
4106,0.0298108,True,nan,nan,nan
4107,0.0264063,True,nan,nan,nan
4108,0.021346,True,nan,nan,nan
4109,0.0258905,True,nan,nan,nan
4110,0.0165231,True,nan,nan,nan
4111,0.0198724,True,nan,nan,nan
4112,0.0162727,True,nan,nan,nan
4113,0.0178287,True,nan,nan,nan
4114,0.0229969,True,nan,nan,nan
4115,0.0185588,True,nan,nan,nan
4116,0.0165331,True,nan,nan,nan
4117,0.0289864,True,nan,nan,nan
4118,0.0200412,True,nan,nan,nan
4119,0.0243727,True,nan,nan,nan
4120,0.0212603,True,nan,nan,nan
4121,0.0225619,True,nan,nan,nan
4122,0.029387,True,nan,nan,nan
4123,0.0203156,True,nan,nan,nan
4124,0.0249264,True,nan,nan,nan
4125,0.0174229,True,nan,nan,nan
4126,0.024589,True,nan,nan,nan
4127,0.0176061,True,nan,nan,nan
4128,0.0290264,True,nan,nan,nan
4129,0.0165036,True,nan,nan,nan
4130,0.0180806,True,nan,nan,nan
4131,0.0252847,True,nan,nan,nan
4132,0.0252809,True,nan,nan,nan
4133,0.0196156,True,nan,nan,nan
4134,0.029134,True,nan,nan,nan
4135,0.0246408,True,nan,nan,nan
4136,0.0189552,True,nan,nan,nan
4137,0.0256887,True,nan,nan,nan
4138,0.0186389,True,nan,nan,nan
4139,0.0152973,True,nan,nan,nan
4140,0.0249693,True,nan,nan,nan
4141,0.020702,True,nan,nan,nan
4142,0.0261582,True,nan,nan,nan
4143,0.0259775,True,nan,nan,nan
4144,0.0207713,True,nan,nan,nan
4145,0.0286661,True,nan,nan,nan
4146,0.016572,True,nan,nan,nan
4147,0.0159072,True,nan,nan,nan
4148,0.0267935,True,nan,nan,nan
4149,0.0189384,True,nan,nan,nan
4150,0.0190631,True,nan,nan,nan
4151,0.0212001,True,nan,nan,nan
4152,0.02622,True,nan,nan,nan
4153,0.0199781,True,nan,nan,nan
4154,0.0165053,True,nan,nan,nan
4155,0.0263944,True,nan,nan,nan
4156,0.0187667,True,nan,nan,nan
4157,0.0229425,True,nan,nan,nan
4158,0.0153067,True,nan,nan,nan
4159,0.0250545,True,nan,nan,nan
4160,0.0256569,True,nan,nan,nan
4161,0.0271378,True,nan,nan,nan
4162,0.0191669,True,nan,nan,nan
4163,0.02479,True,nan,nan,nan
4164,0.0234798,True,nan,nan,nan
4165,0.0287289,True,nan,nan,nan
4166,0.0196189,True,nan,nan,nan
4167,0.0293884,True,nan,nan,nan
4168,0.0222602,True,nan,nan,nan
4169,0.0285984,True,nan,nan,nan
4170,0.0183206,True,nan,nan,nan
4171,0.0235327,True,nan,nan,nan
4172,0.0190177,True,nan,nan,nan
4173,0.0257595,True,nan,nan,nan
4174,0.0191235,True,nan,nan,nan
4175,0.0267698,True,nan,nan,nan
4176,0.0229318,True,nan,nan,nan
4177,0.0269171,True,nan,nan,nan
4178,0.0275434,True,nan,nan,nan
4179,0.0228576,True,nan,nan,nan
4180,0.0280713,True,nan,nan,nan
4181,0.0218444,True,nan,nan,nan
4182,0.0238062,True,nan,nan,nan
4183,0.0298575,True,nan,nan,nan
4184,0.0266191,True,nan,nan,nan
4185,0.0260525,True,nan,nan,nan
4186,0.026442,True,nan,nan,nan
4187,0.0169475,True,nan,nan,nan
4188,0.0294352,True,nan,nan,nan
4189,0.0243596,True,nan,nan,nan
4190,0.0292162,True,nan,nan,nan
4191,0.0254091,True,nan,nan,nan
4192,0.0291386,True,nan,nan,nan
4193,0.0249093,True,nan,nan,nan
4194,0.0284352,True,nan,nan,nan
4195,0.0172054,True,nan,nan,nan
4196,0.0221515,True,nan,nan,nan
4197,0.0162728,True,nan,nan,nan
4198,0.0290867,True,nan,nan,nan
4199,0.0272219,True,nan,nan,nan
4200,0.0152828,True,nan,nan,nan
4201,0.0264974,True,nan,nan,nan
4202,0.0217882,True,nan,nan,nan
4203,0.0231763,True,nan,nan,nan
4204,0.0225368,True,nan,nan,nan
4205,0.0184616,True,nan,nan,nan
4206,0.0298706,True,nan,nan,nan
4207,0.028187,True,nan,nan,nan
4208,0.0264339,True,nan,nan,nan
4209,0.0244385,True,nan,nan,nan
4210,0.020942,True,nan,nan,nan
4211,0.0172928,True,nan,nan,nan
4212,0.0176273,True,nan,nan,nan
4213,0.0156405,True,nan,nan,nan
4214,0.0179379,True,nan,nan,nan
4215,0.0284256,True,nan,nan,nan
4216,0.021424,True,nan,nan,nan
4217,0.0272984,True,nan,nan,nan
4218,0.0215227,True,nan,nan,nan
4219,0.0186517,True,nan,nan,nan
4220,0.0216504,True,nan,nan,nan
4221,0.0277263,True,nan,nan,nan
4222,0.0202765,True,nan,nan,nan
4223,0.0203284,True,nan,nan,nan
4224,0.0281073,True,nan,nan,nan
4225,0.0173891,True,nan,nan,nan
4226,0.0242731,True,nan,nan,nan
4227,0.0271773,True,nan,nan,nan
4228,0.0242027,True,nan,nan,nan
4229,0.0197742,True,nan,nan,nan
4230,0.0247639,True,nan,nan,nan
4231,0.0234692,True,nan,nan,nan
4232,0.0296508,True,nan,nan,nan
4233,0.0261929,True,nan,nan,nan
4234,0.0249811,True,nan,nan,nan
4235,0.0152671,True,nan,nan,nan
4236,0.018687,True,nan,nan,nan
4237,0.0158754,True,nan,nan,nan
4238,0.0282915,True,nan,nan,nan
4239,0.0215117,True,nan,nan,nan
4240,0.0186264,True,nan,nan,nan
4241,0.0158582,True,nan,nan,nan
4242,0.0220914,True,nan,nan,nan
4243,0.0255662,True,nan,nan,nan
4244,0.0268156,True,nan,nan,nan
4245,0.0152356,True,nan,nan,nan
4246,0.0277523,True,nan,nan,nan
4247,0.0170228,True,nan,nan,nan
4248,0.0183219,True,nan,nan,nan
4249,0.0287747,True,nan,nan,nan
4250,0.0225944,True,nan,nan,nan
4251,0.0279236,True,nan,nan,nan
4252,0.0269382,True,nan,nan,nan
4253,0.0219091,True,nan,nan,nan
4254,0.0165251,True,nan,nan,nan
4255,0.0209759,True,nan,nan,nan
4256,0.0168462,True,nan,nan,nan
4257,0.0223164,True,nan,nan,nan
4258,0.0235863,True,nan,nan,nan
4259,0.0262175,True,nan,nan,nan
4260,0.015847,True,nan,nan,nan
4261,0.0196004,True,nan,nan,nan
4262,0.023342,True,nan,nan,nan
4263,0.0243312,True,nan,nan,nan
4264,0.0228851,True,nan,nan,nan
4265,0.0289015,True,nan,nan,nan
4266,0.0265816,True,nan,nan,nan
4267,0.0171439,True,nan,nan,nan
4268,0.022442,True,nan,nan,nan
4269,0.0277039,True,nan,nan,nan
4270,0.026986,True,nan,nan,nan
4271,0.0247417,True,nan,nan,nan
4272,0.0200382,True,nan,nan,nan
4273,0.0260899,True,nan,nan,nan
4274,0.0274094,True,nan,nan,nan
4275,0.0266858,True,nan,nan,nan
4276,0.0191233,True,nan,nan,nan
4277,0.0284996,True,nan,nan,nan
4278,0.01576,True,nan,nan,nan
4279,0.0175552,True,nan,nan,nan
4280,0.0216387,True,nan,nan,nan
4281,0.0294955,True,nan,nan,nan
4282,0.0182543,True,nan,nan,nan
4283,0.0209039,True,nan,nan,nan
4284,0.0187747,True,nan,nan,nan
4285,0.0157301,True,nan,nan,nan
4286,0.0243224,True,nan,nan,nan
4287,0.017468,True,nan,nan,nan
4288,0.0199939,True,nan,nan,nan
4289,0.0203891,True,nan,nan,nan
4290,0.0253037,True,nan,nan,nan
4291,0.0241154,True,nan,nan,nan
4292,0.0178615,True,nan,nan,nan
4293,0.0261506,True,nan,nan,nan
4294,0.0208873,True,nan,nan,nan
4295,0.0201634,True,nan,nan,nan
4296,0.0160582,True,nan,nan,nan
4297,0.0233299,True,nan,nan,nan
4298,0.0224434,True,nan,nan,nan
4299,0.0246658,True,nan,nan,nan
4300,0.0262383,True,nan,nan,nan
4301,0.0273691,True,nan,nan,nan
4302,0.0236767,True,nan,nan,nan
4303,0.0182825,True,nan,nan,nan
4304,0.0264756,True,nan,nan,nan
4305,0.0158475,True,nan,nan,nan
4306,0.0245024,True,nan,nan,nan
4307,0.0282385,True,nan,nan,nan
4308,0.0279394,True,nan,nan,nan
4309,0.0246068,True,nan,nan,nan
4310,0.018578,True,nan,nan,nan
4311,0.0218576,True,nan,nan,nan
4312,0.0241753,True,nan,nan,nan
4313,0.0165619,True,nan,nan,nan
4314,0.0254087,True,nan,nan,nan
4315,0.0213009,True,nan,nan,nan
4316,0.0169896,True,nan,nan,nan
4317,0.0257837,True,nan,nan,nan
4318,0.0177566,True,nan,nan,nan
4319,0.0286365,True,nan,nan,nan
4320,0.0296768,True,nan,nan,nan
4321,0.0218993,True,nan,nan,nan
4322,0.0178268,True,nan,nan,nan
4323,0.0293833,True,nan,nan,nan
4324,0.019939,True,nan,nan,nan
4325,0.0253796,True,nan,nan,nan
4326,0.0270147,True,nan,nan,nan
4327,0.0206971,True,nan,nan,nan
4328,0.0159978,True,nan,nan,nan
4329,0.0209781,True,nan,nan,nan
4330,0.026479,True,nan,nan,nan
4331,0.0176993,True,nan,nan,nan
4332,0.0203712,True,nan,nan,nan
4333,0.0251004,True,nan,nan,nan
4334,0.0236637,True,nan,nan,nan
4335,0.01803,True,nan,nan,nan
4336,0.022198,True,nan,nan,nan
4337,0.0222549,True,nan,nan,nan
4338,0.0211363,True,nan,nan,nan
4339,0.0187368,True,nan,nan,nan
4340,0.017704,True,nan,nan,nan
4341,0.0163414,True,nan,nan,nan
4342,0.0256474,True,nan,nan,nan
4343,0.029088,True,nan,nan,nan
4344,0.0266811,True,nan,nan,nan
4345,0.0261262,True,nan,nan,nan
4346,0.0231993,True,nan,nan,nan
4347,0.0217199,True,nan,nan,nan
4348,0.0278479,True,nan,nan,nan
4349,0.0235742,True,nan,nan,nan
4350,0.0273514,True,nan,nan,nan
4351,0.028546,True,nan,nan,nan
4352,0.0192059,True,nan,nan,nan
4353,0.0211932,True,nan,nan,nan
4354,0.0193537,True,nan,nan,nan
4355,0.0203244,True,nan,nan,nan
4356,0.0162363,True,nan,nan,nan
4357,0.0268981,True,nan,nan,nan
4358,0.0254552,True,nan,nan,nan
4359,0.018807,True,nan,nan,nan
4360,0.0254249,True,nan,nan,nan
4361,0.0154186,True,nan,nan,nan
4362,0.021126,True,nan,nan,nan
4363,0.0167042,True,nan,nan,nan
4364,0.023672,True,nan,nan,nan
4365,0.0213599,True,nan,nan,nan
4366,0.0293276,True,nan,nan,nan
4367,0.0260213,True,nan,nan,nan
4368,0.0184632,True,nan,nan,nan
4369,0.0179946,True,nan,nan,nan
4370,0.0169471,True,nan,nan,nan
4371,0.021232,True,nan,nan,nan
4372,0.0170117,True,nan,nan,nan
4373,0.0200872,True,nan,nan,nan
4374,0.0211609,True,nan,nan,nan
4375,0.0251125,True,nan,nan,nan
4376,0.0274551,True,nan,nan,nan
4377,0.0165427,True,nan,nan,nan
4378,0.0248279,True,nan,nan,nan
4379,0.0189643,True,nan,nan,nan
4380,0.0191487,True,nan,nan,nan
4381,0.0292969,True,nan,nan,nan
4382,0.0217609,True,nan,nan,nan
4383,0.0209889,True,nan,nan,nan
4384,0.0244346,True,nan,nan,nan
4385,0.0215946,True,nan,nan,nan
4386,0.0262932,True,nan,nan,nan
4387,0.0197724,True,nan,nan,nan
4388,0.0247612,True,nan,nan,nan
4389,0.0274298,True,nan,nan,nan
4390,0.0265497,True,nan,nan,nan
4391,0.0170759,True,nan,nan,nan
4392,0.0178666,True,nan,nan,nan
4393,0.0277446,True,nan,nan,nan
4394,0.0247736,True,nan,nan,nan
4395,0.0258366,True,nan,nan,nan
4396,0.0240701,True,nan,nan,nan
4397,0.023082,True,nan,nan,nan
4398,0.0213773,True,nan,nan,nan
4399,0.0291795,True,nan,nan,nan
4400,0.020592,True,nan,nan,nan
4401,0.0226365,True,nan,nan,nan
4402,0.0240469,True,nan,nan,nan
4403,0.0297545,True,nan,nan,nan
4404,0.0215127,True,nan,nan,nan
4405,0.0286011,True,nan,nan,nan
4406,0.0219082,True,nan,nan,nan
4407,0.0211663,True,nan,nan,nan
4408,0.0162125,True,nan,nan,nan
4409,0.0215133,True,nan,nan,nan
4410,0.02454,True,nan,nan,nan
4411,0.0284052,True,nan,nan,nan
4412,0.0193927,True,nan,nan,nan
4413,0.0220123,True,nan,nan,nan
4414,0.0250016,True,nan,nan,nan
4415,0.0278134,True,nan,nan,nan
4416,0.0159408,True,nan,nan,nan
4417,0.0209449,True,nan,nan,nan
4418,0.0275074,True,nan,nan,nan
4419,0.0266406,True,nan,nan,nan
4420,0.0230784,True,nan,nan,nan
4421,0.0286139,True,nan,nan,nan
4422,0.0224193,True,nan,nan,nan
4423,0.0208803,True,nan,nan,nan
4424,0.0224609,True,nan,nan,nan
4425,0.0288148,True,nan,nan,nan
4426,0.0230231,True,nan,nan,nan
4427,0.0181509,True,nan,nan,nan
4428,0.0215512,True,nan,nan,nan
4429,0.0187587,True,nan,nan,nan
4430,0.0227403,True,nan,nan,nan
4431,0.0290236,True,nan,nan,nan
4432,0.0251104,True,nan,nan,nan
4433,0.0194145,True,nan,nan,nan
4434,0.0297709,True,nan,nan,nan
4435,0.0211582,True,nan,nan,nan
4436,0.0277913,True,nan,nan,nan
4437,0.0162906,True,nan,nan,nan
4438,0.0258001,True,nan,nan,nan
4439,0.0224152,True,nan,nan,nan
4440,0.0221805,True,nan,nan,nan
4441,0.022877,True,nan,nan,nan
4442,0.0269961,True,nan,nan,nan
4443,0.0282598,True,nan,nan,nan
4444,0.0287732,True,nan,nan,nan
4445,0.0187892,True,nan,nan,nan
4446,0.0274608,True,nan,nan,nan
4447,0.0257558,True,nan,nan,nan
4448,0.018224,True,nan,nan,nan
4449,0.0291303,True,nan,nan,nan
4450,0.0210801,True,nan,nan,nan
4451,0.0295157,True,nan,nan,nan
4452,0.0268727,True,nan,nan,nan
4453,0.0273046,True,nan,nan,nan
4454,0.0171187,True,nan,nan,nan
4455,0.0164706,True,nan,nan,nan
4456,0.0271236,True,nan,nan,nan
4457,0.0156016,True,nan,nan,nan
4458,0.0160135,True,nan,nan,nan
4459,0.0262025,True,nan,nan,nan
4460,0.0287754,True,nan,nan,nan
4461,0.0296003,True,nan,nan,nan
4462,0.0151777,True,nan,nan,nan
4463,0.0196522,True,nan,nan,nan
4464,0.0256039,True,nan,nan,nan
4465,0.0166359,True,nan,nan,nan
4466,0.025031,True,nan,nan,nan
4467,0.0212129,True,nan,nan,nan
4468,0.0246027,True,nan,nan,nan
4469,0.0167618,True,nan,nan,nan
4470,0.018959,True,nan,nan,nan
4471,0.0192956,True,nan,nan,nan
4472,0.0277966,True,nan,nan,nan
4473,0.0298006,True,nan,nan,nan
4474,0.0156641,True,nan,nan,nan
4475,0.018314,True,nan,nan,nan
4476,0.0243047,True,nan,nan,nan
4477,0.0189834,True,nan,nan,nan
4478,0.029817,True,nan,nan,nan
4479,0.0217917,True,nan,nan,nan
4480,0.0258023,True,nan,nan,nan
4481,0.0275555,True,nan,nan,nan
4482,0.0184631,True,nan,nan,nan
4483,0.0270779,True,nan,nan,nan
4484,0.016937,True,nan,nan,nan
4485,0.0263842,True,nan,nan,nan
4486,0.0247051,True,nan,nan,nan
4487,0.0165062,True,nan,nan,nan
4488,0.0183749,True,nan,nan,nan
4489,0.0293158,True,nan,nan,nan
4490,0.0249044,True,nan,nan,nan
4491,0.0178777,True,nan,nan,nan
4492,0.0245108,True,nan,nan,nan
4493,0.0176648,True,nan,nan,nan
4494,0.0289648,True,nan,nan,nan
4495,0.0198688,True,nan,nan,nan
4496,0.0254487,True,nan,nan,nan
4497,0.0192615,True,nan,nan,nan
4498,0.0184496,True,nan,nan,nan
4499,0.0237554,True,nan,nan,nan
4500,0.0261464,True,nan,nan,nan
4501,0.0157157,True,nan,nan,nan
4502,0.0215556,True,nan,nan,nan
4503,0.0261286,True,nan,nan,nan
4504,0.0271645,True,nan,nan,nan
4505,0.0284605,True,nan,nan,nan
4506,0.028305,True,nan,nan,nan
4507,0.0252973,True,nan,nan,nan
4508,0.0225273,True,nan,nan,nan
4509,0.0203653,True,nan,nan,nan
4510,0.0284077,True,nan,nan,nan
4511,0.016655,True,nan,nan,nan
4512,0.0189061,True,nan,nan,nan
4513,0.0200673,True,nan,nan,nan
4514,0.0204572,True,nan,nan,nan
4515,0.023065,True,nan,nan,nan
4516,0.0223052,True,nan,nan,nan
4517,0.0261933,True,nan,nan,nan
4518,0.0161531,True,nan,nan,nan
4519,0.0154353,True,nan,nan,nan
4520,0.0254349,True,nan,nan,nan
4521,0.0253201,True,nan,nan,nan
4522,0.0291068,True,nan,nan,nan
4523,0.0255576,True,nan,nan,nan
4524,0.0283469,True,nan,nan,nan
4525,0.020744,True,nan,nan,nan
4526,0.019616,True,nan,nan,nan
4527,0.0275489,True,nan,nan,nan
4528,0.0241381,True,nan,nan,nan
4529,0.0267882,True,nan,nan,nan
4530,0.018087,True,nan,nan,nan
4531,0.0206971,True,nan,nan,nan
4532,0.0215317,True,nan,nan,nan
4533,0.0210814,True,nan,nan,nan
4534,0.0240247,True,nan,nan,nan
4535,0.0175461,True,nan,nan,nan
4536,0.0197908,True,nan,nan,nan
4537,0.0196468,True,nan,nan,nan
4538,0.0190239,True,nan,nan,nan
4539,0.015935,True,nan,nan,nan
4540,0.0224784,True,nan,nan,nan
4541,0.0267172,True,nan,nan,nan
4542,0.0181439,True,nan,nan,nan
4543,0.0245428,True,nan,nan,nan
4544,0.0250227,True,nan,nan,nan
4545,0.0181819,True,nan,nan,nan
4546,0.0208577,True,nan,nan,nan
4547,0.0153916,True,nan,nan,nan
4548,0.0166854,True,nan,nan,nan
4549,0.0272951,True,nan,nan,nan
4550,0.0210446,True,nan,nan,nan
4551,0.0298154,True,nan,nan,nan
4552,0.0251739,True,nan,nan,nan
4553,0.0228568,True,nan,nan,nan
4554,0.0232525,True,nan,nan,nan
4555,0.026241,True,nan,nan,nan
4556,0.0271271,True,nan,nan,nan
4557,0.0170666,True,nan,nan,nan
4558,0.023546,True,nan,nan,nan
4559,0.0185454,True,nan,nan,nan
4560,0.0295467,True,nan,nan,nan
4561,0.0193714,True,nan,nan,nan
4562,0.0177425,True,nan,nan,nan
4563,0.0196362,True,nan,nan,nan
4564,0.0168448,True,nan,nan,nan
4565,0.0183217,True,nan,nan,nan
4566,0.0196032,True,nan,nan,nan
4567,0.0155638,True,nan,nan,nan
4568,0.0189694,True,nan,nan,nan
4569,0.0257347,True,nan,nan,nan
4570,0.020561,True,nan,nan,nan
4571,0.0274731,True,nan,nan,nan
4572,0.027499,True,nan,nan,nan
4573,0.0236529,True,nan,nan,nan
4574,0.0247894,True,nan,nan,nan
4575,0.0284361,True,nan,nan,nan
4576,0.0296225,True,nan,nan,nan
4577,0.0229407,True,nan,nan,nan
4578,0.0172263,True,nan,nan,nan
4579,0.0204902,True,nan,nan,nan
4580,0.0230552,True,nan,nan,nan
4581,0.0211319,True,nan,nan,nan
4582,0.0264698,True,nan,nan,nan
4583,0.018461,True,nan,nan,nan
4584,0.0267485,True,nan,nan,nan
4585,0.024422,True,nan,nan,nan
4586,0.0228838,True,nan,nan,nan
4587,0.0209628,True,nan,nan,nan
4588,0.0243763,True,nan,nan,nan
4589,0.0197552,True,nan,nan,nan
4590,0.0209842,True,nan,nan,nan
4591,0.023269,True,nan,nan,nan
4592,0.0240209,True,nan,nan,nan
4593,0.0162111,True,nan,nan,nan
4594,0.0221084,True,nan,nan,nan
4595,0.0196201,True,nan,nan,nan
4596,0.0161844,True,nan,nan,nan
4597,0.0157755,True,nan,nan,nan
4598,0.0166559,True,nan,nan,nan
4599,0.0162077,True,nan,nan,nan
4600,0.029845,True,nan,nan,nan
4601,0.0268718,True,nan,nan,nan
4602,0.0291077,True,nan,nan,nan
4603,0.0179096,True,nan,nan,nan
4604,0.0219017,True,nan,nan,nan
4605,0.0204758,True,nan,nan,nan
4606,0.0248479,True,nan,nan,nan
4607,0.0194776,True,nan,nan,nan
4608,0.0268604,True,nan,nan,nan
4609,0.0219874,True,nan,nan,nan
4610,0.0249392,True,nan,nan,nan
4611,0.027502,True,nan,nan,nan
4612,0.0158924,True,nan,nan,nan
4613,0.0242618,True,nan,nan,nan
4614,0.0157098,True,nan,nan,nan
4615,0.0173412,True,nan,nan,nan
4616,0.0198361,True,nan,nan,nan
4617,0.0277973,True,nan,nan,nan
4618,0.0222991,True,nan,nan,nan
4619,0.0162284,True,nan,nan,nan
4620,0.0266701,True,nan,nan,nan
4621,0.025381,True,nan,nan,nan
4622,0.0183181,True,nan,nan,nan
4623,0.0229668,True,nan,nan,nan
4624,0.0200549,True,nan,nan,nan
4625,0.026883,True,nan,nan,nan
4626,0.018319,True,nan,nan,nan
4627,0.018481,True,nan,nan,nan
4628,0.0183413,True,nan,nan,nan
4629,0.0203833,True,nan,nan,nan
4630,0.0215136,True,nan,nan,nan
4631,0.0275044,True,nan,nan,nan
4632,0.0203798,True,nan,nan,nan
4633,0.02469,True,nan,nan,nan
4634,0.0182371,True,nan,nan,nan
4635,0.0243386,True,nan,nan,nan
4636,0.0172727,True,nan,nan,nan
4637,0.0202322,True,nan,nan,nan
4638,0.019894,True,nan,nan,nan
4639,0.0246022,True,nan,nan,nan
4640,0.024908,True,nan,nan,nan
4641,0.0171066,True,nan,nan,nan
4642,0.0223578,True,nan,nan,nan
4643,0.0188248,True,nan,nan,nan
4644,0.0273816,True,nan,nan,nan
4645,0.028539,True,nan,nan,nan
4646,0.0200458,True,nan,nan,nan
4647,0.0229244,True,nan,nan,nan
4648,0.0219745,True,nan,nan,nan
4649,0.0205894,True,nan,nan,nan
4650,0.0202866,True,nan,nan,nan
4651,0.0226077,True,nan,nan,nan
4652,0.0217873,True,nan,nan,nan
4653,0.0297375,True,nan,nan,nan
4654,0.026224,True,nan,nan,nan
4655,0.022913,True,nan,nan,nan
4656,0.0199037,True,nan,nan,nan
4657,0.0171259,True,nan,nan,nan
4658,0.0174439,True,nan,nan,nan
4659,0.0268145,True,nan,nan,nan
4660,0.0187419,True,nan,nan,nan
4661,0.0266969,True,nan,nan,nan
4662,0.0266339,True,nan,nan,nan
4663,0.0179301,True,nan,nan,nan
4664,0.0281189,True,nan,nan,nan
4665,0.0275409,True,nan,nan,nan
4666,0.0219291,True,nan,nan,nan
4667,0.0206186,True,nan,nan,nan
4668,0.0221008,True,nan,nan,nan
4669,0.0187816,True,nan,nan,nan
4670,0.024351,True,nan,nan,nan
4671,0.0187558,True,nan,nan,nan
4672,0.0220629,True,nan,nan,nan
4673,0.0238924,True,nan,nan,nan
4674,0.024966,True,nan,nan,nan
4675,0.023253,True,nan,nan,nan
4676,0.0198403,True,nan,nan,nan
4677,0.0192283,True,nan,nan,nan
4678,0.029095,True,nan,nan,nan
4679,0.0287702,True,nan,nan,nan
4680,0.027725,True,nan,nan,nan
4681,0.0221743,True,nan,nan,nan
4682,0.0294175,True,nan,nan,nan
4683,0.0296937,True,nan,nan,nan
4684,0.0189612,True,nan,nan,nan
4685,0.0288713,True,nan,nan,nan
4686,0.0229637,True,nan,nan,nan
4687,0.0168805,True,nan,nan,nan
4688,0.02959,True,nan,nan,nan
4689,0.0160913,True,nan,nan,nan
4690,0.0268459,True,nan,nan,nan
4691,0.0169623,True,nan,nan,nan
4692,0.0248967,True,nan,nan,nan
4693,0.0185234,True,nan,nan,nan
4694,0.0295146,True,nan,nan,nan
4695,0.0235224,True,nan,nan,nan
4696,0.02458,True,nan,nan,nan
4697,0.0221789,True,nan,nan,nan
4698,0.0276977,True,nan,nan,nan
4699,0.020983,True,nan,nan,nan
4700,0.0266604,True,nan,nan,nan
4701,0.0283439,True,nan,nan,nan
4702,0.0246222,True,nan,nan,nan
4703,0.0151743,True,nan,nan,nan
4704,0.0160999,True,nan,nan,nan
4705,0.0270771,True,nan,nan,nan
4706,0.0283457,True,nan,nan,nan
4707,0.0155324,True,nan,nan,nan
4708,0.0205448,True,nan,nan,nan
4709,0.0170296,True,nan,nan,nan
4710,0.0283959,True,nan,nan,nan
4711,0.0270587,True,nan,nan,nan
4712,0.0161378,True,nan,nan,nan
4713,0.0192364,True,nan,nan,nan
4714,0.0297363,True,nan,nan,nan
4715,0.0190346,True,nan,nan,nan
4716,0.0277933,True,nan,nan,nan
4717,0.0269174,True,nan,nan,nan
4718,0.0203467,True,nan,nan,nan
4719,0.0225839,True,nan,nan,nan
4720,0.025483,True,nan,nan,nan
4721,0.0163869,True,nan,nan,nan
4722,0.0157587,True,nan,nan,nan
4723,0.0209385,True,nan,nan,nan
4724,0.0240687,True,nan,nan,nan
4725,0.0248834,True,nan,nan,nan
4726,0.0282784,True,nan,nan,nan
4727,0.0152083,True,nan,nan,nan
4728,0.0223304,True,nan,nan,nan
4729,0.0277257,True,nan,nan,nan
4730,0.0163999,True,nan,nan,nan
4731,0.0233936,True,nan,nan,nan
4732,0.0209052,True,nan,nan,nan
4733,0.0200518,True,nan,nan,nan
4734,0.0207499,True,nan,nan,nan
4735,0.0176255,True,nan,nan,nan
4736,0.0225007,True,nan,nan,nan
4737,0.0184954,True,nan,nan,nan
4738,0.0250064,True,nan,nan,nan
4739,0.024655,True,nan,nan,nan
4740,0.0160781,True,nan,nan,nan
4741,0.0200802,True,nan,nan,nan
4742,0.0281689,True,nan,nan,nan
4743,0.0183815,True,nan,nan,nan
4744,0.0237937,True,nan,nan,nan
4745,0.0253644,True,nan,nan,nan
4746,0.0259751,True,nan,nan,nan
4747,0.0248926,True,nan,nan,nan
4748,0.0162559,True,nan,nan,nan
4749,0.0229286,True,nan,nan,nan
4750,0.016968,True,nan,nan,nan
4751,0.0293328,True,nan,nan,nan
4752,0.0238603,True,nan,nan,nan
4753,0.0276038,True,nan,nan,nan
4754,0.0284816,True,nan,nan,nan
4755,0.0206415,True,nan,nan,nan
4756,0.0250202,True,nan,nan,nan
4757,0.0181244,True,nan,nan,nan
4758,0.029174,True,nan,nan,nan
4759,0.0229495,True,nan,nan,nan
4760,0.0217696,True,nan,nan,nan
4761,0.0285884,True,nan,nan,nan
4762,0.0292747,True,nan,nan,nan
4763,0.0182343,True,nan,nan,nan
4764,0.0297971,True,nan,nan,nan
4765,0.0217041,True,nan,nan,nan
4766,0.0206347,True,nan,nan,nan
4767,0.0295462,True,nan,nan,nan
4768,0.0263501,True,nan,nan,nan
4769,0.0221176,True,nan,nan,nan
4770,0.0167286,True,nan,nan,nan
4771,0.0260125,True,nan,nan,nan
4772,0.0162383,True,nan,nan,nan
4773,0.0239728,True,nan,nan,nan
4774,0.0252739,True,nan,nan,nan
4775,0.0244638,True,nan,nan,nan
4776,0.0255027,True,nan,nan,nan
4777,0.016558,True,nan,nan,nan
4778,0.0197209,True,nan,nan,nan
4779,0.0213206,True,nan,nan,nan
4780,0.025461,True,nan,nan,nan
4781,0.0287641,True,nan,nan,nan
4782,0.0165676,True,nan,nan,nan
4783,0.0284672,True,nan,nan,nan
4784,0.0251892,True,nan,nan,nan
4785,0.0193229,True,nan,nan,nan
4786,0.0236996,True,nan,nan,nan
4787,0.0285577,True,nan,nan,nan
4788,0.0293242,True,nan,nan,nan
4789,0.018431,True,nan,nan,nan
4790,0.0286289,True,nan,nan,nan
4791,0.0151728,True,nan,nan,nan
4792,0.0288441,True,nan,nan,nan
4793,0.0177458,True,nan,nan,nan
4794,0.024479,True,nan,nan,nan
4795,0.0190585,True,nan,nan,nan
4796,0.0267015,True,nan,nan,nan
4797,0.0238631,True,nan,nan,nan
4798,0.0222315,True,nan,nan,nan
4799,0.029778,True,nan,nan,nan
4800,0.0229592,True,nan,nan,nan
4801,0.026556,True,nan,nan,nan
4802,0.0217511,True,nan,nan,nan
4803,0.0271927,True,nan,nan,nan
4804,0.02672,True,nan,nan,nan
4805,0.0193014,True,nan,nan,nan
4806,0.0170871,True,nan,nan,nan
4807,0.0205559,True,nan,nan,nan
4808,0.0259989,True,nan,nan,nan
4809,0.0290263,True,nan,nan,nan
4810,0.0253165,True,nan,nan,nan
4811,0.016214,True,nan,nan,nan
4812,0.0285808,True,nan,nan,nan
4813,0.0283128,True,nan,nan,nan
4814,0.0259666,True,nan,nan,nan
4815,0.0297256,True,nan,nan,nan
4816,0.015947,True,nan,nan,nan
4817,0.0170861,True,nan,nan,nan
4818,0.0216685,True,nan,nan,nan
4819,0.0295746,True,nan,nan,nan
4820,0.016385,True,nan,nan,nan
4821,0.0209693,True,nan,nan,nan
4822,0.0208397,True,nan,nan,nan
4823,0.0229833,True,nan,nan,nan
4824,0.0160245,True,nan,nan,nan
4825,0.0269208,True,nan,nan,nan
4826,0.0192187,True,nan,nan,nan
4827,0.0285111,True,nan,nan,nan
4828,0.0262981,True,nan,nan,nan
4829,0.0181597,True,nan,nan,nan
4830,0.0152881,True,nan,nan,nan
4831,0.0232679,True,nan,nan,nan
4832,0.0282858,True,nan,nan,nan
4833,0.0267125,True,nan,nan,nan
4834,0.0265119,True,nan,nan,nan
4835,0.021636,True,nan,nan,nan
4836,0.0291373,True,nan,nan,nan
4837,0.0177498,True,nan,nan,nan
4838,0.0291059,True,nan,nan,nan
4839,0.0187357,True,nan,nan,nan
4840,0.0293522,True,nan,nan,nan
4841,0.022241,True,nan,nan,nan
4842,0.0292647,True,nan,nan,nan
4843,0.0241979,True,nan,nan,nan
4844,0.0290681,True,nan,nan,nan
4845,0.0228551,True,nan,nan,nan
4846,0.0256054,True,nan,nan,nan
4847,0.0154026,True,nan,nan,nan
4848,0.0172134,True,nan,nan,nan
4849,0.0151902,True,nan,nan,nan
4850,0.0223818,True,nan,nan,nan
4851,0.0296663,True,nan,nan,nan
4852,0.0239373,True,nan,nan,nan
4853,0.0257611,True,nan,nan,nan
4854,0.0211749,True,nan,nan,nan
4855,0.0203354,True,nan,nan,nan
4856,0.027092,True,nan,nan,nan
4857,0.0236563,True,nan,nan,nan
4858,0.0257936,True,nan,nan,nan
4859,0.0292904,True,nan,nan,nan
4860,0.0158179,True,nan,nan,nan
4861,0.0273696,True,nan,nan,nan
4862,0.0212221,True,nan,nan,nan
4863,0.0220409,True,nan,nan,nan
4864,0.0293564,True,nan,nan,nan
4865,0.0152648,True,nan,nan,nan
4866,0.0232607,True,nan,nan,nan
4867,0.0252029,True,nan,nan,nan
4868,0.0252577,True,nan,nan,nan
4869,0.0278813,True,nan,nan,nan
4870,0.0202253,True,nan,nan,nan
4871,0.027128,True,nan,nan,nan
4872,0.0155794,True,nan,nan,nan
4873,0.0250823,True,nan,nan,nan
4874,0.0229158,True,nan,nan,nan
4875,0.0171235,True,nan,nan,nan
4876,0.016371,True,nan,nan,nan
4877,0.0264002,True,nan,nan,nan
4878,0.0286931,True,nan,nan,nan
4879,0.0286996,True,nan,nan,nan
4880,0.0154328,True,nan,nan,nan
4881,0.0268992,True,nan,nan,nan
4882,0.0294244,True,nan,nan,nan
4883,0.0278037,True,nan,nan,nan
4884,0.0218338,True,nan,nan,nan
4885,0.0252025,True,nan,nan,nan
4886,0.0196233,True,nan,nan,nan
4887,0.0207473,True,nan,nan,nan
4888,0.0278176,True,nan,nan,nan
4889,0.029349,True,nan,nan,nan
4890,0.0164144,True,nan,nan,nan
4891,0.0214962,True,nan,nan,nan
4892,0.0197613,True,nan,nan,nan
4893,0.0237131,True,nan,nan,nan
4894,0.0245526,True,nan,nan,nan
4895,0.0285174,True,nan,nan,nan
4896,0.0187614,True,nan,nan,nan
4897,0.029403,True,nan,nan,nan
4898,0.0270309,True,nan,nan,nan
4899,0.0293601,True,nan,nan,nan
4900,0.0288881,True,nan,nan,nan
4901,0.029806,True,nan,nan,nan
4902,0.0239534,True,nan,nan,nan
4903,0.0211324,True,nan,nan,nan
4904,0.0153283,True,nan,nan,nan
4905,0.0275533,True,nan,nan,nan
4906,0.0179958,True,nan,nan,nan
4907,0.01629,True,nan,nan,nan
4908,0.0223405,True,nan,nan,nan
4909,0.0179598,True,nan,nan,nan
4910,0.0167677,True,nan,nan,nan
4911,0.0245356,True,nan,nan,nan
4912,0.0295835,True,nan,nan,nan
4913,0.0270973,True,nan,nan,nan
4914,0.0163799,True,nan,nan,nan
4915,0.0269583,True,nan,nan,nan
4916,0.0290907,True,nan,nan,nan
4917,0.0228161,True,nan,nan,nan
4918,0.0236099,True,nan,nan,nan
4919,0.0259753,True,nan,nan,nan
4920,0.0260982,True,nan,nan,nan
4921,0.0178189,True,nan,nan,nan
4922,0.0188101,True,nan,nan,nan
4923,0.0270789,True,nan,nan,nan
4924,0.0227757,True,nan,nan,nan
4925,0.0277573,True,nan,nan,nan
4926,0.0296995,True,nan,nan,nan
4927,0.0289442,True,nan,nan,nan
4928,0.0262619,True,nan,nan,nan
4929,0.0280968,True,nan,nan,nan
4930,0.0192661,True,nan,nan,nan
4931,0.0258587,True,nan,nan,nan
4932,0.0277783,True,nan,nan,nan
4933,0.01706,True,nan,nan,nan
4934,0.026783,True,nan,nan,nan
4935,0.0282845,True,nan,nan,nan
4936,0.0262337,True,nan,nan,nan
4937,0.0160066,True,nan,nan,nan
4938,0.0240093,True,nan,nan,nan
4939,0.0231585,True,nan,nan,nan
4940,0.0228691,True,nan,nan,nan
4941,0.0223304,True,nan,nan,nan
4942,0.0284698,True,nan,nan,nan
4943,0.0271123,True,nan,nan,nan
4944,0.0224879,True,nan,nan,nan
4945,0.0197716,True,nan,nan,nan
4946,0.0285357,True,nan,nan,nan
4947,0.0186711,True,nan,nan,nan
4948,0.025894,True,nan,nan,nan
4949,0.0277317,True,nan,nan,nan
4950,0.0282714,True,nan,nan,nan
4951,0.0211978,True,nan,nan,nan
4952,0.0183722,True,nan,nan,nan
4953,0.0291654,True,nan,nan,nan
4954,0.0171246,True,nan,nan,nan
4955,0.0285473,True,nan,nan,nan
4956,0.0261467,True,nan,nan,nan
4957,0.0256938,True,nan,nan,nan
4958,0.0254628,True,nan,nan,nan
4959,0.0176774,True,nan,nan,nan
4960,0.0162137,True,nan,nan,nan
4961,0.0297018,True,nan,nan,nan
4962,0.026689,True,nan,nan,nan
4963,0.029771,True,nan,nan,nan
4964,0.0200648,True,nan,nan,nan
4965,0.0217658,True,nan,nan,nan
4966,0.0178435,True,nan,nan,nan
4967,0.0260519,True,nan,nan,nan
4968,0.0183952,True,nan,nan,nan
4969,0.021481,True,nan,nan,nan
4970,0.0212637,True,nan,nan,nan
4971,0.0253366,True,nan,nan,nan
4972,0.0173617,True,nan,nan,nan
4973,0.0194635,True,nan,nan,nan
4974,0.0193336,True,nan,nan,nan
4975,0.0266367,True,nan,nan,nan
4976,0.0170099,True,nan,nan,nan
4977,0.021112,True,nan,nan,nan
4978,0.0259241,True,nan,nan,nan
4979,0.0229045,True,nan,nan,nan
4980,0.0156175,True,nan,nan,nan
4981,0.0259026,True,nan,nan,nan
4982,0.0174358,True,nan,nan,nan
4983,0.0215193,True,nan,nan,nan
4984,0.0273083,True,nan,nan,nan
4985,0.0191613,True,nan,nan,nan
4986,0.0191427,True,nan,nan,nan
4987,0.0161046,True,nan,nan,nan
4988,0.0211781,True,nan,nan,nan
4989,0.021485,True,nan,nan,nan
4990,0.0285398,True,nan,nan,nan
4991,0.0276273,True,nan,nan,nan
4992,0.0292902,True,nan,nan,nan
4993,0.0160002,True,nan,nan,nan
4994,0.0205048,True,nan,nan,nan
4995,0.0278158,True,nan,nan,nan
4996,0.0190756,True,nan,nan,nan
4997,0.0238928,True,nan,nan,nan
4998,0.0233734,True,nan,nan,nan
4999,0.0260843,True,nan,nan,nan
5000,0.0268723,True,nan,nan,nan
5001,0.0191291,True,nan,nan,nan
5002,0.0227289,True,nan,nan,nan
5003,0.0164226,True,nan,nan,nan
5004,0.0247799,True,nan,nan,nan
5005,0.0217013,True,nan,nan,nan
5006,0.0219787,True,nan,nan,nan
5007,0.0221949,True,nan,nan,nan
5008,0.0180185,True,nan,nan,nan
5009,0.0182495,True,nan,nan,nan
5010,0.0194247,True,nan,nan,nan
5011,0.0201502,True,nan,nan,nan
5012,0.0166039,True,nan,nan,nan
5013,0.0248497,True,nan,nan,nan
5014,0.0227855,True,nan,nan,nan
5015,0.0169802,True,nan,nan,nan
5016,0.0262907,True,nan,nan,nan
5017,0.0291667,True,nan,nan,nan
5018,0.0225073,True,nan,nan,nan
5019,0.0213174,True,nan,nan,nan
5020,0.0241836,True,nan,nan,nan
5021,0.0224557,True,nan,nan,nan
5022,0.0254805,True,nan,nan,nan
5023,0.0154562,True,nan,nan,nan
5024,0.0185761,True,nan,nan,nan
5025,0.0285007,True,nan,nan,nan
5026,0.0221753,True,nan,nan,nan
5027,0.0174228,True,nan,nan,nan
5028,0.0211144,True,nan,nan,nan
5029,0.0251369,True,nan,nan,nan
5030,0.0224337,True,nan,nan,nan
5031,0.023232,True,nan,nan,nan
5032,0.0250233,True,nan,nan,nan
5033,0.0281601,True,nan,nan,nan
5034,0.024134,True,nan,nan,nan
5035,0.0233229,True,nan,nan,nan
5036,0.0183909,True,nan,nan,nan
5037,0.0236191,True,nan,nan,nan
5038,0.0261108,True,nan,nan,nan
5039,0.0256937,True,nan,nan,nan
5040,0.0205018,True,nan,nan,nan
5041,0.0196966,True,nan,nan,nan
5042,0.0177803,True,nan,nan,nan
5043,0.0297836,True,nan,nan,nan
5044,0.0151658,True,nan,nan,nan
5045,0.0168206,True,nan,nan,nan
5046,0.0276345,True,nan,nan,nan
5047,0.0206437,True,nan,nan,nan
5048,0.0268479,True,nan,nan,nan
5049,0.0249834,True,nan,nan,nan
5050,0.0219211,True,nan,nan,nan
5051,0.023537,True,nan,nan,nan
5052,0.0230839,True,nan,nan,nan
5053,0.0240864,True,nan,nan,nan
5054,0.0156241,True,nan,nan,nan
5055,0.0253381,True,nan,nan,nan
5056,0.0187623,True,nan,nan,nan
5057,0.0260686,True,nan,nan,nan
5058,0.0169273,True,nan,nan,nan
5059,0.0193964,True,nan,nan,nan
5060,0.0242275,True,nan,nan,nan
5061,0.0260056,True,nan,nan,nan
5062,0.0241215,True,nan,nan,nan
5063,0.0265335,True,nan,nan,nan
5064,0.019906,True,nan,nan,nan
5065,0.0194453,True,nan,nan,nan
5066,0.0175139,True,nan,nan,nan
5067,0.0242513,True,nan,nan,nan
5068,0.0215965,True,nan,nan,nan
5069,0.0292963,True,nan,nan,nan
5070,0.0186259,True,nan,nan,nan
5071,0.0266124,True,nan,nan,nan
5072,0.0238717,True,nan,nan,nan
5073,0.0194465,True,nan,nan,nan
5074,0.0225021,True,nan,nan,nan
5075,0.0179628,True,nan,nan,nan
5076,0.0192779,True,nan,nan,nan
5077,0.0252031,True,nan,nan,nan
5078,0.02463,True,nan,nan,nan
5079,0.0154129,True,nan,nan,nan
5080,0.0271087,True,nan,nan,nan
5081,0.0273002,True,nan,nan,nan
5082,0.0175221,True,nan,nan,nan
5083,0.0283466,True,nan,nan,nan
5084,0.0190033,True,nan,nan,nan
5085,0.0167182,True,nan,nan,nan
5086,0.0177059,True,nan,nan,nan
5087,0.0175302,True,nan,nan,nan
5088,0.0215682,True,nan,nan,nan
5089,0.0270342,True,nan,nan,nan
5090,0.0265827,True,nan,nan,nan
5091,0.0191844,True,nan,nan,nan
5092,0.0195678,True,nan,nan,nan
5093,0.0252617,True,nan,nan,nan
5094,0.0291701,True,nan,nan,nan
5095,0.0288088,True,nan,nan,nan
5096,0.0265684,True,nan,nan,nan
5097,0.0174766,True,nan,nan,nan
5098,0.0174107,True,nan,nan,nan
5099,0.0202492,True,nan,nan,nan
5100,0.0160755,True,nan,nan,nan
5101,0.0212683,True,nan,nan,nan
5102,0.0287801,True,nan,nan,nan
5103,0.0195031,True,nan,nan,nan
5104,0.0157215,True,nan,nan,nan
5105,0.0191612,True,nan,nan,nan
5106,0.0183765,True,nan,nan,nan
5107,0.0283565,True,nan,nan,nan
5108,0.0284324,True,nan,nan,nan
5109,0.018517,True,nan,nan,nan
5110,0.0157609,True,nan,nan,nan
5111,0.0164653,True,nan,nan,nan
5112,0.0207351,True,nan,nan,nan
5113,0.0224732,True,nan,nan,nan
5114,0.0294875,True,nan,nan,nan
5115,0.0255498,True,nan,nan,nan
5116,0.024843,True,nan,nan,nan
5117,0.0230343,True,nan,nan,nan
5118,0.0245465,True,nan,nan,nan
5119,0.02726,True,nan,nan,nan
5120,0.0232026,True,nan,nan,nan
5121,0.0253483,True,nan,nan,nan
5122,0.018119,True,nan,nan,nan
5123,0.0203672,True,nan,nan,nan
5124,0.0257726,True,nan,nan,nan
5125,0.0265884,True,nan,nan,nan
5126,0.0173455,True,nan,nan,nan
5127,0.0278074,True,nan,nan,nan
5128,0.0178383,True,nan,nan,nan
5129,0.0172332,True,nan,nan,nan
5130,0.0296698,True,nan,nan,nan
5131,0.0170976,True,nan,nan,nan
5132,0.0195743,True,nan,nan,nan
5133,0.0201597,True,nan,nan,nan
5134,0.0172842,True,nan,nan,nan
5135,0.0233121,True,nan,nan,nan
5136,0.0156556,True,nan,nan,nan
5137,0.0264593,True,nan,nan,nan
5138,0.0190718,True,nan,nan,nan
5139,0.0209042,True,nan,nan,nan
5140,0.0242737,True,nan,nan,nan
5141,0.0196047,True,nan,nan,nan
5142,0.0210951,True,nan,nan,nan
5143,0.0226351,True,nan,nan,nan
5144,0.015513,True,nan,nan,nan
5145,0.0243564,True,nan,nan,nan
5146,0.0194413,True,nan,nan,nan
5147,0.0252477,True,nan,nan,nan
5148,0.0290118,True,nan,nan,nan
5149,0.0241614,True,nan,nan,nan
5150,0.0157187,True,nan,nan,nan
5151,0.0287428,True,nan,nan,nan
5152,0.0234327,True,nan,nan,nan
5153,0.0191865,True,nan,nan,nan
5154,0.0198735,True,nan,nan,nan
5155,0.024271,True,nan,nan,nan
5156,0.0163219,True,nan,nan,nan
5157,0.0291447,True,nan,nan,nan
5158,0.0279386,True,nan,nan,nan
5159,0.0245395,True,nan,nan,nan
5160,0.0260324,True,nan,nan,nan
5161,0.0218692,True,nan,nan,nan
5162,0.0290996,True,nan,nan,nan
5163,0.0206129,True,nan,nan,nan
5164,0.0168364,True,nan,nan,nan
5165,0.0211646,True,nan,nan,nan
5166,0.0152641,True,nan,nan,nan
5167,0.0278945,True,nan,nan,nan
5168,0.0195847,True,nan,nan,nan
5169,0.0174034,True,nan,nan,nan
5170,0.0285775,True,nan,nan,nan
5171,0.0181742,True,nan,nan,nan
5172,0.0203954,True,nan,nan,nan
5173,0.0293649,True,nan,nan,nan
5174,0.0285043,True,nan,nan,nan
5175,0.020397,True,nan,nan,nan
5176,0.0187222,True,nan,nan,nan
5177,0.0170718,True,nan,nan,nan
5178,0.0262539,True,nan,nan,nan
5179,0.0259806,True,nan,nan,nan
5180,0.0219222,True,nan,nan,nan
5181,0.0238507,True,nan,nan,nan
5182,0.0166666,True,nan,nan,nan
5183,0.021834,True,nan,nan,nan
5184,0.0255714,True,nan,nan,nan
5185,0.017242,True,nan,nan,nan
5186,0.0268217,True,nan,nan,nan
5187,0.0214873,True,nan,nan,nan
5188,0.0267237,True,nan,nan,nan
5189,0.0153002,True,nan,nan,nan
5190,0.0195729,True,nan,nan,nan
5191,0.0247888,True,nan,nan,nan
5192,0.0267206,True,nan,nan,nan
5193,0.0235822,True,nan,nan,nan
5194,0.0213139,True,nan,nan,nan
5195,0.0295106,True,nan,nan,nan
5196,0.0205745,True,nan,nan,nan
5197,0.0155796,True,nan,nan,nan
5198,0.0257574,True,nan,nan,nan
5199,0.0220683,True,nan,nan,nan
5200,0.0268448,True,nan,nan,nan
5201,0.0205821,True,nan,nan,nan
5202,0.0176303,True,nan,nan,nan
5203,0.019641,True,nan,nan,nan
5204,0.0290676,True,nan,nan,nan
5205,0.0163493,True,nan,nan,nan
5206,0.0194319,True,nan,nan,nan
5207,0.0276054,True,nan,nan,nan
5208,0.0229176,True,nan,nan,nan
5209,0.0179745,True,nan,nan,nan
5210,0.0225155,True,nan,nan,nan
5211,0.0158946,True,nan,nan,nan
5212,0.019635,True,nan,nan,nan
5213,0.026032,True,nan,nan,nan
5214,0.0194074,True,nan,nan,nan
5215,0.025957,True,nan,nan,nan
5216,0.0215026,True,nan,nan,nan
5217,0.0177252,True,nan,nan,nan
5218,0.0162711,True,nan,nan,nan
5219,0.0171067,True,nan,nan,nan
5220,0.0230931,True,nan,nan,nan
5221,0.0211481,True,nan,nan,nan
5222,0.0263086,True,nan,nan,nan
5223,0.0162042,True,nan,nan,nan
5224,0.0258315,True,nan,nan,nan
5225,0.024228,True,nan,nan,nan
5226,0.0253823,True,nan,nan,nan
5227,0.0161598,True,nan,nan,nan
5228,0.0282835,True,nan,nan,nan
5229,0.0239976,True,nan,nan,nan
5230,0.0291988,True,nan,nan,nan
5231,0.0229252,True,nan,nan,nan
5232,0.0151492,True,nan,nan,nan
5233,0.0215082,True,nan,nan,nan
5234,0.0242653,True,nan,nan,nan
5235,0.0206774,True,nan,nan,nan
5236,0.023308,True,nan,nan,nan
5237,0.0151915,True,nan,nan,nan
5238,0.019442,True,nan,nan,nan
5239,0.027758,True,nan,nan,nan
5240,0.0279234,True,nan,nan,nan
5241,0.0252023,True,nan,nan,nan
5242,0.0228989,True,nan,nan,nan
5243,0.0249717,True,nan,nan,nan
5244,0.0173886,True,nan,nan,nan
5245,0.0219468,True,nan,nan,nan
5246,0.026259,True,nan,nan,nan
5247,0.0191207,True,nan,nan,nan
5248,0.0237761,True,nan,nan,nan
5249,0.0290263,True,nan,nan,nan
5250,0.016486,True,nan,nan,nan
5251,0.0199228,True,nan,nan,nan
5252,0.0197777,True,nan,nan,nan
5253,0.026388,True,nan,nan,nan
5254,0.0183011,True,nan,nan,nan
5255,0.0186536,True,nan,nan,nan
5256,0.0226712,True,nan,nan,nan
5257,0.0266494,True,nan,nan,nan
5258,0.0244321,True,nan,nan,nan
5259,0.0290838,True,nan,nan,nan
5260,0.0206603,True,nan,nan,nan
5261,0.0269411,True,nan,nan,nan
5262,0.0175253,True,nan,nan,nan
5263,0.0249752,True,nan,nan,nan
5264,0.0179494,True,nan,nan,nan
5265,0.0289957,True,nan,nan,nan
5266,0.0158966,True,nan,nan,nan
5267,0.025341,True,nan,nan,nan
5268,0.0237415,True,nan,nan,nan
5269,0.024858,True,nan,nan,nan
5270,0.0296925,True,nan,nan,nan
5271,0.0202869,True,nan,nan,nan
5272,0.0251293,True,nan,nan,nan
5273,0.0240332,True,nan,nan,nan
5274,0.0218235,True,nan,nan,nan
5275,0.0210944,True,nan,nan,nan
5276,0.0214877,True,nan,nan,nan
5277,0.0213074,True,nan,nan,nan
5278,0.0271241,True,nan,nan,nan
5279,0.0298323,True,nan,nan,nan
5280,0.0180895,True,nan,nan,nan
5281,0.0285338,True,nan,nan,nan
5282,0.0267157,True,nan,nan,nan
5283,0.0197105,True,nan,nan,nan
5284,0.0161991,True,nan,nan,nan
5285,0.0190183,True,nan,nan,nan
5286,0.0246764,True,nan,nan,nan
5287,0.0219347,True,nan,nan,nan
5288,0.0171007,True,nan,nan,nan
5289,0.018371,True,nan,nan,nan
5290,0.0252704,True,nan,nan,nan
5291,0.021584,True,nan,nan,nan
5292,0.0249583,True,nan,nan,nan
5293,0.017992,True,nan,nan,nan
5294,0.0295067,True,nan,nan,nan
5295,0.0190008,True,nan,nan,nan
5296,0.0231228,True,nan,nan,nan
5297,0.0152542,True,nan,nan,nan
5298,0.0177351,True,nan,nan,nan
5299,0.0177174,True,nan,nan,nan
5300,0.0243788,True,nan,nan,nan
5301,0.0164036,True,nan,nan,nan
5302,0.0263512,True,nan,nan,nan
5303,0.0213951,True,nan,nan,nan
5304,0.0175913,True,nan,nan,nan
5305,0.0242426,True,nan,nan,nan
5306,0.0225038,True,nan,nan,nan
5307,0.0236013,True,nan,nan,nan
5308,0.0200817,True,nan,nan,nan
5309,0.0282326,True,nan,nan,nan
5310,0.0241188,True,nan,nan,nan
5311,0.0230948,True,nan,nan,nan
5312,0.0275557,True,nan,nan,nan
5313,0.023977,True,nan,nan,nan
5314,0.015144,True,nan,nan,nan
5315,0.0176512,True,nan,nan,nan
5316,0.027025,True,nan,nan,nan
5317,0.0240089,True,nan,nan,nan
5318,0.0202656,True,nan,nan,nan
5319,0.0219273,True,nan,nan,nan
5320,0.029038,True,nan,nan,nan
5321,0.0168811,True,nan,nan,nan
5322,0.0227201,True,nan,nan,nan
5323,0.019327,True,nan,nan,nan
5324,0.0231854,True,nan,nan,nan
5325,0.0296279,True,nan,nan,nan
5326,0.0246569,True,nan,nan,nan
5327,0.0249685,True,nan,nan,nan
5328,0.0258345,True,nan,nan,nan
5329,0.0268282,True,nan,nan,nan
5330,0.0252188,True,nan,nan,nan
5331,0.0216612,True,nan,nan,nan
5332,0.0273201,True,nan,nan,nan
5333,0.0256626,True,nan,nan,nan
5334,0.0262299,True,nan,nan,nan
5335,0.0263228,True,nan,nan,nan
5336,0.0168925,True,nan,nan,nan
5337,0.0259919,True,nan,nan,nan
5338,0.0281798,True,nan,nan,nan
5339,0.0291867,True,nan,nan,nan
5340,0.0232109,True,nan,nan,nan
5341,0.0183645,True,nan,nan,nan
5342,0.0243577,True,nan,nan,nan
5343,0.0153134,True,nan,nan,nan
5344,0.0287864,True,nan,nan,nan
5345,0.0230223,True,nan,nan,nan
5346,0.019743,True,nan,nan,nan
5347,0.0168905,True,nan,nan,nan
5348,0.0182891,True,nan,nan,nan
5349,0.0164467,True,nan,nan,nan
5350,0.0159001,True,nan,nan,nan
5351,0.0155259,True,nan,nan,nan
5352,0.0180153,True,nan,nan,nan
5353,0.017954,True,nan,nan,nan
5354,0.021801,True,nan,nan,nan
5355,0.0286224,True,nan,nan,nan
5356,0.0295901,True,nan,nan,nan
5357,0.0254695,True,nan,nan,nan
5358,0.0293121,True,nan,nan,nan
5359,0.028077,True,nan,nan,nan
5360,0.0281518,True,nan,nan,nan
5361,0.0270345,True,nan,nan,nan
5362,0.0178665,True,nan,nan,nan
5363,0.021838,True,nan,nan,nan
5364,0.0275451,True,nan,nan,nan
5365,0.0267927,True,nan,nan,nan
5366,0.0295985,True,nan,nan,nan
5367,0.0271874,True,nan,nan,nan
5368,0.0278708,True,nan,nan,nan
5369,0.0215917,True,nan,nan,nan
5370,0.0205578,True,nan,nan,nan
5371,0.0277817,True,nan,nan,nan
5372,0.0290002,True,nan,nan,nan
5373,0.0207789,True,nan,nan,nan
5374,0.0280857,True,nan,nan,nan
5375,0.0238165,True,nan,nan,nan
5376,0.0196734,True,nan,nan,nan
5377,0.0271206,True,nan,nan,nan
5378,0.016256,True,nan,nan,nan
5379,0.0282712,True,nan,nan,nan
5380,0.0261268,True,nan,nan,nan
5381,0.0196051,True,nan,nan,nan
5382,0.0199249,True,nan,nan,nan
5383,0.021648,True,nan,nan,nan
5384,0.0168456,True,nan,nan,nan
5385,0.0199997,True,nan,nan,nan
5386,0.028801,True,nan,nan,nan
5387,0.0177923,True,nan,nan,nan
5388,0.0235941,True,nan,nan,nan
5389,0.0197884,True,nan,nan,nan
5390,0.0274737,True,nan,nan,nan
5391,0.0251952,True,nan,nan,nan
5392,0.017099,True,nan,nan,nan
5393,0.0265281,True,nan,nan,nan
5394,0.0198422,True,nan,nan,nan
5395,0.0211042,True,nan,nan,nan
5396,0.0196045,True,nan,nan,nan
5397,0.0260659,True,nan,nan,nan
5398,0.0263342,True,nan,nan,nan
5399,0.0203693,True,nan,nan,nan
5400,0.0296026,True,nan,nan,nan
5401,0.0234734,True,nan,nan,nan
5402,0.0184104,True,nan,nan,nan
5403,0.0188454,True,nan,nan,nan
5404,0.0156091,True,nan,nan,nan
5405,0.0279756,True,nan,nan,nan
5406,0.0271048,True,nan,nan,nan
5407,0.0170924,True,nan,nan,nan
5408,0.0186416,True,nan,nan,nan
5409,0.0254985,True,nan,nan,nan
5410,0.0271744,True,nan,nan,nan
5411,0.0247544,True,nan,nan,nan
5412,0.0160614,True,nan,nan,nan
5413,0.0253998,True,nan,nan,nan
5414,0.0255854,True,nan,nan,nan
5415,0.0223626,True,nan,nan,nan
5416,0.0217207,True,nan,nan,nan
5417,0.0193342,True,nan,nan,nan
5418,0.0256955,True,nan,nan,nan
5419,0.0198938,True,nan,nan,nan
5420,0.0193715,True,nan,nan,nan
5421,0.0255451,True,nan,nan,nan
5422,0.0210297,True,nan,nan,nan
5423,0.0193395,True,nan,nan,nan
5424,0.0229362,True,nan,nan,nan
5425,0.0266068,True,nan,nan,nan
5426,0.0173397,True,nan,nan,nan
5427,0.0240474,True,nan,nan,nan
5428,0.0213237,True,nan,nan,nan
5429,0.0286779,True,nan,nan,nan
5430,0.0272862,True,nan,nan,nan
5431,0.0246727,True,nan,nan,nan
5432,0.0207611,True,nan,nan,nan
5433,0.024002,True,nan,nan,nan
5434,0.0219779,True,nan,nan,nan
5435,0.0185782,True,nan,nan,nan
5436,0.0294142,True,nan,nan,nan
5437,0.0233206,True,nan,nan,nan
5438,0.0256845,True,nan,nan,nan
5439,0.0154332,True,nan,nan,nan
5440,0.0211984,True,nan,nan,nan
5441,0.0226599,True,nan,nan,nan
5442,0.0238421,True,nan,nan,nan
5443,0.0237756,True,nan,nan,nan
5444,0.021716,True,nan,nan,nan
5445,0.0193968,True,nan,nan,nan
5446,0.0284237,True,nan,nan,nan
5447,0.0287308,True,nan,nan,nan
5448,0.0256657,True,nan,nan,nan
5449,0.0203307,True,nan,nan,nan
5450,0.0167036,True,nan,nan,nan
5451,0.0199722,True,nan,nan,nan
5452,0.0153313,True,nan,nan,nan
5453,0.0155554,True,nan,nan,nan
5454,0.0254704,True,nan,nan,nan
5455,0.0289538,True,nan,nan,nan
5456,0.0281272,True,nan,nan,nan
5457,0.0174482,True,nan,nan,nan
5458,0.0201497,True,nan,nan,nan
5459,0.0158584,True,nan,nan,nan
5460,0.0196603,True,nan,nan,nan
5461,0.0179084,True,nan,nan,nan
5462,0.0197329,True,nan,nan,nan
5463,0.020574,True,nan,nan,nan
5464,0.0246855,True,nan,nan,nan
5465,0.0217299,True,nan,nan,nan
5466,0.0193053,True,nan,nan,nan
5467,0.0233769,True,nan,nan,nan
5468,0.0200034,True,nan,nan,nan
5469,0.0175597,True,nan,nan,nan
5470,0.0270514,True,nan,nan,nan
5471,0.020948,True,nan,nan,nan
5472,0.0201319,True,nan,nan,nan
5473,0.0222465,True,nan,nan,nan
5474,0.0212541,True,nan,nan,nan
5475,0.0188876,True,nan,nan,nan
5476,0.0279869,True,nan,nan,nan
5477,0.0196119,True,nan,nan,nan
5478,0.0229855,True,nan,nan,nan
5479,0.0261748,True,nan,nan,nan
5480,0.0180739,True,nan,nan,nan
5481,0.0241575,True,nan,nan,nan
5482,0.015383,True,nan,nan,nan
5483,0.0183044,True,nan,nan,nan
5484,0.0182739,True,nan,nan,nan
5485,0.0195459,True,nan,nan,nan
5486,0.0219719,True,nan,nan,nan
5487,0.0208485,True,nan,nan,nan
5488,0.0231901,True,nan,nan,nan
5489,0.0196684,True,nan,nan,nan
5490,0.0231182,True,nan,nan,nan
5491,0.0286081,True,nan,nan,nan
5492,0.0263712,True,nan,nan,nan
5493,0.0175101,True,nan,nan,nan
5494,0.0187023,True,nan,nan,nan
5495,0.024931,True,nan,nan,nan
5496,0.018565,True,nan,nan,nan
5497,0.0210103,True,nan,nan,nan
5498,0.0203894,True,nan,nan,nan
5499,0.026721,True,nan,nan,nan
5500,0.0291828,True,nan,nan,nan
5501,0.0170948,True,nan,nan,nan
5502,0.0175125,True,nan,nan,nan
5503,0.0186533,True,nan,nan,nan
5504,0.0272285,True,nan,nan,nan
5505,0.0204247,True,nan,nan,nan
5506,0.0208729,True,nan,nan,nan
5507,0.027114,True,nan,nan,nan
5508,0.0294701,True,nan,nan,nan
5509,0.0265845,True,nan,nan,nan
5510,0.0202025,True,nan,nan,nan
5511,0.0188218,True,nan,nan,nan
5512,0.0190913,True,nan,nan,nan
5513,0.0203255,True,nan,nan,nan
5514,0.0189138,True,nan,nan,nan
5515,0.0277276,True,nan,nan,nan
5516,0.0202935,True,nan,nan,nan
5517,0.0294046,True,nan,nan,nan
5518,0.015578,True,nan,nan,nan
5519,0.0209967,True,nan,nan,nan
5520,0.0256659,True,nan,nan,nan
5521,0.0292468,True,nan,nan,nan
5522,0.0202777,True,nan,nan,nan
5523,0.0283152,True,nan,nan,nan
5524,0.0240117,True,nan,nan,nan
5525,0.0170069,True,nan,nan,nan
5526,0.0228688,True,nan,nan,nan
5527,0.0273359,True,nan,nan,nan
5528,0.0179996,True,nan,nan,nan
5529,0.0290563,True,nan,nan,nan
5530,0.0234942,True,nan,nan,nan
5531,0.0163313,True,nan,nan,nan
5532,0.0240557,True,nan,nan,nan
5533,0.0163236,True,nan,nan,nan
5534,0.0216824,True,nan,nan,nan
5535,0.0233877,True,nan,nan,nan
5536,0.0161732,True,nan,nan,nan
5537,0.0175305,True,nan,nan,nan
5538,0.0290607,True,nan,nan,nan
5539,0.0154311,True,nan,nan,nan
5540,0.0191063,True,nan,nan,nan
5541,0.0167188,True,nan,nan,nan
5542,0.0293943,True,nan,nan,nan
5543,0.0163354,True,nan,nan,nan
5544,0.0239607,True,nan,nan,nan
5545,0.0170778,True,nan,nan,nan
5546,0.0283228,True,nan,nan,nan
5547,0.0271389,True,nan,nan,nan
5548,0.0175509,True,nan,nan,nan
5549,0.0167396,True,nan,nan,nan
5550,0.0204198,True,nan,nan,nan
5551,0.0215659,True,nan,nan,nan
5552,0.0228415,True,nan,nan,nan
5553,0.0168167,True,nan,nan,nan
5554,0.0295061,True,nan,nan,nan
5555,0.026922,True,nan,nan,nan
5556,0.0228417,True,nan,nan,nan
5557,0.0265953,True,nan,nan,nan
5558,0.0258839,True,nan,nan,nan
5559,0.017658,True,nan,nan,nan
5560,0.0297043,True,nan,nan,nan
5561,0.0245919,True,nan,nan,nan
5562,0.0297056,True,nan,nan,nan
5563,0.0217038,True,nan,nan,nan
5564,0.0182817,True,nan,nan,nan
5565,0.0217541,True,nan,nan,nan
5566,0.0234397,True,nan,nan,nan
5567,0.0176006,True,nan,nan,nan
5568,0.0154365,True,nan,nan,nan
5569,0.0284322,True,nan,nan,nan
5570,0.0221799,True,nan,nan,nan
5571,0.0163272,True,nan,nan,nan
5572,0.0235478,True,nan,nan,nan
5573,0.0288141,True,nan,nan,nan
5574,0.0261384,True,nan,nan,nan
5575,0.0279775,True,nan,nan,nan
5576,0.0165942,True,nan,nan,nan
5577,0.0188875,True,nan,nan,nan
5578,0.0227335,True,nan,nan,nan
5579,0.0203298,True,nan,nan,nan
5580,0.0231711,True,nan,nan,nan
5581,0.0156859,True,nan,nan,nan
5582,0.0262148,True,nan,nan,nan
5583,0.0272783,True,nan,nan,nan
5584,0.0233072,True,nan,nan,nan
5585,0.019506,True,nan,nan,nan
5586,0.0236218,True,nan,nan,nan
5587,0.0158,True,nan,nan,nan
5588,0.0298271,True,nan,nan,nan
5589,0.0267607,True,nan,nan,nan
5590,0.0250677,True,nan,nan,nan
5591,0.0186634,True,nan,nan,nan
5592,0.0252897,True,nan,nan,nan
5593,0.0180216,True,nan,nan,nan
5594,0.0288296,True,nan,nan,nan
5595,0.0223749,True,nan,nan,nan
5596,0.0173413,True,nan,nan,nan
5597,0.0190079,True,nan,nan,nan
5598,0.0243268,True,nan,nan,nan
5599,0.028347,True,nan,nan,nan
5600,0.0288175,True,nan,nan,nan
5601,0.0214638,True,nan,nan,nan
5602,0.019863,True,nan,nan,nan
5603,0.0286149,True,nan,nan,nan
5604,0.023965,True,nan,nan,nan
5605,0.0290278,True,nan,nan,nan
5606,0.0246735,True,nan,nan,nan
5607,0.0209222,True,nan,nan,nan
5608,0.0247499,True,nan,nan,nan
5609,0.0280575,True,nan,nan,nan
5610,0.0229656,True,nan,nan,nan
5611,0.0279275,True,nan,nan,nan
5612,0.0190418,True,nan,nan,nan
5613,0.0296337,True,nan,nan,nan
5614,0.0163367,True,nan,nan,nan
5615,0.0267852,True,nan,nan,nan
5616,0.0278444,True,nan,nan,nan
5617,0.0167339,True,nan,nan,nan
5618,0.0175081,True,nan,nan,nan
5619,0.0194801,True,nan,nan,nan
5620,0.0271752,True,nan,nan,nan
5621,0.0219025,True,nan,nan,nan
5622,0.0154294,True,nan,nan,nan
5623,0.0179917,True,nan,nan,nan
5624,0.0203688,True,nan,nan,nan
5625,0.0214503,True,nan,nan,nan
5626,0.0180059,True,nan,nan,nan
5627,0.0284722,True,nan,nan,nan
5628,0.0278417,True,nan,nan,nan
5629,0.0259802,True,nan,nan,nan
5630,0.0215114,True,nan,nan,nan
5631,0.0174362,True,nan,nan,nan
5632,0.0274326,True,nan,nan,nan
5633,0.0178216,True,nan,nan,nan
5634,0.0166436,True,nan,nan,nan
5635,0.0255693,True,nan,nan,nan
5636,0.02294,True,nan,nan,nan
5637,0.0202081,True,nan,nan,nan
5638,0.0191374,True,nan,nan,nan
5639,0.0202524,True,nan,nan,nan
5640,0.0261403,True,nan,nan,nan
5641,0.023295,True,nan,nan,nan
5642,0.0233912,True,nan,nan,nan
5643,0.0215241,True,nan,nan,nan
5644,0.022549,True,nan,nan,nan
5645,0.0198536,True,nan,nan,nan
5646,0.0193895,True,nan,nan,nan
5647,0.029245,True,nan,nan,nan
5648,0.0201899,True,nan,nan,nan
5649,0.0183502,True,nan,nan,nan
5650,0.0239379,True,nan,nan,nan
5651,0.0151762,True,nan,nan,nan
5652,0.0263252,True,nan,nan,nan
5653,0.0291024,True,nan,nan,nan
5654,0.0189769,True,nan,nan,nan
5655,0.0203329,True,nan,nan,nan
5656,0.0190877,True,nan,nan,nan
5657,0.026475,True,nan,nan,nan
5658,0.0244108,True,nan,nan,nan
5659,0.0209318,True,nan,nan,nan
5660,0.0173304,True,nan,nan,nan
5661,0.017092,True,nan,nan,nan
5662,0.0285921,True,nan,nan,nan
5663,0.0176612,True,nan,nan,nan
5664,0.0232385,True,nan,nan,nan
5665,0.0253994,True,nan,nan,nan
5666,0.0224982,True,nan,nan,nan
5667,0.016483,True,nan,nan,nan
5668,0.0170839,True,nan,nan,nan
5669,0.0261104,True,nan,nan,nan
5670,0.0291763,True,nan,nan,nan
5671,0.022267,True,nan,nan,nan
5672,0.0205758,True,nan,nan,nan
5673,0.0292752,True,nan,nan,nan
5674,0.0212479,True,nan,nan,nan
5675,0.0172546,True,nan,nan,nan
5676,0.01747,True,nan,nan,nan
5677,0.0171244,True,nan,nan,nan
5678,0.0277395,True,nan,nan,nan
5679,0.0259112,True,nan,nan,nan
5680,0.0269127,True,nan,nan,nan
5681,0.0263344,True,nan,nan,nan
5682,0.0161402,True,nan,nan,nan
5683,0.0167045,True,nan,nan,nan
5684,0.0171617,True,nan,nan,nan
5685,0.020795,True,nan,nan,nan
5686,0.0221582,True,nan,nan,nan
5687,0.0188777,True,nan,nan,nan
5688,0.0264351,True,nan,nan,nan
5689,0.0169815,True,nan,nan,nan
5690,0.0289281,True,nan,nan,nan
5691,0.0207495,True,nan,nan,nan
5692,0.0186169,True,nan,nan,nan
5693,0.0195553,True,nan,nan,nan
5694,0.0231342,True,nan,nan,nan
5695,0.0202269,True,nan,nan,nan
5696,0.0199878,True,nan,nan,nan
5697,0.0180645,True,nan,nan,nan
5698,0.0159172,True,nan,nan,nan
5699,0.0160868,True,nan,nan,nan
5700,0.0204587,True,nan,nan,nan
5701,0.0165907,True,nan,nan,nan
5702,0.0249375,True,nan,nan,nan
5703,0.0193401,True,nan,nan,nan
5704,0.0169988,True,nan,nan,nan
5705,0.0170347,True,nan,nan,nan
5706,0.0205805,True,nan,nan,nan
5707,0.0195022,True,nan,nan,nan
5708,0.0189671,True,nan,nan,nan
5709,0.0217505,True,nan,nan,nan
5710,0.0197007,True,nan,nan,nan
5711,0.0253918,True,nan,nan,nan
5712,0.0181007,True,nan,nan,nan
5713,0.0297381,True,nan,nan,nan
5714,0.0256291,True,nan,nan,nan
5715,0.0271385,True,nan,nan,nan
5716,0.0200978,True,nan,nan,nan
5717,0.0197076,True,nan,nan,nan
5718,0.0198789,True,nan,nan,nan
5719,0.0166638,True,nan,nan,nan
5720,0.0251435,True,nan,nan,nan
5721,0.0255558,True,nan,nan,nan
5722,0.0228726,True,nan,nan,nan
5723,0.0231105,True,nan,nan,nan
5724,0.0287827,True,nan,nan,nan
5725,0.0263517,True,nan,nan,nan
5726,0.0238922,True,nan,nan,nan
5727,0.0238166,True,nan,nan,nan
5728,0.0241742,True,nan,nan,nan
5729,0.0293676,True,nan,nan,nan
5730,0.0272878,True,nan,nan,nan
5731,0.0239844,True,nan,nan,nan
5732,0.0282469,True,nan,nan,nan
5733,0.0236141,True,nan,nan,nan
5734,0.0284348,True,nan,nan,nan
5735,0.0193512,True,nan,nan,nan
5736,0.0186225,True,nan,nan,nan
5737,0.0237108,True,nan,nan,nan
5738,0.0236579,True,nan,nan,nan
5739,0.0212603,True,nan,nan,nan
5740,0.0277404,True,nan,nan,nan
5741,0.0220318,True,nan,nan,nan
5742,0.0190537,True,nan,nan,nan
5743,0.0222206,True,nan,nan,nan
5744,0.0199253,True,nan,nan,nan
5745,0.0202766,True,nan,nan,nan
5746,0.0152096,True,nan,nan,nan
5747,0.0295465,True,nan,nan,nan
5748,0.0171155,True,nan,nan,nan
5749,0.0209184,True,nan,nan,nan
5750,0.0248189,True,nan,nan,nan
5751,0.0201453,True,nan,nan,nan
5752,0.0188844,True,nan,nan,nan
5753,0.0214475,True,nan,nan,nan
5754,0.0280016,True,nan,nan,nan
5755,0.0222738,True,nan,nan,nan
5756,0.0189383,True,nan,nan,nan
5757,0.0194095,True,nan,nan,nan
5758,0.0230239,True,nan,nan,nan
5759,0.0204467,True,nan,nan,nan
5760,0.0215047,True,nan,nan,nan
5761,0.0202204,True,nan,nan,nan
5762,0.0218891,True,nan,nan,nan
5763,0.0189964,True,nan,nan,nan
5764,0.0254114,True,nan,nan,nan
5765,0.0159678,True,nan,nan,nan
5766,0.0200368,True,nan,nan,nan
5767,0.026949,True,nan,nan,nan
5768,0.0228624,True,nan,nan,nan
5769,0.0233925,True,nan,nan,nan
5770,0.0153266,True,nan,nan,nan
5771,0.0233936,True,nan,nan,nan
5772,0.0275114,True,nan,nan,nan
5773,0.0267555,True,nan,nan,nan
5774,0.0247073,True,nan,nan,nan
5775,0.0262288,True,nan,nan,nan
5776,0.0215693,True,nan,nan,nan
5777,0.0259242,True,nan,nan,nan
5778,0.0275229,True,nan,nan,nan
5779,0.021942,True,nan,nan,nan
5780,0.0235353,True,nan,nan,nan
5781,0.0203654,True,nan,nan,nan
5782,0.0194478,True,nan,nan,nan
5783,0.0161851,True,nan,nan,nan
5784,0.0257231,True,nan,nan,nan
5785,0.0205228,True,nan,nan,nan
5786,0.019806,True,nan,nan,nan
5787,0.017764,True,nan,nan,nan
5788,0.0220903,True,nan,nan,nan
5789,0.0194969,True,nan,nan,nan
5790,0.0165908,True,nan,nan,nan
5791,0.0165112,True,nan,nan,nan
5792,0.0183503,True,nan,nan,nan
5793,0.0298494,True,nan,nan,nan
5794,0.0276109,True,nan,nan,nan
5795,0.016053,True,nan,nan,nan
5796,0.0180463,True,nan,nan,nan
5797,0.017091,True,nan,nan,nan
5798,0.0186914,True,nan,nan,nan
5799,0.0232696,True,nan,nan,nan
5800,0.0163553,True,nan,nan,nan
5801,0.0254994,True,nan,nan,nan
5802,0.0286865,True,nan,nan,nan
5803,0.0174904,True,nan,nan,nan
5804,0.0224156,True,nan,nan,nan
5805,0.0288327,True,nan,nan,nan
5806,0.0207859,True,nan,nan,nan
5807,0.0222548,True,nan,nan,nan
5808,0.0159844,True,nan,nan,nan
5809,0.0210406,True,nan,nan,nan
5810,0.0188217,True,nan,nan,nan
5811,0.0205073,True,nan,nan,nan
5812,0.0217319,True,nan,nan,nan
5813,0.0158624,True,nan,nan,nan
5814,0.02174,True,nan,nan,nan
5815,0.0167416,True,nan,nan,nan
5816,0.0163854,True,nan,nan,nan
5817,0.0294375,True,nan,nan,nan
5818,0.0250537,True,nan,nan,nan
5819,0.0216148,True,nan,nan,nan
5820,0.0223494,True,nan,nan,nan
5821,0.0210037,True,nan,nan,nan
5822,0.0270482,True,nan,nan,nan
5823,0.0252713,True,nan,nan,nan
5824,0.0215295,True,nan,nan,nan
5825,0.0208472,True,nan,nan,nan
5826,0.0190989,True,nan,nan,nan
5827,0.0297276,True,nan,nan,nan
5828,0.0183016,True,nan,nan,nan
5829,0.0160825,True,nan,nan,nan
5830,0.0238997,True,nan,nan,nan
5831,0.0254962,True,nan,nan,nan
5832,0.0188276,True,nan,nan,nan
5833,0.0226008,True,nan,nan,nan
5834,0.0151636,True,nan,nan,nan
5835,0.0211814,True,nan,nan,nan
5836,0.0218751,True,nan,nan,nan
5837,0.0213546,True,nan,nan,nan
5838,0.0230871,True,nan,nan,nan
5839,0.0178436,True,nan,nan,nan
5840,0.02594,True,nan,nan,nan
5841,0.0220113,True,nan,nan,nan
5842,0.0218321,True,nan,nan,nan
5843,0.0160101,True,nan,nan,nan
5844,0.0197197,True,nan,nan,nan
5845,0.0232645,True,nan,nan,nan
5846,0.0205462,True,nan,nan,nan
5847,0.0229827,True,nan,nan,nan
5848,0.0268268,True,nan,nan,nan
5849,0.022931,True,nan,nan,nan
5850,0.0227827,True,nan,nan,nan
5851,0.0188563,True,nan,nan,nan
5852,0.0156437,True,nan,nan,nan
5853,0.0151606,True,nan,nan,nan
5854,0.0170858,True,nan,nan,nan
5855,0.0183718,True,nan,nan,nan
5856,0.0180498,True,nan,nan,nan
5857,0.0225082,True,nan,nan,nan
5858,0.022216,True,nan,nan,nan
5859,0.0187438,True,nan,nan,nan
5860,0.0229858,True,nan,nan,nan
5861,0.0262829,True,nan,nan,nan
5862,0.0203314,True,nan,nan,nan
5863,0.01546,True,nan,nan,nan
5864,0.0270978,True,nan,nan,nan
5865,0.0283974,True,nan,nan,nan
5866,0.0201998,True,nan,nan,nan
5867,0.0197625,True,nan,nan,nan
5868,0.0289072,True,nan,nan,nan
5869,0.0294782,True,nan,nan,nan
5870,0.0251591,True,nan,nan,nan
5871,0.0264718,True,nan,nan,nan
5872,0.0239662,True,nan,nan,nan
5873,0.016327,True,nan,nan,nan
5874,0.0225516,True,nan,nan,nan
5875,0.0155643,True,nan,nan,nan
5876,0.0220588,True,nan,nan,nan
5877,0.0204089,True,nan,nan,nan
5878,0.0207427,True,nan,nan,nan
5879,0.0166275,True,nan,nan,nan
5880,0.0195785,True,nan,nan,nan
5881,0.0165796,True,nan,nan,nan
5882,0.0182699,True,nan,nan,nan
5883,0.0267326,True,nan,nan,nan
5884,0.0293991,True,nan,nan,nan
5885,0.0237057,True,nan,nan,nan
5886,0.0201924,True,nan,nan,nan
5887,0.0198952,True,nan,nan,nan
5888,0.0292148,True,nan,nan,nan
5889,0.0196262,True,nan,nan,nan
5890,0.0191708,True,nan,nan,nan
5891,0.0281533,True,nan,nan,nan
5892,0.0293048,True,nan,nan,nan
5893,0.0167936,True,nan,nan,nan
5894,0.022164,True,nan,nan,nan
5895,0.0263516,True,nan,nan,nan
5896,0.016811,True,nan,nan,nan
5897,0.0265756,True,nan,nan,nan
5898,0.0276789,True,nan,nan,nan
5899,0.0237875,True,nan,nan,nan
5900,0.0266959,True,nan,nan,nan
5901,0.0276794,True,nan,nan,nan
5902,0.018741,True,nan,nan,nan
5903,0.0266363,True,nan,nan,nan
5904,0.0173975,True,nan,nan,nan
5905,0.0198802,True,nan,nan,nan
5906,0.0260368,True,nan,nan,nan
5907,0.0162908,True,nan,nan,nan
5908,0.0161042,True,nan,nan,nan
5909,0.0221447,True,nan,nan,nan
5910,0.0241001,True,nan,nan,nan
5911,0.0166647,True,nan,nan,nan
5912,0.0244839,True,nan,nan,nan
5913,0.0172756,True,nan,nan,nan
5914,0.016782,True,nan,nan,nan
5915,0.0219792,True,nan,nan,nan
5916,0.0151922,True,nan,nan,nan
5917,0.0289759,True,nan,nan,nan
5918,0.019001,True,nan,nan,nan
5919,0.0165487,True,nan,nan,nan
5920,0.0168633,True,nan,nan,nan
5921,0.0171673,True,nan,nan,nan
5922,0.0239267,True,nan,nan,nan
5923,0.0155501,True,nan,nan,nan
5924,0.0267188,True,nan,nan,nan
5925,0.0286616,True,nan,nan,nan
5926,0.0196808,True,nan,nan,nan
5927,0.0158567,True,nan,nan,nan
5928,0.0182987,True,nan,nan,nan
5929,0.0154929,True,nan,nan,nan
5930,0.0214736,True,nan,nan,nan
5931,0.0297842,True,nan,nan,nan
5932,0.0158291,True,nan,nan,nan
5933,0.0215175,True,nan,nan,nan
5934,0.0287086,True,nan,nan,nan
5935,0.0198841,True,nan,nan,nan
5936,0.0198142,True,nan,nan,nan
5937,0.027952,True,nan,nan,nan
5938,0.022859,True,nan,nan,nan
5939,0.0180045,True,nan,nan,nan
5940,0.0191005,True,nan,nan,nan
5941,0.0190143,True,nan,nan,nan
5942,0.0224879,True,nan,nan,nan
5943,0.0278779,True,nan,nan,nan
5944,0.0201634,True,nan,nan,nan
5945,0.0289797,True,nan,nan,nan
5946,0.0231788,True,nan,nan,nan
5947,0.0262758,True,nan,nan,nan
5948,0.0269184,True,nan,nan,nan
5949,0.0278778,True,nan,nan,nan
5950,0.0297367,True,nan,nan,nan
5951,0.0192347,True,nan,nan,nan
5952,0.0273101,True,nan,nan,nan
5953,0.0290856,True,nan,nan,nan
5954,0.0204761,True,nan,nan,nan
5955,0.0246249,True,nan,nan,nan
5956,0.0173385,True,nan,nan,nan
5957,0.0270186,True,nan,nan,nan
5958,0.0212929,True,nan,nan,nan
5959,0.0165543,True,nan,nan,nan
5960,0.0290601,True,nan,nan,nan
5961,0.0186274,True,nan,nan,nan
5962,0.0297386,True,nan,nan,nan
5963,0.015363,True,nan,nan,nan
5964,0.0205429,True,nan,nan,nan
5965,0.0264224,True,nan,nan,nan
5966,0.0290724,True,nan,nan,nan
5967,0.0219521,True,nan,nan,nan
5968,0.0164243,True,nan,nan,nan
5969,0.0284367,True,nan,nan,nan
5970,0.0173963,True,nan,nan,nan
5971,0.0256289,True,nan,nan,nan
5972,0.0260263,True,nan,nan,nan
5973,0.0259102,True,nan,nan,nan
5974,0.0257893,True,nan,nan,nan
5975,0.024146,True,nan,nan,nan
5976,0.0275957,True,nan,nan,nan
5977,0.0187372,True,nan,nan,nan
5978,0.0247988,True,nan,nan,nan
5979,0.0187218,True,nan,nan,nan
5980,0.0285511,True,nan,nan,nan
5981,0.0285859,True,nan,nan,nan
5982,0.0167781,True,nan,nan,nan
5983,0.0170225,True,nan,nan,nan
5984,0.0157475,True,nan,nan,nan
5985,0.0228765,True,nan,nan,nan
5986,0.0282516,True,nan,nan,nan
5987,0.0198447,True,nan,nan,nan
5988,0.0225178,True,nan,nan,nan
5989,0.0288569,True,nan,nan,nan
5990,0.0192696,True,nan,nan,nan
5991,0.0272231,True,nan,nan,nan
5992,0.0237272,True,nan,nan,nan
5993,0.0273684,True,nan,nan,nan
5994,0.0211022,True,nan,nan,nan
5995,0.021602,True,nan,nan,nan
5996,0.0209285,True,nan,nan,nan
5997,0.0286122,True,nan,nan,nan
5998,0.0152447,True,nan,nan,nan
5999,0.018015,True,nan,nan,nan
6000,0.020821,True,nan,nan,nan
6001,0.0205248,True,nan,nan,nan
6002,0.0236644,True,nan,nan,nan
6003,0.0264375,True,nan,nan,nan
6004,0.0270028,True,nan,nan,nan
6005,0.0243526,True,nan,nan,nan
6006,0.0225823,True,nan,nan,nan
6007,0.0175447,True,nan,nan,nan
6008,0.0253966,True,nan,nan,nan
6009,0.0264087,True,nan,nan,nan
6010,0.0280891,True,nan,nan,nan
6011,0.0191446,True,nan,nan,nan
6012,0.0187505,True,nan,nan,nan
6013,0.0246366,True,nan,nan,nan
6014,0.0240047,True,nan,nan,nan
6015,0.0217803,True,nan,nan,nan
6016,0.0291132,True,nan,nan,nan
6017,0.0175766,True,nan,nan,nan
6018,0.0244994,True,nan,nan,nan
6019,0.0246003,True,nan,nan,nan
6020,0.0203827,True,nan,nan,nan
6021,0.028154,True,nan,nan,nan
6022,0.0263337,True,nan,nan,nan
6023,0.0278768,True,nan,nan,nan
6024,0.0231609,True,nan,nan,nan
6025,0.0224986,True,nan,nan,nan
6026,0.0161759,True,nan,nan,nan
6027,0.0171685,True,nan,nan,nan
6028,0.0227133,True,nan,nan,nan
6029,0.016829,True,nan,nan,nan
6030,0.0273897,True,nan,nan,nan
6031,0.017131,True,nan,nan,nan
6032,0.0184215,True,nan,nan,nan
6033,0.0240789,True,nan,nan,nan
6034,0.0290315,True,nan,nan,nan
6035,0.0244088,True,nan,nan,nan
6036,0.0253038,True,nan,nan,nan
6037,0.0230772,True,nan,nan,nan
6038,0.0283078,True,nan,nan,nan
6039,0.020656,True,nan,nan,nan
6040,0.0179232,True,nan,nan,nan
6041,0.0256496,True,nan,nan,nan
6042,0.0289443,True,nan,nan,nan
6043,0.0171696,True,nan,nan,nan
6044,0.0276225,True,nan,nan,nan
6045,0.0219233,True,nan,nan,nan
6046,0.0242296,True,nan,nan,nan
6047,0.0285654,True,nan,nan,nan
6048,0.0187373,True,nan,nan,nan
6049,0.0262774,True,nan,nan,nan
6050,0.0212807,True,nan,nan,nan
6051,0.0182381,True,nan,nan,nan
6052,0.0263586,True,nan,nan,nan
6053,0.02377,True,nan,nan,nan
6054,0.0265887,True,nan,nan,nan
6055,0.0200365,True,nan,nan,nan
6056,0.0226831,True,nan,nan,nan
6057,0.0270958,True,nan,nan,nan
6058,0.0202062,True,nan,nan,nan
6059,0.0221745,True,nan,nan,nan
6060,0.0283681,True,nan,nan,nan
6061,0.029041,True,nan,nan,nan
6062,0.0162468,True,nan,nan,nan
6063,0.0169871,True,nan,nan,nan
6064,0.0267431,True,nan,nan,nan
6065,0.0160952,True,nan,nan,nan
6066,0.0211765,True,nan,nan,nan
6067,0.0244214,True,nan,nan,nan
6068,0.0212729,True,nan,nan,nan
6069,0.0197076,True,nan,nan,nan
6070,0.0193536,True,nan,nan,nan
6071,0.0206969,True,nan,nan,nan
6072,0.0193683,True,nan,nan,nan
6073,0.0152901,True,nan,nan,nan
6074,0.0242174,True,nan,nan,nan
6075,0.0172412,True,nan,nan,nan
6076,0.0181045,True,nan,nan,nan
6077,0.0246528,True,nan,nan,nan
6078,0.0239469,True,nan,nan,nan
6079,0.024414,True,nan,nan,nan
6080,0.0285875,True,nan,nan,nan
6081,0.0171297,True,nan,nan,nan
6082,0.0272487,True,nan,nan,nan
6083,0.0291441,True,nan,nan,nan
6084,0.021477,True,nan,nan,nan
6085,0.0211326,True,nan,nan,nan
6086,0.0170894,True,nan,nan,nan
6087,0.0277042,True,nan,nan,nan
6088,0.0184245,True,nan,nan,nan
6089,0.0216942,True,nan,nan,nan
6090,0.0260505,True,nan,nan,nan
6091,0.0171021,True,nan,nan,nan
6092,0.0221279,True,nan,nan,nan
6093,0.0200811,True,nan,nan,nan
6094,0.0280987,True,nan,nan,nan
6095,0.0187402,True,nan,nan,nan
6096,0.0185415,True,nan,nan,nan
6097,0.0198806,True,nan,nan,nan
6098,0.0292233,True,nan,nan,nan
6099,0.0274145,True,nan,nan,nan
6100,0.024185,True,nan,nan,nan
6101,0.0245867,True,nan,nan,nan
6102,0.0155543,True,nan,nan,nan
6103,0.0178521,True,nan,nan,nan
6104,0.0287508,True,nan,nan,nan
