comparison,metric,particle_id,reference_value,modified_value,paired_difference
local_cfd_initial_velocity_minus_zero,final_dx_dp,10001,22.145930369496515,24.341353325049894,2.1954229555533793
local_cfd_initial_velocity_minus_zero,final_dx_dp,10002,2.38226216983215,2.382232035491587,-3.0134340562870676e-05
local_cfd_initial_velocity_minus_zero,final_dx_dp,10003,26.26232786913758,23.435426656382713,-2.8269012127548656
local_cfd_initial_velocity_minus_zero,final_dx_dp,10004,16.88142279011504,16.864930139556876,-0.01649265055816329
local_cfd_initial_velocity_minus_zero,final_dx_dp,10005,25.976567738372534,25.997714835619366,0.021147097246831947
local_cfd_initial_velocity_minus_zero,final_dx_dp,10006,22.30918981025433,22.437731154915138,0.1285413446608068
local_cfd_initial_velocity_minus_zero,final_dx_dp,10007,11.093571867043906,11.277796983875806,0.18422511683190024
local_cfd_initial_velocity_minus_zero,final_dx_dp,10008,1.9164850836065586,4.890750713565576,2.9742656299590173
local_cfd_initial_velocity_minus_zero,final_dx_dp,10009,30.713557539006434,23.94685140901813,-6.766706129988304
local_cfd_initial_velocity_minus_zero,final_dx_dp,10010,27.458599546094465,27.448236175698185,-0.010363370396280658
local_cfd_initial_velocity_minus_zero,final_dx_dp,10011,19.30782160222077,19.090267320379514,-0.21755428184125591
local_cfd_initial_velocity_minus_zero,final_dx_dp,10012,20.560696081842888,23.398334153753026,2.8376380719101384
local_cfd_initial_velocity_minus_zero,final_dx_dp,10013,1.6524983552382777,1.9966099658510899,0.34411161061281215
local_cfd_initial_velocity_minus_zero,final_dx_dp,10014,28.131901945143245,22.72212391328827,-5.409778031854973
local_cfd_initial_velocity_minus_zero,final_dx_dp,10015,29.13121643798759,25.419739467046917,-3.711476970940673
local_cfd_initial_velocity_minus_zero,final_dx_dp,10016,22.723841034171794,20.06358950784033,-2.6602515263314643
local_cfd_initial_velocity_minus_zero,final_dx_dp,10017,21.88921623202836,21.90097010977913,0.011753877750770414
local_cfd_initial_velocity_minus_zero,final_dx_dp,10018,15.531559994631037,24.068393762869313,8.536833768238276
local_cfd_initial_velocity_minus_zero,final_dx_dp,10019,25.665143907292926,19.729888637059076,-5.935255270233849
local_cfd_initial_velocity_minus_zero,final_dx_dp,10020,19.464654843388477,19.507317313143727,0.04266246975524979
local_cfd_initial_velocity_minus_zero,final_dx_dp,10021,15.675664520945448,15.675711626577185,4.710563173659921e-05
local_cfd_initial_velocity_minus_zero,final_dx_dp,10022,18.114384969193214,18.1148630013043,0.00047803211108643495
local_cfd_initial_velocity_minus_zero,final_dx_dp,10023,11.723049704868867,11.749650529302967,0.026600824434099835
local_cfd_initial_velocity_minus_zero,final_dx_dp,10024,23.795555471779387,18.66230489853148,-5.133250573247906
local_cfd_initial_velocity_minus_zero,final_dx_dp,10025,22.74605129329226,22.746152476117366,0.00010118282510518384
local_cfd_initial_velocity_minus_zero,final_dx_dp,10026,25.873963334459372,23.25611507634471,-2.6178482581146625
local_cfd_initial_velocity_minus_zero,final_dx_dp,10027,2.0740692280489026,2.077037967863162,0.002968739814259269
local_cfd_initial_velocity_minus_zero,final_dx_dp,10028,13.790501195591686,13.791007023216967,0.0005058276252807303
local_cfd_initial_velocity_minus_zero,final_dx_dp,10029,3.2979090542062486,3.454957491389511,0.15704843718326256
local_cfd_initial_velocity_minus_zero,final_dx_dp,10030,9.439269271907529,9.454428244038839,0.015158972131310122
local_cfd_initial_velocity_minus_zero,final_dx_dp,10031,20.73469181319714,21.797102781157115,1.0624109679599734
local_cfd_initial_velocity_minus_zero,final_dx_dp,10032,21.291720347093605,21.59622383306323,0.30450348596962584
local_cfd_initial_velocity_minus_zero,final_dx_dp,10033,10.519633819557775,10.51956950172616,-6.431783161531257e-05
local_cfd_initial_velocity_minus_zero,final_dx_dp,10034,29.895284642377305,30.171699826374223,0.27641518399691734
local_cfd_initial_velocity_minus_zero,final_dx_dp,10035,1.726069001922429,1.8031114121601706,0.07704241023774161
local_cfd_initial_velocity_minus_zero,final_dx_dp,10036,29.811922037208692,34.198360426333146,4.386438389124454
local_cfd_initial_velocity_minus_zero,final_dx_dp,10037,19.802254960600937,9.477218538831352,-10.325036421769585
local_cfd_initial_velocity_minus_zero,final_dx_dp,10038,20.667353205670825,18.40323071553969,-2.264122490131136
local_cfd_initial_velocity_minus_zero,final_dx_dp,10039,22.15845317737021,22.170509364825445,0.012056187455236511
local_cfd_initial_velocity_minus_zero,final_dx_dp,10040,24.88779207059481,24.944126728613682,0.05633465801887283
local_cfd_initial_velocity_minus_zero,final_dx_dp,10041,31.126865324815938,19.902887376475153,-11.223977948340785
local_cfd_initial_velocity_minus_zero,final_dx_dp,10042,23.773116017225625,23.029765459335206,-0.7433505578904196
local_cfd_initial_velocity_minus_zero,final_dx_dp,10043,19.735067532417574,22.64148712235224,2.9064195899346643
local_cfd_initial_velocity_minus_zero,final_dx_dp,10044,22.3153445118671,23.571822584228123,1.2564780723610234
local_cfd_initial_velocity_minus_zero,final_dx_dp,10045,35.34059150274537,35.686990615628595,0.3463991128832262
local_cfd_initial_velocity_minus_zero,final_dx_dp,10046,3.501734259022992,3.530433400060542,0.028699141037550113
local_cfd_initial_velocity_minus_zero,final_dx_dp,10047,38.79285441532658,26.603618076486825,-12.189236338839756
local_cfd_initial_velocity_minus_zero,final_dx_dp,10048,6.39880206461637,6.522772614799608,0.12397055018323844
local_cfd_initial_velocity_minus_zero,final_dx_dp,10049,0.4213301438304707,0.4213305466180032,4.027875324941199e-07
local_cfd_initial_velocity_minus_zero,final_dx_dp,10050,3.118068265910181,3.153874753144544,0.03580648723436308
local_cfd_initial_velocity_minus_zero,final_dx_dp,10051,20.595254033634724,24.266615486353484,3.6713614527187595
local_cfd_initial_velocity_minus_zero,final_dx_dp,10052,3.7729835854907243,3.339525147062934,-0.4334584384277904
local_cfd_initial_velocity_minus_zero,final_dx_dp,10053,1.0250570851782792,25.644406977340196,24.619349892161917
local_cfd_initial_velocity_minus_zero,final_dx_dp,10054,29.87088414432875,25.293907728412414,-4.576976415916334
local_cfd_initial_velocity_minus_zero,final_dx_dp,10055,3.5226539588292938,3.522639580325654,-1.4378503639722595e-05
local_cfd_initial_velocity_minus_zero,final_dx_dp,10056,2.9690502923933693,3.7545915434389148,0.7855412510455455
local_cfd_initial_velocity_minus_zero,final_dx_dp,10057,24.210552535778394,23.041309056383316,-1.1692434793950781
local_cfd_initial_velocity_minus_zero,final_dx_dp,10058,3.7118290588502867,3.3340128579026476,-0.3778162009476391
local_cfd_initial_velocity_minus_zero,final_dx_dp,10059,21.20419789389075,21.125929948817685,-0.07826794507306545
local_cfd_initial_velocity_minus_zero,final_dx_dp,10060,28.937728708321558,26.061090189039668,-2.87663851928189
local_cfd_initial_velocity_minus_zero,final_dx_dp,10061,25.60176388734158,26.58273336329076,0.9809694759491805
local_cfd_initial_velocity_minus_zero,final_dx_dp,10062,26.23393787512762,27.949603235781787,1.7156653606541674
local_cfd_initial_velocity_minus_zero,final_dx_dp,10063,7.57815892799695,7.578180502781596,2.157478464592799e-05
local_cfd_initial_velocity_minus_zero,final_dx_dp,10064,34.04349981602474,13.182776749174746,-20.860723066849996
local_cfd_initial_velocity_minus_zero,final_dx_dp,10065,22.20875110861149,22.02320583210196,-0.18554527650952934
local_cfd_initial_velocity_minus_zero,final_dx_dp,10066,21.906860610970377,25.78525722544217,3.878396614471793
local_cfd_initial_velocity_minus_zero,final_dx_dp,10067,23.631278708430617,21.555414126772064,-2.0758645816585535
local_cfd_initial_velocity_minus_zero,final_dx_dp,10068,11.723256710828828,15.866322783359351,4.143066072530523
local_cfd_initial_velocity_minus_zero,final_dx_dp,10069,3.78212796755233,4.582431718616888,0.8003037510645585
local_cfd_initial_velocity_minus_zero,final_dx_dp,10070,13.654227135872597,13.654282537893371,5.540202077369827e-05
local_cfd_initial_velocity_minus_zero,final_dx_dp,10071,15.85654678894003,25.16018062201213,9.303633833072102
local_cfd_initial_velocity_minus_zero,final_dx_dp,10072,12.933274552705189,12.842229998072652,-0.09104455463253736
local_cfd_initial_velocity_minus_zero,final_dx_dp,10073,10.704941043799163,10.78734239970973,0.08240135591056763
local_cfd_initial_velocity_minus_zero,final_dx_dp,10074,3.6769276508288162,3.6770446977626827,0.00011704693386649367
local_cfd_initial_velocity_minus_zero,final_dx_dp,10075,2.1100627250881554,2.1100634518866572,7.267985018266643e-07
local_cfd_initial_velocity_minus_zero,final_dx_dp,10076,31.316051422405913,34.46385482187775,3.14780339947184
local_cfd_initial_velocity_minus_zero,final_dx_dp,10077,0.7199303468032152,1.0922932884087606,0.3723629416055454
local_cfd_initial_velocity_minus_zero,final_dx_dp,10078,28.362282522281618,30.206573049479665,1.8442905271980479
local_cfd_initial_velocity_minus_zero,final_dx_dp,10079,20.63891360502877,25.509299380092337,4.870385775063568
local_cfd_initial_velocity_minus_zero,final_dx_dp,10080,23.303214015823468,23.80554841078255,0.5023343949590817
local_cfd_initial_velocity_minus_zero,final_dx_dp,10081,4.982320582676481,4.605874343963733,-0.37644623871274785
local_cfd_initial_velocity_minus_zero,final_dx_dp,10082,5.327339154863123,5.47420833166145,0.14686917679832767
local_cfd_initial_velocity_minus_zero,final_dx_dp,10083,21.630965378582076,21.595987917361153,-0.03497746122092238
local_cfd_initial_velocity_minus_zero,final_dx_dp,10084,23.648739992856015,23.688830703411114,0.0400907105550985
local_cfd_initial_velocity_minus_zero,final_dx_dp,10085,2.553414959333941,20.34177971307089,17.788364753736946
local_cfd_initial_velocity_minus_zero,final_dx_dp,10086,21.38888765784053,21.40481301047653,0.0159253526359997
local_cfd_initial_velocity_minus_zero,final_dx_dp,10087,24.4388251425754,24.351594199422284,-0.08723094315311641
local_cfd_initial_velocity_minus_zero,final_dx_dp,10088,21.67528994211996,23.32574907389242,1.650459131772461
local_cfd_initial_velocity_minus_zero,final_dx_dp,10089,23.04972867669216,20.87838047869122,-2.1713481980009384
local_cfd_initial_velocity_minus_zero,final_dx_dp,10090,19.851474795973573,21.95088703073525,2.099412234761676
local_cfd_initial_velocity_minus_zero,final_dx_dp,10091,20.425057564683133,20.379574119224927,-0.04548344545820626
local_cfd_initial_velocity_minus_zero,final_dx_dp,10092,4.820878141490634,3.261335516870838,-1.5595426246197959
local_cfd_initial_velocity_minus_zero,final_dx_dp,10093,2.8123105490683256,3.3068082393130456,0.49449769024472
local_cfd_initial_velocity_minus_zero,final_dx_dp,10094,29.47701250310677,19.371041448653322,-10.105971054453448
local_cfd_initial_velocity_minus_zero,final_dx_dp,10095,26.923371747887646,26.98074321067365,0.05737146278600491
local_cfd_initial_velocity_minus_zero,final_dx_dp,10096,1.1631541151935356,1.9128486670232752,0.7496945518297395
local_cfd_initial_velocity_minus_zero,final_dx_dp,10097,29.71841322633936,28.928944491459585,-0.789468734879776
local_cfd_initial_velocity_minus_zero,final_dx_dp,10098,7.043954668924501,6.914697071204819,-0.1292575977196817
local_cfd_initial_velocity_minus_zero,final_dx_dp,10099,17.23553351696828,18.179143756185923,0.9436102392176409
local_cfd_initial_velocity_minus_zero,final_dx_dp,10100,23.260549547953342,25.513177045007712,2.2526274970543696
local_cfd_initial_velocity_minus_zero,final_dz_dp,10001,-2.5181571795282336,-1.3475605180408643,1.1705966614873693
local_cfd_initial_velocity_minus_zero,final_dz_dp,10002,-0.4316482226322613,-0.43179666129743166,-0.00014843866517033621
local_cfd_initial_velocity_minus_zero,final_dz_dp,10003,-5.15737338557858,-4.858983680351909,0.2983897052266711
local_cfd_initial_velocity_minus_zero,final_dz_dp,10004,-2.960505706014354,-2.961515657529193,-0.0010099515148391802
local_cfd_initial_velocity_minus_zero,final_dz_dp,10005,-2.910194237615488,-2.9123769605105596,-0.0021827228950717092
local_cfd_initial_velocity_minus_zero,final_dz_dp,10006,-4.435115466608206,-4.501190051274146,-0.06607458466594007
local_cfd_initial_velocity_minus_zero,final_dz_dp,10007,-1.4372332049940673,-1.437233202209607,2.7844602179527556e-09
local_cfd_initial_velocity_minus_zero,final_dz_dp,10008,-5.93713710087302,-4.9300501394432,1.0070869614298203
local_cfd_initial_velocity_minus_zero,final_dz_dp,10009,-3.0896546173297437,-5.903302261914201,-2.813647644584457
local_cfd_initial_velocity_minus_zero,final_dz_dp,10010,-2.9915095081862235,-2.99357609270107,-0.0020665845148464257
local_cfd_initial_velocity_minus_zero,final_dz_dp,10011,-2.5999770848326125,-2.5999770848356234,-3.0109248427834245e-12
local_cfd_initial_velocity_minus_zero,final_dz_dp,10012,-3.7083741739407925,-3.4223202536190613,0.28605392032173116
local_cfd_initial_velocity_minus_zero,final_dz_dp,10013,-0.05445736249669597,-0.054457362496625965,7.000650059652003e-14
local_cfd_initial_velocity_minus_zero,final_dz_dp,10014,-1.6786638393026154,-3.420366453352739,-1.7417026140501235
local_cfd_initial_velocity_minus_zero,final_dz_dp,10015,-1.1442393819689738,-0.6109363678333084,0.5333030141356654
local_cfd_initial_velocity_minus_zero,final_dz_dp,10016,-4.8216120645948,-5.331980743204314,-0.5103686786095141
local_cfd_initial_velocity_minus_zero,final_dz_dp,10017,-1.0559722861567669,-1.055972285619222,5.375448974831443e-10
local_cfd_initial_velocity_minus_zero,final_dz_dp,10018,-1.10111417210887,-4.768349773604866,-3.667235601495996
local_cfd_initial_velocity_minus_zero,final_dz_dp,10019,-4.370877233212568,-0.9916380384644828,3.379239194748085
local_cfd_initial_velocity_minus_zero,final_dz_dp,10020,-2.848389635300156,-2.7754499965421284,0.07293963875802767
local_cfd_initial_velocity_minus_zero,final_dz_dp,10021,-1.8625728551248977,-1.871259661847256,-0.00868680672235822
local_cfd_initial_velocity_minus_zero,final_dz_dp,10022,-1.7281929670667704,-1.7254913361276274,0.002701630939142996
local_cfd_initial_velocity_minus_zero,final_dz_dp,10023,-1.9286298131784476,-1.9192088567831733,0.009420956395274294
local_cfd_initial_velocity_minus_zero,final_dz_dp,10024,-4.87277260070086,-3.646719228392179,1.226053372308681
local_cfd_initial_velocity_minus_zero,final_dz_dp,10025,-4.363554981898829,-4.35657679654293,0.0069781853558987805
local_cfd_initial_velocity_minus_zero,final_dz_dp,10026,-3.410108386345532,-3.96862560519386,-0.5585172188483281
local_cfd_initial_velocity_minus_zero,final_dz_dp,10027,-2.137709914447993,-2.1362139266365343,0.0014959878114586544
local_cfd_initial_velocity_minus_zero,final_dz_dp,10028,-2.439996131777802,-2.4359994756054486,0.00399665617235323
local_cfd_initial_velocity_minus_zero,final_dz_dp,10029,-4.949576761448795,-5.181980956258361,-0.23240419480956565
local_cfd_initial_velocity_minus_zero,final_dz_dp,10030,-1.5842585718779072,-1.5842585718779294,-2.220446049250313e-14
local_cfd_initial_velocity_minus_zero,final_dz_dp,10031,-3.932924033317627,-3.7120247656267296,0.22089926769089763
local_cfd_initial_velocity_minus_zero,final_dz_dp,10032,-4.429763324347252,-4.519567388059792,-0.08980406371254013
local_cfd_initial_velocity_minus_zero,final_dz_dp,10033,-1.2866571133121305,-1.2841937566701742,0.0024633566419562936
local_cfd_initial_velocity_minus_zero,final_dz_dp,10034,-2.7930141997254743,-2.7974775374370915,-0.004463337711617221
local_cfd_initial_velocity_minus_zero,final_dz_dp,10035,-0.5367119410234057,-0.5367119456798204,-4.656414698267497e-09
local_cfd_initial_velocity_minus_zero,final_dz_dp,10036,-3.127798787363382,-2.258764462820724,0.8690343245426577
local_cfd_initial_velocity_minus_zero,final_dz_dp,10037,-4.988329108059818,-2.3737766555589084,2.61455245250091
local_cfd_initial_velocity_minus_zero,final_dz_dp,10038,-5.468058001443292,-1.5212332466908416,3.94682475475245
local_cfd_initial_velocity_minus_zero,final_dz_dp,10039,-4.075187837459377,-4.0751878374578565,1.5205614545266144e-12
local_cfd_initial_velocity_minus_zero,final_dz_dp,10040,-2.971895135883059,-3.027163159222103,-0.055268023339043904
local_cfd_initial_velocity_minus_zero,final_dz_dp,10041,-2.353924850011716,-0.6250689886531848,1.728855861358531
local_cfd_initial_velocity_minus_zero,final_dz_dp,10042,-1.9806746432348603,-1.8540498905906906,0.12662475264416972
local_cfd_initial_velocity_minus_zero,final_dz_dp,10043,-3.2966153116451773,-3.23941847663796,0.057196835007217395
local_cfd_initial_velocity_minus_zero,final_dz_dp,10044,-3.9138117960797834,-3.921394385004296,-0.007582588924512468
local_cfd_initial_velocity_minus_zero,final_dz_dp,10045,-0.5617851416354677,-0.08151395391329912,0.48027118772216854
local_cfd_initial_velocity_minus_zero,final_dz_dp,10046,-0.8148075889387334,-0.814807588938719,1.4432899320127035e-14
local_cfd_initial_velocity_minus_zero,final_dz_dp,10047,-0.6700057310680269,0.8149316586655835,1.4849373897336102
local_cfd_initial_velocity_minus_zero,final_dz_dp,10048,-0.6635754647558597,-0.6635754647554698,3.89910326248355e-13
local_cfd_initial_velocity_minus_zero,final_dz_dp,10049,-0.04481368977766282,-0.044808829924193085,4.859853469735276e-06
local_cfd_initial_velocity_minus_zero,final_dz_dp,10050,-0.23954481474556322,-0.23954481474581849,-2.552680289369391e-13
local_cfd_initial_velocity_minus_zero,final_dz_dp,10051,-4.428675770633935,-4.4141306500238064,0.014545120610128137
local_cfd_initial_velocity_minus_zero,final_dz_dp,10052,-0.5887800592749607,-0.5887800592574052,1.755551259918775e-11
local_cfd_initial_velocity_minus_zero,final_dz_dp,10053,-0.34148769517338384,-4.459730451158082,-4.118242755984698
local_cfd_initial_velocity_minus_zero,final_dz_dp,10054,-0.9073129624627071,-1.030158338449284,-0.12284537598657697
local_cfd_initial_velocity_minus_zero,final_dz_dp,10055,-1.4979243079452356,-1.4980388548690011,-0.0001145469237655572
local_cfd_initial_velocity_minus_zero,final_dz_dp,10056,-3.977684240038747,-5.116371597460786,-1.1386873574220386
local_cfd_initial_velocity_minus_zero,final_dz_dp,10057,-4.270394245686365,0.33609192543821925,4.606486171124584
local_cfd_initial_velocity_minus_zero,final_dz_dp,10058,-5.289541811427326,-4.775092122899555,0.5144496885277707
local_cfd_initial_velocity_minus_zero,final_dz_dp,10059,-2.6514871059393283,-2.6514871059342653,5.063061081500564e-12
local_cfd_initial_velocity_minus_zero,final_dz_dp,10060,-0.9189477530785732,-0.9593394778638267,-0.040391724785253436
local_cfd_initial_velocity_minus_zero,final_dz_dp,10061,-1.32234813824284,-1.2399834508714236,0.08236468737141633
local_cfd_initial_velocity_minus_zero,final_dz_dp,10062,1.0940752624773575,-2.231549374927857,-3.3256246374052143
local_cfd_initial_velocity_minus_zero,final_dz_dp,10063,-1.2536224074247773,-1.25506192865041,-0.001439521225632845
local_cfd_initial_velocity_minus_zero,final_dz_dp,10064,-3.1009065709831725,-4.131246958650277,-1.030340387667105
local_cfd_initial_velocity_minus_zero,final_dz_dp,10065,-3.837425673487874,-3.791430109551024,0.045995563936850115
local_cfd_initial_velocity_minus_zero,final_dz_dp,10066,-0.8860879063775067,-0.5737151481583787,0.312372758219128
local_cfd_initial_velocity_minus_zero,final_dz_dp,10067,-4.392120071811961,-4.445354736036544,-0.05323466422458267
local_cfd_initial_velocity_minus_zero,final_dz_dp,10068,-1.8188716264460196,-0.6387414513473396,1.1801301750986801
local_cfd_initial_velocity_minus_zero,final_dz_dp,10069,-1.120259770634486,-1.1202597972253758,-2.6590889934396955e-08
local_cfd_initial_velocity_minus_zero,final_dz_dp,10070,-1.8401308932493525,-1.83901544297643,0.0011154502729224802
local_cfd_initial_velocity_minus_zero,final_dz_dp,10071,-1.7932032259634807,-0.9641636559995242,0.8290395699639564
local_cfd_initial_velocity_minus_zero,final_dz_dp,10072,-2.0697708513767363,-2.069770840350776,1.1025960144905866e-08
local_cfd_initial_velocity_minus_zero,final_dz_dp,10073,-0.9180662512726502,-0.9180662512727326,-8.237854842718662e-14
local_cfd_initial_velocity_minus_zero,final_dz_dp,10074,0.18089760124240065,0.18161788949392665,0.0007202882515260078
local_cfd_initial_velocity_minus_zero,final_dz_dp,10075,-0.03459023731151173,-0.03448620102884919,0.000104036282662541
local_cfd_initial_velocity_minus_zero,final_dz_dp,10076,-1.3085052580391974,-2.109385631006962,-0.8008803729677645
local_cfd_initial_velocity_minus_zero,final_dz_dp,10077,-0.02830514205743671,-0.028305131401766125,1.0655670585474342e-08
local_cfd_initial_velocity_minus_zero,final_dz_dp,10078,-3.1878179362242447,-3.4140685289465784,-0.22625059272233372
local_cfd_initial_velocity_minus_zero,final_dz_dp,10079,0.469280810807212,0.5599855810687147,0.09070477026150264
local_cfd_initial_velocity_minus_zero,final_dz_dp,10080,-2.1435270057500357,-2.2634558827299736,-0.11992887697993782
local_cfd_initial_velocity_minus_zero,final_dz_dp,10081,-1.032377612725794,-1.0323776127269542,-1.1601830607332886e-12
local_cfd_initial_velocity_minus_zero,final_dz_dp,10082,-1.2023863465038345,-1.2023863465055522,-1.7177370637000422e-12
local_cfd_initial_velocity_minus_zero,final_dz_dp,10083,-1.3207583029024557,-1.3207583029376955,-3.523981106923202e-11
local_cfd_initial_velocity_minus_zero,final_dz_dp,10084,-2.4893053958876568,-2.5389089765351907,-0.049603580647533896
local_cfd_initial_velocity_minus_zero,final_dz_dp,10085,-1.3420769656247262,-2.5765618419898364,-1.2344848763651102
local_cfd_initial_velocity_minus_zero,final_dz_dp,10086,-2.4618371530782563,-2.463958387032041,-0.002121233953784607
local_cfd_initial_velocity_minus_zero,final_dz_dp,10087,-1.8876724196783783,-1.8765921107850003,0.011080308893377966
local_cfd_initial_velocity_minus_zero,final_dz_dp,10088,-4.931792025920159,-3.0378348082655497,1.8939572176546093
local_cfd_initial_velocity_minus_zero,final_dz_dp,10089,-0.525834984490792,-0.20362197346208283,0.3222130110287092
local_cfd_initial_velocity_minus_zero,final_dz_dp,10090,-3.7486472703355975,-4.113676140412263,-0.3650288700766655
local_cfd_initial_velocity_minus_zero,final_dz_dp,10091,-2.70762166036486,-2.70969150960524,-0.002069849240379895
local_cfd_initial_velocity_minus_zero,final_dz_dp,10092,-1.9546796142091813,-1.9546796142316667,-2.2485346917733295e-11
local_cfd_initial_velocity_minus_zero,final_dz_dp,10093,-0.042818582438453705,-0.04281857884382641,3.5946272972098292e-09
local_cfd_initial_velocity_minus_zero,final_dz_dp,10094,-2.40616631252541,-2.8396487548444562,-0.4334824423190464
local_cfd_initial_velocity_minus_zero,final_dz_dp,10095,-5.477169552064064,-5.480631903820298,-0.0034623517562346606
local_cfd_initial_velocity_minus_zero,final_dz_dp,10096,-2.6363951304582116,-4.144689528008285,-1.508294397550073
local_cfd_initial_velocity_minus_zero,final_dz_dp,10097,-1.4618760907978017,-1.6068712101608427,-0.144995119363041
local_cfd_initial_velocity_minus_zero,final_dz_dp,10098,-1.1234158519473116,-1.1234158519514295,-4.117817198334706e-12
local_cfd_initial_velocity_minus_zero,final_dz_dp,10099,-2.5387964923590802,-2.5387964923551944,3.885780586188048e-12
local_cfd_initial_velocity_minus_zero,final_dz_dp,10100,-2.140626514791578,-2.7218706933025425,-0.5812441785109645
local_cfd_initial_velocity_minus_zero,reached_5dp,10001,1.0,1.0,0.0
local_cfd_initial_velocity_minus_zero,reached_5dp,10002,0.0,0.0,0.0
local_cfd_initial_velocity_minus_zero,reached_5dp,10003,1.0,1.0,0.0
local_cfd_initial_velocity_minus_zero,reached_5dp,10004,1.0,1.0,0.0
local_cfd_initial_velocity_minus_zero,reached_5dp,10005,1.0,1.0,0.0
local_cfd_initial_velocity_minus_zero,reached_5dp,10006,1.0,1.0,0.0
local_cfd_initial_velocity_minus_zero,reached_5dp,10007,1.0,1.0,0.0
local_cfd_initial_velocity_minus_zero,reached_5dp,10008,0.0,0.0,0.0
local_cfd_initial_velocity_minus_zero,reached_5dp,10009,1.0,1.0,0.0
local_cfd_initial_velocity_minus_zero,reached_5dp,10010,1.0,1.0,0.0
local_cfd_initial_velocity_minus_zero,reached_5dp,10011,1.0,1.0,0.0
local_cfd_initial_velocity_minus_zero,reached_5dp,10012,1.0,1.0,0.0
local_cfd_initial_velocity_minus_zero,reached_5dp,10013,0.0,0.0,0.0
local_cfd_initial_velocity_minus_zero,reached_5dp,10014,1.0,1.0,0.0
local_cfd_initial_velocity_minus_zero,reached_5dp,10015,1.0,1.0,0.0
local_cfd_initial_velocity_minus_zero,reached_5dp,10016,1.0,1.0,0.0
local_cfd_initial_velocity_minus_zero,reached_5dp,10017,1.0,1.0,0.0
local_cfd_initial_velocity_minus_zero,reached_5dp,10018,1.0,1.0,0.0
local_cfd_initial_velocity_minus_zero,reached_5dp,10019,1.0,1.0,0.0
local_cfd_initial_velocity_minus_zero,reached_5dp,10020,1.0,1.0,0.0
local_cfd_initial_velocity_minus_zero,reached_5dp,10021,1.0,1.0,0.0
local_cfd_initial_velocity_minus_zero,reached_5dp,10022,1.0,1.0,0.0
local_cfd_initial_velocity_minus_zero,reached_5dp,10023,1.0,1.0,0.0
local_cfd_initial_velocity_minus_zero,reached_5dp,10024,1.0,1.0,0.0
local_cfd_initial_velocity_minus_zero,reached_5dp,10025,1.0,1.0,0.0
local_cfd_initial_velocity_minus_zero,reached_5dp,10026,1.0,1.0,0.0
local_cfd_initial_velocity_minus_zero,reached_5dp,10027,0.0,0.0,0.0
local_cfd_initial_velocity_minus_zero,reached_5dp,10028,1.0,1.0,0.0
local_cfd_initial_velocity_minus_zero,reached_5dp,10029,0.0,0.0,0.0
local_cfd_initial_velocity_minus_zero,reached_5dp,10030,1.0,1.0,0.0
local_cfd_initial_velocity_minus_zero,reached_5dp,10031,1.0,1.0,0.0
local_cfd_initial_velocity_minus_zero,reached_5dp,10032,1.0,1.0,0.0
local_cfd_initial_velocity_minus_zero,reached_5dp,10033,1.0,1.0,0.0
local_cfd_initial_velocity_minus_zero,reached_5dp,10034,1.0,1.0,0.0
local_cfd_initial_velocity_minus_zero,reached_5dp,10035,0.0,0.0,0.0
local_cfd_initial_velocity_minus_zero,reached_5dp,10036,1.0,1.0,0.0
local_cfd_initial_velocity_minus_zero,reached_5dp,10037,1.0,1.0,0.0
local_cfd_initial_velocity_minus_zero,reached_5dp,10038,1.0,1.0,0.0
local_cfd_initial_velocity_minus_zero,reached_5dp,10039,1.0,1.0,0.0
local_cfd_initial_velocity_minus_zero,reached_5dp,10040,1.0,1.0,0.0
local_cfd_initial_velocity_minus_zero,reached_5dp,10041,1.0,1.0,0.0
local_cfd_initial_velocity_minus_zero,reached_5dp,10042,1.0,1.0,0.0
local_cfd_initial_velocity_minus_zero,reached_5dp,10043,1.0,1.0,0.0
local_cfd_initial_velocity_minus_zero,reached_5dp,10044,1.0,1.0,0.0
local_cfd_initial_velocity_minus_zero,reached_5dp,10045,1.0,1.0,0.0
local_cfd_initial_velocity_minus_zero,reached_5dp,10046,0.0,0.0,0.0
local_cfd_initial_velocity_minus_zero,reached_5dp,10047,1.0,1.0,0.0
local_cfd_initial_velocity_minus_zero,reached_5dp,10048,1.0,1.0,0.0
local_cfd_initial_velocity_minus_zero,reached_5dp,10049,0.0,0.0,0.0
local_cfd_initial_velocity_minus_zero,reached_5dp,10050,0.0,0.0,0.0
local_cfd_initial_velocity_minus_zero,reached_5dp,10051,1.0,1.0,0.0
local_cfd_initial_velocity_minus_zero,reached_5dp,10052,0.0,0.0,0.0
local_cfd_initial_velocity_minus_zero,reached_5dp,10053,0.0,1.0,1.0
local_cfd_initial_velocity_minus_zero,reached_5dp,10054,1.0,1.0,0.0
local_cfd_initial_velocity_minus_zero,reached_5dp,10055,0.0,0.0,0.0
local_cfd_initial_velocity_minus_zero,reached_5dp,10056,0.0,0.0,0.0
local_cfd_initial_velocity_minus_zero,reached_5dp,10057,1.0,1.0,0.0
local_cfd_initial_velocity_minus_zero,reached_5dp,10058,0.0,0.0,0.0
local_cfd_initial_velocity_minus_zero,reached_5dp,10059,1.0,1.0,0.0
local_cfd_initial_velocity_minus_zero,reached_5dp,10060,1.0,1.0,0.0
local_cfd_initial_velocity_minus_zero,reached_5dp,10061,1.0,1.0,0.0
local_cfd_initial_velocity_minus_zero,reached_5dp,10062,1.0,1.0,0.0
local_cfd_initial_velocity_minus_zero,reached_5dp,10063,1.0,1.0,0.0
local_cfd_initial_velocity_minus_zero,reached_5dp,10064,1.0,1.0,0.0
local_cfd_initial_velocity_minus_zero,reached_5dp,10065,1.0,1.0,0.0
local_cfd_initial_velocity_minus_zero,reached_5dp,10066,1.0,1.0,0.0
local_cfd_initial_velocity_minus_zero,reached_5dp,10067,1.0,1.0,0.0
local_cfd_initial_velocity_minus_zero,reached_5dp,10068,1.0,1.0,0.0
local_cfd_initial_velocity_minus_zero,reached_5dp,10069,0.0,0.0,0.0
local_cfd_initial_velocity_minus_zero,reached_5dp,10070,1.0,1.0,0.0
local_cfd_initial_velocity_minus_zero,reached_5dp,10071,1.0,1.0,0.0
local_cfd_initial_velocity_minus_zero,reached_5dp,10072,1.0,1.0,0.0
local_cfd_initial_velocity_minus_zero,reached_5dp,10073,1.0,1.0,0.0
local_cfd_initial_velocity_minus_zero,reached_5dp,10074,0.0,0.0,0.0
local_cfd_initial_velocity_minus_zero,reached_5dp,10075,0.0,0.0,0.0
local_cfd_initial_velocity_minus_zero,reached_5dp,10076,1.0,1.0,0.0
local_cfd_initial_velocity_minus_zero,reached_5dp,10077,0.0,0.0,0.0
local_cfd_initial_velocity_minus_zero,reached_5dp,10078,1.0,1.0,0.0
local_cfd_initial_velocity_minus_zero,reached_5dp,10079,1.0,1.0,0.0
local_cfd_initial_velocity_minus_zero,reached_5dp,10080,1.0,1.0,0.0
local_cfd_initial_velocity_minus_zero,reached_5dp,10081,0.0,0.0,0.0
local_cfd_initial_velocity_minus_zero,reached_5dp,10082,1.0,1.0,0.0
local_cfd_initial_velocity_minus_zero,reached_5dp,10083,1.0,1.0,0.0
local_cfd_initial_velocity_minus_zero,reached_5dp,10084,1.0,1.0,0.0
local_cfd_initial_velocity_minus_zero,reached_5dp,10085,0.0,1.0,1.0
local_cfd_initial_velocity_minus_zero,reached_5dp,10086,1.0,1.0,0.0
local_cfd_initial_velocity_minus_zero,reached_5dp,10087,1.0,1.0,0.0
local_cfd_initial_velocity_minus_zero,reached_5dp,10088,1.0,1.0,0.0
local_cfd_initial_velocity_minus_zero,reached_5dp,10089,1.0,1.0,0.0
local_cfd_initial_velocity_minus_zero,reached_5dp,10090,1.0,1.0,0.0
local_cfd_initial_velocity_minus_zero,reached_5dp,10091,1.0,1.0,0.0
local_cfd_initial_velocity_minus_zero,reached_5dp,10092,0.0,0.0,0.0
local_cfd_initial_velocity_minus_zero,reached_5dp,10093,0.0,0.0,0.0
local_cfd_initial_velocity_minus_zero,reached_5dp,10094,1.0,1.0,0.0
local_cfd_initial_velocity_minus_zero,reached_5dp,10095,1.0,1.0,0.0
local_cfd_initial_velocity_minus_zero,reached_5dp,10096,0.0,0.0,0.0
local_cfd_initial_velocity_minus_zero,reached_5dp,10097,1.0,1.0,0.0
local_cfd_initial_velocity_minus_zero,reached_5dp,10098,1.0,1.0,0.0
local_cfd_initial_velocity_minus_zero,reached_5dp,10099,1.0,1.0,0.0
local_cfd_initial_velocity_minus_zero,reached_5dp,10100,1.0,1.0,0.0
local_cfd_initial_velocity_minus_zero,ever_contacted,10001,1.0,1.0,0.0
local_cfd_initial_velocity_minus_zero,ever_contacted,10002,1.0,1.0,0.0
local_cfd_initial_velocity_minus_zero,ever_contacted,10003,1.0,1.0,0.0
local_cfd_initial_velocity_minus_zero,ever_contacted,10004,1.0,1.0,0.0
local_cfd_initial_velocity_minus_zero,ever_contacted,10005,1.0,1.0,0.0
local_cfd_initial_velocity_minus_zero,ever_contacted,10006,1.0,1.0,0.0
local_cfd_initial_velocity_minus_zero,ever_contacted,10007,1.0,1.0,0.0
local_cfd_initial_velocity_minus_zero,ever_contacted,10008,1.0,1.0,0.0
local_cfd_initial_velocity_minus_zero,ever_contacted,10009,1.0,1.0,0.0
local_cfd_initial_velocity_minus_zero,ever_contacted,10010,1.0,1.0,0.0
local_cfd_initial_velocity_minus_zero,ever_contacted,10011,1.0,1.0,0.0
local_cfd_initial_velocity_minus_zero,ever_contacted,10012,1.0,1.0,0.0
local_cfd_initial_velocity_minus_zero,ever_contacted,10013,1.0,1.0,0.0
local_cfd_initial_velocity_minus_zero,ever_contacted,10014,1.0,1.0,0.0
local_cfd_initial_velocity_minus_zero,ever_contacted,10015,1.0,1.0,0.0
local_cfd_initial_velocity_minus_zero,ever_contacted,10016,1.0,1.0,0.0
local_cfd_initial_velocity_minus_zero,ever_contacted,10017,1.0,1.0,0.0
local_cfd_initial_velocity_minus_zero,ever_contacted,10018,1.0,1.0,0.0
local_cfd_initial_velocity_minus_zero,ever_contacted,10019,1.0,1.0,0.0
local_cfd_initial_velocity_minus_zero,ever_contacted,10020,1.0,1.0,0.0
local_cfd_initial_velocity_minus_zero,ever_contacted,10021,1.0,1.0,0.0
local_cfd_initial_velocity_minus_zero,ever_contacted,10022,1.0,1.0,0.0
local_cfd_initial_velocity_minus_zero,ever_contacted,10023,1.0,1.0,0.0
local_cfd_initial_velocity_minus_zero,ever_contacted,10024,1.0,1.0,0.0
local_cfd_initial_velocity_minus_zero,ever_contacted,10025,1.0,1.0,0.0
local_cfd_initial_velocity_minus_zero,ever_contacted,10026,1.0,1.0,0.0
local_cfd_initial_velocity_minus_zero,ever_contacted,10027,1.0,1.0,0.0
local_cfd_initial_velocity_minus_zero,ever_contacted,10028,1.0,1.0,0.0
local_cfd_initial_velocity_minus_zero,ever_contacted,10029,1.0,1.0,0.0
local_cfd_initial_velocity_minus_zero,ever_contacted,10030,1.0,1.0,0.0
local_cfd_initial_velocity_minus_zero,ever_contacted,10031,1.0,1.0,0.0
local_cfd_initial_velocity_minus_zero,ever_contacted,10032,1.0,1.0,0.0
local_cfd_initial_velocity_minus_zero,ever_contacted,10033,1.0,1.0,0.0
local_cfd_initial_velocity_minus_zero,ever_contacted,10034,1.0,1.0,0.0
local_cfd_initial_velocity_minus_zero,ever_contacted,10035,1.0,1.0,0.0
local_cfd_initial_velocity_minus_zero,ever_contacted,10036,1.0,1.0,0.0
local_cfd_initial_velocity_minus_zero,ever_contacted,10037,1.0,1.0,0.0
local_cfd_initial_velocity_minus_zero,ever_contacted,10038,1.0,1.0,0.0
local_cfd_initial_velocity_minus_zero,ever_contacted,10039,1.0,1.0,0.0
local_cfd_initial_velocity_minus_zero,ever_contacted,10040,1.0,1.0,0.0
local_cfd_initial_velocity_minus_zero,ever_contacted,10041,1.0,1.0,0.0
local_cfd_initial_velocity_minus_zero,ever_contacted,10042,1.0,1.0,0.0
local_cfd_initial_velocity_minus_zero,ever_contacted,10043,1.0,1.0,0.0
local_cfd_initial_velocity_minus_zero,ever_contacted,10044,1.0,1.0,0.0
local_cfd_initial_velocity_minus_zero,ever_contacted,10045,1.0,1.0,0.0
local_cfd_initial_velocity_minus_zero,ever_contacted,10046,1.0,1.0,0.0
local_cfd_initial_velocity_minus_zero,ever_contacted,10047,1.0,1.0,0.0
local_cfd_initial_velocity_minus_zero,ever_contacted,10048,1.0,1.0,0.0
local_cfd_initial_velocity_minus_zero,ever_contacted,10049,1.0,1.0,0.0
local_cfd_initial_velocity_minus_zero,ever_contacted,10050,1.0,1.0,0.0
local_cfd_initial_velocity_minus_zero,ever_contacted,10051,1.0,1.0,0.0
local_cfd_initial_velocity_minus_zero,ever_contacted,10052,1.0,1.0,0.0
local_cfd_initial_velocity_minus_zero,ever_contacted,10053,1.0,1.0,0.0
local_cfd_initial_velocity_minus_zero,ever_contacted,10054,1.0,1.0,0.0
local_cfd_initial_velocity_minus_zero,ever_contacted,10055,1.0,1.0,0.0
local_cfd_initial_velocity_minus_zero,ever_contacted,10056,1.0,1.0,0.0
local_cfd_initial_velocity_minus_zero,ever_contacted,10057,1.0,1.0,0.0
local_cfd_initial_velocity_minus_zero,ever_contacted,10058,1.0,1.0,0.0
local_cfd_initial_velocity_minus_zero,ever_contacted,10059,1.0,1.0,0.0
local_cfd_initial_velocity_minus_zero,ever_contacted,10060,1.0,1.0,0.0
local_cfd_initial_velocity_minus_zero,ever_contacted,10061,1.0,1.0,0.0
local_cfd_initial_velocity_minus_zero,ever_contacted,10062,1.0,1.0,0.0
local_cfd_initial_velocity_minus_zero,ever_contacted,10063,1.0,1.0,0.0
local_cfd_initial_velocity_minus_zero,ever_contacted,10064,1.0,1.0,0.0
local_cfd_initial_velocity_minus_zero,ever_contacted,10065,1.0,1.0,0.0
local_cfd_initial_velocity_minus_zero,ever_contacted,10066,1.0,1.0,0.0
local_cfd_initial_velocity_minus_zero,ever_contacted,10067,1.0,1.0,0.0
local_cfd_initial_velocity_minus_zero,ever_contacted,10068,1.0,1.0,0.0
local_cfd_initial_velocity_minus_zero,ever_contacted,10069,1.0,1.0,0.0
local_cfd_initial_velocity_minus_zero,ever_contacted,10070,1.0,1.0,0.0
local_cfd_initial_velocity_minus_zero,ever_contacted,10071,1.0,1.0,0.0
local_cfd_initial_velocity_minus_zero,ever_contacted,10072,1.0,1.0,0.0
local_cfd_initial_velocity_minus_zero,ever_contacted,10073,1.0,1.0,0.0
local_cfd_initial_velocity_minus_zero,ever_contacted,10074,1.0,1.0,0.0
local_cfd_initial_velocity_minus_zero,ever_contacted,10075,1.0,1.0,0.0
local_cfd_initial_velocity_minus_zero,ever_contacted,10076,1.0,1.0,0.0
local_cfd_initial_velocity_minus_zero,ever_contacted,10077,1.0,1.0,0.0
local_cfd_initial_velocity_minus_zero,ever_contacted,10078,1.0,1.0,0.0
local_cfd_initial_velocity_minus_zero,ever_contacted,10079,1.0,1.0,0.0
local_cfd_initial_velocity_minus_zero,ever_contacted,10080,1.0,1.0,0.0
local_cfd_initial_velocity_minus_zero,ever_contacted,10081,1.0,0.0,-1.0
local_cfd_initial_velocity_minus_zero,ever_contacted,10082,1.0,1.0,0.0
local_cfd_initial_velocity_minus_zero,ever_contacted,10083,1.0,1.0,0.0
local_cfd_initial_velocity_minus_zero,ever_contacted,10084,1.0,1.0,0.0
local_cfd_initial_velocity_minus_zero,ever_contacted,10085,1.0,1.0,0.0
local_cfd_initial_velocity_minus_zero,ever_contacted,10086,1.0,1.0,0.0
local_cfd_initial_velocity_minus_zero,ever_contacted,10087,1.0,1.0,0.0
local_cfd_initial_velocity_minus_zero,ever_contacted,10088,1.0,1.0,0.0
local_cfd_initial_velocity_minus_zero,ever_contacted,10089,1.0,1.0,0.0
local_cfd_initial_velocity_minus_zero,ever_contacted,10090,1.0,1.0,0.0
local_cfd_initial_velocity_minus_zero,ever_contacted,10091,1.0,1.0,0.0
local_cfd_initial_velocity_minus_zero,ever_contacted,10092,1.0,1.0,0.0
local_cfd_initial_velocity_minus_zero,ever_contacted,10093,1.0,1.0,0.0
local_cfd_initial_velocity_minus_zero,ever_contacted,10094,1.0,1.0,0.0
local_cfd_initial_velocity_minus_zero,ever_contacted,10095,1.0,1.0,0.0
local_cfd_initial_velocity_minus_zero,ever_contacted,10096,1.0,1.0,0.0
local_cfd_initial_velocity_minus_zero,ever_contacted,10097,1.0,1.0,0.0
local_cfd_initial_velocity_minus_zero,ever_contacted,10098,1.0,1.0,0.0
local_cfd_initial_velocity_minus_zero,ever_contacted,10099,1.0,1.0,0.0
local_cfd_initial_velocity_minus_zero,ever_contacted,10100,1.0,1.0,0.0
local_cfd_initial_velocity_minus_zero,sampled_contact_fraction,10001,0.4591802732422526,0.5008330556481173,0.04165278240586473
local_cfd_initial_velocity_minus_zero,sampled_contact_fraction,10002,0.9360213262245918,0.9430189936687771,0.006997667444185285
local_cfd_initial_velocity_minus_zero,sampled_contact_fraction,10003,0.4441852715761413,0.5008330556481173,0.056647784071976015
local_cfd_initial_velocity_minus_zero,sampled_contact_fraction,10004,0.5701432855714762,0.57080973008997,0.0006664445184938472
local_cfd_initial_velocity_minus_zero,sampled_contact_fraction,10005,0.5134955014995002,0.5138287237587471,0.0003332222592469236
local_cfd_initial_velocity_minus_zero,sampled_contact_fraction,10006,0.4578473842052649,0.46217927357547484,0.0043318893702099515
local_cfd_initial_velocity_minus_zero,sampled_contact_fraction,10007,0.4485171609463512,0.4808397200933022,0.032322559146951035
local_cfd_initial_velocity_minus_zero,sampled_contact_fraction,10008,0.3295568143952016,0.16794401866044653,-0.1616127957347551
local_cfd_initial_velocity_minus_zero,sampled_contact_fraction,10009,0.35088303898700435,0.35421526157947353,0.0033322225924691806
local_cfd_initial_velocity_minus_zero,sampled_contact_fraction,10010,0.42019326891036324,0.4255248250583139,0.005331556147950667
local_cfd_initial_velocity_minus_zero,sampled_contact_fraction,10011,0.2299233588803732,0.2949016994335222,0.06497834055314897
local_cfd_initial_velocity_minus_zero,sampled_contact_fraction,10012,0.49750083305564813,0.46117960679773407,-0.03632122625791406
local_cfd_initial_velocity_minus_zero,sampled_contact_fraction,10013,0.42619126957680775,0.42285904698433857,-0.0033322225924691806
local_cfd_initial_velocity_minus_zero,sampled_contact_fraction,10014,0.4121959346884372,0.47784071976007997,0.06564478507164279
local_cfd_initial_velocity_minus_zero,sampled_contact_fraction,10015,0.3652115961346218,0.42119293568810395,0.05598133955348217
local_cfd_initial_velocity_minus_zero,sampled_contact_fraction,10016,0.41752749083638785,0.47050983005664776,0.05298233922025991
local_cfd_initial_velocity_minus_zero,sampled_contact_fraction,10017,0.396867710763079,0.40386537820726426,0.006997667444185285
local_cfd_initial_velocity_minus_zero,sampled_contact_fraction,10018,0.6817727424191936,0.46017994001999335,-0.22159280239920026
local_cfd_initial_velocity_minus_zero,sampled_contact_fraction,10019,0.4345218260579807,0.6291236254581806,0.1946017994001999
local_cfd_initial_velocity_minus_zero,sampled_contact_fraction,10020,0.5134955014995002,0.5121626124625125,-0.0013328890369876945
local_cfd_initial_velocity_minus_zero,sampled_contact_fraction,10021,0.6367877374208597,0.6391202932355882,0.0023325558147284653
local_cfd_initial_velocity_minus_zero,sampled_contact_fraction,10022,0.6661112962345884,0.6694435188270577,0.003332222592469236
local_cfd_initial_velocity_minus_zero,sampled_contact_fraction,10023,0.7000999666777741,0.6997667444185272,-0.0003332222592469236
local_cfd_initial_velocity_minus_zero,sampled_contact_fraction,10024,0.47184271909363545,0.5718093968677108,0.09996667777407536
local_cfd_initial_velocity_minus_zero,sampled_contact_fraction,10025,0.4475174941686105,0.44718427190936355,-0.0003332222592469236
local_cfd_initial_velocity_minus_zero,sampled_contact_fraction,10026,0.41086304565144954,0.493835388203932,0.08297234255248248
local_cfd_initial_velocity_minus_zero,sampled_contact_fraction,10027,0.7210929690103299,0.7340886371209597,0.012995668110629799
local_cfd_initial_velocity_minus_zero,sampled_contact_fraction,10028,0.6634455181606131,0.6664445184938353,0.0029990003332222015
local_cfd_initial_velocity_minus_zero,sampled_contact_fraction,10029,0.18593802065978007,0.12195934688437188,-0.0639786737754082
local_cfd_initial_velocity_minus_zero,sampled_contact_fraction,10030,0.25124958347217596,0.24825058313895368,-0.0029990003332222848
local_cfd_initial_velocity_minus_zero,sampled_contact_fraction,10031,0.4991669443518827,0.4888370543152283,-0.01032989003665441
local_cfd_initial_velocity_minus_zero,sampled_contact_fraction,10032,0.45518160613128955,0.45051649450183273,-0.0046651116294568196
local_cfd_initial_velocity_minus_zero,sampled_contact_fraction,10033,0.769410196601133,0.7760746417860713,0.006664445184938361
local_cfd_initial_velocity_minus_zero,sampled_contact_fraction,10034,0.35321559480173276,0.3488837054315228,-0.0043318893702099515
local_cfd_initial_velocity_minus_zero,sampled_contact_fraction,10035,0.481839386871043,0.5368210596467844,0.0549816727757414
local_cfd_initial_velocity_minus_zero,sampled_contact_fraction,10036,0.40219926691102964,0.3042319226924359,-0.09796734421859377
local_cfd_initial_velocity_minus_zero,sampled_contact_fraction,10037,0.44518493835388206,0.757080973008997,0.31189603465511495
local_cfd_initial_velocity_minus_zero,sampled_contact_fraction,10038,0.4971676107964012,0.5781406197934021,0.08097300899700094
local_cfd_initial_velocity_minus_zero,sampled_contact_fraction,10039,0.396867710763079,0.38853715428190605,-0.008330556481172924
local_cfd_initial_velocity_minus_zero,sampled_contact_fraction,10040,0.47884038653782074,0.4855048317227591,0.006664445184938361
local_cfd_initial_velocity_minus_zero,sampled_contact_fraction,10041,0.35521492835721424,0.550816394535155,0.19560146617794072
local_cfd_initial_velocity_minus_zero,sampled_contact_fraction,10042,0.4431856047984005,0.4515161612795735,0.00833055648117298
local_cfd_initial_velocity_minus_zero,sampled_contact_fraction,10043,0.4758413862045985,0.5014995001666112,0.025658113962012674
local_cfd_initial_velocity_minus_zero,sampled_contact_fraction,10044,0.4785071642785738,0.485838053982006,0.0073308897034322085
local_cfd_initial_velocity_minus_zero,sampled_contact_fraction,10045,0.3758747084305232,0.3055648117294235,-0.07030989670109966
local_cfd_initial_velocity_minus_zero,sampled_contact_fraction,10046,0.1506164611796068,0.14061979340219927,-0.009996667777407542
local_cfd_initial_velocity_minus_zero,sampled_contact_fraction,10047,0.23958680439853383,0.5541486171276241,0.31456181272909023
local_cfd_initial_velocity_minus_zero,sampled_contact_fraction,10048,0.5641452849050317,0.5418193935354881,-0.02232589136954355
local_cfd_initial_velocity_minus_zero,sampled_contact_fraction,10049,0.9906697767410862,0.9926691102965678,0.0019993335554815417
local_cfd_initial_velocity_minus_zero,sampled_contact_fraction,10050,0.0923025658113962,0.0433188937020993,-0.048983672109296904
local_cfd_initial_velocity_minus_zero,sampled_contact_fraction,10051,0.5168277240919693,0.5161612795734755,-0.0006664445184938472
local_cfd_initial_velocity_minus_zero,sampled_contact_fraction,10052,0.13795401532822393,0.291569476841053,0.15361546151282907
local_cfd_initial_velocity_minus_zero,sampled_contact_fraction,10053,0.9603465511496168,0.4618460513162279,-0.49850049983338884
local_cfd_initial_velocity_minus_zero,sampled_contact_fraction,10054,0.3352215928023992,0.42919026991003,0.0939686771076308
local_cfd_initial_velocity_minus_zero,sampled_contact_fraction,10055,0.8567144285238254,0.850049983338887,-0.006664445184938361
local_cfd_initial_velocity_minus_zero,sampled_contact_fraction,10056,0.3222259246917694,0.16261246251249584,-0.15961346217927358
local_cfd_initial_velocity_minus_zero,sampled_contact_fraction,10057,0.514495168277241,0.5738087304231922,0.05931356214595129
local_cfd_initial_velocity_minus_zero,sampled_contact_fraction,10058,0.1072975674775075,0.19693435521492836,0.08963678773742086
local_cfd_initial_velocity_minus_zero,sampled_contact_fraction,10059,0.46351216261246253,0.4915028323892036,0.027990669776741084
local_cfd_initial_velocity_minus_zero,sampled_contact_fraction,10060,0.3995334888370543,0.4828390536487837,0.0833055648117294
local_cfd_initial_velocity_minus_zero,sampled_contact_fraction,10061,0.4051982672442519,0.4085304898367211,0.0033322225924691806
local_cfd_initial_velocity_minus_zero,sampled_contact_fraction,10062,0.4951682772409197,0.4265244918360547,-0.06864378540486504
local_cfd_initial_velocity_minus_zero,sampled_contact_fraction,10063,0.7864045318227257,0.8310563145618127,0.04465178273908699
local_cfd_initial_velocity_minus_zero,sampled_contact_fraction,10064,0.34521826057980676,0.30389870043318895,-0.041319560146617806
local_cfd_initial_velocity_minus_zero,sampled_contact_fraction,10065,0.43185604798400534,0.44585138287237586,0.013995334888370514
local_cfd_initial_velocity_minus_zero,sampled_contact_fraction,10066,0.5321559480173276,0.4668443852049317,-0.06531156281239586
local_cfd_initial_velocity_minus_zero,sampled_contact_fraction,10067,0.37920693102299236,0.43652115961346216,0.05731422859046981
local_cfd_initial_velocity_minus_zero,sampled_contact_fraction,10068,0.7227590803065644,0.6541152949016994,-0.06864378540486504
local_cfd_initial_velocity_minus_zero,sampled_contact_fraction,10069,0.41552815728090636,0.20793068977007664,-0.20759746751082972
local_cfd_initial_velocity_minus_zero,sampled_contact_fraction,10070,0.692102632455848,0.696767744085305,0.004665111629456931
local_cfd_initial_velocity_minus_zero,sampled_contact_fraction,10071,0.6741086304565145,0.5104965011662779,-0.1636121292902366
local_cfd_initial_velocity_minus_zero,sampled_contact_fraction,10072,0.40253248917027656,0.42619126957680775,0.023658780406531188
local_cfd_initial_velocity_minus_zero,sampled_contact_fraction,10073,0.40019993335554815,0.38520493168943687,-0.014995001666111285
local_cfd_initial_velocity_minus_zero,sampled_contact_fraction,10074,0.915361546151283,0.919026991002999,0.0036654448517160487
local_cfd_initial_velocity_minus_zero,sampled_contact_fraction,10075,0.9480173275574808,0.9463512162612463,-0.001666111296234507
local_cfd_initial_velocity_minus_zero,sampled_contact_fraction,10076,0.33455514828390537,0.27990669776741084,-0.05464845051649453
local_cfd_initial_velocity_minus_zero,sampled_contact_fraction,10077,0.7514161946017994,0.8337220926357881,0.08230589803398869
local_cfd_initial_velocity_minus_zero,sampled_contact_fraction,10078,0.4101966011329557,0.37887370876374543,-0.031322892369210265
local_cfd_initial_velocity_minus_zero,sampled_contact_fraction,10079,0.595468177274242,0.5071642785738087,-0.0883038987004332
local_cfd_initial_velocity_minus_zero,sampled_contact_fraction,10080,0.4805064978340553,0.47184271909363545,-0.008663778740419847
local_cfd_initial_velocity_minus_zero,sampled_contact_fraction,10081,0.01766077974008664,0.0,-0.01766077974008664
local_cfd_initial_velocity_minus_zero,sampled_contact_fraction,10082,0.24058647117627457,0.214595134955015,-0.02599133622125957
local_cfd_initial_velocity_minus_zero,sampled_contact_fraction,10083,0.3758747084305232,0.39086971009663446,0.014995001666111285
local_cfd_initial_velocity_minus_zero,sampled_contact_fraction,10084,0.47350883038987,0.47317560813062315,-0.0003332222592468681
local_cfd_initial_velocity_minus_zero,sampled_contact_fraction,10085,0.9100299900033322,0.5088303898700434,-0.4011996001332888
local_cfd_initial_velocity_minus_zero,sampled_contact_fraction,10086,0.5284905031656114,0.5378207264245252,0.00933022325891375
local_cfd_initial_velocity_minus_zero,sampled_contact_fraction,10087,0.45051649450183273,0.4561812729090303,0.00566477840719759
local_cfd_initial_velocity_minus_zero,sampled_contact_fraction,10088,0.5044985004998334,0.4701766077974009,-0.034321892702432466
local_cfd_initial_velocity_minus_zero,sampled_contact_fraction,10089,0.4745084971676108,0.5104965011662779,0.035988003998667084
local_cfd_initial_velocity_minus_zero,sampled_contact_fraction,10090,0.5444851716094635,0.49883372209263577,-0.04565144951682776
local_cfd_initial_velocity_minus_zero,sampled_contact_fraction,10091,0.5241586137954015,0.5314895034988337,0.0073308897034322085
local_cfd_initial_velocity_minus_zero,sampled_contact_fraction,10092,0.32489170276574475,0.2819060313228924,-0.04298567144285237
local_cfd_initial_velocity_minus_zero,sampled_contact_fraction,10093,0.15894701766077973,0.2855714761746085,0.12662445851382875
local_cfd_initial_velocity_minus_zero,sampled_contact_fraction,10094,0.45418193935354884,0.36487837387537486,-0.08930356547817397
local_cfd_initial_velocity_minus_zero,sampled_contact_fraction,10095,0.44518493835388206,0.4421859380206598,-0.002999000333222257
local_cfd_initial_velocity_minus_zero,sampled_contact_fraction,10096,0.6571142952349217,0.344218593802066,-0.3128957014328557
local_cfd_initial_velocity_minus_zero,sampled_contact_fraction,10097,0.3858713762079307,0.4138620459846718,0.027990669776741084
local_cfd_initial_velocity_minus_zero,sampled_contact_fraction,10098,0.00433188937020993,0.01766077974008664,0.013328890369876709
local_cfd_initial_velocity_minus_zero,sampled_contact_fraction,10099,0.4911696101299567,0.28023992002665776,-0.21092969010329893
local_cfd_initial_velocity_minus_zero,sampled_contact_fraction,10100,0.49050316561146284,0.4955014995001666,0.004998333888703743
local_cfd_initial_velocity_minus_zero,maximum_contact_force_N,10001,0.00017141963571730662,0.00017891242096661078,7.492785249304168e-06
local_cfd_initial_velocity_minus_zero,maximum_contact_force_N,10002,8.061645562402886e-05,8.634501054448198e-05,5.728554920453118e-06
local_cfd_initial_velocity_minus_zero,maximum_contact_force_N,10003,6.635569345847799e-05,5.888945471947362e-05,-7.466238739004368e-06
local_cfd_initial_velocity_minus_zero,maximum_contact_force_N,10004,9.77172181600621e-05,0.00010115531852750891,3.438100367446806e-06
local_cfd_initial_velocity_minus_zero,maximum_contact_force_N,10005,0.0010049320591147492,0.00026917286933314353,-0.0007357591897816057
local_cfd_initial_velocity_minus_zero,maximum_contact_force_N,10006,0.00013500740352033702,0.0001357457254524441,7.383219321070765e-07
local_cfd_initial_velocity_minus_zero,maximum_contact_force_N,10007,9.212434360131339e-05,9.580411467489528e-05,3.6797710735818865e-06
local_cfd_initial_velocity_minus_zero,maximum_contact_force_N,10008,2.803591660956122e-06,5.147181661982287e-05,4.866822495886675e-05
local_cfd_initial_velocity_minus_zero,maximum_contact_force_N,10009,0.00012188685404942412,5.66341698670239e-05,-6.525268418240022e-05
local_cfd_initial_velocity_minus_zero,maximum_contact_force_N,10010,9.827447661273744e-05,0.00016599423741855716,6.771976080581972e-05
local_cfd_initial_velocity_minus_zero,maximum_contact_force_N,10011,5.489248630445498e-05,9.210346930370291e-05,3.721098299924793e-05
local_cfd_initial_velocity_minus_zero,maximum_contact_force_N,10012,2.5514389483566858e-05,2.252976829629342e-05,-2.9846211872734376e-06
local_cfd_initial_velocity_minus_zero,maximum_contact_force_N,10013,7.34551120806753e-08,6.63294071645564e-08,-7.125704916118892e-09
local_cfd_initial_velocity_minus_zero,maximum_contact_force_N,10014,3.0019153170302358e-05,3.365632103797324e-05,3.637167867670884e-06
local_cfd_initial_velocity_minus_zero,maximum_contact_force_N,10015,0.00010476838869689578,4.436408426323467e-05,-6.040430443366111e-05
local_cfd_initial_velocity_minus_zero,maximum_contact_force_N,10016,2.089363030407157e-05,5.913017761435407e-05,3.82365473102825e-05
local_cfd_initial_velocity_minus_zero,maximum_contact_force_N,10017,7.555618312586032e-05,7.542363924447793e-05,-1.325438813823865e-07
local_cfd_initial_velocity_minus_zero,maximum_contact_force_N,10018,9.178814892937793e-05,3.071273829913955e-05,-6.107541063023837e-05
local_cfd_initial_velocity_minus_zero,maximum_contact_force_N,10019,7.616596647146427e-05,6.311771050905578e-05,-1.3048255962408496e-05
local_cfd_initial_velocity_minus_zero,maximum_contact_force_N,10020,0.00024550149109511224,9.095440596983465e-05,-0.0001545470851252776
local_cfd_initial_velocity_minus_zero,maximum_contact_force_N,10021,4.8365457077217596e-05,5.3368168933206557e-05,5.002711855988961e-06
local_cfd_initial_velocity_minus_zero,maximum_contact_force_N,10022,0.00010734126213989471,0.00017235609316448508,6.501483102459037e-05
local_cfd_initial_velocity_minus_zero,maximum_contact_force_N,10023,4.602537618228038e-05,5.742522993235089e-05,1.1399853750070508e-05
local_cfd_initial_velocity_minus_zero,maximum_contact_force_N,10024,7.689960231791525e-05,2.9149449592560397e-05,-4.775015272535486e-05
local_cfd_initial_velocity_minus_zero,maximum_contact_force_N,10025,5.9302480606467136e-05,0.0003787905218442409,0.00031948804123777376
local_cfd_initial_velocity_minus_zero,maximum_contact_force_N,10026,6.0916748883529026e-05,6.265402724713356e-05,1.7372783636045332e-06
local_cfd_initial_velocity_minus_zero,maximum_contact_force_N,10027,2.2019195602614845e-05,2.159298143670679e-05,-4.2621416590805645e-07
local_cfd_initial_velocity_minus_zero,maximum_contact_force_N,10028,7.849482242730556e-05,7.953437031119733e-05,1.0395478838917666e-06
local_cfd_initial_velocity_minus_zero,maximum_contact_force_N,10029,1.0178977644613724e-05,9.767548354299764e-06,-4.114292903139597e-07
local_cfd_initial_velocity_minus_zero,maximum_contact_force_N,10030,7.793892226310474e-05,7.810678656700694e-05,1.67864303902198e-07
local_cfd_initial_velocity_minus_zero,maximum_contact_force_N,10031,7.185687124563099e-05,2.2943722099242157e-05,-4.891314914638883e-05
local_cfd_initial_velocity_minus_zero,maximum_contact_force_N,10032,8.825388561937396e-05,8.715064052396508e-05,-1.1032450954088862e-06
local_cfd_initial_velocity_minus_zero,maximum_contact_force_N,10033,7.64289285148483e-05,0.00014355918103578952,6.713025252094123e-05
local_cfd_initial_velocity_minus_zero,maximum_contact_force_N,10034,0.0003447628082892074,6.862711467085607e-05,-0.00027613569361835134
local_cfd_initial_velocity_minus_zero,maximum_contact_force_N,10035,2.3986706242513895e-08,2.5743955690507596e-08,1.7572494479937013e-09
local_cfd_initial_velocity_minus_zero,maximum_contact_force_N,10036,6.0564957918759625e-05,9.242255838282727e-05,3.1857600464067645e-05
local_cfd_initial_velocity_minus_zero,maximum_contact_force_N,10037,9.971860654847697e-05,7.739739118966358e-05,-2.232121535881339e-05
local_cfd_initial_velocity_minus_zero,maximum_contact_force_N,10038,0.00013264184967687085,4.217153470840312e-05,-9.047031496846772e-05
local_cfd_initial_velocity_minus_zero,maximum_contact_force_N,10039,0.00019235684400179724,4.215857450648969e-05,-0.00015019826949530757
local_cfd_initial_velocity_minus_zero,maximum_contact_force_N,10040,5.486787727073999e-05,5.497048814598162e-05,1.0261087524163334e-07
local_cfd_initial_velocity_minus_zero,maximum_contact_force_N,10041,4.554600056318003e-05,7.555326863992614e-05,3.000726807674611e-05
local_cfd_initial_velocity_minus_zero,maximum_contact_force_N,10042,0.0001319561627238282,9.510065529008688e-05,-3.685550743374132e-05
local_cfd_initial_velocity_minus_zero,maximum_contact_force_N,10043,4.2913758662950645e-05,0.0001691860326816641,0.00012627227401871345
local_cfd_initial_velocity_minus_zero,maximum_contact_force_N,10044,0.000727666191574637,6.105400252350914e-05,-0.0006666121890511279
local_cfd_initial_velocity_minus_zero,maximum_contact_force_N,10045,8.593627955282028e-05,0.0005714459534471327,0.00048550967389431244
local_cfd_initial_velocity_minus_zero,maximum_contact_force_N,10046,2.840740462770895e-06,2.9524728196842344e-06,1.117323569133393e-07
local_cfd_initial_velocity_minus_zero,maximum_contact_force_N,10047,0.00010106207947138229,4.634678948527361e-05,-5.471528998610868e-05
local_cfd_initial_velocity_minus_zero,maximum_contact_force_N,10048,2.0094897712248753e-05,1.8961670375377406e-05,-1.1332273368713475e-06
local_cfd_initial_velocity_minus_zero,maximum_contact_force_N,10049,7.46774933621758e-05,7.928415480374659e-05,4.606661441570789e-06
local_cfd_initial_velocity_minus_zero,maximum_contact_force_N,10050,1.5241393855765072e-07,2.1907992995414244e-08,-1.3050594556223647e-07
local_cfd_initial_velocity_minus_zero,maximum_contact_force_N,10051,8.5026027468366e-05,0.00012330688998433132,3.8280862515965326e-05
local_cfd_initial_velocity_minus_zero,maximum_contact_force_N,10052,5.056181355729523e-07,4.9646394252006545e-06,4.459021289627702e-06
local_cfd_initial_velocity_minus_zero,maximum_contact_force_N,10053,2.933031192779809e-05,7.581563272158329e-05,4.64853207937852e-05
local_cfd_initial_velocity_minus_zero,maximum_contact_force_N,10054,0.00016798531230283547,0.0005987826511411171,0.00043079733883828167
local_cfd_initial_velocity_minus_zero,maximum_contact_force_N,10055,7.633640625366192e-06,6.246273469606723e-06,-1.3873671557594692e-06
local_cfd_initial_velocity_minus_zero,maximum_contact_force_N,10056,7.920883108624967e-07,5.244580991227807e-06,4.45249268036531e-06
local_cfd_initial_velocity_minus_zero,maximum_contact_force_N,10057,0.0003872158660112238,0.0006659678902561897,0.0002787520242449659
local_cfd_initial_velocity_minus_zero,maximum_contact_force_N,10058,4.817203810005165e-06,1.1290861233803749e-05,6.473657423798584e-06
local_cfd_initial_velocity_minus_zero,maximum_contact_force_N,10059,5.413570524313475e-05,5.6012634526107735e-05,1.8769292829729875e-06
local_cfd_initial_velocity_minus_zero,maximum_contact_force_N,10060,0.00020425151829121297,4.471102277039201e-05,-0.00015954049552082097
local_cfd_initial_velocity_minus_zero,maximum_contact_force_N,10061,0.00011054397309605629,0.00024969183612280106,0.00013914786302674477
local_cfd_initial_velocity_minus_zero,maximum_contact_force_N,10062,0.0011494376457905561,7.31902939655668e-05,-0.0010762473518249893
local_cfd_initial_velocity_minus_zero,maximum_contact_force_N,10063,0.00019182009814223416,1.434714112116407e-05,-0.00017747295702107008
local_cfd_initial_velocity_minus_zero,maximum_contact_force_N,10064,6.347441339693067e-05,1.101498182441082e-05,-5.245943157251985e-05
local_cfd_initial_velocity_minus_zero,maximum_contact_force_N,10065,0.00011780374970371031,0.00011710898408313892,-6.947656205713939e-07
local_cfd_initial_velocity_minus_zero,maximum_contact_force_N,10066,5.377104976455401e-05,0.0011058580944824934,0.0010520870447179394
local_cfd_initial_velocity_minus_zero,maximum_contact_force_N,10067,8.737036756838129e-05,5.4214020998595745e-05,-3.3156346569785544e-05
local_cfd_initial_velocity_minus_zero,maximum_contact_force_N,10068,3.4334480651437705e-05,7.743675780976624e-05,4.3102277158328536e-05
local_cfd_initial_velocity_minus_zero,maximum_contact_force_N,10069,9.269749473935894e-06,8.367178883299612e-06,-9.025705906362826e-07
local_cfd_initial_velocity_minus_zero,maximum_contact_force_N,10070,7.59762764285289e-05,7.510366114599008e-05,-8.726152825388274e-07
local_cfd_initial_velocity_minus_zero,maximum_contact_force_N,10071,0.00016998216945949662,5.442307062045176e-05,-0.00011555909883904485
local_cfd_initial_velocity_minus_zero,maximum_contact_force_N,10072,3.102945091194358e-05,0.00011024151985019775,7.921206893825417e-05
local_cfd_initial_velocity_minus_zero,maximum_contact_force_N,10073,4.727362895500904e-05,3.499058107783919e-05,-1.228304787716985e-05
local_cfd_initial_velocity_minus_zero,maximum_contact_force_N,10074,1.420712173193504e-05,3.8736913495699e-05,2.4529791763763963e-05
local_cfd_initial_velocity_minus_zero,maximum_contact_force_N,10075,4.35250696523869e-06,9.075628393159389e-05,8.64037769663552e-05
local_cfd_initial_velocity_minus_zero,maximum_contact_force_N,10076,0.00013072743954093473,0.00010784619716891479,-2.2881242372019942e-05
local_cfd_initial_velocity_minus_zero,maximum_contact_force_N,10077,5.986993260349446e-08,7.016105924717913e-08,1.0291126643684679e-08
local_cfd_initial_velocity_minus_zero,maximum_contact_force_N,10078,5.839617910132569e-05,8.910513075929033e-05,3.0708951657964636e-05
local_cfd_initial_velocity_minus_zero,maximum_contact_force_N,10079,7.373975735236361e-05,9.379643151575268e-05,2.0056674163389067e-05
local_cfd_initial_velocity_minus_zero,maximum_contact_force_N,10080,9.083433734034674e-05,0.0006741834991021503,0.0005833491617618035
local_cfd_initial_velocity_minus_zero,maximum_contact_force_N,10081,8.32168711245132e-07,0.0,-8.32168711245132e-07
local_cfd_initial_velocity_minus_zero,maximum_contact_force_N,10082,2.8905198506473756e-05,1.4794467907510134e-05,-1.4110730598963622e-05
local_cfd_initial_velocity_minus_zero,maximum_contact_force_N,10083,2.827680267237783e-05,2.725653238433237e-05,-1.0202702880454586e-06
local_cfd_initial_velocity_minus_zero,maximum_contact_force_N,10084,3.437348654176897e-05,7.324559760440617e-05,3.88721110626372e-05
local_cfd_initial_velocity_minus_zero,maximum_contact_force_N,10085,9.821442663218916e-06,7.798135023251099e-05,6.815990756929207e-05
local_cfd_initial_velocity_minus_zero,maximum_contact_force_N,10086,8.672267529664148e-05,8.516234936557366e-05,-1.5603259310678256e-06
local_cfd_initial_velocity_minus_zero,maximum_contact_force_N,10087,7.772842564824355e-05,8.02552016245702e-05,2.5267759763266474e-06
local_cfd_initial_velocity_minus_zero,maximum_contact_force_N,10088,5.1445657263451834e-05,0.00010872114505506142,5.7275487791609584e-05
local_cfd_initial_velocity_minus_zero,maximum_contact_force_N,10089,0.0004145551446126143,0.00017125872309747535,-0.00024329642151513895
local_cfd_initial_velocity_minus_zero,maximum_contact_force_N,10090,0.0001340355039016111,0.00012204639810337877,-1.1989105798232327e-05
local_cfd_initial_velocity_minus_zero,maximum_contact_force_N,10091,0.0001262384698684427,0.0001044292997202807,-2.1809170148161993e-05
local_cfd_initial_velocity_minus_zero,maximum_contact_force_N,10092,1.5486794101946696e-05,1.1510506253318292e-06,-1.4335743476614867e-05
local_cfd_initial_velocity_minus_zero,maximum_contact_force_N,10093,1.2460775173679026e-07,3.131826067707621e-07,1.8857485503397185e-07
local_cfd_initial_velocity_minus_zero,maximum_contact_force_N,10094,0.0001491024350067331,0.0002002594862673113,5.115705126057819e-05
local_cfd_initial_velocity_minus_zero,maximum_contact_force_N,10095,5.9332221586871485e-05,0.000732993812813518,0.0006736615912266465
local_cfd_initial_velocity_minus_zero,maximum_contact_force_N,10096,1.6200871913416224e-05,1.5555453586410608e-05,-6.454183270056157e-07
local_cfd_initial_velocity_minus_zero,maximum_contact_force_N,10097,0.0004693358776432961,0.00019840863143869207,-0.00027092724620460403
local_cfd_initial_velocity_minus_zero,maximum_contact_force_N,10098,3.068433316455809e-06,0.00017790911266184583,0.00017484067934539003
local_cfd_initial_velocity_minus_zero,maximum_contact_force_N,10099,0.00010740606834088889,7.003673202041155e-05,-3.736933632047734e-05
local_cfd_initial_velocity_minus_zero,maximum_contact_force_N,10100,0.00011884810395909571,8.127039976305239e-05,-3.7577704196043325e-05
local_cfd_initial_velocity_minus_zero,bottom_wall_contact_sample_fraction,10001,0.0,0.0,0.0
local_cfd_initial_velocity_minus_zero,bottom_wall_contact_sample_fraction,10002,0.0,0.0,0.0
local_cfd_initial_velocity_minus_zero,bottom_wall_contact_sample_fraction,10003,0.0,0.0,0.0
local_cfd_initial_velocity_minus_zero,bottom_wall_contact_sample_fraction,10004,0.0,0.0,0.0
local_cfd_initial_velocity_minus_zero,bottom_wall_contact_sample_fraction,10005,0.0,0.0,0.0
local_cfd_initial_velocity_minus_zero,bottom_wall_contact_sample_fraction,10006,0.0,0.0,0.0
local_cfd_initial_velocity_minus_zero,bottom_wall_contact_sample_fraction,10007,0.32122625791402865,0.40819726757747415,0.08697100966344551
local_cfd_initial_velocity_minus_zero,bottom_wall_contact_sample_fraction,10008,0.0,0.0,0.0
local_cfd_initial_velocity_minus_zero,bottom_wall_contact_sample_fraction,10009,0.0,0.0,0.0
local_cfd_initial_velocity_minus_zero,bottom_wall_contact_sample_fraction,10010,0.0,0.0,0.0
local_cfd_initial_velocity_minus_zero,bottom_wall_contact_sample_fraction,10011,0.3665444851716095,0.3828723758747084,0.016327890703098924
local_cfd_initial_velocity_minus_zero,bottom_wall_contact_sample_fraction,10012,0.0,0.0,0.0
local_cfd_initial_velocity_minus_zero,bottom_wall_contact_sample_fraction,10013,0.979673442185938,0.9800066644451849,0.0003332222592469236
local_cfd_initial_velocity_minus_zero,bottom_wall_contact_sample_fraction,10014,0.0,0.0,0.0
local_cfd_initial_velocity_minus_zero,bottom_wall_contact_sample_fraction,10015,0.0,0.0,0.0
local_cfd_initial_velocity_minus_zero,bottom_wall_contact_sample_fraction,10016,0.0,0.0,0.0
local_cfd_initial_velocity_minus_zero,bottom_wall_contact_sample_fraction,10017,0.060313228923692105,0.07130956347884039,0.010996334555148285
local_cfd_initial_velocity_minus_zero,bottom_wall_contact_sample_fraction,10018,0.0,0.0,0.0
local_cfd_initial_velocity_minus_zero,bottom_wall_contact_sample_fraction,10019,0.0,0.0,0.0
local_cfd_initial_velocity_minus_zero,bottom_wall_contact_sample_fraction,10020,0.0,0.0,0.0
local_cfd_initial_velocity_minus_zero,bottom_wall_contact_sample_fraction,10021,0.0,0.0,0.0
local_cfd_initial_velocity_minus_zero,bottom_wall_contact_sample_fraction,10022,0.0,0.0,0.0
local_cfd_initial_velocity_minus_zero,bottom_wall_contact_sample_fraction,10023,0.0,0.0,0.0
local_cfd_initial_velocity_minus_zero,bottom_wall_contact_sample_fraction,10024,0.0,0.0,0.0
local_cfd_initial_velocity_minus_zero,bottom_wall_contact_sample_fraction,10025,0.0,0.0,0.0
local_cfd_initial_velocity_minus_zero,bottom_wall_contact_sample_fraction,10026,0.0,0.0,0.0
local_cfd_initial_velocity_minus_zero,bottom_wall_contact_sample_fraction,10027,0.0,0.0,0.0
local_cfd_initial_velocity_minus_zero,bottom_wall_contact_sample_fraction,10028,0.0,0.0,0.0
local_cfd_initial_velocity_minus_zero,bottom_wall_contact_sample_fraction,10029,0.0,0.0,0.0
local_cfd_initial_velocity_minus_zero,bottom_wall_contact_sample_fraction,10030,0.6741086304565145,0.6784405198267244,0.004331889370209896
local_cfd_initial_velocity_minus_zero,bottom_wall_contact_sample_fraction,10031,0.0,0.0,0.0
local_cfd_initial_velocity_minus_zero,bottom_wall_contact_sample_fraction,10032,0.0,0.0,0.0
local_cfd_initial_velocity_minus_zero,bottom_wall_contact_sample_fraction,10033,0.0,0.0,0.0
local_cfd_initial_velocity_minus_zero,bottom_wall_contact_sample_fraction,10034,0.0,0.0,0.0
local_cfd_initial_velocity_minus_zero,bottom_wall_contact_sample_fraction,10035,0.9343552149283573,0.9463512162612463,0.011996001332889028
local_cfd_initial_velocity_minus_zero,bottom_wall_contact_sample_fraction,10036,0.0,0.0,0.0
local_cfd_initial_velocity_minus_zero,bottom_wall_contact_sample_fraction,10037,0.0,0.0,0.0
local_cfd_initial_velocity_minus_zero,bottom_wall_contact_sample_fraction,10038,0.0,0.0,0.0
local_cfd_initial_velocity_minus_zero,bottom_wall_contact_sample_fraction,10039,0.16461179606797735,0.17027657447517494,0.00566477840719759
local_cfd_initial_velocity_minus_zero,bottom_wall_contact_sample_fraction,10040,0.0,0.0,0.0
local_cfd_initial_velocity_minus_zero,bottom_wall_contact_sample_fraction,10041,0.0,0.0,0.0
local_cfd_initial_velocity_minus_zero,bottom_wall_contact_sample_fraction,10042,0.0,0.0,0.0
local_cfd_initial_velocity_minus_zero,bottom_wall_contact_sample_fraction,10043,0.0,0.0,0.0
local_cfd_initial_velocity_minus_zero,bottom_wall_contact_sample_fraction,10044,0.0,0.0,0.0
local_cfd_initial_velocity_minus_zero,bottom_wall_contact_sample_fraction,10045,0.0,0.0,0.0
local_cfd_initial_velocity_minus_zero,bottom_wall_contact_sample_fraction,10046,0.8813728757080973,0.8853715428190603,0.003998667110962972
local_cfd_initial_velocity_minus_zero,bottom_wall_contact_sample_fraction,10047,0.0,0.0,0.0
local_cfd_initial_velocity_minus_zero,bottom_wall_contact_sample_fraction,10048,0.7650783072309231,0.7880706431189604,0.022992335888037285
local_cfd_initial_velocity_minus_zero,bottom_wall_contact_sample_fraction,10049,0.0,0.0,0.0
local_cfd_initial_velocity_minus_zero,bottom_wall_contact_sample_fraction,10050,0.9486837720759747,0.9696767744085305,0.020993002332555855
local_cfd_initial_velocity_minus_zero,bottom_wall_contact_sample_fraction,10051,0.0,0.0,0.0
local_cfd_initial_velocity_minus_zero,bottom_wall_contact_sample_fraction,10052,0.9016994335221593,0.9280239920026658,0.02632455848050652
local_cfd_initial_velocity_minus_zero,bottom_wall_contact_sample_fraction,10053,0.0,0.0,0.0
local_cfd_initial_velocity_minus_zero,bottom_wall_contact_sample_fraction,10054,0.0,0.0,0.0
local_cfd_initial_velocity_minus_zero,bottom_wall_contact_sample_fraction,10055,0.0,0.0,0.0
local_cfd_initial_velocity_minus_zero,bottom_wall_contact_sample_fraction,10056,0.0,0.0,0.0
local_cfd_initial_velocity_minus_zero,bottom_wall_contact_sample_fraction,10057,0.0,0.0,0.0
local_cfd_initial_velocity_minus_zero,bottom_wall_contact_sample_fraction,10058,0.0,0.0,0.0
local_cfd_initial_velocity_minus_zero,bottom_wall_contact_sample_fraction,10059,0.059646784405198265,0.03798733755414862,-0.021659446851049646
local_cfd_initial_velocity_minus_zero,bottom_wall_contact_sample_fraction,10060,0.0,0.0,0.0
local_cfd_initial_velocity_minus_zero,bottom_wall_contact_sample_fraction,10061,0.0,0.0,0.0
local_cfd_initial_velocity_minus_zero,bottom_wall_contact_sample_fraction,10062,0.0,0.0,0.0
local_cfd_initial_velocity_minus_zero,bottom_wall_contact_sample_fraction,10063,0.0,0.0,0.0
local_cfd_initial_velocity_minus_zero,bottom_wall_contact_sample_fraction,10064,0.0,0.0,0.0
local_cfd_initial_velocity_minus_zero,bottom_wall_contact_sample_fraction,10065,0.0,0.0,0.0
local_cfd_initial_velocity_minus_zero,bottom_wall_contact_sample_fraction,10066,0.0,0.0,0.0
local_cfd_initial_velocity_minus_zero,bottom_wall_contact_sample_fraction,10067,0.0,0.0,0.0
local_cfd_initial_velocity_minus_zero,bottom_wall_contact_sample_fraction,10068,0.0,0.0,0.0
local_cfd_initial_velocity_minus_zero,bottom_wall_contact_sample_fraction,10069,0.8493835388203932,0.7997334221926025,-0.04965011662779073
local_cfd_initial_velocity_minus_zero,bottom_wall_contact_sample_fraction,10070,0.0,0.0,0.0
local_cfd_initial_velocity_minus_zero,bottom_wall_contact_sample_fraction,10071,0.0,0.0,0.0
local_cfd_initial_velocity_minus_zero,bottom_wall_contact_sample_fraction,10072,0.3762079306897701,0.3655448183938687,-0.010663112295901389
local_cfd_initial_velocity_minus_zero,bottom_wall_contact_sample_fraction,10073,0.43552149283572145,0.4521826057980673,0.016661112962345848
local_cfd_initial_velocity_minus_zero,bottom_wall_contact_sample_fraction,10074,0.0,0.0,0.0
local_cfd_initial_velocity_minus_zero,bottom_wall_contact_sample_fraction,10075,0.0,0.0,0.0
local_cfd_initial_velocity_minus_zero,bottom_wall_contact_sample_fraction,10076,0.0,0.0,0.0
local_cfd_initial_velocity_minus_zero,bottom_wall_contact_sample_fraction,10077,0.9853382205931356,0.9850049983338887,-0.0003332222592469236
local_cfd_initial_velocity_minus_zero,bottom_wall_contact_sample_fraction,10078,0.0,0.0,0.0
local_cfd_initial_velocity_minus_zero,bottom_wall_contact_sample_fraction,10079,0.0,0.0,0.0
local_cfd_initial_velocity_minus_zero,bottom_wall_contact_sample_fraction,10080,0.0,0.0,0.0
local_cfd_initial_velocity_minus_zero,bottom_wall_contact_sample_fraction,10081,0.8327224258580473,0.834055314895035,0.0013328890369876945
local_cfd_initial_velocity_minus_zero,bottom_wall_contact_sample_fraction,10082,0.8073975341552816,0.8103965344885038,0.0029990003332222015
local_cfd_initial_velocity_minus_zero,bottom_wall_contact_sample_fraction,10083,0.11462845718093968,0.10529823392202599,-0.009330223258913695
local_cfd_initial_velocity_minus_zero,bottom_wall_contact_sample_fraction,10084,0.0,0.0,0.0
local_cfd_initial_velocity_minus_zero,bottom_wall_contact_sample_fraction,10085,0.0,0.0,0.0
local_cfd_initial_velocity_minus_zero,bottom_wall_contact_sample_fraction,10086,0.0,0.0,0.0
local_cfd_initial_velocity_minus_zero,bottom_wall_contact_sample_fraction,10087,0.0,0.0,0.0
local_cfd_initial_velocity_minus_zero,bottom_wall_contact_sample_fraction,10088,0.0,0.0,0.0
local_cfd_initial_velocity_minus_zero,bottom_wall_contact_sample_fraction,10089,0.0,0.0,0.0
local_cfd_initial_velocity_minus_zero,bottom_wall_contact_sample_fraction,10090,0.0,0.0,0.0
local_cfd_initial_velocity_minus_zero,bottom_wall_contact_sample_fraction,10091,0.0,0.0,0.0
local_cfd_initial_velocity_minus_zero,bottom_wall_contact_sample_fraction,10092,0.3548817060979673,0.5398200599800067,0.18493835388203939
local_cfd_initial_velocity_minus_zero,bottom_wall_contact_sample_fraction,10093,0.9820059980006665,0.9826724425191603,0.0006664445184938472
local_cfd_initial_velocity_minus_zero,bottom_wall_contact_sample_fraction,10094,0.0,0.048317227590803064,0.048317227590803064
local_cfd_initial_velocity_minus_zero,bottom_wall_contact_sample_fraction,10095,0.0,0.0,0.0
local_cfd_initial_velocity_minus_zero,bottom_wall_contact_sample_fraction,10096,0.0,0.0,0.0
local_cfd_initial_velocity_minus_zero,bottom_wall_contact_sample_fraction,10097,0.0,0.0,0.0
local_cfd_initial_velocity_minus_zero,bottom_wall_contact_sample_fraction,10098,0.8683772075974675,0.8600466511162945,-0.00833055648117298
local_cfd_initial_velocity_minus_zero,bottom_wall_contact_sample_fraction,10099,0.3712095968010663,0.4031989336887704,0.03198933688770411
local_cfd_initial_velocity_minus_zero,bottom_wall_contact_sample_fraction,10100,0.0,0.0,0.0
local_cfd_initial_velocity_minus_zero,time_averaged_total_fluid_force_x_N,10001,4.279172941631178e-08,7.647790017305689e-08,3.3686170756745114e-08
local_cfd_initial_velocity_minus_zero,time_averaged_total_fluid_force_x_N,10002,6.667367150351502e-08,6.689864977126861e-08,2.2497826775358976e-10
local_cfd_initial_velocity_minus_zero,time_averaged_total_fluid_force_x_N,10003,7.3751263691061e-08,7.053521824774965e-08,-3.216045443311354e-09
local_cfd_initial_velocity_minus_zero,time_averaged_total_fluid_force_x_N,10004,6.362998162304671e-08,6.410131652443074e-08,4.713349013840326e-10
local_cfd_initial_velocity_minus_zero,time_averaged_total_fluid_force_x_N,10005,8.520225255145049e-08,8.566271315296058e-08,4.6046060151009107e-10
local_cfd_initial_velocity_minus_zero,time_averaged_total_fluid_force_x_N,10006,5.1187244904993664e-08,5.1108863423238406e-08,-7.838148175525769e-11
local_cfd_initial_velocity_minus_zero,time_averaged_total_fluid_force_x_N,10007,3.0000796467794836e-08,3.127043213705107e-08,1.2696356692562332e-09
local_cfd_initial_velocity_minus_zero,time_averaged_total_fluid_force_x_N,10008,2.8303220299341117e-09,-9.700173574909829e-10,-3.800339387425094e-09
local_cfd_initial_velocity_minus_zero,time_averaged_total_fluid_force_x_N,10009,7.30881471878844e-08,4.483407298712718e-08,-2.8254074200757224e-08
local_cfd_initial_velocity_minus_zero,time_averaged_total_fluid_force_x_N,10010,6.458077368025287e-08,6.474838606947742e-08,1.6761238922454392e-10
local_cfd_initial_velocity_minus_zero,time_averaged_total_fluid_force_x_N,10011,3.715325245021685e-08,3.6144966423948e-08,-1.0082860262688508e-09
local_cfd_initial_velocity_minus_zero,time_averaged_total_fluid_force_x_N,10012,4.716552622486584e-08,5.3777208119104975e-08,6.611681894239133e-09
local_cfd_initial_velocity_minus_zero,time_averaged_total_fluid_force_x_N,10013,1.7988037758929375e-09,1.1545645340583579e-09,-6.442392418345797e-10
local_cfd_initial_velocity_minus_zero,time_averaged_total_fluid_force_x_N,10014,7.220491668122145e-08,6.057017025574868e-08,-1.1634746425472765e-08
local_cfd_initial_velocity_minus_zero,time_averaged_total_fluid_force_x_N,10015,7.367917280492934e-08,5.8854457167631965e-08,-1.482471563729738e-08
local_cfd_initial_velocity_minus_zero,time_averaged_total_fluid_force_x_N,10016,4.765318118598506e-08,5.0170405061264376e-08,2.517223875279316e-09
local_cfd_initial_velocity_minus_zero,time_averaged_total_fluid_force_x_N,10017,2.84587452433889e-08,2.745025334686934e-08,-1.0084918965195593e-09
local_cfd_initial_velocity_minus_zero,time_averaged_total_fluid_force_x_N,10018,1.078985527322384e-07,5.834856755998686e-08,-4.9549985172251544e-08
local_cfd_initial_velocity_minus_zero,time_averaged_total_fluid_force_x_N,10019,7.55861215375647e-08,1.2257689141139527e-07,4.699076987383058e-08
local_cfd_initial_velocity_minus_zero,time_averaged_total_fluid_force_x_N,10020,5.586184315440506e-08,5.639122001684742e-08,5.293768624423609e-10
local_cfd_initial_velocity_minus_zero,time_averaged_total_fluid_force_x_N,10021,5.712033060979204e-08,5.7226339983497874e-08,1.0600937370583492e-10
local_cfd_initial_velocity_minus_zero,time_averaged_total_fluid_force_x_N,10022,1.3780916291120603e-07,1.379936927315775e-07,1.8452982037145704e-10
local_cfd_initial_velocity_minus_zero,time_averaged_total_fluid_force_x_N,10023,7.93093888700689e-08,7.966545573981719e-08,3.560668697482876e-10
local_cfd_initial_velocity_minus_zero,time_averaged_total_fluid_force_x_N,10024,5.492449722124482e-08,6.295809383680347e-08,8.03359661555865e-09
local_cfd_initial_velocity_minus_zero,time_averaged_total_fluid_force_x_N,10025,4.7306189777211126e-08,4.766678961367009e-08,3.605998364589654e-10
local_cfd_initial_velocity_minus_zero,time_averaged_total_fluid_force_x_N,10026,7.176748177251838e-08,6.995618058274709e-08,-1.8113011897712952e-09
local_cfd_initial_velocity_minus_zero,time_averaged_total_fluid_force_x_N,10027,2.7583776159216777e-09,2.1890178320108136e-09,-5.693597839108641e-10
local_cfd_initial_velocity_minus_zero,time_averaged_total_fluid_force_x_N,10028,7.502898135513677e-08,7.254536346450039e-08,-2.483617890636388e-09
local_cfd_initial_velocity_minus_zero,time_averaged_total_fluid_force_x_N,10029,1.3208939359058259e-09,2.0587786790525703e-10,-1.1150160680005688e-09
local_cfd_initial_velocity_minus_zero,time_averaged_total_fluid_force_x_N,10030,1.3483837718984526e-08,1.2745475214601887e-08,-7.383625043826389e-10
local_cfd_initial_velocity_minus_zero,time_averaged_total_fluid_force_x_N,10031,5.2143336650739706e-08,5.278637163444078e-08,6.430349837010768e-10
local_cfd_initial_velocity_minus_zero,time_averaged_total_fluid_force_x_N,10032,5.146028559059227e-08,5.221344245598582e-08,7.531568653935547e-10
local_cfd_initial_velocity_minus_zero,time_averaged_total_fluid_force_x_N,10033,1.112690311118613e-07,1.1659705442127092e-07,5.3280233094096185e-09
local_cfd_initial_velocity_minus_zero,time_averaged_total_fluid_force_x_N,10034,5.7731622191943505e-08,5.6905315268538e-08,-8.263069234055027e-10
local_cfd_initial_velocity_minus_zero,time_averaged_total_fluid_force_x_N,10035,6.834823879038153e-10,1.1138658666340464e-09,4.3038347873023103e-10
local_cfd_initial_velocity_minus_zero,time_averaged_total_fluid_force_x_N,10036,7.380819110541293e-08,6.639789771498027e-08,-7.410293390432666e-09
local_cfd_initial_velocity_minus_zero,time_averaged_total_fluid_force_x_N,10037,4.595665936343999e-08,1.1691247679418868e-07,7.09558174307487e-08
local_cfd_initial_velocity_minus_zero,time_averaged_total_fluid_force_x_N,10038,5.915994588340088e-08,5.6438900455229375e-08,-2.721045428171508e-09
local_cfd_initial_velocity_minus_zero,time_averaged_total_fluid_force_x_N,10039,4.740463517713566e-08,4.702709830011704e-08,-3.775368770186178e-10
local_cfd_initial_velocity_minus_zero,time_averaged_total_fluid_force_x_N,10040,6.4169828952195e-08,6.399320725130851e-08,-1.766217008864819e-10
local_cfd_initial_velocity_minus_zero,time_averaged_total_fluid_force_x_N,10041,7.667446285651396e-08,6.241091060178765e-08,-1.4263552254726303e-08
local_cfd_initial_velocity_minus_zero,time_averaged_total_fluid_force_x_N,10042,5.451615524294299e-08,5.832848894786253e-08,3.812333704919544e-09
local_cfd_initial_velocity_minus_zero,time_averaged_total_fluid_force_x_N,10043,4.2372067528114285e-08,5.469132928338227e-08,1.2319261755267985e-08
local_cfd_initial_velocity_minus_zero,time_averaged_total_fluid_force_x_N,10044,6.448823305245142e-08,6.356297894166975e-08,-9.25254110781664e-10
local_cfd_initial_velocity_minus_zero,time_averaged_total_fluid_force_x_N,10045,9.596708434505636e-08,8.966376276716434e-08,-6.3033215778920135e-09
local_cfd_initial_velocity_minus_zero,time_averaged_total_fluid_force_x_N,10046,2.133799609244955e-09,1.8185305823140463e-09,-3.152690269309086e-10
local_cfd_initial_velocity_minus_zero,time_averaged_total_fluid_force_x_N,10047,8.55600193879272e-08,1.3078500985675172e-07,4.522499046882452e-08
local_cfd_initial_velocity_minus_zero,time_averaged_total_fluid_force_x_N,10048,1.4858085704752254e-08,1.2363231064803374e-08,-2.4948546399488797e-09
local_cfd_initial_velocity_minus_zero,time_averaged_total_fluid_force_x_N,10049,1.257646551413734e-07,1.256609733322612e-07,-1.0368180911220173e-10
local_cfd_initial_velocity_minus_zero,time_averaged_total_fluid_force_x_N,10050,3.109041081266939e-10,-1.7542276748993218e-10,-4.863268756166261e-10
local_cfd_initial_velocity_minus_zero,time_averaged_total_fluid_force_x_N,10051,5.771842297599593e-08,7.780031800576701e-08,2.008189502977108e-08
local_cfd_initial_velocity_minus_zero,time_averaged_total_fluid_force_x_N,10052,1.1266089320640312e-09,8.032133376749742e-10,-3.23395594389057e-10
local_cfd_initial_velocity_minus_zero,time_averaged_total_fluid_force_x_N,10053,8.003658038358325e-08,7.769299661698354e-08,-2.3435837665997115e-09
local_cfd_initial_velocity_minus_zero,time_averaged_total_fluid_force_x_N,10054,5.799250765682965e-08,6.837096043522775e-08,1.03784527783981e-08
local_cfd_initial_velocity_minus_zero,time_averaged_total_fluid_force_x_N,10055,8.599687723115233e-08,8.639165724184623e-08,3.9478001069390403e-10
local_cfd_initial_velocity_minus_zero,time_averaged_total_fluid_force_x_N,10056,1.243803250264117e-09,8.724396799124891e-10,-3.71363570351628e-10
local_cfd_initial_velocity_minus_zero,time_averaged_total_fluid_force_x_N,10057,8.332830686063078e-08,1.0811458804457977e-07,2.478628118394899e-08
local_cfd_initial_velocity_minus_zero,time_averaged_total_fluid_force_x_N,10058,5.752100709707709e-10,4.5946594281131923e-10,-1.1574412815945169e-10
local_cfd_initial_velocity_minus_zero,time_averaged_total_fluid_force_x_N,10059,6.476378115011924e-08,6.617401180331261e-08,1.4102306531933727e-09
local_cfd_initial_velocity_minus_zero,time_averaged_total_fluid_force_x_N,10060,7.06061486525293e-08,8.371780061325691e-08,1.3111651960727609e-08
local_cfd_initial_velocity_minus_zero,time_averaged_total_fluid_force_x_N,10061,6.85429881990131e-08,6.997773259995682e-08,1.4347444009437309e-09
local_cfd_initial_velocity_minus_zero,time_averaged_total_fluid_force_x_N,10062,9.591107238680907e-08,7.859641106421956e-08,-1.7314661322589514e-08
local_cfd_initial_velocity_minus_zero,time_averaged_total_fluid_force_x_N,10063,1.0390470775722089e-07,1.1060850577680963e-07,6.7037980195887355e-09
local_cfd_initial_velocity_minus_zero,time_averaged_total_fluid_force_x_N,10064,8.317200555847457e-08,8.393081819495731e-09,-7.477892373897883e-08
local_cfd_initial_velocity_minus_zero,time_averaged_total_fluid_force_x_N,10065,4.7934503591347134e-08,4.7733559651539044e-08,-2.0094393980809007e-10
local_cfd_initial_velocity_minus_zero,time_averaged_total_fluid_force_x_N,10066,7.726116514142348e-08,7.941567870415655e-08,2.154513562733077e-09
local_cfd_initial_velocity_minus_zero,time_averaged_total_fluid_force_x_N,10067,4.4735117426212134e-08,4.396779760808842e-08,-7.673198181237147e-10
local_cfd_initial_velocity_minus_zero,time_averaged_total_fluid_force_x_N,10068,1.3421100769488795e-07,1.0290596030592318e-07,-3.130504738896477e-08
local_cfd_initial_velocity_minus_zero,time_averaged_total_fluid_force_x_N,10069,4.683203657706415e-09,5.904190871013225e-09,1.2209872133068097e-09
local_cfd_initial_velocity_minus_zero,time_averaged_total_fluid_force_x_N,10070,8.289664686065912e-08,8.301671611632531e-08,1.2006925566619066e-10
local_cfd_initial_velocity_minus_zero,time_averaged_total_fluid_force_x_N,10071,9.522167921255259e-08,8.569215472868556e-08,-9.529524483867029e-09
local_cfd_initial_velocity_minus_zero,time_averaged_total_fluid_force_x_N,10072,2.8990515468180973e-08,2.963563948171163e-08,6.451240135306565e-10
local_cfd_initial_velocity_minus_zero,time_averaged_total_fluid_force_x_N,10073,2.7787412751402975e-08,2.6033983572388276e-08,-1.7534291790146996e-09
local_cfd_initial_velocity_minus_zero,time_averaged_total_fluid_force_x_N,10074,8.311322616074214e-08,8.303171787331252e-08,-8.150828742962154e-11
local_cfd_initial_velocity_minus_zero,time_averaged_total_fluid_force_x_N,10075,9.301331693550986e-08,9.323793490060708e-08,2.2461796509722094e-10
local_cfd_initial_velocity_minus_zero,time_averaged_total_fluid_force_x_N,10076,6.776488401166977e-08,6.42772477217237e-08,-3.4876362899460757e-09
local_cfd_initial_velocity_minus_zero,time_averaged_total_fluid_force_x_N,10077,3.951886819748368e-09,3.14200936403939e-09,-8.098774557089778e-10
local_cfd_initial_velocity_minus_zero,time_averaged_total_fluid_force_x_N,10078,7.410961386583057e-08,6.957172136972361e-08,-4.537892496106962e-09
local_cfd_initial_velocity_minus_zero,time_averaged_total_fluid_force_x_N,10079,1.0654356424278023e-07,9.35743499863749e-08,-1.2969214256405328e-08
local_cfd_initial_velocity_minus_zero,time_averaged_total_fluid_force_x_N,10080,5.990065520153853e-08,5.8508433950716714e-08,-1.3922212508218126e-09
local_cfd_initial_velocity_minus_zero,time_averaged_total_fluid_force_x_N,10081,4.784039412444116e-10,-5.357505703769987e-10,-1.0141545116214104e-09
local_cfd_initial_velocity_minus_zero,time_averaged_total_fluid_force_x_N,10082,6.709353605948032e-09,6.019433368401455e-09,-6.899202375465768e-10
local_cfd_initial_velocity_minus_zero,time_averaged_total_fluid_force_x_N,10083,4.537912876960127e-08,4.323376497455247e-08,-2.1453637950487985e-09
local_cfd_initial_velocity_minus_zero,time_averaged_total_fluid_force_x_N,10084,5.388262174385504e-08,5.4299597277418574e-08,4.169755335635351e-10
local_cfd_initial_velocity_minus_zero,time_averaged_total_fluid_force_x_N,10085,8.41615018243453e-08,4.437148746994293e-08,-3.979001435440237e-08
local_cfd_initial_velocity_minus_zero,time_averaged_total_fluid_force_x_N,10086,6.687410488017508e-08,6.68452398205397e-08,-2.8865059635387514e-11
local_cfd_initial_velocity_minus_zero,time_averaged_total_fluid_force_x_N,10087,5.1950086379374695e-08,5.199667515749664e-08,4.6588778121947926e-11
local_cfd_initial_velocity_minus_zero,time_averaged_total_fluid_force_x_N,10088,6.24240594181749e-08,5.468216920743278e-08,-7.741890210742124e-09
local_cfd_initial_velocity_minus_zero,time_averaged_total_fluid_force_x_N,10089,5.570556309175179e-08,4.786355070440442e-08,-7.842012387347375e-09
local_cfd_initial_velocity_minus_zero,time_averaged_total_fluid_force_x_N,10090,5.975513128945217e-08,5.731358375088966e-08,-2.4415475385625077e-09
local_cfd_initial_velocity_minus_zero,time_averaged_total_fluid_force_x_N,10091,5.975719036733484e-08,6.008582267581044e-08,3.286323084755997e-10
local_cfd_initial_velocity_minus_zero,time_averaged_total_fluid_force_x_N,10092,3.357488944212545e-09,3.397544100151993e-09,4.005515593944804e-11
local_cfd_initial_velocity_minus_zero,time_averaged_total_fluid_force_x_N,10093,6.745641859051871e-10,1.0752503644642522e-10,-5.670391494587618e-10
local_cfd_initial_velocity_minus_zero,time_averaged_total_fluid_force_x_N,10094,7.602213799878307e-08,3.882885710804999e-08,-3.7193280890733075e-08
local_cfd_initial_velocity_minus_zero,time_averaged_total_fluid_force_x_N,10095,6.835142237873478e-08,6.756510242767725e-08,-7.863199510575238e-10
local_cfd_initial_velocity_minus_zero,time_averaged_total_fluid_force_x_N,10096,4.439126199156031e-09,2.1510756757440136e-09,-2.288050523412017e-09
local_cfd_initial_velocity_minus_zero,time_averaged_total_fluid_force_x_N,10097,6.941332094531901e-08,7.235837161850657e-08,2.9450506731875613e-09
local_cfd_initial_velocity_minus_zero,time_averaged_total_fluid_force_x_N,10098,2.129542098031237e-09,3.1547944365450576e-09,1.0252523385138208e-09
local_cfd_initial_velocity_minus_zero,time_averaged_total_fluid_force_x_N,10099,4.1265551709394043e-08,3.8748528770460295e-08,-2.517022938933748e-09
local_cfd_initial_velocity_minus_zero,time_averaged_total_fluid_force_x_N,10100,6.653341118702219e-08,7.585986505772157e-08,9.326453870699381e-09
local_cfd_initial_velocity_minus_zero,time_averaged_mechanical_contact_force_x_N,10001,-4.260419681338455e-08,-7.650498853498625e-08,-3.3900791721601704e-08
local_cfd_initial_velocity_minus_zero,time_averaged_mechanical_contact_force_x_N,10002,-6.667371709946012e-08,-6.734285694530125e-08,-6.691398458411377e-10
local_cfd_initial_velocity_minus_zero,time_averaged_mechanical_contact_force_x_N,10003,-7.375081970970892e-08,-7.119119894111996e-08,2.5596207685889637e-09
local_cfd_initial_velocity_minus_zero,time_averaged_mechanical_contact_force_x_N,10004,-6.365486230454998e-08,-6.435271950154817e-08,-6.978571969981928e-10
local_cfd_initial_velocity_minus_zero,time_averaged_mechanical_contact_force_x_N,10005,-8.516570556360163e-08,-8.610343658529639e-08,-9.377310216947589e-10
local_cfd_initial_velocity_minus_zero,time_averaged_mechanical_contact_force_x_N,10006,-5.105910966415467e-08,-5.1341928711492066e-08,-2.828190473373976e-10
local_cfd_initial_velocity_minus_zero,time_averaged_mechanical_contact_force_x_N,10007,-2.99960924433634e-08,-3.186736290178401e-08,-1.8712704584206143e-09
local_cfd_initial_velocity_minus_zero,time_averaged_mechanical_contact_force_x_N,10008,-2.7955177864533475e-09,-5.604952865259561e-10,2.2350224999273913e-09
local_cfd_initial_velocity_minus_zero,time_averaged_mechanical_contact_force_x_N,10009,-7.253374855826128e-08,-4.5997021752690366e-08,2.653672680557091e-08
local_cfd_initial_velocity_minus_zero,time_averaged_mechanical_contact_force_x_N,10010,-6.451498668572947e-08,-6.497608430171104e-08,-4.610976159815774e-10
local_cfd_initial_velocity_minus_zero,time_averaged_mechanical_contact_force_x_N,10011,-3.70888675734021e-08,-3.6655502250550434e-08,4.333653228516654e-10
local_cfd_initial_velocity_minus_zero,time_averaged_mechanical_contact_force_x_N,10012,-4.7091440409222736e-08,-5.388469739150476e-08,-6.793256982282022e-09
local_cfd_initial_velocity_minus_zero,time_averaged_mechanical_contact_force_x_N,10013,-1.7646211534161798e-09,-1.7565694041172703e-09,8.051749298909555e-12
local_cfd_initial_velocity_minus_zero,time_averaged_mechanical_contact_force_x_N,10014,-7.150419397617028e-08,-6.0787379224032e-08,1.0716814752138287e-08
local_cfd_initial_velocity_minus_zero,time_averaged_mechanical_contact_force_x_N,10015,-7.296986764532268e-08,-5.9771681326036e-08,1.3198186319286684e-08
local_cfd_initial_velocity_minus_zero,time_averaged_mechanical_contact_force_x_N,10016,-4.728412267036381e-08,-5.021353136555856e-08,-2.9294086951947446e-09
local_cfd_initial_velocity_minus_zero,time_averaged_mechanical_contact_force_x_N,10017,-2.8442209116717148e-08,-2.8429832276590655e-08,1.2376840126493181e-11
local_cfd_initial_velocity_minus_zero,time_averaged_mechanical_contact_force_x_N,10018,-1.0788897080125871e-07,-5.9202839827496386e-08,4.868613097376232e-08
local_cfd_initial_velocity_minus_zero,time_averaged_mechanical_contact_force_x_N,10019,-7.500210683908886e-08,-1.2331490440163744e-07,-4.8312797562548576e-08
local_cfd_initial_velocity_minus_zero,time_averaged_mechanical_contact_force_x_N,10020,-5.584517858097798e-08,-5.651723696862943e-08,-6.720583876514505e-10
local_cfd_initial_velocity_minus_zero,time_averaged_mechanical_contact_force_x_N,10021,-5.711640166028839e-08,-5.788537523634644e-08,-7.689735760580479e-10
local_cfd_initial_velocity_minus_zero,time_averaged_mechanical_contact_force_x_N,10022,-1.3780600982643251e-07,-1.38840005697504e-07,-1.0339958710714937e-09
local_cfd_initial_velocity_minus_zero,time_averaged_mechanical_contact_force_x_N,10023,-7.931558035672065e-08,-8.01599987457641e-08,-8.444183890434487e-10
local_cfd_initial_velocity_minus_zero,time_averaged_mechanical_contact_force_x_N,10024,-5.442172706213814e-08,-6.360262722974698e-08,-9.180900167608844e-09
local_cfd_initial_velocity_minus_zero,time_averaged_mechanical_contact_force_x_N,10025,-4.7306205973501103e-08,-4.77563103813267e-08,-4.5010440782559935e-10
local_cfd_initial_velocity_minus_zero,time_averaged_mechanical_contact_force_x_N,10026,-7.176513556399429e-08,-7.078418969239377e-08,9.809458716005155e-10
local_cfd_initial_velocity_minus_zero,time_averaged_mechanical_contact_force_x_N,10027,-2.760997169331931e-09,-3.0639448428985696e-09,-3.0294767356663844e-10
local_cfd_initial_velocity_minus_zero,time_averaged_mechanical_contact_force_x_N,10028,-7.50290733340479e-08,-7.388673623250067e-08,1.1423371015472226e-09
local_cfd_initial_velocity_minus_zero,time_averaged_mechanical_contact_force_x_N,10029,-1.2641339658866094e-09,-9.943572831824535e-10,2.6977668270415596e-10
local_cfd_initial_velocity_minus_zero,time_averaged_mechanical_contact_force_x_N,10030,-1.3444480890548772e-08,-1.3703921310038865e-08,-2.594404194900931e-10
local_cfd_initial_velocity_minus_zero,time_averaged_mechanical_contact_force_x_N,10031,-5.2099648086423616e-08,-5.313883632810626e-08,-1.0391882416826475e-09
local_cfd_initial_velocity_minus_zero,time_averaged_mechanical_contact_force_x_N,10032,-5.1257399618842534e-08,-5.242052762307476e-08,-1.163128004232223e-09
local_cfd_initial_velocity_minus_zero,time_averaged_mechanical_contact_force_x_N,10033,-1.112688198249235e-07,-1.1774624190275538e-07,-6.47742207783188e-09
local_cfd_initial_velocity_minus_zero,time_averaged_mechanical_contact_force_x_N,10034,-5.7274039604475206e-08,-5.663853182574687e-08,6.355077787283343e-10
local_cfd_initial_velocity_minus_zero,time_averaged_mechanical_contact_force_x_N,10035,-6.415674802371919e-10,-1.6809997168977099e-09,-1.039432236660518e-09
local_cfd_initial_velocity_minus_zero,time_averaged_mechanical_contact_force_x_N,10036,-7.334702889212322e-08,-6.804475415235454e-08,5.302274739768683e-09
local_cfd_initial_velocity_minus_zero,time_averaged_mechanical_contact_force_x_N,10037,-4.538240367477833e-08,-1.1765769677997252e-07,-7.22752931051942e-08
local_cfd_initial_velocity_minus_zero,time_averaged_mechanical_contact_force_x_N,10038,-5.866163088976639e-08,-5.7338591058960045e-08,1.3230398308063442e-09
local_cfd_initial_velocity_minus_zero,time_averaged_mechanical_contact_force_x_N,10039,-4.7370847987467015e-08,-4.747800094195055e-08,-1.071529544835345e-10
local_cfd_initial_velocity_minus_zero,time_averaged_mechanical_contact_force_x_N,10040,-6.352614030547956e-08,-6.45748328808016e-08,-1.0486925753220421e-09
local_cfd_initial_velocity_minus_zero,time_averaged_mechanical_contact_force_x_N,10041,-7.611486888472889e-08,-6.332592713053584e-08,1.2788941754193048e-08
local_cfd_initial_velocity_minus_zero,time_averaged_mechanical_contact_force_x_N,10042,-5.4309374551156914e-08,-5.848970526470481e-08,-4.1803307135478945e-09
local_cfd_initial_velocity_minus_zero,time_averaged_mechanical_contact_force_x_N,10043,-4.237445173845705e-08,-5.542866127338263e-08,-1.3054209534925582e-08
local_cfd_initial_velocity_minus_zero,time_averaged_mechanical_contact_force_x_N,10044,-6.448826469169642e-08,-6.416133938570278e-08,3.2692530599363613e-10
local_cfd_initial_velocity_minus_zero,time_averaged_mechanical_contact_force_x_N,10045,-9.522104908765165e-08,-9.055779276885692e-08,4.663256318794729e-09
local_cfd_initial_velocity_minus_zero,time_averaged_mechanical_contact_force_x_N,10046,-2.0910721308977293e-09,-2.4119858832592446e-09,-3.209137523615153e-10
local_cfd_initial_velocity_minus_zero,time_averaged_mechanical_contact_force_x_N,10047,-8.55251539968916e-08,-1.320313052024117e-07,-4.65061512055201e-08
local_cfd_initial_velocity_minus_zero,time_averaged_mechanical_contact_force_x_N,10048,-1.4805209738431539e-08,-1.3636460720534502e-08,1.1687490178970367e-09
local_cfd_initial_velocity_minus_zero,time_averaged_mechanical_contact_force_x_N,10049,-1.2576465501814446e-07,-1.265598382109006e-07,-7.951831927561415e-10
local_cfd_initial_velocity_minus_zero,time_averaged_mechanical_contact_force_x_N,10050,-2.729281521978029e-10,-8.723397798737043e-10,-5.994116276759014e-10
local_cfd_initial_velocity_minus_zero,time_averaged_mechanical_contact_force_x_N,10051,-5.743341431972407e-08,-7.864509456238885e-08,-2.1211680242664777e-08
local_cfd_initial_velocity_minus_zero,time_averaged_mechanical_contact_force_x_N,10052,-1.0882053749858222e-09,-1.7628319446935599e-09,-6.746265697077376e-10
local_cfd_initial_velocity_minus_zero,time_averaged_mechanical_contact_force_x_N,10053,-8.003439237396317e-08,-7.849206428825372e-08,1.542328085709451e-09
local_cfd_initial_velocity_minus_zero,time_averaged_mechanical_contact_force_x_N,10054,-5.7916666793302777e-08,-6.823625635869633e-08,-1.0319589565393553e-08
local_cfd_initial_velocity_minus_zero,time_averaged_mechanical_contact_force_x_N,10055,-8.599691866981796e-08,-8.669627184181707e-08,-6.993531719991011e-10
local_cfd_initial_velocity_minus_zero,time_averaged_mechanical_contact_force_x_N,10056,-1.2054514345227938e-09,-1.8062002069248615e-09,-6.007487724020677e-10
local_cfd_initial_velocity_minus_zero,time_averaged_mechanical_contact_force_x_N,10057,-8.332795291119963e-08,-1.0954160157621838e-07,-2.6213648665018755e-08
local_cfd_initial_velocity_minus_zero,time_averaged_mechanical_contact_force_x_N,10058,-5.176838310793895e-10,-1.2492236589296983e-09,-7.315398278503088e-10
local_cfd_initial_velocity_minus_zero,time_averaged_mechanical_contact_force_x_N,10059,-6.471139311751109e-08,-6.663937092166759e-08,-1.9279778041564952e-09
local_cfd_initial_velocity_minus_zero,time_averaged_mechanical_contact_force_x_N,10060,-7.042289200334176e-08,-8.507121413792746e-08,-1.4648322134585704e-08
local_cfd_initial_velocity_minus_zero,time_averaged_mechanical_contact_force_x_N,10061,-6.77184197509044e-08,-7.029449029195872e-08,-2.576070541054311e-09
local_cfd_initial_velocity_minus_zero,time_averaged_mechanical_contact_force_x_N,10062,-9.580606476136366e-08,-8.001674063160362e-08,1.5789324129760042e-08
local_cfd_initial_velocity_minus_zero,time_averaged_mechanical_contact_force_x_N,10063,-1.0390469335536136e-07,-1.121538690850898e-07,-8.249175729728436e-09
local_cfd_initial_velocity_minus_zero,time_averaged_mechanical_contact_force_x_N,10064,-8.260711499963155e-08,-1.000219701036882e-08,7.260491798926273e-08
local_cfd_initial_velocity_minus_zero,time_averaged_mechanical_contact_force_x_N,10065,-4.7861283553141104e-08,-4.715405849052976e-08,7.072250626113419e-10
local_cfd_initial_velocity_minus_zero,time_averaged_mechanical_contact_force_x_N,10066,-7.726192058210756e-08,-8.081102146464031e-08,-3.549100882532753e-09
local_cfd_initial_velocity_minus_zero,time_averaged_mechanical_contact_force_x_N,10067,-4.471549638092418e-08,-4.405757487578484e-08,6.579215051393441e-10
local_cfd_initial_velocity_minus_zero,time_averaged_mechanical_contact_force_x_N,10068,-1.342101753311599e-07,-1.0489468007709614e-07,2.9315495254063764e-08
local_cfd_initial_velocity_minus_zero,time_averaged_mechanical_contact_force_x_N,10069,-4.6327017505944915e-09,-6.938090586548825e-09,-2.305388835954334e-09
local_cfd_initial_velocity_minus_zero,time_averaged_mechanical_contact_force_x_N,10070,-8.289638334752448e-08,-8.372487803605667e-08,-8.284946885321894e-10
local_cfd_initial_velocity_minus_zero,time_averaged_mechanical_contact_force_x_N,10071,-9.522161954330718e-08,-8.606966130540716e-08,9.151958237900024e-09
local_cfd_initial_velocity_minus_zero,time_averaged_mechanical_contact_force_x_N,10072,-2.8958647032879203e-08,-3.0393647767699005e-08,-1.4350007348198018e-09
local_cfd_initial_velocity_minus_zero,time_averaged_mechanical_contact_force_x_N,10073,-2.7745571475497636e-08,-2.687866171910287e-08,8.669097563947652e-10
local_cfd_initial_velocity_minus_zero,time_averaged_mechanical_contact_force_x_N,10074,-8.311325957318068e-08,-8.382393846126149e-08,-7.106788880808079e-10
local_cfd_initial_velocity_minus_zero,time_averaged_mechanical_contact_force_x_N,10075,-9.301327891504025e-08,-9.367138622827611e-08,-6.581073132358637e-10
local_cfd_initial_velocity_minus_zero,time_averaged_mechanical_contact_force_x_N,10076,-6.75108132903585e-08,-6.482192456640843e-08,2.6888887239500694e-09
local_cfd_initial_velocity_minus_zero,time_averaged_mechanical_contact_force_x_N,10077,-3.933440873828191e-09,-3.994374962745629e-09,-6.093408891743765e-11
local_cfd_initial_velocity_minus_zero,time_averaged_mechanical_contact_force_x_N,10078,-7.349283776432526e-08,-7.054516718536048e-08,2.9476705789647823e-09
local_cfd_initial_velocity_minus_zero,time_averaged_mechanical_contact_force_x_N,10079,-1.0655151131367057e-07,-9.372425008607796e-08,1.2827261227592611e-08
local_cfd_initial_velocity_minus_zero,time_averaged_mechanical_contact_force_x_N,10080,-5.967370368714564e-08,-5.890023914269662e-08,7.73464544449014e-10
local_cfd_initial_velocity_minus_zero,time_averaged_mechanical_contact_force_x_N,10081,-4.2552795253751104e-10,-7.374780929318064e-10,-3.119501403942954e-10
local_cfd_initial_velocity_minus_zero,time_averaged_mechanical_contact_force_x_N,10082,-6.671132938876404e-09,-6.604012122713565e-09,6.712081616283901e-11
local_cfd_initial_velocity_minus_zero,time_averaged_mechanical_contact_force_x_N,10083,-4.532660705567719e-08,-4.406722189986658e-08,1.2593851558106107e-09
local_cfd_initial_velocity_minus_zero,time_averaged_mechanical_contact_force_x_N,10084,-5.370793332639304e-08,-5.5100520893288626e-08,-1.3925875668955889e-09
local_cfd_initial_velocity_minus_zero,time_averaged_mechanical_contact_force_x_N,10085,-8.416152306345218e-08,-4.513714947931864e-08,3.902437358413354e-08
local_cfd_initial_velocity_minus_zero,time_averaged_mechanical_contact_force_x_N,10086,-6.613754058333515e-08,-6.658906238864568e-08,-4.5152180531053206e-10
local_cfd_initial_velocity_minus_zero,time_averaged_mechanical_contact_force_x_N,10087,-5.1570063813481716e-08,-5.170532479093404e-08,-1.352609774523218e-10
local_cfd_initial_velocity_minus_zero,time_averaged_mechanical_contact_force_x_N,10088,-6.234872117201138e-08,-5.45652421042224e-08,7.783479067788981e-09
local_cfd_initial_velocity_minus_zero,time_averaged_mechanical_contact_force_x_N,10089,-5.5607628712733734e-08,-4.91193206733719e-08,6.488308039361837e-09
local_cfd_initial_velocity_minus_zero,time_averaged_mechanical_contact_force_x_N,10090,-5.9277497613438543e-08,-5.741644119797473e-08,1.8610564154638147e-09
local_cfd_initial_velocity_minus_zero,time_averaged_mechanical_contact_force_x_N,10091,-5.961805259635825e-08,-6.061116354370978e-08,-9.931109473515356e-10
local_cfd_initial_velocity_minus_zero,time_averaged_mechanical_contact_force_x_N,10092,-3.296759787433075e-09,-4.406380165375158e-09,-1.1096203779420828e-09
local_cfd_initial_velocity_minus_zero,time_averaged_mechanical_contact_force_x_N,10093,-6.631124441094107e-10,-1.0812424571784792e-09,-4.181300130690685e-10
local_cfd_initial_velocity_minus_zero,time_averaged_mechanical_contact_force_x_N,10094,-7.603486606011219e-08,-3.964682275086906e-08,3.638804330924313e-08
local_cfd_initial_velocity_minus_zero,time_averaged_mechanical_contact_force_x_N,10095,-6.786144602930635e-08,-6.767933103853912e-08,1.821149907672365e-10
local_cfd_initial_velocity_minus_zero,time_averaged_mechanical_contact_force_x_N,10096,-4.4041469362540265e-09,-2.9047198858637685e-09,1.499427050390258e-09
local_cfd_initial_velocity_minus_zero,time_averaged_mechanical_contact_force_x_N,10097,-6.92422255810612e-08,-7.290244994909512e-08,-3.6602243680339226e-09
local_cfd_initial_velocity_minus_zero,time_averaged_mechanical_contact_force_x_N,10098,-2.0761499194026906e-09,-4.130423237698855e-09,-2.0542733182961648e-09
local_cfd_initial_velocity_minus_zero,time_averaged_mechanical_contact_force_x_N,10099,-4.120116620453413e-08,-3.983423366922374e-08,1.3669325353103898e-09
local_cfd_initial_velocity_minus_zero,time_averaged_mechanical_contact_force_x_N,10100,-6.579792708869723e-08,-7.555278913597775e-08,-9.754862047280518e-09
local_cfd_initial_velocity_minus_zero,time_averaged_total_fluid_force_z_N,10001,3.962486400530111e-09,1.919831934827265e-09,-2.042654465702846e-09
local_cfd_initial_velocity_minus_zero,time_averaged_total_fluid_force_z_N,10002,-2.7556876094330607e-09,-2.7465371358619037e-09,9.150473571157017e-12
local_cfd_initial_velocity_minus_zero,time_averaged_total_fluid_force_z_N,10003,1.1744053234586504e-08,1.0556043053889054e-08,-1.1880101806974496e-09
local_cfd_initial_velocity_minus_zero,time_averaged_total_fluid_force_z_N,10004,3.774823619429722e-09,3.7788335527246e-09,4.0099332948776884e-12
local_cfd_initial_velocity_minus_zero,time_averaged_total_fluid_force_z_N,10005,6.617586591045337e-09,6.582374942848275e-09,-3.521164819706187e-11
local_cfd_initial_velocity_minus_zero,time_averaged_total_fluid_force_z_N,10006,7.549923407102257e-09,7.594307152603668e-09,4.4383745501410666e-11
local_cfd_initial_velocity_minus_zero,time_averaged_total_fluid_force_z_N,10007,3.0594727270417547e-09,2.8584143213592113e-09,-2.0105840568254349e-10
local_cfd_initial_velocity_minus_zero,time_averaged_total_fluid_force_z_N,10008,1.0011585751627794e-08,9.56414593603742e-09,-4.474398155903745e-10
local_cfd_initial_velocity_minus_zero,time_averaged_total_fluid_force_z_N,10009,4.655449766928466e-09,8.1419414727344e-09,3.4864917058059345e-09
local_cfd_initial_velocity_minus_zero,time_averaged_total_fluid_force_z_N,10010,5.288815555921826e-09,5.2178802194431035e-09,-7.093533647872242e-11
local_cfd_initial_velocity_minus_zero,time_averaged_total_fluid_force_z_N,10011,4.845517835842076e-09,4.8072382520626786e-09,-3.827958377939751e-11
local_cfd_initial_velocity_minus_zero,time_averaged_total_fluid_force_z_N,10012,4.974889383662613e-09,4.593393320630846e-09,-3.8149606303176687e-10
local_cfd_initial_velocity_minus_zero,time_averaged_total_fluid_force_z_N,10013,1.5871680756838e-10,1.7454481067054933e-10,1.5828003102169345e-11
local_cfd_initial_velocity_minus_zero,time_averaged_total_fluid_force_z_N,10014,3.4184965872907705e-09,6.820160106818039e-09,3.4016635195272687e-09
local_cfd_initial_velocity_minus_zero,time_averaged_total_fluid_force_z_N,10015,6.584184454628899e-10,2.4948002120168736e-11,-6.334704433427212e-10
local_cfd_initial_velocity_minus_zero,time_averaged_total_fluid_force_z_N,10016,7.165891435674043e-09,8.478249675706465e-09,1.312358240032422e-09
local_cfd_initial_velocity_minus_zero,time_averaged_total_fluid_force_z_N,10017,1.84008947945439e-09,1.8670680596635847e-09,2.6978580209194728e-11
local_cfd_initial_velocity_minus_zero,time_averaged_total_fluid_force_z_N,10018,-2.266704367129055e-09,7.487841221239192e-09,9.754545588368247e-09
local_cfd_initial_velocity_minus_zero,time_averaged_total_fluid_force_z_N,10019,6.274073890309346e-09,-9.643492755511919e-10,-7.238423165860538e-09
local_cfd_initial_velocity_minus_zero,time_averaged_total_fluid_force_z_N,10020,3.485616563016392e-09,3.3736371663377637e-09,-1.1197939667862838e-10
local_cfd_initial_velocity_minus_zero,time_averaged_total_fluid_force_z_N,10021,2.09448018268168e-09,2.076889945363219e-09,-1.759023731846075e-11
local_cfd_initial_velocity_minus_zero,time_averaged_total_fluid_force_z_N,10022,1.8242063298233044e-11,-3.027996672333241e-12,-2.1270059970566284e-11
local_cfd_initial_velocity_minus_zero,time_averaged_total_fluid_force_z_N,10023,2.0731752420360823e-09,2.1240569744878404e-09,5.088173245175815e-11
local_cfd_initial_velocity_minus_zero,time_averaged_total_fluid_force_z_N,10024,9.57828652346053e-09,6.767988508222471e-09,-2.810298015238059e-09
local_cfd_initial_velocity_minus_zero,time_averaged_total_fluid_force_z_N,10025,7.147354434749403e-09,7.13976447576192e-09,-7.589958987483573e-12
local_cfd_initial_velocity_minus_zero,time_averaged_total_fluid_force_z_N,10026,4.0081190946285e-09,4.871432912124316e-09,8.633138174958162e-10
local_cfd_initial_velocity_minus_zero,time_averaged_total_fluid_force_z_N,10027,4.885818846467924e-09,4.883840165274799e-09,-1.978681193125254e-12
local_cfd_initial_velocity_minus_zero,time_averaged_total_fluid_force_z_N,10028,2.9621592490394276e-09,2.8599557930584323e-09,-1.0220345598099537e-10
local_cfd_initial_velocity_minus_zero,time_averaged_total_fluid_force_z_N,10029,1.0668173959544108e-08,1.122201863360955e-08,5.538446740654423e-10
local_cfd_initial_velocity_minus_zero,time_averaged_total_fluid_force_z_N,10030,2.952305986843309e-09,2.985241630754971e-09,3.2935643911661955e-11
local_cfd_initial_velocity_minus_zero,time_averaged_total_fluid_force_z_N,10031,4.81553293667472e-09,4.593412993421015e-09,-2.221199432537048e-10
local_cfd_initial_velocity_minus_zero,time_averaged_total_fluid_force_z_N,10032,6.17116338370685e-09,6.2831755813717376e-09,1.1201219766488752e-10
local_cfd_initial_velocity_minus_zero,time_averaged_total_fluid_force_z_N,10033,1.874676782338945e-09,1.8214452175272045e-09,-5.323156481174059e-11
local_cfd_initial_velocity_minus_zero,time_averaged_total_fluid_force_z_N,10034,5.100900852988148e-09,5.1461178040587765e-09,4.521695107062838e-11
local_cfd_initial_velocity_minus_zero,time_averaged_total_fluid_force_z_N,10035,4.841015156329539e-10,5.369699703137741e-10,5.286845468082025e-11
local_cfd_initial_velocity_minus_zero,time_averaged_total_fluid_force_z_N,10036,6.24123945533277e-09,4.532549211317055e-09,-1.708690244015715e-09
local_cfd_initial_velocity_minus_zero,time_averaged_total_fluid_force_z_N,10037,6.4516639708891875e-09,-8.476367998566013e-10,-7.299300770745789e-09
local_cfd_initial_velocity_minus_zero,time_averaged_total_fluid_force_z_N,10038,8.957882731414548e-09,9.309880591282931e-10,-8.026894672286256e-09
local_cfd_initial_velocity_minus_zero,time_averaged_total_fluid_force_z_N,10039,8.480598212876073e-09,8.440992323287111e-09,-3.9605889588961674e-11
local_cfd_initial_velocity_minus_zero,time_averaged_total_fluid_force_z_N,10040,3.942127388660608e-09,3.992659126727151e-09,5.053173806654362e-11
local_cfd_initial_velocity_minus_zero,time_averaged_total_fluid_force_z_N,10041,4.305485044226689e-09,-1.8032598848745327e-10,-4.485811032714143e-09
local_cfd_initial_velocity_minus_zero,time_averaged_total_fluid_force_z_N,10042,2.785763157913111e-09,2.6208406011257093e-09,-1.6492255678740185e-10
local_cfd_initial_velocity_minus_zero,time_averaged_total_fluid_force_z_N,10043,4.499212717474144e-09,4.0404682044283805e-09,-4.5874451304576384e-10
local_cfd_initial_velocity_minus_zero,time_averaged_total_fluid_force_z_N,10044,4.734665176514248e-09,4.961544250125052e-09,2.26879073610804e-10
local_cfd_initial_velocity_minus_zero,time_averaged_total_fluid_force_z_N,10045,2.1589489847739206e-09,1.1150296561871577e-09,-1.043919328586763e-09
local_cfd_initial_velocity_minus_zero,time_averaged_total_fluid_force_z_N,10046,1.9102513464631367e-09,1.925448524587083e-09,1.519717812394647e-11
local_cfd_initial_velocity_minus_zero,time_averaged_total_fluid_force_z_N,10047,1.126132627949525e-09,-3.914769110591883e-09,-5.040901738541408e-09
local_cfd_initial_velocity_minus_zero,time_averaged_total_fluid_force_z_N,10048,1.3207281183376604e-09,1.3695117688936058e-09,4.878365055594544e-11
local_cfd_initial_velocity_minus_zero,time_averaged_total_fluid_force_z_N,10049,4.805334718324811e-10,5.059735462910946e-10,2.5440074458613484e-11
local_cfd_initial_velocity_minus_zero,time_averaged_total_fluid_force_z_N,10050,4.330488324573936e-10,4.398600352655554e-10,6.811202808161775e-12
local_cfd_initial_velocity_minus_zero,time_averaged_total_fluid_force_z_N,10051,6.421277465667769e-09,6.01889557339233e-09,-4.0238189227543857e-10
local_cfd_initial_velocity_minus_zero,time_averaged_total_fluid_force_z_N,10052,1.153066113978711e-09,1.163213735845034e-09,1.0147621866323111e-11
local_cfd_initial_velocity_minus_zero,time_averaged_total_fluid_force_z_N,10053,6.418389408877988e-10,6.648359273443551e-09,6.006520332555752e-09
local_cfd_initial_velocity_minus_zero,time_averaged_total_fluid_force_z_N,10054,1.0506625644796522e-09,4.3825292923285004e-11,-1.0068372715563673e-09
local_cfd_initial_velocity_minus_zero,time_averaged_total_fluid_force_z_N,10055,1.1642965692199121e-10,-5.1670679553768086e-11,-1.681003364757593e-10
local_cfd_initial_velocity_minus_zero,time_averaged_total_fluid_force_z_N,10056,8.5858841529787e-09,1.0873436325455612e-08,2.2875521724769117e-09
local_cfd_initial_velocity_minus_zero,time_averaged_total_fluid_force_z_N,10057,5.898993290728563e-09,-3.617502101422993e-09,-9.516495392151556e-09
local_cfd_initial_velocity_minus_zero,time_averaged_total_fluid_force_z_N,10058,1.1512189731562474e-08,1.0560476730617147e-08,-9.517130009453272e-10
local_cfd_initial_velocity_minus_zero,time_averaged_total_fluid_force_z_N,10059,4.979284060982986e-09,4.9413439796367645e-09,-3.794008134622189e-11
local_cfd_initial_velocity_minus_zero,time_averaged_total_fluid_force_z_N,10060,5.181909969212384e-10,-6.460583539105425e-10,-1.1642493508317808e-09
local_cfd_initial_velocity_minus_zero,time_averaged_total_fluid_force_z_N,10061,3.4759073856397147e-10,2.778354913944197e-10,-6.975524716955179e-11
local_cfd_initial_velocity_minus_zero,time_averaged_total_fluid_force_z_N,10062,-2.4029805354816204e-09,2.79310174560226e-09,5.19608228108388e-09
local_cfd_initial_velocity_minus_zero,time_averaged_total_fluid_force_z_N,10063,-1.2450488088598246e-09,-1.5036789218216962e-09,-2.586301129618716e-10
local_cfd_initial_velocity_minus_zero,time_averaged_total_fluid_force_z_N,10064,6.638904598101048e-09,6.95423986423513e-09,3.1533526613408175e-10
local_cfd_initial_velocity_minus_zero,time_averaged_total_fluid_force_z_N,10065,4.9448073692094594e-09,4.870852025441186e-09,-7.395534376827375e-11
local_cfd_initial_velocity_minus_zero,time_averaged_total_fluid_force_z_N,10066,8.970031627476475e-10,9.55227617809686e-10,5.822445506203857e-11
local_cfd_initial_velocity_minus_zero,time_averaged_total_fluid_force_z_N,10067,7.272193642906688e-09,7.338828470388767e-09,6.663482748207836e-11
local_cfd_initial_velocity_minus_zero,time_averaged_total_fluid_force_z_N,10068,-1.2355105422796036e-09,-2.4443637693913982e-09,-1.2088532271117946e-09
local_cfd_initial_velocity_minus_zero,time_averaged_total_fluid_force_z_N,10069,9.63961785505831e-10,1.0643101247259063e-09,1.0034833922007541e-10
local_cfd_initial_velocity_minus_zero,time_averaged_total_fluid_force_z_N,10070,2.705494944751103e-09,2.706746053439519e-09,1.2511086884161683e-12
local_cfd_initial_velocity_minus_zero,time_averaged_total_fluid_force_z_N,10071,-3.110121871030795e-10,-2.6033017102444453e-10,5.0682016078634995e-11
local_cfd_initial_velocity_minus_zero,time_averaged_total_fluid_force_z_N,10072,3.541757957286132e-09,3.6457201034126045e-09,1.0396214612647241e-10
local_cfd_initial_velocity_minus_zero,time_averaged_total_fluid_force_z_N,10073,1.772286372625749e-09,1.7684452673684521e-09,-3.841105257296928e-12
local_cfd_initial_velocity_minus_zero,time_averaged_total_fluid_force_z_N,10074,1.5484327301029893e-09,1.4540446366211217e-09,-9.438809348186758e-11
local_cfd_initial_velocity_minus_zero,time_averaged_total_fluid_force_z_N,10075,-1.4155995678354463e-09,-1.4117637210494702e-09,3.8358467859760605e-12
local_cfd_initial_velocity_minus_zero,time_averaged_total_fluid_force_z_N,10076,1.8643494483027866e-09,4.5887004969718186e-09,2.724351048669032e-09
local_cfd_initial_velocity_minus_zero,time_averaged_total_fluid_force_z_N,10077,1.0367996634837389e-10,1.0524333695087303e-10,1.5633706024991384e-12
local_cfd_initial_velocity_minus_zero,time_averaged_total_fluid_force_z_N,10078,5.655817229013455e-09,6.382115067037874e-09,7.262978380244191e-10
local_cfd_initial_velocity_minus_zero,time_averaged_total_fluid_force_z_N,10079,-2.542656256260598e-09,-1.6433058959865566e-09,8.993503602740414e-10
local_cfd_initial_velocity_minus_zero,time_averaged_total_fluid_force_z_N,10080,2.3891213375564223e-09,2.7515902050853415e-09,3.624688675289191e-10
local_cfd_initial_velocity_minus_zero,time_averaged_total_fluid_force_z_N,10081,2.010141244368169e-09,2.0238871268816825e-09,1.3745882513513329e-11
local_cfd_initial_velocity_minus_zero,time_averaged_total_fluid_force_z_N,10082,2.4127310188551537e-09,2.3928180372668827e-09,-1.9912981588270968e-11
local_cfd_initial_velocity_minus_zero,time_averaged_total_fluid_force_z_N,10083,2.1957756847577376e-09,2.251930859303107e-09,5.6155174545369596e-11
local_cfd_initial_velocity_minus_zero,time_averaged_total_fluid_force_z_N,10084,2.869550279189723e-09,2.8940271119498603e-09,2.4476832760137142e-11
local_cfd_initial_velocity_minus_zero,time_averaged_total_fluid_force_z_N,10085,1.7377815520500119e-09,2.7834284463453623e-09,1.0456468942953504e-09
local_cfd_initial_velocity_minus_zero,time_averaged_total_fluid_force_z_N,10086,3.889981310885879e-09,3.8445297489525955e-09,-4.545156193328364e-11
local_cfd_initial_velocity_minus_zero,time_averaged_total_fluid_force_z_N,10087,3.09061741874703e-09,3.1489358515707316e-09,5.831843282370148e-11
local_cfd_initial_velocity_minus_zero,time_averaged_total_fluid_force_z_N,10088,9.937042845249612e-09,5.57881259145351e-09,-4.358230253796102e-09
local_cfd_initial_velocity_minus_zero,time_averaged_total_fluid_force_z_N,10089,4.654755370455472e-10,-1.0783032709942134e-09,-1.5437788080397605e-09
local_cfd_initial_velocity_minus_zero,time_averaged_total_fluid_force_z_N,10090,6.003319978936075e-09,7.020845988227076e-09,1.0175260092910009e-09
local_cfd_initial_velocity_minus_zero,time_averaged_total_fluid_force_z_N,10091,3.5902897493916955e-09,3.5365885432648374e-09,-5.370120612685804e-11
local_cfd_initial_velocity_minus_zero,time_averaged_total_fluid_force_z_N,10092,3.6032429020017702e-09,3.473547035704184e-09,-1.296958662975864e-10
local_cfd_initial_velocity_minus_zero,time_averaged_total_fluid_force_z_N,10093,8.999291949575691e-11,1.2550453674538417e-10,3.551161724962726e-11
local_cfd_initial_velocity_minus_zero,time_averaged_total_fluid_force_z_N,10094,5.53786943427325e-09,5.262756011745562e-09,-2.75113422527688e-10
local_cfd_initial_velocity_minus_zero,time_averaged_total_fluid_force_z_N,10095,1.182696162155059e-08,1.1901271777207099e-08,7.431015565650915e-11
local_cfd_initial_velocity_minus_zero,time_averaged_total_fluid_force_z_N,10096,6.137481473813083e-09,9.551382542641134e-09,3.413901068828051e-09
local_cfd_initial_velocity_minus_zero,time_averaged_total_fluid_force_z_N,10097,3.0564715534678074e-09,3.428246984009364e-09,3.7177543054155664e-10
local_cfd_initial_velocity_minus_zero,time_averaged_total_fluid_force_z_N,10098,2.4083045524380663e-09,2.4309543205757115e-09,2.264976813764517e-11
local_cfd_initial_velocity_minus_zero,time_averaged_total_fluid_force_z_N,10099,4.671465601365092e-09,4.697130250820657e-09,2.5664649455564947e-11
local_cfd_initial_velocity_minus_zero,time_averaged_total_fluid_force_z_N,10100,1.483892441740861e-09,3.1651463021249555e-09,1.6812538603840945e-09
local_cfd_initial_velocity_minus_zero,time_averaged_gravity_force_z_N,10001,-1.2276244532800158e-08,-1.2276244532800158e-08,0.0
local_cfd_initial_velocity_minus_zero,time_averaged_gravity_force_z_N,10002,-1.2276244532800158e-08,-1.2276244532800158e-08,0.0
local_cfd_initial_velocity_minus_zero,time_averaged_gravity_force_z_N,10003,-1.2276244532800158e-08,-1.2276244532800158e-08,0.0
local_cfd_initial_velocity_minus_zero,time_averaged_gravity_force_z_N,10004,-1.2276244532800158e-08,-1.2276244532800158e-08,0.0
local_cfd_initial_velocity_minus_zero,time_averaged_gravity_force_z_N,10005,-1.2276244532800158e-08,-1.2276244532800158e-08,0.0
local_cfd_initial_velocity_minus_zero,time_averaged_gravity_force_z_N,10006,-1.2276244532800158e-08,-1.2276244532800158e-08,0.0
local_cfd_initial_velocity_minus_zero,time_averaged_gravity_force_z_N,10007,-1.2276244532800158e-08,-1.2276244532800158e-08,0.0
local_cfd_initial_velocity_minus_zero,time_averaged_gravity_force_z_N,10008,-1.2276244532800158e-08,-1.2276244532800158e-08,0.0
local_cfd_initial_velocity_minus_zero,time_averaged_gravity_force_z_N,10009,-1.2276244532800158e-08,-1.2276244532800158e-08,0.0
local_cfd_initial_velocity_minus_zero,time_averaged_gravity_force_z_N,10010,-1.2276244532800158e-08,-1.2276244532800158e-08,0.0
local_cfd_initial_velocity_minus_zero,time_averaged_gravity_force_z_N,10011,-1.2276244532800158e-08,-1.2276244532800158e-08,0.0
local_cfd_initial_velocity_minus_zero,time_averaged_gravity_force_z_N,10012,-1.2276244532800158e-08,-1.2276244532800158e-08,0.0
local_cfd_initial_velocity_minus_zero,time_averaged_gravity_force_z_N,10013,-1.2276244532800158e-08,-1.2276244532800158e-08,0.0
local_cfd_initial_velocity_minus_zero,time_averaged_gravity_force_z_N,10014,-1.2276244532800158e-08,-1.2276244532800158e-08,0.0
local_cfd_initial_velocity_minus_zero,time_averaged_gravity_force_z_N,10015,-1.2276244532800158e-08,-1.2276244532800158e-08,0.0
local_cfd_initial_velocity_minus_zero,time_averaged_gravity_force_z_N,10016,-1.2276244532800158e-08,-1.2276244532800158e-08,0.0
local_cfd_initial_velocity_minus_zero,time_averaged_gravity_force_z_N,10017,-1.2276244532800158e-08,-1.2276244532800158e-08,0.0
local_cfd_initial_velocity_minus_zero,time_averaged_gravity_force_z_N,10018,-1.2276244532800158e-08,-1.2276244532800158e-08,0.0
local_cfd_initial_velocity_minus_zero,time_averaged_gravity_force_z_N,10019,-1.2276244532800158e-08,-1.2276244532800158e-08,0.0
local_cfd_initial_velocity_minus_zero,time_averaged_gravity_force_z_N,10020,-1.2276244532800158e-08,-1.2276244532800158e-08,0.0
local_cfd_initial_velocity_minus_zero,time_averaged_gravity_force_z_N,10021,-1.2276244532800158e-08,-1.2276244532800158e-08,0.0
local_cfd_initial_velocity_minus_zero,time_averaged_gravity_force_z_N,10022,-1.2276244532800158e-08,-1.2276244532800158e-08,0.0
local_cfd_initial_velocity_minus_zero,time_averaged_gravity_force_z_N,10023,-1.2276244532800158e-08,-1.2276244532800158e-08,0.0
local_cfd_initial_velocity_minus_zero,time_averaged_gravity_force_z_N,10024,-1.2276244532800158e-08,-1.2276244532800158e-08,0.0
local_cfd_initial_velocity_minus_zero,time_averaged_gravity_force_z_N,10025,-1.2276244532800158e-08,-1.2276244532800158e-08,0.0
local_cfd_initial_velocity_minus_zero,time_averaged_gravity_force_z_N,10026,-1.2276244532800158e-08,-1.2276244532800158e-08,0.0
local_cfd_initial_velocity_minus_zero,time_averaged_gravity_force_z_N,10027,-1.2276244532800158e-08,-1.2276244532800158e-08,0.0
local_cfd_initial_velocity_minus_zero,time_averaged_gravity_force_z_N,10028,-1.2276244532800158e-08,-1.2276244532800158e-08,0.0
local_cfd_initial_velocity_minus_zero,time_averaged_gravity_force_z_N,10029,-1.2276244532800158e-08,-1.2276244532800158e-08,0.0
local_cfd_initial_velocity_minus_zero,time_averaged_gravity_force_z_N,10030,-1.2276244532800158e-08,-1.2276244532800158e-08,0.0
local_cfd_initial_velocity_minus_zero,time_averaged_gravity_force_z_N,10031,-1.2276244532800158e-08,-1.2276244532800158e-08,0.0
local_cfd_initial_velocity_minus_zero,time_averaged_gravity_force_z_N,10032,-1.2276244532800158e-08,-1.2276244532800158e-08,0.0
local_cfd_initial_velocity_minus_zero,time_averaged_gravity_force_z_N,10033,-1.2276244532800158e-08,-1.2276244532800158e-08,0.0
local_cfd_initial_velocity_minus_zero,time_averaged_gravity_force_z_N,10034,-1.2276244532800158e-08,-1.2276244532800158e-08,0.0
local_cfd_initial_velocity_minus_zero,time_averaged_gravity_force_z_N,10035,-1.2276244532800158e-08,-1.2276244532800158e-08,0.0
local_cfd_initial_velocity_minus_zero,time_averaged_gravity_force_z_N,10036,-1.2276244532800158e-08,-1.2276244532800158e-08,0.0
local_cfd_initial_velocity_minus_zero,time_averaged_gravity_force_z_N,10037,-1.2276244532800158e-08,-1.2276244532800158e-08,0.0
local_cfd_initial_velocity_minus_zero,time_averaged_gravity_force_z_N,10038,-1.2276244532800158e-08,-1.2276244532800158e-08,0.0
local_cfd_initial_velocity_minus_zero,time_averaged_gravity_force_z_N,10039,-1.2276244532800158e-08,-1.2276244532800158e-08,0.0
local_cfd_initial_velocity_minus_zero,time_averaged_gravity_force_z_N,10040,-1.2276244532800158e-08,-1.2276244532800158e-08,0.0
local_cfd_initial_velocity_minus_zero,time_averaged_gravity_force_z_N,10041,-1.2276244532800158e-08,-1.2276244532800158e-08,0.0
local_cfd_initial_velocity_minus_zero,time_averaged_gravity_force_z_N,10042,-1.2276244532800158e-08,-1.2276244532800158e-08,0.0
local_cfd_initial_velocity_minus_zero,time_averaged_gravity_force_z_N,10043,-1.2276244532800158e-08,-1.2276244532800158e-08,0.0
local_cfd_initial_velocity_minus_zero,time_averaged_gravity_force_z_N,10044,-1.2276244532800158e-08,-1.2276244532800158e-08,0.0
local_cfd_initial_velocity_minus_zero,time_averaged_gravity_force_z_N,10045,-1.2276244532800158e-08,-1.2276244532800158e-08,0.0
local_cfd_initial_velocity_minus_zero,time_averaged_gravity_force_z_N,10046,-1.2276244532800158e-08,-1.2276244532800158e-08,0.0
local_cfd_initial_velocity_minus_zero,time_averaged_gravity_force_z_N,10047,-1.2276244532800158e-08,-1.2276244532800158e-08,0.0
local_cfd_initial_velocity_minus_zero,time_averaged_gravity_force_z_N,10048,-1.2276244532800158e-08,-1.2276244532800158e-08,0.0
local_cfd_initial_velocity_minus_zero,time_averaged_gravity_force_z_N,10049,-1.2276244532800158e-08,-1.2276244532800158e-08,0.0
local_cfd_initial_velocity_minus_zero,time_averaged_gravity_force_z_N,10050,-1.2276244532800158e-08,-1.2276244532800158e-08,0.0
local_cfd_initial_velocity_minus_zero,time_averaged_gravity_force_z_N,10051,-1.2276244532800158e-08,-1.2276244532800158e-08,0.0
local_cfd_initial_velocity_minus_zero,time_averaged_gravity_force_z_N,10052,-1.2276244532800158e-08,-1.2276244532800158e-08,0.0
local_cfd_initial_velocity_minus_zero,time_averaged_gravity_force_z_N,10053,-1.2276244532800158e-08,-1.2276244532800158e-08,0.0
local_cfd_initial_velocity_minus_zero,time_averaged_gravity_force_z_N,10054,-1.2276244532800158e-08,-1.2276244532800158e-08,0.0
local_cfd_initial_velocity_minus_zero,time_averaged_gravity_force_z_N,10055,-1.2276244532800158e-08,-1.2276244532800158e-08,0.0
local_cfd_initial_velocity_minus_zero,time_averaged_gravity_force_z_N,10056,-1.2276244532800158e-08,-1.2276244532800158e-08,0.0
local_cfd_initial_velocity_minus_zero,time_averaged_gravity_force_z_N,10057,-1.2276244532800158e-08,-1.2276244532800158e-08,0.0
local_cfd_initial_velocity_minus_zero,time_averaged_gravity_force_z_N,10058,-1.2276244532800158e-08,-1.2276244532800158e-08,0.0
local_cfd_initial_velocity_minus_zero,time_averaged_gravity_force_z_N,10059,-1.2276244532800158e-08,-1.2276244532800158e-08,0.0
local_cfd_initial_velocity_minus_zero,time_averaged_gravity_force_z_N,10060,-1.2276244532800158e-08,-1.2276244532800158e-08,0.0
local_cfd_initial_velocity_minus_zero,time_averaged_gravity_force_z_N,10061,-1.2276244532800158e-08,-1.2276244532800158e-08,0.0
local_cfd_initial_velocity_minus_zero,time_averaged_gravity_force_z_N,10062,-1.2276244532800158e-08,-1.2276244532800158e-08,0.0
local_cfd_initial_velocity_minus_zero,time_averaged_gravity_force_z_N,10063,-1.2276244532800158e-08,-1.2276244532800158e-08,0.0
local_cfd_initial_velocity_minus_zero,time_averaged_gravity_force_z_N,10064,-1.2276244532800158e-08,-1.2276244532800158e-08,0.0
local_cfd_initial_velocity_minus_zero,time_averaged_gravity_force_z_N,10065,-1.2276244532800158e-08,-1.2276244532800158e-08,0.0
local_cfd_initial_velocity_minus_zero,time_averaged_gravity_force_z_N,10066,-1.2276244532800158e-08,-1.2276244532800158e-08,0.0
local_cfd_initial_velocity_minus_zero,time_averaged_gravity_force_z_N,10067,-1.2276244532800158e-08,-1.2276244532800158e-08,0.0
local_cfd_initial_velocity_minus_zero,time_averaged_gravity_force_z_N,10068,-1.2276244532800158e-08,-1.2276244532800158e-08,0.0
local_cfd_initial_velocity_minus_zero,time_averaged_gravity_force_z_N,10069,-1.2276244532800158e-08,-1.2276244532800158e-08,0.0
local_cfd_initial_velocity_minus_zero,time_averaged_gravity_force_z_N,10070,-1.2276244532800158e-08,-1.2276244532800158e-08,0.0
local_cfd_initial_velocity_minus_zero,time_averaged_gravity_force_z_N,10071,-1.2276244532800158e-08,-1.2276244532800158e-08,0.0
local_cfd_initial_velocity_minus_zero,time_averaged_gravity_force_z_N,10072,-1.2276244532800158e-08,-1.2276244532800158e-08,0.0
local_cfd_initial_velocity_minus_zero,time_averaged_gravity_force_z_N,10073,-1.2276244532800158e-08,-1.2276244532800158e-08,0.0
local_cfd_initial_velocity_minus_zero,time_averaged_gravity_force_z_N,10074,-1.2276244532800158e-08,-1.2276244532800158e-08,0.0
local_cfd_initial_velocity_minus_zero,time_averaged_gravity_force_z_N,10075,-1.2276244532800158e-08,-1.2276244532800158e-08,0.0
local_cfd_initial_velocity_minus_zero,time_averaged_gravity_force_z_N,10076,-1.2276244532800158e-08,-1.2276244532800158e-08,0.0
local_cfd_initial_velocity_minus_zero,time_averaged_gravity_force_z_N,10077,-1.2276244532800158e-08,-1.2276244532800158e-08,0.0
local_cfd_initial_velocity_minus_zero,time_averaged_gravity_force_z_N,10078,-1.2276244532800158e-08,-1.2276244532800158e-08,0.0
local_cfd_initial_velocity_minus_zero,time_averaged_gravity_force_z_N,10079,-1.2276244532800158e-08,-1.2276244532800158e-08,0.0
local_cfd_initial_velocity_minus_zero,time_averaged_gravity_force_z_N,10080,-1.2276244532800158e-08,-1.2276244532800158e-08,0.0
local_cfd_initial_velocity_minus_zero,time_averaged_gravity_force_z_N,10081,-1.2276244532800158e-08,-1.2276244532800158e-08,0.0
local_cfd_initial_velocity_minus_zero,time_averaged_gravity_force_z_N,10082,-1.2276244532800158e-08,-1.2276244532800158e-08,0.0
local_cfd_initial_velocity_minus_zero,time_averaged_gravity_force_z_N,10083,-1.2276244532800158e-08,-1.2276244532800158e-08,0.0
local_cfd_initial_velocity_minus_zero,time_averaged_gravity_force_z_N,10084,-1.2276244532800158e-08,-1.2276244532800158e-08,0.0
local_cfd_initial_velocity_minus_zero,time_averaged_gravity_force_z_N,10085,-1.2276244532800158e-08,-1.2276244532800158e-08,0.0
local_cfd_initial_velocity_minus_zero,time_averaged_gravity_force_z_N,10086,-1.2276244532800158e-08,-1.2276244532800158e-08,0.0
local_cfd_initial_velocity_minus_zero,time_averaged_gravity_force_z_N,10087,-1.2276244532800158e-08,-1.2276244532800158e-08,0.0
local_cfd_initial_velocity_minus_zero,time_averaged_gravity_force_z_N,10088,-1.2276244532800158e-08,-1.2276244532800158e-08,0.0
local_cfd_initial_velocity_minus_zero,time_averaged_gravity_force_z_N,10089,-1.2276244532800158e-08,-1.2276244532800158e-08,0.0
local_cfd_initial_velocity_minus_zero,time_averaged_gravity_force_z_N,10090,-1.2276244532800158e-08,-1.2276244532800158e-08,0.0
local_cfd_initial_velocity_minus_zero,time_averaged_gravity_force_z_N,10091,-1.2276244532800158e-08,-1.2276244532800158e-08,0.0
local_cfd_initial_velocity_minus_zero,time_averaged_gravity_force_z_N,10092,-1.2276244532800158e-08,-1.2276244532800158e-08,0.0
local_cfd_initial_velocity_minus_zero,time_averaged_gravity_force_z_N,10093,-1.2276244532800158e-08,-1.2276244532800158e-08,0.0
local_cfd_initial_velocity_minus_zero,time_averaged_gravity_force_z_N,10094,-1.2276244532800158e-08,-1.2276244532800158e-08,0.0
local_cfd_initial_velocity_minus_zero,time_averaged_gravity_force_z_N,10095,-1.2276244532800158e-08,-1.2276244532800158e-08,0.0
local_cfd_initial_velocity_minus_zero,time_averaged_gravity_force_z_N,10096,-1.2276244532800158e-08,-1.2276244532800158e-08,0.0
local_cfd_initial_velocity_minus_zero,time_averaged_gravity_force_z_N,10097,-1.2276244532800158e-08,-1.2276244532800158e-08,0.0
local_cfd_initial_velocity_minus_zero,time_averaged_gravity_force_z_N,10098,-1.2276244532800158e-08,-1.2276244532800158e-08,0.0
local_cfd_initial_velocity_minus_zero,time_averaged_gravity_force_z_N,10099,-1.2276244532800158e-08,-1.2276244532800158e-08,0.0
local_cfd_initial_velocity_minus_zero,time_averaged_gravity_force_z_N,10100,-1.2276244532800158e-08,-1.2276244532800158e-08,0.0
local_cfd_initial_velocity_minus_zero,time_averaged_mechanical_contact_force_z_N,10001,8.301457162305718e-09,1.0188139887068477e-08,1.8866827247627588e-09
local_cfd_initial_velocity_minus_zero,time_averaged_mechanical_contact_force_z_N,10002,1.503172671811657e-08,1.501037333774665e-08,-2.135338036992292e-11
local_cfd_initial_velocity_minus_zero,time_averaged_mechanical_contact_force_z_N,10003,5.068394303364034e-10,1.729688372739896e-09,1.2228489424034926e-09
local_cfd_initial_velocity_minus_zero,time_averaged_mechanical_contact_force_z_N,10004,8.49380120311229e-09,8.508802105814598e-09,1.5000902702308823e-11
local_cfd_initial_velocity_minus_zero,time_averaged_mechanical_contact_force_z_N,10005,5.658994543960409e-09,5.674830717464764e-09,1.583617350435513e-11
local_cfd_initial_velocity_minus_zero,time_averaged_mechanical_contact_force_z_N,10006,4.600580807318174e-09,4.5788793176761065e-09,-2.1701489642067634e-11
local_cfd_initial_velocity_minus_zero,time_averaged_mechanical_contact_force_z_N,10007,9.21677180563738e-09,9.424089010484353e-09,2.0731720484697233e-10
local_cfd_initial_velocity_minus_zero,time_averaged_mechanical_contact_force_z_N,10008,2.1906054794207654e-09,2.647544197601135e-09,4.569387181803697e-10
local_cfd_initial_velocity_minus_zero,time_averaged_mechanical_contact_force_z_N,10009,7.568309286840893e-09,3.9950881688484314e-09,-3.5732211179924614e-09
local_cfd_initial_velocity_minus_zero,time_averaged_mechanical_contact_force_z_N,10010,6.996718846329689e-09,7.079165099951445e-09,8.244625362175603e-11
local_cfd_initial_velocity_minus_zero,time_averaged_mechanical_contact_force_z_N,10011,7.430726696960654e-09,7.474260454994461e-09,4.353375803380694e-11
local_cfd_initial_velocity_minus_zero,time_averaged_mechanical_contact_force_z_N,10012,7.215341304678033e-09,7.473840140705948e-09,2.584988360279152e-10
local_cfd_initial_velocity_minus_zero,time_averaged_mechanical_contact_force_z_N,10013,1.2117527725225195e-08,1.2107958521178004e-08,-9.569204047190995e-12
local_cfd_initial_velocity_minus_zero,time_averaged_mechanical_contact_force_z_N,10014,8.786922001488941e-09,5.370072806147681e-09,-3.41684919534126e-09
local_cfd_initial_velocity_minus_zero,time_averaged_mechanical_contact_force_z_N,10015,1.176874599660366e-08,1.2117236709213136e-08,3.484907126094752e-10
local_cfd_initial_velocity_minus_zero,time_averaged_mechanical_contact_force_z_N,10016,5.224285442682357e-09,3.564653390798808e-09,-1.6596320518835488e-09
local_cfd_initial_velocity_minus_zero,time_averaged_mechanical_contact_force_z_N,10017,1.0436155061892571e-08,1.041679090030254e-08,-1.9364161590030712e-11
local_cfd_initial_velocity_minus_zero,time_averaged_mechanical_contact_force_z_N,10018,1.4559870534077564e-08,4.780849248031615e-09,-9.779021286045949e-09
local_cfd_initial_velocity_minus_zero,time_averaged_mechanical_contact_force_z_N,10019,5.7822485017914556e-09,1.3261078728620142e-08,7.478830226828686e-09
local_cfd_initial_velocity_minus_zero,time_averaged_mechanical_contact_force_z_N,10020,8.832207111088354e-09,9.00036357605307e-09,1.6815646496471603e-10
local_cfd_initial_velocity_minus_zero,time_averaged_mechanical_contact_force_z_N,10021,1.0076367254235733e-08,1.0105998080891803e-08,2.963082665606965e-11
local_cfd_initial_velocity_minus_zero,time_averaged_mechanical_contact_force_z_N,10022,1.2274241451506507e-08,1.229819533579908e-08,2.3953884292572333e-11
local_cfd_initial_velocity_minus_zero,time_averaged_mechanical_contact_force_z_N,10023,1.0201685089844766e-08,1.0166457638043504e-08,-3.522745180126241e-11
local_cfd_initial_velocity_minus_zero,time_averaged_mechanical_contact_force_z_N,10024,2.7831933209158987e-09,5.528276217216966e-09,2.745082896301067e-09
local_cfd_initial_velocity_minus_zero,time_averaged_mechanical_contact_force_z_N,10025,5.130170580203796e-09,5.142063201687774e-09,1.1892621483977461e-11
local_cfd_initial_velocity_minus_zero,time_averaged_mechanical_contact_force_z_N,10026,8.277826773158754e-09,7.408935823580023e-09,-8.688909495787312e-10
local_cfd_initial_velocity_minus_zero,time_averaged_mechanical_contact_force_z_N,10027,7.389127110647853e-09,7.392295635180776e-09,3.1685245329230018e-12
local_cfd_initial_velocity_minus_zero,time_averaged_mechanical_contact_force_z_N,10028,9.313477604743901e-09,9.462948615143393e-09,1.4947101039949148e-10
local_cfd_initial_velocity_minus_zero,time_averaged_mechanical_contact_force_z_N,10029,1.5257966162017883e-09,9.964449144516554e-10,-5.29351701750133e-10
local_cfd_initial_velocity_minus_zero,time_averaged_mechanical_contact_force_z_N,10030,9.323938545955188e-09,9.298616718172883e-09,-2.5321827782305364e-11
local_cfd_initial_velocity_minus_zero,time_averaged_mechanical_contact_force_z_N,10031,7.4011094850482684e-09,7.834455002023612e-09,4.333455169753432e-10
local_cfd_initial_velocity_minus_zero,time_averaged_mechanical_contact_force_z_N,10032,5.998856422667284e-09,5.8763290147339e-09,-1.225274079333846e-10
local_cfd_initial_velocity_minus_zero,time_averaged_mechanical_contact_force_z_N,10033,1.041859338233483e-08,1.043209256537096e-08,1.349918303613053e-11
local_cfd_initial_velocity_minus_zero,time_averaged_mechanical_contact_force_z_N,10034,7.184861196260853e-09,7.095127552200167e-09,-8.973364406068581e-11
local_cfd_initial_velocity_minus_zero,time_averaged_mechanical_contact_force_z_N,10035,1.1792143017171747e-08,1.1746461942308961e-08,-4.568107486278534e-11
local_cfd_initial_velocity_minus_zero,time_averaged_mechanical_contact_force_z_N,10036,6.0383154150026795e-09,7.77151980136651e-09,1.7332043863638303e-09
local_cfd_initial_velocity_minus_zero,time_averaged_mechanical_contact_force_z_N,10037,5.820176403902928e-09,1.3103364381820961e-08,7.283187977918033e-09
local_cfd_initial_velocity_minus_zero,time_averaged_mechanical_contact_force_z_N,10038,3.2371916932876636e-09,1.1245275560226176e-08,8.008083866938512e-09
local_cfd_initial_velocity_minus_zero,time_averaged_mechanical_contact_force_z_N,10039,3.795646319923527e-09,3.834911384618792e-09,3.9265064695265265e-11
local_cfd_initial_velocity_minus_zero,time_averaged_mechanical_contact_force_z_N,10040,8.263647602777511e-09,8.145341596168125e-09,-1.1830600660938624e-10
local_cfd_initial_velocity_minus_zero,time_averaged_mechanical_contact_force_z_N,10041,8.099274101328563e-09,1.2326986509623281e-08,4.227712408294718e-09
local_cfd_initial_velocity_minus_zero,time_averaged_mechanical_contact_force_z_N,10042,9.349779077096246e-09,9.739938259904789e-09,3.901591828085432e-10
local_cfd_initial_velocity_minus_zero,time_averaged_mechanical_contact_force_z_N,10043,7.774891402324242e-09,8.333842267594987e-09,5.589508652707454e-10
local_cfd_initial_velocity_minus_zero,time_averaged_mechanical_contact_force_z_N,10044,7.54156706498371e-09,7.3552482479462e-09,-1.8631881703750925e-10
local_cfd_initial_velocity_minus_zero,time_averaged_mechanical_contact_force_z_N,10045,1.0078614839931592e-08,1.1027796184103801e-08,9.491813441722097e-10
local_cfd_initial_velocity_minus_zero,time_averaged_mechanical_contact_force_z_N,10046,1.0365993186330264e-08,1.0357054807262327e-08,-8.938379067937014e-12
local_cfd_initial_velocity_minus_zero,time_averaged_mechanical_contact_force_z_N,10047,1.1128292715374387e-08,1.6137917948368722e-08,5.009625232994335e-09
local_cfd_initial_velocity_minus_zero,time_averaged_mechanical_contact_force_z_N,10048,1.0955516414463707e-08,1.0924801952576478e-08,-3.0714461887228496e-11
local_cfd_initial_velocity_minus_zero,time_averaged_mechanical_contact_force_z_N,10049,1.1795712319924928e-08,1.176160193834644e-08,-3.411038157848688e-11
local_cfd_initial_velocity_minus_zero,time_averaged_mechanical_contact_force_z_N,10050,1.184319570033671e-08,1.1845425870298672e-08,2.2301699619613075e-12
local_cfd_initial_velocity_minus_zero,time_averaged_mechanical_contact_force_z_N,10051,6.006819908982418e-09,6.228699178743863e-09,2.2187926976144475e-10
local_cfd_initial_velocity_minus_zero,time_averaged_mechanical_contact_force_z_N,10052,1.1123178418814869e-08,1.1120644613085349e-08,-2.5338057295198268e-12
local_cfd_initial_velocity_minus_zero,time_averaged_mechanical_contact_force_z_N,10053,1.1637796753338127e-08,5.229304777160032e-09,-6.408491976178096e-09
local_cfd_initial_velocity_minus_zero,time_averaged_mechanical_contact_force_z_N,10054,1.1373902242519527e-08,1.2122587426707104e-08,7.486851841875769e-10
local_cfd_initial_velocity_minus_zero,time_averaged_mechanical_contact_force_z_N,10055,1.215948652370491e-08,1.2328081874024146e-08,1.6859535031923607e-10
local_cfd_initial_velocity_minus_zero,time_averaged_mechanical_contact_force_z_N,10056,3.611119630742408e-09,1.3639047106723228e-09,-2.247214920070085e-09
local_cfd_initial_velocity_minus_zero,time_averaged_mechanical_contact_force_z_N,10057,6.362249598201618e-09,1.5738823522090336e-08,9.376573923888718e-09
local_cfd_initial_velocity_minus_zero,time_averaged_mechanical_contact_force_z_N,10058,6.818081559944931e-10,1.6931231448802692e-09,1.0113149888857761e-09
local_cfd_initial_velocity_minus_zero,time_averaged_mechanical_contact_force_z_N,10059,7.296960471819121e-09,7.33186543836634e-09,3.490496654721905e-11
local_cfd_initial_velocity_minus_zero,time_averaged_mechanical_contact_force_z_N,10060,1.1796016756143143e-08,1.2817984487811936e-08,1.0219677316687938e-09
local_cfd_initial_velocity_minus_zero,time_averaged_mechanical_contact_force_z_N,10061,1.187668107227445e-08,1.215881317666888e-08,2.8213210439442966e-10
local_cfd_initial_velocity_minus_zero,time_averaged_mechanical_contact_force_z_N,10062,1.4579512683851741e-08,9.469824820320612e-09,-5.109687863531129e-09
local_cfd_initial_velocity_minus_zero,time_averaged_mechanical_contact_force_z_N,10063,1.3521136441797868e-08,1.3772724331607298e-08,2.5158788980942986e-10
local_cfd_initial_velocity_minus_zero,time_averaged_mechanical_contact_force_z_N,10064,5.575940767534154e-09,5.192703532222984e-09,-3.8323723531117025e-10
local_cfd_initial_velocity_minus_zero,time_averaged_mechanical_contact_force_z_N,10065,7.283023030997902e-09,7.379758498378353e-09,9.673546738045104e-11
local_cfd_initial_velocity_minus_zero,time_averaged_mechanical_contact_force_z_N,10066,1.1378516411463905e-08,1.123381539309397e-08,-1.4470101836993402e-10
local_cfd_initial_velocity_minus_zero,time_averaged_mechanical_contact_force_z_N,10067,4.9451462766345516e-09,4.903691655981784e-09,-4.145462065276793e-11
local_cfd_initial_velocity_minus_zero,time_averaged_mechanical_contact_force_z_N,10068,1.351531524698971e-08,1.4779290052115477e-08,1.2639748051257661e-09
local_cfd_initial_velocity_minus_zero,time_averaged_mechanical_contact_force_z_N,10069,1.1312282747288364e-08,1.1231324937377442e-08,-8.09578099109214e-11
local_cfd_initial_velocity_minus_zero,time_averaged_mechanical_contact_force_z_N,10070,9.575545507423287e-09,9.606623390914687e-09,3.107788349139942e-11
local_cfd_initial_velocity_minus_zero,time_averaged_mechanical_contact_force_z_N,10071,1.259455082380924e-08,1.2532121067816123e-08,-6.242975599311677e-11
local_cfd_initial_velocity_minus_zero,time_averaged_mechanical_contact_force_z_N,10072,8.734486576870773e-09,8.643136289685376e-09,-9.135028718539715e-11
local_cfd_initial_velocity_minus_zero,time_averaged_mechanical_contact_force_z_N,10073,1.0503958160169674e-08,1.0500900708446395e-08,-3.0574517232796407e-12
local_cfd_initial_velocity_minus_zero,time_averaged_mechanical_contact_force_z_N,10074,1.0727615464027566e-08,1.0805809030884722e-08,7.819356685715549e-11
local_cfd_initial_velocity_minus_zero,time_averaged_mechanical_contact_force_z_N,10075,1.3692013227751783e-08,1.3690582743091771e-08,-1.4304846600110394e-12
local_cfd_initial_velocity_minus_zero,time_averaged_mechanical_contact_force_z_N,10076,9.989040540395683e-09,7.562558936845468e-09,-2.4264816035502155e-09
local_cfd_initial_velocity_minus_zero,time_averaged_mechanical_contact_force_z_N,10077,1.2172564569115509e-08,1.2164102638868681e-08,-8.461930246827701e-12
local_cfd_initial_velocity_minus_zero,time_averaged_mechanical_contact_force_z_N,10078,6.610665716824533e-09,5.803240574999726e-09,-8.07425141824807e-10
local_cfd_initial_velocity_minus_zero,time_averaged_mechanical_contact_force_z_N,10079,1.4813589035946246e-08,1.379565330510036e-08,-1.0179357308458866e-09
local_cfd_initial_velocity_minus_zero,time_averaged_mechanical_contact_force_z_N,10080,9.7140876987728e-09,9.694928819420937e-09,-1.915887935186236e-11
local_cfd_initial_velocity_minus_zero,time_averaged_mechanical_contact_force_z_N,10081,1.026610328843321e-08,1.0270426594589457e-08,4.323306156247102e-12
local_cfd_initial_velocity_minus_zero,time_averaged_mechanical_contact_force_z_N,10082,9.863513513939979e-09,9.890272159964932e-09,2.6758646024952963e-11
local_cfd_initial_velocity_minus_zero,time_averaged_mechanical_contact_force_z_N,10083,1.0080468848039974e-08,1.0017415116504134e-08,-6.305373153583987e-11
local_cfd_initial_velocity_minus_zero,time_averaged_mechanical_contact_force_z_N,10084,9.385845716395407e-09,9.388841193540634e-09,2.9954771452266356e-12
local_cfd_initial_velocity_minus_zero,time_averaged_mechanical_contact_force_z_N,10085,1.053827542899932e-08,9.40319535938028e-09,-1.1350800696190398e-09
local_cfd_initial_velocity_minus_zero,time_averaged_mechanical_contact_force_z_N,10086,8.304060328813762e-09,8.349655733623624e-09,4.559540480986264e-11
local_cfd_initial_velocity_minus_zero,time_averaged_mechanical_contact_force_z_N,10087,9.01317256910432e-09,9.101663593700723e-09,8.849102459640399e-11
local_cfd_initial_velocity_minus_zero,time_averaged_mechanical_contact_force_z_N,10088,2.3172009738897323e-09,6.803652784465993e-09,4.4864518105762615e-09
local_cfd_initial_velocity_minus_zero,time_averaged_mechanical_contact_force_z_N,10089,1.156736550598121e-08,1.3360166158344204e-08,1.7928006523629937e-09
local_cfd_initial_velocity_minus_zero,time_averaged_mechanical_contact_force_z_N,10090,6.192707555124292e-09,5.356419939753482e-09,-8.362876153708098e-10
local_cfd_initial_velocity_minus_zero,time_averaged_mechanical_contact_force_z_N,10091,8.659455857016444e-09,8.763251779913302e-09,1.0379592289685725e-10
local_cfd_initial_velocity_minus_zero,time_averaged_mechanical_contact_force_z_N,10092,8.673001630797516e-09,8.822088040157554e-09,1.4908640936003795e-10
local_cfd_initial_velocity_minus_zero,time_averaged_mechanical_contact_force_z_N,10093,1.2186251599357995e-08,1.2167968326635858e-08,-1.8283272722137608e-11
local_cfd_initial_velocity_minus_zero,time_averaged_mechanical_contact_force_z_N,10094,6.656091928220166e-09,7.0147013038963385e-09,3.5860937567617225e-10
local_cfd_initial_velocity_minus_zero,time_averaged_mechanical_contact_force_z_N,10095,4.1726715285430625e-10,3.1755988868029135e-10,-9.97072641740149e-11
local_cfd_initial_velocity_minus_zero,time_averaged_mechanical_contact_force_z_N,10096,6.06470904961826e-09,2.632133022796815e-09,-3.4325760268214452e-09
local_cfd_initial_velocity_minus_zero,time_averaged_mechanical_contact_force_z_N,10097,9.266532239068456e-09,8.854908967470121e-09,-4.116232715983348e-10
local_cfd_initial_velocity_minus_zero,time_averaged_mechanical_contact_force_z_N,10098,9.867939980357518e-09,9.862518542792916e-09,-5.42143756460199e-12
local_cfd_initial_velocity_minus_zero,time_averaged_mechanical_contact_force_z_N,10099,7.604778931437211e-09,7.570890950099675e-09,-3.388798133753603e-11
local_cfd_initial_velocity_minus_zero,time_averaged_mechanical_contact_force_z_N,10100,1.074650965847816e-08,9.109899366971293e-09,-1.6366102915068667e-09
zero_gravity_minus_normal_gravity,final_dx_dp,10001,22.145930369496515,21.256022883746734,-0.8899074857497808
zero_gravity_minus_normal_gravity,final_dx_dp,10002,2.38226216983215,16.438254115133734,14.055991945301585
zero_gravity_minus_normal_gravity,final_dx_dp,10003,26.26232786913758,25.10030028519785,-1.1620275839397287
zero_gravity_minus_normal_gravity,final_dx_dp,10004,16.88142279011504,22.907756564448206,6.0263337743331675
zero_gravity_minus_normal_gravity,final_dx_dp,10005,25.976567738372534,25.81812261291607,-0.1584451254564634
zero_gravity_minus_normal_gravity,final_dx_dp,10006,22.30918981025433,5.222843048614341,-17.08634676163999
zero_gravity_minus_normal_gravity,final_dx_dp,10007,11.093571867043906,33.2066247341687,22.113052867124793
zero_gravity_minus_normal_gravity,final_dx_dp,10008,1.9164850836065586,8.666771190702628,6.750286107096069
zero_gravity_minus_normal_gravity,final_dx_dp,10009,30.713557539006434,9.108073136249862,-21.605484402756574
zero_gravity_minus_normal_gravity,final_dx_dp,10010,27.458599546094465,19.31972078968995,-8.138878756404516
zero_gravity_minus_normal_gravity,final_dx_dp,10011,19.30782160222077,21.498715061060366,2.1908934588395965
zero_gravity_minus_normal_gravity,final_dx_dp,10012,20.560696081842888,23.422940404685964,2.8622443228430754
zero_gravity_minus_normal_gravity,final_dx_dp,10013,1.6524983552382777,2.1754160379641547,0.522917682725877
zero_gravity_minus_normal_gravity,final_dx_dp,10014,28.131901945143245,10.41632749080723,-17.715574454336014
zero_gravity_minus_normal_gravity,final_dx_dp,10015,29.13121643798759,6.928879237715973,-22.202337200271614
zero_gravity_minus_normal_gravity,final_dx_dp,10016,22.723841034171794,20.757504050448354,-1.9663369837234406
zero_gravity_minus_normal_gravity,final_dx_dp,10017,21.88921623202836,29.114310256742062,7.225094024713702
zero_gravity_minus_normal_gravity,final_dx_dp,10018,15.531559994631037,22.191036123585135,6.659476128954099
zero_gravity_minus_normal_gravity,final_dx_dp,10019,25.665143907292926,14.382312143858401,-11.282831763434524
zero_gravity_minus_normal_gravity,final_dx_dp,10020,19.464654843388477,23.06097564218275,3.596320798794274
zero_gravity_minus_normal_gravity,final_dx_dp,10021,15.675664520945448,19.684426027001066,4.0087615060556185
zero_gravity_minus_normal_gravity,final_dx_dp,10022,18.114384969193214,25.9940796654118,7.879694696218586
zero_gravity_minus_normal_gravity,final_dx_dp,10023,11.723049704868867,13.543436429630093,1.8203867247612262
zero_gravity_minus_normal_gravity,final_dx_dp,10024,23.795555471779387,23.483741294151038,-0.3118141776283494
zero_gravity_minus_normal_gravity,final_dx_dp,10025,22.74605129329226,19.129238618023656,-3.616812675268605
zero_gravity_minus_normal_gravity,final_dx_dp,10026,25.873963334459372,11.156377220145481,-14.71758611431389
zero_gravity_minus_normal_gravity,final_dx_dp,10027,2.0740692280489026,2.6300671405167226,0.55599791246782
zero_gravity_minus_normal_gravity,final_dx_dp,10028,13.790501195591686,16.47603207294807,2.685530877356383
zero_gravity_minus_normal_gravity,final_dx_dp,10029,3.2979090542062486,3.1062816348966495,-0.19162741930959903
zero_gravity_minus_normal_gravity,final_dx_dp,10030,9.439269271907529,23.874381059253224,14.435111787345695
zero_gravity_minus_normal_gravity,final_dx_dp,10031,20.73469181319714,10.287348304180759,-10.447343509016383
zero_gravity_minus_normal_gravity,final_dx_dp,10032,21.291720347093605,27.19837620845735,5.906655861363745
zero_gravity_minus_normal_gravity,final_dx_dp,10033,10.519633819557775,26.40254954841223,15.882915728854456
zero_gravity_minus_normal_gravity,final_dx_dp,10034,29.895284642377305,30.941598895807477,1.0463142534301717
zero_gravity_minus_normal_gravity,final_dx_dp,10035,1.726069001922429,23.266259041828786,21.540190039906356
zero_gravity_minus_normal_gravity,final_dx_dp,10036,29.811922037208692,13.064031131810792,-16.747890905397902
zero_gravity_minus_normal_gravity,final_dx_dp,10037,19.802254960600937,9.751616776217663,-10.050638184383274
zero_gravity_minus_normal_gravity,final_dx_dp,10038,20.667353205670825,19.076815357237972,-1.5905378484328523
zero_gravity_minus_normal_gravity,final_dx_dp,10039,22.15845317737021,21.970221720694834,-0.1882314566753749
zero_gravity_minus_normal_gravity,final_dx_dp,10040,24.88779207059481,27.095989430837076,2.2081973602422664
zero_gravity_minus_normal_gravity,final_dx_dp,10041,31.126865324815938,10.034592108879151,-21.092273215936785
zero_gravity_minus_normal_gravity,final_dx_dp,10042,23.773116017225625,24.342810744547098,0.5696947273214725
zero_gravity_minus_normal_gravity,final_dx_dp,10043,19.735067532417574,24.93368222312075,5.198614690703177
zero_gravity_minus_normal_gravity,final_dx_dp,10044,22.3153445118671,15.093753160426264,-7.221591351440836
zero_gravity_minus_normal_gravity,final_dx_dp,10045,35.34059150274537,27.401348701268883,-7.939242801476485
zero_gravity_minus_normal_gravity,final_dx_dp,10046,3.501734259022992,20.81602039988984,17.314286140866848
zero_gravity_minus_normal_gravity,final_dx_dp,10047,38.79285441532658,28.293544836517484,-10.499309578809097
zero_gravity_minus_normal_gravity,final_dx_dp,10048,6.39880206461637,7.911626163101908,1.5128240984855381
zero_gravity_minus_normal_gravity,final_dx_dp,10049,0.4213301438304707,2.621727913776092,2.200397769945621
zero_gravity_minus_normal_gravity,final_dx_dp,10050,3.118068265910181,3.764046763927788,0.6459784980176071
zero_gravity_minus_normal_gravity,final_dx_dp,10051,20.595254033634724,22.66205075956533,2.0667967259306046
zero_gravity_minus_normal_gravity,final_dx_dp,10052,3.7729835854907243,5.296564551884874,1.5235809663941495
zero_gravity_minus_normal_gravity,final_dx_dp,10053,1.0250570851782792,30.20788041808567,29.18282333290739
zero_gravity_minus_normal_gravity,final_dx_dp,10054,29.87088414432875,13.095206355429273,-16.775677788899475
zero_gravity_minus_normal_gravity,final_dx_dp,10055,3.5226539588292938,18.648281316514446,15.125627357685152
zero_gravity_minus_normal_gravity,final_dx_dp,10056,2.9690502923933693,3.14227511667401,0.1732248242806409
zero_gravity_minus_normal_gravity,final_dx_dp,10057,24.210552535778394,35.11864782327157,10.908095287493179
zero_gravity_minus_normal_gravity,final_dx_dp,10058,3.7118290588502867,1.255496507454774,-2.456332551395513
zero_gravity_minus_normal_gravity,final_dx_dp,10059,21.20419789389075,26.293695307757375,5.089497413866624
zero_gravity_minus_normal_gravity,final_dx_dp,10060,28.937728708321558,12.73772334232562,-16.20000536599594
zero_gravity_minus_normal_gravity,final_dx_dp,10061,25.60176388734158,10.578400112111504,-15.023363775230075
zero_gravity_minus_normal_gravity,final_dx_dp,10062,26.23393787512762,34.28897136505055,8.05503348992293
zero_gravity_minus_normal_gravity,final_dx_dp,10063,7.57815892799695,6.9058962644504875,-0.6722626635464621
zero_gravity_minus_normal_gravity,final_dx_dp,10064,34.04349981602474,12.776205679876778,-21.267294136147964
zero_gravity_minus_normal_gravity,final_dx_dp,10065,22.20875110861149,17.51792748509273,-4.69082362351876
zero_gravity_minus_normal_gravity,final_dx_dp,10066,21.906860610970377,7.665010017724039,-14.241850593246337
zero_gravity_minus_normal_gravity,final_dx_dp,10067,23.631278708430617,15.790913075659066,-7.840365632771551
zero_gravity_minus_normal_gravity,final_dx_dp,10068,11.723256710828828,6.214262576592154,-5.508994134236674
zero_gravity_minus_normal_gravity,final_dx_dp,10069,3.78212796755233,10.509082663427575,6.7269546958752455
zero_gravity_minus_normal_gravity,final_dx_dp,10070,13.654227135872597,21.42585408018225,7.771626944309654
zero_gravity_minus_normal_gravity,final_dx_dp,10071,15.85654678894003,27.90364622057335,12.04709943163332
zero_gravity_minus_normal_gravity,final_dx_dp,10072,12.933274552705189,25.408215504953958,12.474940952248769
zero_gravity_minus_normal_gravity,final_dx_dp,10073,10.704941043799163,17.814693053474038,7.1097520096748745
zero_gravity_minus_normal_gravity,final_dx_dp,10074,3.6769276508288162,8.597122398540456,4.920194747711641
zero_gravity_minus_normal_gravity,final_dx_dp,10075,2.1100627250881554,2.110192999894062,0.00013027480590643847
zero_gravity_minus_normal_gravity,final_dx_dp,10076,31.316051422405913,14.518848548959324,-16.797202873446587
zero_gravity_minus_normal_gravity,final_dx_dp,10077,0.7199303468032152,1.019949357642003,0.3000190108387877
zero_gravity_minus_normal_gravity,final_dx_dp,10078,28.362282522281618,4.231287471089895,-24.13099505119172
zero_gravity_minus_normal_gravity,final_dx_dp,10079,20.63891360502877,10.737041458427619,-9.90187214660115
zero_gravity_minus_normal_gravity,final_dx_dp,10080,23.303214015823468,24.075020030332254,0.7718060145087868
zero_gravity_minus_normal_gravity,final_dx_dp,10081,4.982320582676481,6.729391443100872,1.7470708604243912
zero_gravity_minus_normal_gravity,final_dx_dp,10082,5.327339154863123,24.332566059118008,19.005226904254886
zero_gravity_minus_normal_gravity,final_dx_dp,10083,21.630965378582076,25.102152455216192,3.4711870766341164
zero_gravity_minus_normal_gravity,final_dx_dp,10084,23.648739992856015,27.183807373127888,3.5350673802718724
zero_gravity_minus_normal_gravity,final_dx_dp,10085,2.553414959333941,3.4326614019813992,0.8792464426474584
zero_gravity_minus_normal_gravity,final_dx_dp,10086,21.38888765784053,21.92792201977175,0.5390343619312183
zero_gravity_minus_normal_gravity,final_dx_dp,10087,24.4388251425754,3.2827833273237124,-21.156041815251687
zero_gravity_minus_normal_gravity,final_dx_dp,10088,21.67528994211996,21.319111636675245,-0.35617830544471474
zero_gravity_minus_normal_gravity,final_dx_dp,10089,23.04972867669216,10.8615776538771,-12.188151022815058
zero_gravity_minus_normal_gravity,final_dx_dp,10090,19.851474795973573,17.551777682057104,-2.2996971139164692
zero_gravity_minus_normal_gravity,final_dx_dp,10091,20.425057564683133,18.318590642784702,-2.1064669218984307
zero_gravity_minus_normal_gravity,final_dx_dp,10092,4.820878141490634,6.2769283370070745,1.4560501955164407
zero_gravity_minus_normal_gravity,final_dx_dp,10093,2.8123105490683256,3.229425935157684,0.4171153860893586
zero_gravity_minus_normal_gravity,final_dx_dp,10094,29.47701250310677,25.688041900660657,-3.7889706024461134
zero_gravity_minus_normal_gravity,final_dx_dp,10095,26.923371747887646,7.4815415104050595,-19.441830237482588
zero_gravity_minus_normal_gravity,final_dx_dp,10096,1.1631541151935356,3.899161211064362,2.7360070958708262
zero_gravity_minus_normal_gravity,final_dx_dp,10097,29.71841322633936,21.042095534566467,-8.676317691772894
zero_gravity_minus_normal_gravity,final_dx_dp,10098,7.043954668924501,10.535220070026392,3.4912654011018915
zero_gravity_minus_normal_gravity,final_dx_dp,10099,17.23553351696828,23.193767507475407,5.958233990507125
zero_gravity_minus_normal_gravity,final_dx_dp,10100,23.260549547953342,22.981943931017156,-0.27860561693618635
zero_gravity_minus_normal_gravity,final_dz_dp,10001,-2.5181571795282336,-0.3402759011545808,2.1778812783736528
zero_gravity_minus_normal_gravity,final_dz_dp,10002,-0.4316482226322613,-1.454507561529897,-1.0228593388976357
zero_gravity_minus_normal_gravity,final_dz_dp,10003,-5.15737338557858,-1.5505727849741837,3.6068006006043967
zero_gravity_minus_normal_gravity,final_dz_dp,10004,-2.960505706014354,-0.39033719161556124,2.5701685143987927
zero_gravity_minus_normal_gravity,final_dz_dp,10005,-2.910194237615488,-0.436154306099815,2.474039931515673
zero_gravity_minus_normal_gravity,final_dz_dp,10006,-4.435115466608206,-0.18683645159433063,4.248279015013876
zero_gravity_minus_normal_gravity,final_dz_dp,10007,-1.4372332049940673,0.9589871256655833,2.3962203306596503
zero_gravity_minus_normal_gravity,final_dz_dp,10008,-5.93713710087302,0.30169221207038827,6.238829312943408
zero_gravity_minus_normal_gravity,final_dz_dp,10009,-3.0896546173297437,0.003911008968003962,3.093565626297748
zero_gravity_minus_normal_gravity,final_dz_dp,10010,-2.9915095081862235,0.3897002570846433,3.381209765270867
zero_gravity_minus_normal_gravity,final_dz_dp,10011,-2.5999770848326125,0.7012768791574897,3.301253963990102
zero_gravity_minus_normal_gravity,final_dz_dp,10012,-3.7083741739407925,0.6382485597904615,4.3466227337312535
zero_gravity_minus_normal_gravity,final_dz_dp,10013,-0.05445736249669597,-0.054457366303771945,-3.807075973916163e-09
zero_gravity_minus_normal_gravity,final_dz_dp,10014,-1.6786638393026154,-0.2580265422050714,1.420637297097544
zero_gravity_minus_normal_gravity,final_dz_dp,10015,-1.1442393819689738,0.22550313190537913,1.3697425138743529
zero_gravity_minus_normal_gravity,final_dz_dp,10016,-4.8216120645948,0.5278545221026297,5.34946658669743
zero_gravity_minus_normal_gravity,final_dz_dp,10017,-1.0559722861567669,0.5503526861989898,1.6063249723557567
zero_gravity_minus_normal_gravity,final_dz_dp,10018,-1.10111417210887,-0.18515597425425473,0.9159581978546152
zero_gravity_minus_normal_gravity,final_dz_dp,10019,-4.370877233212568,-2.3200084476565093,2.0508687855560583
zero_gravity_minus_normal_gravity,final_dz_dp,10020,-2.848389635300156,-2.5880596264727083,0.26033000882744783
zero_gravity_minus_normal_gravity,final_dz_dp,10021,-1.8625728551248977,-0.9355289073963626,0.927043947728535
zero_gravity_minus_normal_gravity,final_dz_dp,10022,-1.7281929670667704,-1.6171728867247857,0.11102008034198474
zero_gravity_minus_normal_gravity,final_dz_dp,10023,-1.9286298131784476,-0.7111094171055182,1.2175203960729295
zero_gravity_minus_normal_gravity,final_dz_dp,10024,-4.87277260070086,-0.9595026516505956,3.9132699490502647
zero_gravity_minus_normal_gravity,final_dz_dp,10025,-4.363554981898829,0.06136925380847286,4.4249242357073015
zero_gravity_minus_normal_gravity,final_dz_dp,10026,-3.410108386345532,0.09694428164264482,3.507052667988177
zero_gravity_minus_normal_gravity,final_dz_dp,10027,-2.137709914447993,0.3629680172637902,2.5006779317117833
zero_gravity_minus_normal_gravity,final_dz_dp,10028,-2.439996131777802,-1.372200702934501,1.067795428843301
zero_gravity_minus_normal_gravity,final_dz_dp,10029,-4.949576761448795,-0.5663580687302935,4.3832186927185015
zero_gravity_minus_normal_gravity,final_dz_dp,10030,-1.5842585718779072,-0.6260540870146637,0.9582044848632435
zero_gravity_minus_normal_gravity,final_dz_dp,10031,-3.932924033317627,-0.038072793309164125,3.894851240008463
zero_gravity_minus_normal_gravity,final_dz_dp,10032,-4.429763324347252,0.24537645002371128,4.675139774370963
zero_gravity_minus_normal_gravity,final_dz_dp,10033,-1.2866571133121305,2.8107228569717635,4.097379970283894
zero_gravity_minus_normal_gravity,final_dz_dp,10034,-2.7930141997254743,-1.935201676478846,0.8578125232466283
zero_gravity_minus_normal_gravity,final_dz_dp,10035,-0.5367119410234057,0.3438036979068761,0.8805156389302817
zero_gravity_minus_normal_gravity,final_dz_dp,10036,-3.127798787363382,0.07537300439015848,3.2031717917535403
zero_gravity_minus_normal_gravity,final_dz_dp,10037,-4.988329108059818,0.2734149614363815,5.2617440694962
zero_gravity_minus_normal_gravity,final_dz_dp,10038,-5.468058001443292,-1.9199328142419039,3.548125187201388
zero_gravity_minus_normal_gravity,final_dz_dp,10039,-4.075187837459377,-1.544520995219875,2.5306668422395022
zero_gravity_minus_normal_gravity,final_dz_dp,10040,-2.971895135883059,-0.6330170172467019,2.338878118636357
zero_gravity_minus_normal_gravity,final_dz_dp,10041,-2.353924850011716,0.20808149310341284,2.5620063431151285
zero_gravity_minus_normal_gravity,final_dz_dp,10042,-1.9806746432348603,-0.5562241728075791,1.4244504704272813
zero_gravity_minus_normal_gravity,final_dz_dp,10043,-3.2966153116451773,-0.026790016597610933,3.2698252950475664
zero_gravity_minus_normal_gravity,final_dz_dp,10044,-3.9138117960797834,0.14350963223695895,4.057321428316742
zero_gravity_minus_normal_gravity,final_dz_dp,10045,-0.5617851416354677,2.2311681531882193,2.792953294823687
zero_gravity_minus_normal_gravity,final_dz_dp,10046,-0.8148075889387334,0.14872205410920344,0.9635296430479369
zero_gravity_minus_normal_gravity,final_dz_dp,10047,-0.6700057310680269,-0.8102926334331746,-0.14028690236514774
zero_gravity_minus_normal_gravity,final_dz_dp,10048,-0.6635754647558597,-0.663575455994204,8.761655734268459e-09
zero_gravity_minus_normal_gravity,final_dz_dp,10049,-0.04481368977766282,0.33636500586862234,0.38117869564628515
zero_gravity_minus_normal_gravity,final_dz_dp,10050,-0.23954481474556322,-0.2395448058542955,8.8912677220776e-09
zero_gravity_minus_normal_gravity,final_dz_dp,10051,-4.428675770633935,0.5914853322083113,5.020161102842246
zero_gravity_minus_normal_gravity,final_dz_dp,10052,-0.5887800592749607,-0.5887800506591536,8.615807067791081e-09
zero_gravity_minus_normal_gravity,final_dz_dp,10053,-0.34148769517338384,0.8849655967150764,1.2264532918884603
zero_gravity_minus_normal_gravity,final_dz_dp,10054,-0.9073129624627071,0.22930810786879646,1.1366210703315036
zero_gravity_minus_normal_gravity,final_dz_dp,10055,-1.4979243079452356,-2.3174180266903597,-0.8194937187451241
zero_gravity_minus_normal_gravity,final_dz_dp,10056,-3.977684240038747,-0.1664974534750993,3.8111867865636477
zero_gravity_minus_normal_gravity,final_dz_dp,10057,-4.270394245686365,-1.4331090873398473,2.8372851583465177
zero_gravity_minus_normal_gravity,final_dz_dp,10058,-5.289541811427326,0.05903210845812669,5.348573919885453
zero_gravity_minus_normal_gravity,final_dz_dp,10059,-2.6514871059393283,-1.2422948659693023,1.409192239970026
zero_gravity_minus_normal_gravity,final_dz_dp,10060,-0.9189477530785732,0.23643618198039734,1.1553839350589705
zero_gravity_minus_normal_gravity,final_dz_dp,10061,-1.32234813824284,-0.04911642651649929,1.2732317117263405
zero_gravity_minus_normal_gravity,final_dz_dp,10062,1.0940752624773575,-0.4413586290231853,-1.5354338915005428
zero_gravity_minus_normal_gravity,final_dz_dp,10063,-1.2536224074247773,-0.0719506668386341,1.1816717405861432
zero_gravity_minus_normal_gravity,final_dz_dp,10064,-3.1009065709831725,0.1933790481196164,3.294285619102789
zero_gravity_minus_normal_gravity,final_dz_dp,10065,-3.837425673487874,-0.28185927347691536,3.555566400010959
zero_gravity_minus_normal_gravity,final_dz_dp,10066,-0.8860879063775067,0.1343836270987237,1.0204715334762304
zero_gravity_minus_normal_gravity,final_dz_dp,10067,-4.392120071811961,-0.02526491708895566,4.366855154723005
zero_gravity_minus_normal_gravity,final_dz_dp,10068,-1.8188716264460196,0.2691615545553205,2.08803318100134
zero_gravity_minus_normal_gravity,final_dz_dp,10069,-1.120259770634486,-1.120259761749078,8.885407964953629e-09
zero_gravity_minus_normal_gravity,final_dz_dp,10070,-1.8401308932493525,-0.8093989136952664,1.0307319795540861
zero_gravity_minus_normal_gravity,final_dz_dp,10071,-1.7932032259634807,0.529972508114089,2.32317573407757
zero_gravity_minus_normal_gravity,final_dz_dp,10072,-2.0697708513767363,-0.5405034816008464,1.5292673697758898
zero_gravity_minus_normal_gravity,final_dz_dp,10073,-0.9180662512726502,-0.8941411598001647,0.02392509147248545
zero_gravity_minus_normal_gravity,final_dz_dp,10074,0.18089760124240065,0.25889491551896354,0.0779973142765629
zero_gravity_minus_normal_gravity,final_dz_dp,10075,-0.03459023731151173,-0.03371897731006303,0.000871260001448701
zero_gravity_minus_normal_gravity,final_dz_dp,10076,-1.3085052580391974,0.7728853178028908,2.081390575842088
zero_gravity_minus_normal_gravity,final_dz_dp,10077,-0.02830514205743671,-0.027501959584389092,0.0008031824730476179
zero_gravity_minus_normal_gravity,final_dz_dp,10078,-3.1878179362242447,0.14927835247219995,3.337096288696445
zero_gravity_minus_normal_gravity,final_dz_dp,10079,0.469280810807212,0.25747088688548964,-0.21180992392172238
zero_gravity_minus_normal_gravity,final_dz_dp,10080,-2.1435270057500357,0.08261906182664529,2.226146067576681
zero_gravity_minus_normal_gravity,final_dz_dp,10081,-1.032377612725794,-0.16254005689917533,0.8698375558266187
zero_gravity_minus_normal_gravity,final_dz_dp,10082,-1.2023863465038345,-0.3033183687948948,0.8990679777089396
zero_gravity_minus_normal_gravity,final_dz_dp,10083,-1.3207583029024557,0.3932783397319441,1.7140366426343998
zero_gravity_minus_normal_gravity,final_dz_dp,10084,-2.4893053958876568,0.7375531581187413,3.226858554006398
zero_gravity_minus_normal_gravity,final_dz_dp,10085,-1.3420769656247262,0.3955732897089892,1.7376502553337154
zero_gravity_minus_normal_gravity,final_dz_dp,10086,-2.4618371530782563,2.000480691087071,4.4623178441653275
zero_gravity_minus_normal_gravity,final_dz_dp,10087,-1.8876724196783783,0.2744689761984831,2.162141395876861
zero_gravity_minus_normal_gravity,final_dz_dp,10088,-4.931792025920159,-0.2378115175105562,4.693980508409603
zero_gravity_minus_normal_gravity,final_dz_dp,10089,-0.525834984490792,0.36112554717489775,0.8869605316656898
zero_gravity_minus_normal_gravity,final_dz_dp,10090,-3.7486472703355975,-0.5265072607192213,3.222140009616376
zero_gravity_minus_normal_gravity,final_dz_dp,10091,-2.70762166036486,-0.5279824770569822,2.179639183307878
zero_gravity_minus_normal_gravity,final_dz_dp,10092,-1.9546796142091813,-0.3159440260932843,1.638735588115897
zero_gravity_minus_normal_gravity,final_dz_dp,10093,-0.042818582438453705,-0.04176611225201699,0.001052470186436713
zero_gravity_minus_normal_gravity,final_dz_dp,10094,-2.40616631252541,0.8070253474147517,3.2131916599401613
zero_gravity_minus_normal_gravity,final_dz_dp,10095,-5.477169552064064,0.5093345971143147,5.986504149178378
zero_gravity_minus_normal_gravity,final_dz_dp,10096,-2.6363951304582116,0.16006266308893866,2.7964577935471504
zero_gravity_minus_normal_gravity,final_dz_dp,10097,-1.4618760907978017,0.9674521553055108,2.4293282461033123
zero_gravity_minus_normal_gravity,final_dz_dp,10098,-1.1234158519473116,-1.1234158431577377,8.789573957557195e-09
zero_gravity_minus_normal_gravity,final_dz_dp,10099,-2.5387964923590802,0.6187479683847918,3.157544460743872
zero_gravity_minus_normal_gravity,final_dz_dp,10100,-2.140626514791578,-0.6798701780488542,1.4607563367427239
zero_gravity_minus_normal_gravity,reached_5dp,10001,1.0,1.0,0.0
zero_gravity_minus_normal_gravity,reached_5dp,10002,0.0,1.0,1.0
zero_gravity_minus_normal_gravity,reached_5dp,10003,1.0,1.0,0.0
zero_gravity_minus_normal_gravity,reached_5dp,10004,1.0,1.0,0.0
zero_gravity_minus_normal_gravity,reached_5dp,10005,1.0,1.0,0.0
zero_gravity_minus_normal_gravity,reached_5dp,10006,1.0,1.0,0.0
zero_gravity_minus_normal_gravity,reached_5dp,10007,1.0,1.0,0.0
zero_gravity_minus_normal_gravity,reached_5dp,10008,0.0,1.0,1.0
zero_gravity_minus_normal_gravity,reached_5dp,10009,1.0,1.0,0.0
zero_gravity_minus_normal_gravity,reached_5dp,10010,1.0,1.0,0.0
zero_gravity_minus_normal_gravity,reached_5dp,10011,1.0,1.0,0.0
zero_gravity_minus_normal_gravity,reached_5dp,10012,1.0,1.0,0.0
zero_gravity_minus_normal_gravity,reached_5dp,10013,0.0,0.0,0.0
zero_gravity_minus_normal_gravity,reached_5dp,10014,1.0,1.0,0.0
zero_gravity_minus_normal_gravity,reached_5dp,10015,1.0,1.0,0.0
zero_gravity_minus_normal_gravity,reached_5dp,10016,1.0,1.0,0.0
zero_gravity_minus_normal_gravity,reached_5dp,10017,1.0,1.0,0.0
zero_gravity_minus_normal_gravity,reached_5dp,10018,1.0,1.0,0.0
zero_gravity_minus_normal_gravity,reached_5dp,10019,1.0,1.0,0.0
zero_gravity_minus_normal_gravity,reached_5dp,10020,1.0,1.0,0.0
zero_gravity_minus_normal_gravity,reached_5dp,10021,1.0,1.0,0.0
zero_gravity_minus_normal_gravity,reached_5dp,10022,1.0,1.0,0.0
zero_gravity_minus_normal_gravity,reached_5dp,10023,1.0,1.0,0.0
zero_gravity_minus_normal_gravity,reached_5dp,10024,1.0,1.0,0.0
zero_gravity_minus_normal_gravity,reached_5dp,10025,1.0,1.0,0.0
zero_gravity_minus_normal_gravity,reached_5dp,10026,1.0,1.0,0.0
zero_gravity_minus_normal_gravity,reached_5dp,10027,0.0,0.0,0.0
zero_gravity_minus_normal_gravity,reached_5dp,10028,1.0,1.0,0.0
zero_gravity_minus_normal_gravity,reached_5dp,10029,0.0,0.0,0.0
zero_gravity_minus_normal_gravity,reached_5dp,10030,1.0,1.0,0.0
zero_gravity_minus_normal_gravity,reached_5dp,10031,1.0,1.0,0.0
zero_gravity_minus_normal_gravity,reached_5dp,10032,1.0,1.0,0.0
zero_gravity_minus_normal_gravity,reached_5dp,10033,1.0,1.0,0.0
zero_gravity_minus_normal_gravity,reached_5dp,10034,1.0,1.0,0.0
zero_gravity_minus_normal_gravity,reached_5dp,10035,0.0,1.0,1.0
zero_gravity_minus_normal_gravity,reached_5dp,10036,1.0,1.0,0.0
zero_gravity_minus_normal_gravity,reached_5dp,10037,1.0,1.0,0.0
zero_gravity_minus_normal_gravity,reached_5dp,10038,1.0,1.0,0.0
zero_gravity_minus_normal_gravity,reached_5dp,10039,1.0,1.0,0.0
zero_gravity_minus_normal_gravity,reached_5dp,10040,1.0,1.0,0.0
zero_gravity_minus_normal_gravity,reached_5dp,10041,1.0,1.0,0.0
zero_gravity_minus_normal_gravity,reached_5dp,10042,1.0,1.0,0.0
zero_gravity_minus_normal_gravity,reached_5dp,10043,1.0,1.0,0.0
zero_gravity_minus_normal_gravity,reached_5dp,10044,1.0,1.0,0.0
zero_gravity_minus_normal_gravity,reached_5dp,10045,1.0,1.0,0.0
zero_gravity_minus_normal_gravity,reached_5dp,10046,0.0,1.0,1.0
zero_gravity_minus_normal_gravity,reached_5dp,10047,1.0,1.0,0.0
zero_gravity_minus_normal_gravity,reached_5dp,10048,1.0,1.0,0.0
zero_gravity_minus_normal_gravity,reached_5dp,10049,0.0,0.0,0.0
zero_gravity_minus_normal_gravity,reached_5dp,10050,0.0,0.0,0.0
zero_gravity_minus_normal_gravity,reached_5dp,10051,1.0,1.0,0.0
zero_gravity_minus_normal_gravity,reached_5dp,10052,0.0,1.0,1.0
zero_gravity_minus_normal_gravity,reached_5dp,10053,0.0,1.0,1.0
zero_gravity_minus_normal_gravity,reached_5dp,10054,1.0,1.0,0.0
zero_gravity_minus_normal_gravity,reached_5dp,10055,0.0,1.0,1.0
zero_gravity_minus_normal_gravity,reached_5dp,10056,0.0,0.0,0.0
zero_gravity_minus_normal_gravity,reached_5dp,10057,1.0,1.0,0.0
zero_gravity_minus_normal_gravity,reached_5dp,10058,0.0,0.0,0.0
zero_gravity_minus_normal_gravity,reached_5dp,10059,1.0,1.0,0.0
zero_gravity_minus_normal_gravity,reached_5dp,10060,1.0,1.0,0.0
zero_gravity_minus_normal_gravity,reached_5dp,10061,1.0,1.0,0.0
zero_gravity_minus_normal_gravity,reached_5dp,10062,1.0,1.0,0.0
zero_gravity_minus_normal_gravity,reached_5dp,10063,1.0,1.0,0.0
zero_gravity_minus_normal_gravity,reached_5dp,10064,1.0,1.0,0.0
zero_gravity_minus_normal_gravity,reached_5dp,10065,1.0,1.0,0.0
zero_gravity_minus_normal_gravity,reached_5dp,10066,1.0,1.0,0.0
zero_gravity_minus_normal_gravity,reached_5dp,10067,1.0,1.0,0.0
zero_gravity_minus_normal_gravity,reached_5dp,10068,1.0,1.0,0.0
zero_gravity_minus_normal_gravity,reached_5dp,10069,0.0,1.0,1.0
zero_gravity_minus_normal_gravity,reached_5dp,10070,1.0,1.0,0.0
zero_gravity_minus_normal_gravity,reached_5dp,10071,1.0,1.0,0.0
zero_gravity_minus_normal_gravity,reached_5dp,10072,1.0,1.0,0.0
zero_gravity_minus_normal_gravity,reached_5dp,10073,1.0,1.0,0.0
zero_gravity_minus_normal_gravity,reached_5dp,10074,0.0,1.0,1.0
zero_gravity_minus_normal_gravity,reached_5dp,10075,0.0,0.0,0.0
zero_gravity_minus_normal_gravity,reached_5dp,10076,1.0,1.0,0.0
zero_gravity_minus_normal_gravity,reached_5dp,10077,0.0,0.0,0.0
zero_gravity_minus_normal_gravity,reached_5dp,10078,1.0,0.0,-1.0
zero_gravity_minus_normal_gravity,reached_5dp,10079,1.0,1.0,0.0
zero_gravity_minus_normal_gravity,reached_5dp,10080,1.0,1.0,0.0
zero_gravity_minus_normal_gravity,reached_5dp,10081,0.0,1.0,1.0
zero_gravity_minus_normal_gravity,reached_5dp,10082,1.0,1.0,0.0
zero_gravity_minus_normal_gravity,reached_5dp,10083,1.0,1.0,0.0
zero_gravity_minus_normal_gravity,reached_5dp,10084,1.0,1.0,0.0
zero_gravity_minus_normal_gravity,reached_5dp,10085,0.0,0.0,0.0
zero_gravity_minus_normal_gravity,reached_5dp,10086,1.0,1.0,0.0
zero_gravity_minus_normal_gravity,reached_5dp,10087,1.0,0.0,-1.0
zero_gravity_minus_normal_gravity,reached_5dp,10088,1.0,1.0,0.0
zero_gravity_minus_normal_gravity,reached_5dp,10089,1.0,1.0,0.0
zero_gravity_minus_normal_gravity,reached_5dp,10090,1.0,1.0,0.0
zero_gravity_minus_normal_gravity,reached_5dp,10091,1.0,1.0,0.0
zero_gravity_minus_normal_gravity,reached_5dp,10092,0.0,1.0,1.0
zero_gravity_minus_normal_gravity,reached_5dp,10093,0.0,0.0,0.0
zero_gravity_minus_normal_gravity,reached_5dp,10094,1.0,1.0,0.0
zero_gravity_minus_normal_gravity,reached_5dp,10095,1.0,1.0,0.0
zero_gravity_minus_normal_gravity,reached_5dp,10096,0.0,0.0,0.0
zero_gravity_minus_normal_gravity,reached_5dp,10097,1.0,1.0,0.0
zero_gravity_minus_normal_gravity,reached_5dp,10098,1.0,1.0,0.0
zero_gravity_minus_normal_gravity,reached_5dp,10099,1.0,1.0,0.0
zero_gravity_minus_normal_gravity,reached_5dp,10100,1.0,1.0,0.0
zero_gravity_minus_normal_gravity,ever_contacted,10001,1.0,1.0,0.0
zero_gravity_minus_normal_gravity,ever_contacted,10002,1.0,1.0,0.0
zero_gravity_minus_normal_gravity,ever_contacted,10003,1.0,1.0,0.0
zero_gravity_minus_normal_gravity,ever_contacted,10004,1.0,1.0,0.0
zero_gravity_minus_normal_gravity,ever_contacted,10005,1.0,1.0,0.0
zero_gravity_minus_normal_gravity,ever_contacted,10006,1.0,1.0,0.0
zero_gravity_minus_normal_gravity,ever_contacted,10007,1.0,1.0,0.0
zero_gravity_minus_normal_gravity,ever_contacted,10008,1.0,0.0,-1.0
zero_gravity_minus_normal_gravity,ever_contacted,10009,1.0,0.0,-1.0
zero_gravity_minus_normal_gravity,ever_contacted,10010,1.0,1.0,0.0
zero_gravity_minus_normal_gravity,ever_contacted,10011,1.0,1.0,0.0
zero_gravity_minus_normal_gravity,ever_contacted,10012,1.0,1.0,0.0
zero_gravity_minus_normal_gravity,ever_contacted,10013,1.0,1.0,0.0
zero_gravity_minus_normal_gravity,ever_contacted,10014,1.0,1.0,0.0
zero_gravity_minus_normal_gravity,ever_contacted,10015,1.0,1.0,0.0
zero_gravity_minus_normal_gravity,ever_contacted,10016,1.0,1.0,0.0
zero_gravity_minus_normal_gravity,ever_contacted,10017,1.0,1.0,0.0
zero_gravity_minus_normal_gravity,ever_contacted,10018,1.0,1.0,0.0
zero_gravity_minus_normal_gravity,ever_contacted,10019,1.0,1.0,0.0
zero_gravity_minus_normal_gravity,ever_contacted,10020,1.0,1.0,0.0
zero_gravity_minus_normal_gravity,ever_contacted,10021,1.0,1.0,0.0
zero_gravity_minus_normal_gravity,ever_contacted,10022,1.0,1.0,0.0
zero_gravity_minus_normal_gravity,ever_contacted,10023,1.0,1.0,0.0
zero_gravity_minus_normal_gravity,ever_contacted,10024,1.0,1.0,0.0
zero_gravity_minus_normal_gravity,ever_contacted,10025,1.0,1.0,0.0
zero_gravity_minus_normal_gravity,ever_contacted,10026,1.0,1.0,0.0
zero_gravity_minus_normal_gravity,ever_contacted,10027,1.0,1.0,0.0
zero_gravity_minus_normal_gravity,ever_contacted,10028,1.0,1.0,0.0
zero_gravity_minus_normal_gravity,ever_contacted,10029,1.0,1.0,0.0
zero_gravity_minus_normal_gravity,ever_contacted,10030,1.0,1.0,0.0
zero_gravity_minus_normal_gravity,ever_contacted,10031,1.0,1.0,0.0
zero_gravity_minus_normal_gravity,ever_contacted,10032,1.0,1.0,0.0
zero_gravity_minus_normal_gravity,ever_contacted,10033,1.0,1.0,0.0
zero_gravity_minus_normal_gravity,ever_contacted,10034,1.0,1.0,0.0
zero_gravity_minus_normal_gravity,ever_contacted,10035,1.0,1.0,0.0
zero_gravity_minus_normal_gravity,ever_contacted,10036,1.0,1.0,0.0
zero_gravity_minus_normal_gravity,ever_contacted,10037,1.0,1.0,0.0
zero_gravity_minus_normal_gravity,ever_contacted,10038,1.0,1.0,0.0
zero_gravity_minus_normal_gravity,ever_contacted,10039,1.0,1.0,0.0
zero_gravity_minus_normal_gravity,ever_contacted,10040,1.0,1.0,0.0
zero_gravity_minus_normal_gravity,ever_contacted,10041,1.0,1.0,0.0
zero_gravity_minus_normal_gravity,ever_contacted,10042,1.0,1.0,0.0
zero_gravity_minus_normal_gravity,ever_contacted,10043,1.0,1.0,0.0
zero_gravity_minus_normal_gravity,ever_contacted,10044,1.0,1.0,0.0
zero_gravity_minus_normal_gravity,ever_contacted,10045,1.0,1.0,0.0
zero_gravity_minus_normal_gravity,ever_contacted,10046,1.0,1.0,0.0
zero_gravity_minus_normal_gravity,ever_contacted,10047,1.0,1.0,0.0
zero_gravity_minus_normal_gravity,ever_contacted,10048,1.0,1.0,0.0
zero_gravity_minus_normal_gravity,ever_contacted,10049,1.0,1.0,0.0
zero_gravity_minus_normal_gravity,ever_contacted,10050,1.0,1.0,0.0
zero_gravity_minus_normal_gravity,ever_contacted,10051,1.0,1.0,0.0
zero_gravity_minus_normal_gravity,ever_contacted,10052,1.0,1.0,0.0
zero_gravity_minus_normal_gravity,ever_contacted,10053,1.0,1.0,0.0
zero_gravity_minus_normal_gravity,ever_contacted,10054,1.0,1.0,0.0
zero_gravity_minus_normal_gravity,ever_contacted,10055,1.0,1.0,0.0
zero_gravity_minus_normal_gravity,ever_contacted,10056,1.0,1.0,0.0
zero_gravity_minus_normal_gravity,ever_contacted,10057,1.0,1.0,0.0
zero_gravity_minus_normal_gravity,ever_contacted,10058,1.0,1.0,0.0
zero_gravity_minus_normal_gravity,ever_contacted,10059,1.0,1.0,0.0
zero_gravity_minus_normal_gravity,ever_contacted,10060,1.0,1.0,0.0
zero_gravity_minus_normal_gravity,ever_contacted,10061,1.0,1.0,0.0
zero_gravity_minus_normal_gravity,ever_contacted,10062,1.0,1.0,0.0
zero_gravity_minus_normal_gravity,ever_contacted,10063,1.0,1.0,0.0
zero_gravity_minus_normal_gravity,ever_contacted,10064,1.0,1.0,0.0
zero_gravity_minus_normal_gravity,ever_contacted,10065,1.0,1.0,0.0
zero_gravity_minus_normal_gravity,ever_contacted,10066,1.0,1.0,0.0
zero_gravity_minus_normal_gravity,ever_contacted,10067,1.0,1.0,0.0
zero_gravity_minus_normal_gravity,ever_contacted,10068,1.0,1.0,0.0
zero_gravity_minus_normal_gravity,ever_contacted,10069,1.0,1.0,0.0
zero_gravity_minus_normal_gravity,ever_contacted,10070,1.0,1.0,0.0
zero_gravity_minus_normal_gravity,ever_contacted,10071,1.0,1.0,0.0
zero_gravity_minus_normal_gravity,ever_contacted,10072,1.0,1.0,0.0
zero_gravity_minus_normal_gravity,ever_contacted,10073,1.0,1.0,0.0
zero_gravity_minus_normal_gravity,ever_contacted,10074,1.0,1.0,0.0
zero_gravity_minus_normal_gravity,ever_contacted,10075,1.0,1.0,0.0
zero_gravity_minus_normal_gravity,ever_contacted,10076,1.0,1.0,0.0
zero_gravity_minus_normal_gravity,ever_contacted,10077,1.0,1.0,0.0
zero_gravity_minus_normal_gravity,ever_contacted,10078,1.0,1.0,0.0
zero_gravity_minus_normal_gravity,ever_contacted,10079,1.0,1.0,0.0
zero_gravity_minus_normal_gravity,ever_contacted,10080,1.0,1.0,0.0
zero_gravity_minus_normal_gravity,ever_contacted,10081,1.0,1.0,0.0
zero_gravity_minus_normal_gravity,ever_contacted,10082,1.0,1.0,0.0
zero_gravity_minus_normal_gravity,ever_contacted,10083,1.0,1.0,0.0
zero_gravity_minus_normal_gravity,ever_contacted,10084,1.0,1.0,0.0
zero_gravity_minus_normal_gravity,ever_contacted,10085,1.0,1.0,0.0
zero_gravity_minus_normal_gravity,ever_contacted,10086,1.0,1.0,0.0
zero_gravity_minus_normal_gravity,ever_contacted,10087,1.0,1.0,0.0
zero_gravity_minus_normal_gravity,ever_contacted,10088,1.0,1.0,0.0
zero_gravity_minus_normal_gravity,ever_contacted,10089,1.0,1.0,0.0
zero_gravity_minus_normal_gravity,ever_contacted,10090,1.0,1.0,0.0
zero_gravity_minus_normal_gravity,ever_contacted,10091,1.0,1.0,0.0
zero_gravity_minus_normal_gravity,ever_contacted,10092,1.0,1.0,0.0
zero_gravity_minus_normal_gravity,ever_contacted,10093,1.0,1.0,0.0
zero_gravity_minus_normal_gravity,ever_contacted,10094,1.0,1.0,0.0
zero_gravity_minus_normal_gravity,ever_contacted,10095,1.0,1.0,0.0
zero_gravity_minus_normal_gravity,ever_contacted,10096,1.0,1.0,0.0
zero_gravity_minus_normal_gravity,ever_contacted,10097,1.0,1.0,0.0
zero_gravity_minus_normal_gravity,ever_contacted,10098,1.0,1.0,0.0
zero_gravity_minus_normal_gravity,ever_contacted,10099,1.0,1.0,0.0
zero_gravity_minus_normal_gravity,ever_contacted,10100,1.0,1.0,0.0
zero_gravity_minus_normal_gravity,sampled_contact_fraction,10001,0.4591802732422526,0.510163278907031,0.05098300566477837
zero_gravity_minus_normal_gravity,sampled_contact_fraction,10002,0.9360213262245918,0.6131289570143286,-0.3228923692102632
zero_gravity_minus_normal_gravity,sampled_contact_fraction,10003,0.4441852715761413,0.40619793402199267,-0.037987337554148626
zero_gravity_minus_normal_gravity,sampled_contact_fraction,10004,0.5701432855714762,0.4431856047984005,-0.12695768077307568
zero_gravity_minus_normal_gravity,sampled_contact_fraction,10005,0.5134955014995002,0.45884705098300566,-0.05464845051649453
zero_gravity_minus_normal_gravity,sampled_contact_fraction,10006,0.4578473842052649,0.8617127624125291,0.40386537820726426
zero_gravity_minus_normal_gravity,sampled_contact_fraction,10007,0.4485171609463512,0.36221259580139953,-0.08630456514495166
zero_gravity_minus_normal_gravity,sampled_contact_fraction,10008,0.3295568143952016,0.0,-0.3295568143952016
zero_gravity_minus_normal_gravity,sampled_contact_fraction,10009,0.35088303898700435,0.0,-0.35088303898700435
zero_gravity_minus_normal_gravity,sampled_contact_fraction,10010,0.42019326891036324,0.5648117294235255,0.1446184605131623
zero_gravity_minus_normal_gravity,sampled_contact_fraction,10011,0.2299233588803732,0.46951016327890704,0.23958680439853383
zero_gravity_minus_normal_gravity,sampled_contact_fraction,10012,0.49750083305564813,0.41686104631789406,-0.08063978673775407
zero_gravity_minus_normal_gravity,sampled_contact_fraction,10013,0.42619126957680775,0.5254915028323892,0.09930023325558146
zero_gravity_minus_normal_gravity,sampled_contact_fraction,10014,0.4121959346884372,0.7580806397867378,0.3458847050983006
zero_gravity_minus_normal_gravity,sampled_contact_fraction,10015,0.3652115961346218,0.6394535154948351,0.2742419193602133
zero_gravity_minus_normal_gravity,sampled_contact_fraction,10016,0.41752749083638785,0.5391536154615129,0.12162612462512501
zero_gravity_minus_normal_gravity,sampled_contact_fraction,10017,0.396867710763079,0.33088970343218926,-0.06597800733088971
zero_gravity_minus_normal_gravity,sampled_contact_fraction,10018,0.6817727424191936,0.38853715428190605,-0.29323558813728756
zero_gravity_minus_normal_gravity,sampled_contact_fraction,10019,0.4345218260579807,0.6667777407530823,0.2322559146951016
zero_gravity_minus_normal_gravity,sampled_contact_fraction,10020,0.5134955014995002,0.4385204931689437,-0.07497500833055648
zero_gravity_minus_normal_gravity,sampled_contact_fraction,10021,0.6367877374208597,0.5194935021659447,-0.117294235254915
zero_gravity_minus_normal_gravity,sampled_contact_fraction,10022,0.6661112962345884,0.4958347217594135,-0.1702765744751749
zero_gravity_minus_normal_gravity,sampled_contact_fraction,10023,0.7000999666777741,0.6514495168277241,-0.04865044985004996
zero_gravity_minus_normal_gravity,sampled_contact_fraction,10024,0.47184271909363545,0.498167277574142,0.02632455848050652
zero_gravity_minus_normal_gravity,sampled_contact_fraction,10025,0.4475174941686105,0.5754748417194269,0.1279573475508164
zero_gravity_minus_normal_gravity,sampled_contact_fraction,10026,0.41086304565144954,0.01432855714761746,-0.3965344885038321
zero_gravity_minus_normal_gravity,sampled_contact_fraction,10027,0.7210929690103299,0.47550816394535156,-0.24558480506497837
zero_gravity_minus_normal_gravity,sampled_contact_fraction,10028,0.6634455181606131,0.6487837387537487,-0.014661779406864417
zero_gravity_minus_normal_gravity,sampled_contact_fraction,10029,0.18593802065978007,0.3585471509496834,0.17260913028990335
zero_gravity_minus_normal_gravity,sampled_contact_fraction,10030,0.25124958347217596,0.4348550483172276,0.18360546484505164
zero_gravity_minus_normal_gravity,sampled_contact_fraction,10031,0.4991669443518827,0.4121959346884372,-0.08697100966344551
zero_gravity_minus_normal_gravity,sampled_contact_fraction,10032,0.45518160613128955,0.4161946017994002,-0.03898700433188934
zero_gravity_minus_normal_gravity,sampled_contact_fraction,10033,0.769410196601133,0.42719093635454847,-0.3422192602465845
zero_gravity_minus_normal_gravity,sampled_contact_fraction,10034,0.35321559480173276,0.3558813728757081,0.0026657780739753334
zero_gravity_minus_normal_gravity,sampled_contact_fraction,10035,0.481839386871043,0.4875041652782406,0.00566477840719759
zero_gravity_minus_normal_gravity,sampled_contact_fraction,10036,0.40219926691102964,0.38120626457847384,-0.0209930023325558
zero_gravity_minus_normal_gravity,sampled_contact_fraction,10037,0.44518493835388206,0.2762412529156948,-0.16894368543818727
zero_gravity_minus_normal_gravity,sampled_contact_fraction,10038,0.4971676107964012,0.5761412862379207,0.07897367544151951
zero_gravity_minus_normal_gravity,sampled_contact_fraction,10039,0.396867710763079,0.52649116961013,0.129623458847051
zero_gravity_minus_normal_gravity,sampled_contact_fraction,10040,0.47884038653782074,0.4521826057980673,-0.026657780739753445
zero_gravity_minus_normal_gravity,sampled_contact_fraction,10041,0.35521492835721424,0.027657447517494167,-0.3275574808397201
zero_gravity_minus_normal_gravity,sampled_contact_fraction,10042,0.4431856047984005,0.433188937020993,-0.009996667777407542
zero_gravity_minus_normal_gravity,sampled_contact_fraction,10043,0.4758413862045985,0.3728757080973009,-0.10296567810729756
zero_gravity_minus_normal_gravity,sampled_contact_fraction,10044,0.4785071642785738,0.03698767077640786,-0.44151949350216596
zero_gravity_minus_normal_gravity,sampled_contact_fraction,10045,0.3758747084305232,0.3958680439853382,0.019993335554815028
zero_gravity_minus_normal_gravity,sampled_contact_fraction,10046,0.1506164611796068,0.4808397200933022,0.3302232589136954
zero_gravity_minus_normal_gravity,sampled_contact_fraction,10047,0.23958680439853383,0.5051649450183272,0.26557814061979335
zero_gravity_minus_normal_gravity,sampled_contact_fraction,10048,0.5641452849050317,0.3382205931356215,-0.2259246917694102
zero_gravity_minus_normal_gravity,sampled_contact_fraction,10049,0.9906697767410862,0.9450183272242586,-0.04565144951682765
zero_gravity_minus_normal_gravity,sampled_contact_fraction,10050,0.0923025658113962,0.18693768743752082,0.09463512162612461
zero_gravity_minus_normal_gravity,sampled_contact_fraction,10051,0.5168277240919693,0.4708430523158947,-0.045984671776074626
zero_gravity_minus_normal_gravity,sampled_contact_fraction,10052,0.13795401532822393,0.1409530156614462,0.002999000333222257
zero_gravity_minus_normal_gravity,sampled_contact_fraction,10053,0.9603465511496168,0.425191602799067,-0.5351549483505498
zero_gravity_minus_normal_gravity,sampled_contact_fraction,10054,0.3352215928023992,0.02299233588803732,-0.3122292569143619
zero_gravity_minus_normal_gravity,sampled_contact_fraction,10055,0.8567144285238254,0.5498167277574142,-0.3068977007664112
zero_gravity_minus_normal_gravity,sampled_contact_fraction,10056,0.3222259246917694,0.2939020326557814,-0.028323892035988008
zero_gravity_minus_normal_gravity,sampled_contact_fraction,10057,0.514495168277241,0.37420859713428856,-0.1402865711429524
zero_gravity_minus_normal_gravity,sampled_contact_fraction,10058,0.1072975674775075,0.931356214595135,0.8240586471176274
zero_gravity_minus_normal_gravity,sampled_contact_fraction,10059,0.46351216261246253,0.4935021659446851,0.02999000333222257
zero_gravity_minus_normal_gravity,sampled_contact_fraction,10060,0.3995334888370543,0.16694435188270576,-0.23258913695434855
zero_gravity_minus_normal_gravity,sampled_contact_fraction,10061,0.4051982672442519,0.026324558480506497,-0.3788737087637454
zero_gravity_minus_normal_gravity,sampled_contact_fraction,10062,0.4951682772409197,0.39186937687437523,-0.10329890036654449
zero_gravity_minus_normal_gravity,sampled_contact_fraction,10063,0.7864045318227257,0.04131956014661779,-0.745084971676108
zero_gravity_minus_normal_gravity,sampled_contact_fraction,10064,0.34521826057980676,0.00866377874041986,-0.3365544818393869
zero_gravity_minus_normal_gravity,sampled_contact_fraction,10065,0.43185604798400534,0.595468177274242,0.1636121292902366
zero_gravity_minus_normal_gravity,sampled_contact_fraction,10066,0.5321559480173276,0.48717094301899366,-0.04498500499833391
zero_gravity_minus_normal_gravity,sampled_contact_fraction,10067,0.37920693102299236,0.5641452849050317,0.18493835388203933
zero_gravity_minus_normal_gravity,sampled_contact_fraction,10068,0.7227590803065644,0.6297900699766744,-0.09296901032989002
zero_gravity_minus_normal_gravity,sampled_contact_fraction,10069,0.41552815728090636,0.4105298233922026,-0.004998333888703743
zero_gravity_minus_normal_gravity,sampled_contact_fraction,10070,0.692102632455848,0.514161946017994,-0.177940686437854
zero_gravity_minus_normal_gravity,sampled_contact_fraction,10071,0.6741086304565145,0.39886704431856046,-0.275241586137954
zero_gravity_minus_normal_gravity,sampled_contact_fraction,10072,0.40253248917027656,0.48350549816727756,0.080973008997001
zero_gravity_minus_normal_gravity,sampled_contact_fraction,10073,0.40019993335554815,0.28357214261912694,-0.11662779073642121
zero_gravity_minus_normal_gravity,sampled_contact_fraction,10074,0.915361546151283,0.2299233588803732,-0.6854381872709098
zero_gravity_minus_normal_gravity,sampled_contact_fraction,10075,0.9480173275574808,0.9410196601132955,-0.006997667444185285
zero_gravity_minus_normal_gravity,sampled_contact_fraction,10076,0.33455514828390537,0.0036654448517160947,-0.33088970343218926
zero_gravity_minus_normal_gravity,sampled_contact_fraction,10077,0.7514161946017994,0.8020659780073309,0.0506497834055315
zero_gravity_minus_normal_gravity,sampled_contact_fraction,10078,0.4101966011329557,0.46984338553815397,0.05964678440519827
zero_gravity_minus_normal_gravity,sampled_contact_fraction,10079,0.595468177274242,0.7780739753415529,0.18260579806731092
zero_gravity_minus_normal_gravity,sampled_contact_fraction,10080,0.4805064978340553,0.4555148283905365,-0.024991669443518827
zero_gravity_minus_normal_gravity,sampled_contact_fraction,10081,0.01766077974008664,0.22125958013995334,0.2035988003998667
zero_gravity_minus_normal_gravity,sampled_contact_fraction,10082,0.24058647117627457,0.4198600466511163,0.17927357547484174
zero_gravity_minus_normal_gravity,sampled_contact_fraction,10083,0.3758747084305232,0.4995001666111296,0.12362545818060644
zero_gravity_minus_normal_gravity,sampled_contact_fraction,10084,0.47350883038987,0.3352215928023992,-0.1382872375874708
zero_gravity_minus_normal_gravity,sampled_contact_fraction,10085,0.9100299900033322,0.9016994335221593,-0.008330556481172868
zero_gravity_minus_normal_gravity,sampled_contact_fraction,10086,0.5284905031656114,0.530156614461846,0.001666111296234618
zero_gravity_minus_normal_gravity,sampled_contact_fraction,10087,0.45051649450183273,0.9136954348550483,0.4631789403532156
zero_gravity_minus_normal_gravity,sampled_contact_fraction,10088,0.5044985004998334,0.5201599466844385,0.015661446184605188
zero_gravity_minus_normal_gravity,sampled_contact_fraction,10089,0.4745084971676108,0.10963012329223593,-0.36487837387537486
zero_gravity_minus_normal_gravity,sampled_contact_fraction,10090,0.5444851716094635,0.6151282905698101,0.07064311896034658
zero_gravity_minus_normal_gravity,sampled_contact_fraction,10091,0.5241586137954015,0.5771409530156615,0.052982339220259966
zero_gravity_minus_normal_gravity,sampled_contact_fraction,10092,0.32489170276574475,0.3428857047650783,0.017994001999333542
zero_gravity_minus_normal_gravity,sampled_contact_fraction,10093,0.15894701766077973,0.29790069976674444,0.1389536821059647
zero_gravity_minus_normal_gravity,sampled_contact_fraction,10094,0.45418193935354884,0.36254581806064645,-0.09163612129290238
zero_gravity_minus_normal_gravity,sampled_contact_fraction,10095,0.44518493835388206,0.8533822059313562,0.4081972675774741
zero_gravity_minus_normal_gravity,sampled_contact_fraction,10096,0.6571142952349217,0.3315561479506831,-0.3255581472842386
zero_gravity_minus_normal_gravity,sampled_contact_fraction,10097,0.3858713762079307,0.5184938353882039,0.1326224591802732
zero_gravity_minus_normal_gravity,sampled_contact_fraction,10098,0.00433188937020993,0.08697100966344552,0.0826391202932356
zero_gravity_minus_normal_gravity,sampled_contact_fraction,10099,0.4911696101299567,0.4431856047984005,-0.04798400533155617
zero_gravity_minus_normal_gravity,sampled_contact_fraction,10100,0.49050316561146284,0.4815061646117961,-0.008997000999666771
zero_gravity_minus_normal_gravity,maximum_contact_force_N,10001,0.00017141963571730662,0.00020748790041173837,3.606826469443176e-05
zero_gravity_minus_normal_gravity,maximum_contact_force_N,10002,8.061645562402886e-05,7.677966994172851e-05,-3.836785682300356e-06
zero_gravity_minus_normal_gravity,maximum_contact_force_N,10003,6.635569345847799e-05,0.00010601231303327148,3.965661957479349e-05
zero_gravity_minus_normal_gravity,maximum_contact_force_N,10004,9.77172181600621e-05,0.0002473283202720378,0.00014961110211197568
zero_gravity_minus_normal_gravity,maximum_contact_force_N,10005,0.0010049320591147492,6.663034466975551e-05,-0.0009383017144449936
zero_gravity_minus_normal_gravity,maximum_contact_force_N,10006,0.00013500740352033702,3.347724749528179e-05,-0.00010153015602505523
zero_gravity_minus_normal_gravity,maximum_contact_force_N,10007,9.212434360131339e-05,0.00016489786344149403,7.277351984018064e-05
zero_gravity_minus_normal_gravity,maximum_contact_force_N,10008,2.803591660956122e-06,0.0,-2.803591660956122e-06
zero_gravity_minus_normal_gravity,maximum_contact_force_N,10009,0.00012188685404942412,0.0,-0.00012188685404942412
zero_gravity_minus_normal_gravity,maximum_contact_force_N,10010,9.827447661273744e-05,0.0001250502016712025,2.6775725058465064e-05
zero_gravity_minus_normal_gravity,maximum_contact_force_N,10011,5.489248630445498e-05,0.00010099316022564897,4.6100673921193985e-05
zero_gravity_minus_normal_gravity,maximum_contact_force_N,10012,2.5514389483566858e-05,5.39040945639193e-05,2.8389705080352443e-05
zero_gravity_minus_normal_gravity,maximum_contact_force_N,10013,7.34551120806753e-08,1.6933487387597336e-06,1.6198936266790584e-06
zero_gravity_minus_normal_gravity,maximum_contact_force_N,10014,3.0019153170302358e-05,6.218181475861975e-05,3.2162661588317396e-05
zero_gravity_minus_normal_gravity,maximum_contact_force_N,10015,0.00010476838869689578,1.155716539961101e-05,-9.321122329728477e-05
zero_gravity_minus_normal_gravity,maximum_contact_force_N,10016,2.089363030407157e-05,8.939726722490864e-05,6.850363692083707e-05
zero_gravity_minus_normal_gravity,maximum_contact_force_N,10017,7.555618312586032e-05,0.00034215028071106366,0.00026659409758520336
zero_gravity_minus_normal_gravity,maximum_contact_force_N,10018,9.178814892937793e-05,0.0008575936991105988,0.0007658055501812208
zero_gravity_minus_normal_gravity,maximum_contact_force_N,10019,7.616596647146427e-05,0.00011450062888692933,3.833466241546505e-05
zero_gravity_minus_normal_gravity,maximum_contact_force_N,10020,0.00024550149109511224,0.00010058991029851877,-0.00014491158079659347
zero_gravity_minus_normal_gravity,maximum_contact_force_N,10021,4.8365457077217596e-05,0.0001187509701305147,7.03855130532971e-05
zero_gravity_minus_normal_gravity,maximum_contact_force_N,10022,0.00010734126213989471,0.000109921339002491,2.5800768625962902e-06
zero_gravity_minus_normal_gravity,maximum_contact_force_N,10023,4.602537618228038e-05,6.380216520848313e-05,1.7776789026202753e-05
zero_gravity_minus_normal_gravity,maximum_contact_force_N,10024,7.689960231791525e-05,6.661972512685465e-05,-1.0279877191060607e-05
zero_gravity_minus_normal_gravity,maximum_contact_force_N,10025,5.9302480606467136e-05,0.00039478171262367077,0.00033547923201720364
zero_gravity_minus_normal_gravity,maximum_contact_force_N,10026,6.0916748883529026e-05,2.9051443236559854e-07,-6.0626234451163424e-05
zero_gravity_minus_normal_gravity,maximum_contact_force_N,10027,2.2019195602614845e-05,2.2414793174170438e-06,-1.9777716285197802e-05
zero_gravity_minus_normal_gravity,maximum_contact_force_N,10028,7.849482242730556e-05,0.00018497501390180932,0.00010648019147450376
zero_gravity_minus_normal_gravity,maximum_contact_force_N,10029,1.0178977644613724e-05,4.7519264406522875e-07,-9.703785000548495e-06
zero_gravity_minus_normal_gravity,maximum_contact_force_N,10030,7.793892226310474e-05,8.025159746314724e-05,2.312675200042498e-06
zero_gravity_minus_normal_gravity,maximum_contact_force_N,10031,7.185687124563099e-05,1.2087075034647061e-05,-5.976979621098393e-05
zero_gravity_minus_normal_gravity,maximum_contact_force_N,10032,8.825388561937396e-05,4.490233633709734e-05,-4.3351549282276624e-05
zero_gravity_minus_normal_gravity,maximum_contact_force_N,10033,7.64289285148483e-05,4.386681720013152e-05,-3.256211131471677e-05
zero_gravity_minus_normal_gravity,maximum_contact_force_N,10034,0.0003447628082892074,7.299171291608215e-05,-0.0002717710953731253
zero_gravity_minus_normal_gravity,maximum_contact_force_N,10035,2.3986706242513895e-08,3.674694489755066e-05,3.672295819130815e-05
zero_gravity_minus_normal_gravity,maximum_contact_force_N,10036,6.0564957918759625e-05,4.05965100831166e-05,-1.9968447835643023e-05
zero_gravity_minus_normal_gravity,maximum_contact_force_N,10037,9.971860654847697e-05,1.3285425997808388e-05,-8.643318055066858e-05
zero_gravity_minus_normal_gravity,maximum_contact_force_N,10038,0.00013264184967687085,0.00018360019585096705,5.0958346174096206e-05
zero_gravity_minus_normal_gravity,maximum_contact_force_N,10039,0.00019235684400179724,0.0001315297359523421,-6.082710804945513e-05
zero_gravity_minus_normal_gravity,maximum_contact_force_N,10040,5.486787727073999e-05,7.6274069751244e-05,2.1406192480504013e-05
zero_gravity_minus_normal_gravity,maximum_contact_force_N,10041,4.554600056318003e-05,2.370791798655018e-06,-4.3175208764525014e-05
zero_gravity_minus_normal_gravity,maximum_contact_force_N,10042,0.0001319561627238282,0.0002977408972216079,0.0001657847344977797
zero_gravity_minus_normal_gravity,maximum_contact_force_N,10043,4.2913758662950645e-05,0.00011946662153109574,7.65528628681451e-05
zero_gravity_minus_normal_gravity,maximum_contact_force_N,10044,0.000727666191574637,1.4628097838616619e-06,-0.0007262033817907753
zero_gravity_minus_normal_gravity,maximum_contact_force_N,10045,8.593627955282028e-05,0.00017738992957261936,9.145365001979909e-05
zero_gravity_minus_normal_gravity,maximum_contact_force_N,10046,2.840740462770895e-06,7.672708116942752e-05,7.388634070665662e-05
zero_gravity_minus_normal_gravity,maximum_contact_force_N,10047,0.00010106207947138229,0.00012321824960787617,2.215617013649388e-05
zero_gravity_minus_normal_gravity,maximum_contact_force_N,10048,2.0094897712248753e-05,8.485316177161277e-05,6.475826405936402e-05
zero_gravity_minus_normal_gravity,maximum_contact_force_N,10049,7.46774933621758e-05,3.538330721402125e-05,-3.929418614815455e-05
zero_gravity_minus_normal_gravity,maximum_contact_force_N,10050,1.5241393855765072e-07,1.838885924029698e-05,1.823644530173933e-05
zero_gravity_minus_normal_gravity,maximum_contact_force_N,10051,8.5026027468366e-05,6.953738888162785e-05,-1.5488638586738147e-05
zero_gravity_minus_normal_gravity,maximum_contact_force_N,10052,5.056181355729523e-07,8.425551581603297e-06,7.919933446030344e-06
zero_gravity_minus_normal_gravity,maximum_contact_force_N,10053,2.933031192779809e-05,4.3213077059403476e-05,1.3882765131605386e-05
zero_gravity_minus_normal_gravity,maximum_contact_force_N,10054,0.00016798531230283547,1.7493865717108265e-06,-0.00016623592573112463
zero_gravity_minus_normal_gravity,maximum_contact_force_N,10055,7.633640625366192e-06,5.948528319597556e-05,5.185164257060937e-05
zero_gravity_minus_normal_gravity,maximum_contact_force_N,10056,7.920883108624967e-07,1.6546463756065234e-05,1.5754375445202737e-05
zero_gravity_minus_normal_gravity,maximum_contact_force_N,10057,0.0003872158660112238,0.0001634676004960576,-0.00022374826551516618
zero_gravity_minus_normal_gravity,maximum_contact_force_N,10058,4.817203810005165e-06,4.652832437075909e-06,-1.643713729292557e-07
zero_gravity_minus_normal_gravity,maximum_contact_force_N,10059,5.413570524313475e-05,0.00010414759691168496,5.0011891668550214e-05
zero_gravity_minus_normal_gravity,maximum_contact_force_N,10060,0.00020425151829121297,1.3083427125948344e-05,-0.00019116809116526462
zero_gravity_minus_normal_gravity,maximum_contact_force_N,10061,0.00011054397309605629,1.3278163651557168e-07,-0.00011041119145954072
zero_gravity_minus_normal_gravity,maximum_contact_force_N,10062,0.0011494376457905561,6.0986357791721416e-05,-0.0010884512879988347
zero_gravity_minus_normal_gravity,maximum_contact_force_N,10063,0.00019182009814223416,2.0793501290390586e-06,-0.0001897407480131951
zero_gravity_minus_normal_gravity,maximum_contact_force_N,10064,6.347441339693067e-05,6.973111331741735e-07,-6.277710226375649e-05
zero_gravity_minus_normal_gravity,maximum_contact_force_N,10065,0.00011780374970371031,5.1429801665763264e-05,-6.637394803794705e-05
zero_gravity_minus_normal_gravity,maximum_contact_force_N,10066,5.377104976455401e-05,1.7954858013379968e-05,-3.5816191751174045e-05
zero_gravity_minus_normal_gravity,maximum_contact_force_N,10067,8.737036756838129e-05,8.239584766310907e-05,-4.974519905272219e-06
zero_gravity_minus_normal_gravity,maximum_contact_force_N,10068,3.4334480651437705e-05,2.445131228472877e-05,-9.883168366708935e-06
zero_gravity_minus_normal_gravity,maximum_contact_force_N,10069,9.269749473935894e-06,2.7741771421782943e-05,1.847202194784705e-05
zero_gravity_minus_normal_gravity,maximum_contact_force_N,10070,7.59762764285289e-05,0.00011271105928736736,3.6734782858838456e-05
zero_gravity_minus_normal_gravity,maximum_contact_force_N,10071,0.00016998216945949662,7.614131414332241e-05,-9.38408553161742e-05
zero_gravity_minus_normal_gravity,maximum_contact_force_N,10072,3.102945091194358e-05,8.71003705271253e-05,5.6070919615181724e-05
zero_gravity_minus_normal_gravity,maximum_contact_force_N,10073,4.727362895500904e-05,3.9513543000801264e-05,-7.760085954207775e-06
zero_gravity_minus_normal_gravity,maximum_contact_force_N,10074,1.420712173193504e-05,7.243480853026198e-06,-6.963640878908842e-06
zero_gravity_minus_normal_gravity,maximum_contact_force_N,10075,4.35250696523869e-06,5.22138891152422e-06,8.688819462855304e-07
zero_gravity_minus_normal_gravity,maximum_contact_force_N,10076,0.00013072743954093473,7.810465940854315e-06,-0.00012291697360008043
zero_gravity_minus_normal_gravity,maximum_contact_force_N,10077,5.986993260349446e-08,1.3666929904148946e-07,7.679936643799501e-08
zero_gravity_minus_normal_gravity,maximum_contact_force_N,10078,5.839617910132569e-05,9.336389975409802e-06,-4.905978912591589e-05
zero_gravity_minus_normal_gravity,maximum_contact_force_N,10079,7.373975735236361e-05,0.00010066315844711106,2.692340109474745e-05
zero_gravity_minus_normal_gravity,maximum_contact_force_N,10080,9.083433734034674e-05,0.0001342095088481542,4.337517150780745e-05
zero_gravity_minus_normal_gravity,maximum_contact_force_N,10081,8.32168711245132e-07,2.3729312995384808e-05,2.2897144284139677e-05
zero_gravity_minus_normal_gravity,maximum_contact_force_N,10082,2.8905198506473756e-05,0.0002566624382517218,0.00022775723974524805
zero_gravity_minus_normal_gravity,maximum_contact_force_N,10083,2.827680267237783e-05,0.00010478361479991576,7.650681212753794e-05
zero_gravity_minus_normal_gravity,maximum_contact_force_N,10084,3.437348654176897e-05,0.00012473488202603567,9.03613954842667e-05
zero_gravity_minus_normal_gravity,maximum_contact_force_N,10085,9.821442663218916e-06,2.7802378286174902e-05,1.7980935622955987e-05
zero_gravity_minus_normal_gravity,maximum_contact_force_N,10086,8.672267529664148e-05,0.00013973891641984602,5.301624112320454e-05
zero_gravity_minus_normal_gravity,maximum_contact_force_N,10087,7.772842564824355e-05,5.726284765937628e-05,-2.0465577988867272e-05
zero_gravity_minus_normal_gravity,maximum_contact_force_N,10088,5.1445657263451834e-05,7.841217563833408e-05,2.696651837488225e-05
zero_gravity_minus_normal_gravity,maximum_contact_force_N,10089,0.0004145551446126143,1.3083427125948344e-05,-0.000401471717486666
zero_gravity_minus_normal_gravity,maximum_contact_force_N,10090,0.0001340355039016111,0.0005794381303089279,0.00044540262640731677
zero_gravity_minus_normal_gravity,maximum_contact_force_N,10091,0.0001262384698684427,0.00015044959818588953,2.421112831744684e-05
zero_gravity_minus_normal_gravity,maximum_contact_force_N,10092,1.5486794101946696e-05,2.3920847140531346e-05,8.43405303858465e-06
zero_gravity_minus_normal_gravity,maximum_contact_force_N,10093,1.2460775173679026e-07,2.912645077296421e-06,2.788037325559631e-06
zero_gravity_minus_normal_gravity,maximum_contact_force_N,10094,0.0001491024350067331,6.498932134591861e-05,-8.41131136608145e-05
zero_gravity_minus_normal_gravity,maximum_contact_force_N,10095,5.9332221586871485e-05,2.245170342520811e-05,-3.6880518161663376e-05
zero_gravity_minus_normal_gravity,maximum_contact_force_N,10096,1.6200871913416224e-05,4.1639495168388384e-06,-1.2036922396577385e-05
zero_gravity_minus_normal_gravity,maximum_contact_force_N,10097,0.0004693358776432961,0.0003239157454358838,-0.00014542013220741234
zero_gravity_minus_normal_gravity,maximum_contact_force_N,10098,3.068433316455809e-06,2.9086617181606463e-05,2.6018183865150655e-05
zero_gravity_minus_normal_gravity,maximum_contact_force_N,10099,0.00010740606834088889,0.00010691414608845442,-4.919222524344747e-07
zero_gravity_minus_normal_gravity,maximum_contact_force_N,10100,0.00011884810395909571,0.00021420432042181683,9.535621646272112e-05
zero_gravity_minus_normal_gravity,bottom_wall_contact_sample_fraction,10001,0.0,0.0,0.0
zero_gravity_minus_normal_gravity,bottom_wall_contact_sample_fraction,10002,0.0,0.0,0.0
zero_gravity_minus_normal_gravity,bottom_wall_contact_sample_fraction,10003,0.0,0.0,0.0
zero_gravity_minus_normal_gravity,bottom_wall_contact_sample_fraction,10004,0.0,0.0,0.0
zero_gravity_minus_normal_gravity,bottom_wall_contact_sample_fraction,10005,0.0,0.0,0.0
zero_gravity_minus_normal_gravity,bottom_wall_contact_sample_fraction,10006,0.0,0.0,0.0
zero_gravity_minus_normal_gravity,bottom_wall_contact_sample_fraction,10007,0.32122625791402865,0.0,-0.32122625791402865
zero_gravity_minus_normal_gravity,bottom_wall_contact_sample_fraction,10008,0.0,0.0,0.0
zero_gravity_minus_normal_gravity,bottom_wall_contact_sample_fraction,10009,0.0,0.0,0.0
zero_gravity_minus_normal_gravity,bottom_wall_contact_sample_fraction,10010,0.0,0.0,0.0
zero_gravity_minus_normal_gravity,bottom_wall_contact_sample_fraction,10011,0.3665444851716095,0.0,-0.3665444851716095
zero_gravity_minus_normal_gravity,bottom_wall_contact_sample_fraction,10012,0.0,0.0,0.0
zero_gravity_minus_normal_gravity,bottom_wall_contact_sample_fraction,10013,0.979673442185938,0.48917027657447515,-0.49050316561146284
zero_gravity_minus_normal_gravity,bottom_wall_contact_sample_fraction,10014,0.0,0.0,0.0
zero_gravity_minus_normal_gravity,bottom_wall_contact_sample_fraction,10015,0.0,0.0,0.0
zero_gravity_minus_normal_gravity,bottom_wall_contact_sample_fraction,10016,0.0,0.0,0.0
zero_gravity_minus_normal_gravity,bottom_wall_contact_sample_fraction,10017,0.060313228923692105,0.0,-0.060313228923692105
zero_gravity_minus_normal_gravity,bottom_wall_contact_sample_fraction,10018,0.0,0.0,0.0
zero_gravity_minus_normal_gravity,bottom_wall_contact_sample_fraction,10019,0.0,0.0,0.0
zero_gravity_minus_normal_gravity,bottom_wall_contact_sample_fraction,10020,0.0,0.0,0.0
zero_gravity_minus_normal_gravity,bottom_wall_contact_sample_fraction,10021,0.0,0.0,0.0
zero_gravity_minus_normal_gravity,bottom_wall_contact_sample_fraction,10022,0.0,0.0,0.0
zero_gravity_minus_normal_gravity,bottom_wall_contact_sample_fraction,10023,0.0,0.0,0.0
zero_gravity_minus_normal_gravity,bottom_wall_contact_sample_fraction,10024,0.0,0.0,0.0
zero_gravity_minus_normal_gravity,bottom_wall_contact_sample_fraction,10025,0.0,0.0,0.0
zero_gravity_minus_normal_gravity,bottom_wall_contact_sample_fraction,10026,0.0,0.0,0.0
zero_gravity_minus_normal_gravity,bottom_wall_contact_sample_fraction,10027,0.0,0.0,0.0
zero_gravity_minus_normal_gravity,bottom_wall_contact_sample_fraction,10028,0.0,0.0,0.0
zero_gravity_minus_normal_gravity,bottom_wall_contact_sample_fraction,10029,0.0,0.0,0.0
zero_gravity_minus_normal_gravity,bottom_wall_contact_sample_fraction,10030,0.6741086304565145,0.0,-0.6741086304565145
zero_gravity_minus_normal_gravity,bottom_wall_contact_sample_fraction,10031,0.0,0.0,0.0
zero_gravity_minus_normal_gravity,bottom_wall_contact_sample_fraction,10032,0.0,0.0,0.0
zero_gravity_minus_normal_gravity,bottom_wall_contact_sample_fraction,10033,0.0,0.0,0.0
zero_gravity_minus_normal_gravity,bottom_wall_contact_sample_fraction,10034,0.0,0.0,0.0
zero_gravity_minus_normal_gravity,bottom_wall_contact_sample_fraction,10035,0.9343552149283573,0.0,-0.9343552149283573
zero_gravity_minus_normal_gravity,bottom_wall_contact_sample_fraction,10036,0.0,0.0,0.0
zero_gravity_minus_normal_gravity,bottom_wall_contact_sample_fraction,10037,0.0,0.0,0.0
zero_gravity_minus_normal_gravity,bottom_wall_contact_sample_fraction,10038,0.0,0.0,0.0
zero_gravity_minus_normal_gravity,bottom_wall_contact_sample_fraction,10039,0.16461179606797735,0.0,-0.16461179606797735
zero_gravity_minus_normal_gravity,bottom_wall_contact_sample_fraction,10040,0.0,0.0,0.0
zero_gravity_minus_normal_gravity,bottom_wall_contact_sample_fraction,10041,0.0,0.0,0.0
zero_gravity_minus_normal_gravity,bottom_wall_contact_sample_fraction,10042,0.0,0.0,0.0
zero_gravity_minus_normal_gravity,bottom_wall_contact_sample_fraction,10043,0.0,0.0,0.0
zero_gravity_minus_normal_gravity,bottom_wall_contact_sample_fraction,10044,0.0,0.0,0.0
zero_gravity_minus_normal_gravity,bottom_wall_contact_sample_fraction,10045,0.0,0.0,0.0
zero_gravity_minus_normal_gravity,bottom_wall_contact_sample_fraction,10046,0.8813728757080973,0.0,-0.8813728757080973
zero_gravity_minus_normal_gravity,bottom_wall_contact_sample_fraction,10047,0.0,0.0,0.0
zero_gravity_minus_normal_gravity,bottom_wall_contact_sample_fraction,10048,0.7650783072309231,0.48917027657447515,-0.2759080306564479
zero_gravity_minus_normal_gravity,bottom_wall_contact_sample_fraction,10049,0.0,0.0,0.0
zero_gravity_minus_normal_gravity,bottom_wall_contact_sample_fraction,10050,0.9486837720759747,0.7637454181939354,-0.18493835388203927
zero_gravity_minus_normal_gravity,bottom_wall_contact_sample_fraction,10051,0.0,0.0,0.0
zero_gravity_minus_normal_gravity,bottom_wall_contact_sample_fraction,10052,0.9016994335221593,0.3548817060979673,-0.546817727424192
zero_gravity_minus_normal_gravity,bottom_wall_contact_sample_fraction,10053,0.0,0.0,0.0
zero_gravity_minus_normal_gravity,bottom_wall_contact_sample_fraction,10054,0.0,0.0,0.0
zero_gravity_minus_normal_gravity,bottom_wall_contact_sample_fraction,10055,0.0,0.0,0.0
zero_gravity_minus_normal_gravity,bottom_wall_contact_sample_fraction,10056,0.0,0.0,0.0
zero_gravity_minus_normal_gravity,bottom_wall_contact_sample_fraction,10057,0.0,0.0,0.0
zero_gravity_minus_normal_gravity,bottom_wall_contact_sample_fraction,10058,0.0,0.0,0.0
zero_gravity_minus_normal_gravity,bottom_wall_contact_sample_fraction,10059,0.059646784405198265,0.0,-0.059646784405198265
zero_gravity_minus_normal_gravity,bottom_wall_contact_sample_fraction,10060,0.0,0.0,0.0
zero_gravity_minus_normal_gravity,bottom_wall_contact_sample_fraction,10061,0.0,0.0,0.0
zero_gravity_minus_normal_gravity,bottom_wall_contact_sample_fraction,10062,0.0,0.0,0.0
zero_gravity_minus_normal_gravity,bottom_wall_contact_sample_fraction,10063,0.0,0.0,0.0
zero_gravity_minus_normal_gravity,bottom_wall_contact_sample_fraction,10064,0.0,0.0,0.0
zero_gravity_minus_normal_gravity,bottom_wall_contact_sample_fraction,10065,0.0,0.0,0.0
zero_gravity_minus_normal_gravity,bottom_wall_contact_sample_fraction,10066,0.0,0.0,0.0
zero_gravity_minus_normal_gravity,bottom_wall_contact_sample_fraction,10067,0.0,0.0,0.0
zero_gravity_minus_normal_gravity,bottom_wall_contact_sample_fraction,10068,0.0,0.0,0.0
zero_gravity_minus_normal_gravity,bottom_wall_contact_sample_fraction,10069,0.8493835388203932,0.36987670776407866,-0.47950683105631453
zero_gravity_minus_normal_gravity,bottom_wall_contact_sample_fraction,10070,0.0,0.0,0.0
zero_gravity_minus_normal_gravity,bottom_wall_contact_sample_fraction,10071,0.0,0.0,0.0
zero_gravity_minus_normal_gravity,bottom_wall_contact_sample_fraction,10072,0.3762079306897701,0.0,-0.3762079306897701
zero_gravity_minus_normal_gravity,bottom_wall_contact_sample_fraction,10073,0.43552149283572145,0.0,-0.43552149283572145
zero_gravity_minus_normal_gravity,bottom_wall_contact_sample_fraction,10074,0.0,0.0,0.0
zero_gravity_minus_normal_gravity,bottom_wall_contact_sample_fraction,10075,0.0,0.0,0.0
zero_gravity_minus_normal_gravity,bottom_wall_contact_sample_fraction,10076,0.0,0.0,0.0
zero_gravity_minus_normal_gravity,bottom_wall_contact_sample_fraction,10077,0.9853382205931356,0.781406197934022,-0.2039320226591136
zero_gravity_minus_normal_gravity,bottom_wall_contact_sample_fraction,10078,0.0,0.0,0.0
zero_gravity_minus_normal_gravity,bottom_wall_contact_sample_fraction,10079,0.0,0.0,0.0
zero_gravity_minus_normal_gravity,bottom_wall_contact_sample_fraction,10080,0.0,0.0,0.0
zero_gravity_minus_normal_gravity,bottom_wall_contact_sample_fraction,10081,0.8327224258580473,0.0,-0.8327224258580473
zero_gravity_minus_normal_gravity,bottom_wall_contact_sample_fraction,10082,0.8073975341552816,0.0,-0.8073975341552816
zero_gravity_minus_normal_gravity,bottom_wall_contact_sample_fraction,10083,0.11462845718093968,0.0,-0.11462845718093968
zero_gravity_minus_normal_gravity,bottom_wall_contact_sample_fraction,10084,0.0,0.0,0.0
zero_gravity_minus_normal_gravity,bottom_wall_contact_sample_fraction,10085,0.0,0.0,0.0
zero_gravity_minus_normal_gravity,bottom_wall_contact_sample_fraction,10086,0.0,0.0,0.0
zero_gravity_minus_normal_gravity,bottom_wall_contact_sample_fraction,10087,0.0,0.0,0.0
zero_gravity_minus_normal_gravity,bottom_wall_contact_sample_fraction,10088,0.0,0.0,0.0
zero_gravity_minus_normal_gravity,bottom_wall_contact_sample_fraction,10089,0.0,0.0,0.0
zero_gravity_minus_normal_gravity,bottom_wall_contact_sample_fraction,10090,0.0,0.0,0.0
zero_gravity_minus_normal_gravity,bottom_wall_contact_sample_fraction,10091,0.0,0.0,0.0
zero_gravity_minus_normal_gravity,bottom_wall_contact_sample_fraction,10092,0.3548817060979673,0.0,-0.3548817060979673
zero_gravity_minus_normal_gravity,bottom_wall_contact_sample_fraction,10093,0.9820059980006665,0.26657780739753417,-0.7154281906031323
zero_gravity_minus_normal_gravity,bottom_wall_contact_sample_fraction,10094,0.0,0.0,0.0
zero_gravity_minus_normal_gravity,bottom_wall_contact_sample_fraction,10095,0.0,0.0,0.0
zero_gravity_minus_normal_gravity,bottom_wall_contact_sample_fraction,10096,0.0,0.0,0.0
zero_gravity_minus_normal_gravity,bottom_wall_contact_sample_fraction,10097,0.0,0.0,0.0
zero_gravity_minus_normal_gravity,bottom_wall_contact_sample_fraction,10098,0.8683772075974675,0.22159280239920026,-0.6467844051982672
zero_gravity_minus_normal_gravity,bottom_wall_contact_sample_fraction,10099,0.3712095968010663,0.0,-0.3712095968010663
zero_gravity_minus_normal_gravity,bottom_wall_contact_sample_fraction,10100,0.0,0.0,0.0
zero_gravity_minus_normal_gravity,time_averaged_total_fluid_force_x_N,10001,4.279172941631178e-08,6.625272196434689e-08,2.3460992548035113e-08
zero_gravity_minus_normal_gravity,time_averaged_total_fluid_force_x_N,10002,6.667367150351502e-08,6.23422641410093e-08,-4.331407362505718e-09
zero_gravity_minus_normal_gravity,time_averaged_total_fluid_force_x_N,10003,7.3751263691061e-08,4.4969120599825305e-08,-2.8782143091235694e-08
zero_gravity_minus_normal_gravity,time_averaged_total_fluid_force_x_N,10004,6.362998162304671e-08,5.2133315452591117e-08,-1.1496666170455593e-08
zero_gravity_minus_normal_gravity,time_averaged_total_fluid_force_x_N,10005,8.520225255145049e-08,7.260028897491275e-08,-1.2601963576537734e-08
zero_gravity_minus_normal_gravity,time_averaged_total_fluid_force_x_N,10006,5.1187244904993664e-08,7.975013484208951e-08,2.8562889937095846e-08
zero_gravity_minus_normal_gravity,time_averaged_total_fluid_force_x_N,10007,3.0000796467794836e-08,7.902322461250088e-08,4.902242814470604e-08
zero_gravity_minus_normal_gravity,time_averaged_total_fluid_force_x_N,10008,2.8303220299341117e-09,3.66858319967372e-10,-2.4634637099667398e-09
zero_gravity_minus_normal_gravity,time_averaged_total_fluid_force_x_N,10009,7.30881471878844e-08,5.977488520480254e-10,-7.249039833583638e-08
zero_gravity_minus_normal_gravity,time_averaged_total_fluid_force_x_N,10010,6.458077368025287e-08,5.791403895735366e-08,-6.666734722899214e-09
zero_gravity_minus_normal_gravity,time_averaged_total_fluid_force_x_N,10011,3.715325245021685e-08,5.855280897789658e-08,2.1399556527679732e-08
zero_gravity_minus_normal_gravity,time_averaged_total_fluid_force_x_N,10012,4.716552622486584e-08,4.65213918209372e-08,-6.441344039286435e-10
zero_gravity_minus_normal_gravity,time_averaged_total_fluid_force_x_N,10013,1.7988037758929375e-09,2.0374274477481787e-09,2.3862367185524117e-10
zero_gravity_minus_normal_gravity,time_averaged_total_fluid_force_x_N,10014,7.220491668122145e-08,8.946083205889954e-08,1.7255915377678096e-08
zero_gravity_minus_normal_gravity,time_averaged_total_fluid_force_x_N,10015,7.367917280492934e-08,3.3490072780721945e-09,-7.033016552685715e-08
zero_gravity_minus_normal_gravity,time_averaged_total_fluid_force_x_N,10016,4.765318118598506e-08,6.262113049157548e-08,1.4967949305590415e-08
zero_gravity_minus_normal_gravity,time_averaged_total_fluid_force_x_N,10017,2.84587452433889e-08,5.725353592453886e-08,2.8794790681149962e-08
zero_gravity_minus_normal_gravity,time_averaged_total_fluid_force_x_N,10018,1.078985527322384e-07,3.997038797769145e-08,-6.792816475454695e-08
zero_gravity_minus_normal_gravity,time_averaged_total_fluid_force_x_N,10019,7.55861215375647e-08,7.806935509129779e-08,2.483233553733093e-09
zero_gravity_minus_normal_gravity,time_averaged_total_fluid_force_x_N,10020,5.586184315440506e-08,4.548278445812379e-08,-1.0379058696281268e-08
zero_gravity_minus_normal_gravity,time_averaged_total_fluid_force_x_N,10021,5.712033060979204e-08,5.025697498363456e-08,-6.863355626157477e-09
zero_gravity_minus_normal_gravity,time_averaged_total_fluid_force_x_N,10022,1.3780916291120603e-07,8.659155942375757e-08,-5.121760348744846e-08
zero_gravity_minus_normal_gravity,time_averaged_total_fluid_force_x_N,10023,7.93093888700689e-08,6.276794613210845e-08,-1.6541442737960453e-08
zero_gravity_minus_normal_gravity,time_averaged_total_fluid_force_x_N,10024,5.492449722124482e-08,5.6923434022382864e-08,1.998936801138045e-09
zero_gravity_minus_normal_gravity,time_averaged_total_fluid_force_x_N,10025,4.7306189777211126e-08,5.530999776080679e-08,8.003807983595667e-09
zero_gravity_minus_normal_gravity,time_averaged_total_fluid_force_x_N,10026,7.176748177251838e-08,5.056606431153012e-10,-7.126182112940308e-08
zero_gravity_minus_normal_gravity,time_averaged_total_fluid_force_x_N,10027,2.7583776159216777e-09,1.9310734322161846e-09,-8.273041837054931e-10
zero_gravity_minus_normal_gravity,time_averaged_total_fluid_force_x_N,10028,7.502898135513677e-08,7.579088898541599e-08,7.619076302792118e-10
zero_gravity_minus_normal_gravity,time_averaged_total_fluid_force_x_N,10029,1.3208939359058259e-09,1.1389063172182814e-09,-1.8198761868754443e-10
zero_gravity_minus_normal_gravity,time_averaged_total_fluid_force_x_N,10030,1.3483837718984526e-08,4.726683567786685e-08,3.378299795888232e-08
zero_gravity_minus_normal_gravity,time_averaged_total_fluid_force_x_N,10031,5.2143336650739706e-08,1.5893753821593832e-08,-3.624958282914588e-08
zero_gravity_minus_normal_gravity,time_averaged_total_fluid_force_x_N,10032,5.146028559059227e-08,6.09502688012617e-08,9.489983210669434e-09
zero_gravity_minus_normal_gravity,time_averaged_total_fluid_force_x_N,10033,1.112690311118613e-07,5.964627978404796e-08,-5.162275132781334e-08
zero_gravity_minus_normal_gravity,time_averaged_total_fluid_force_x_N,10034,5.7731622191943505e-08,6.670818679390724e-08,8.976564601963738e-09
zero_gravity_minus_normal_gravity,time_averaged_total_fluid_force_x_N,10035,6.834823879038153e-10,4.908368754844446e-08,4.840020516054064e-08
zero_gravity_minus_normal_gravity,time_averaged_total_fluid_force_x_N,10036,7.380819110541293e-08,3.799971407340643e-09,-7.000821969807229e-08
zero_gravity_minus_normal_gravity,time_averaged_total_fluid_force_x_N,10037,4.595665936343999e-08,1.942494524932753e-09,-4.401416483850724e-08
zero_gravity_minus_normal_gravity,time_averaged_total_fluid_force_x_N,10038,5.915994588340088e-08,6.781834421477505e-08,8.658398331374163e-09
zero_gravity_minus_normal_gravity,time_averaged_total_fluid_force_x_N,10039,4.740463517713566e-08,7.256763438658295e-08,2.5162999209447294e-08
zero_gravity_minus_normal_gravity,time_averaged_total_fluid_force_x_N,10040,6.4169828952195e-08,6.707827270673752e-08,2.908443754542529e-09
zero_gravity_minus_normal_gravity,time_averaged_total_fluid_force_x_N,10041,7.667446285651396e-08,4.1688645882681273e-10,-7.625757639768715e-08
zero_gravity_minus_normal_gravity,time_averaged_total_fluid_force_x_N,10042,5.451615524294299e-08,5.727913834331938e-08,2.7629831003763896e-09
zero_gravity_minus_normal_gravity,time_averaged_total_fluid_force_x_N,10043,4.2372067528114285e-08,4.183559313351004e-08,-5.364743946042459e-10
zero_gravity_minus_normal_gravity,time_averaged_total_fluid_force_x_N,10044,6.448823305245142e-08,5.636458294598479e-10,-6.392458722299157e-08
zero_gravity_minus_normal_gravity,time_averaged_total_fluid_force_x_N,10045,9.596708434505636e-08,7.545554083777527e-08,-2.0511543507281086e-08
zero_gravity_minus_normal_gravity,time_averaged_total_fluid_force_x_N,10046,2.133799609244955e-09,4.49815828983674e-08,4.284778328912244e-08
zero_gravity_minus_normal_gravity,time_averaged_total_fluid_force_x_N,10047,8.55600193879272e-08,1.1776860301061551e-07,3.220858362268831e-08
zero_gravity_minus_normal_gravity,time_averaged_total_fluid_force_x_N,10048,1.4858085704752254e-08,1.0441345350173027e-08,-4.416740354579227e-09
zero_gravity_minus_normal_gravity,time_averaged_total_fluid_force_x_N,10049,1.257646551413734e-07,1.2935856515233061e-07,3.5939100109572083e-09
zero_gravity_minus_normal_gravity,time_averaged_total_fluid_force_x_N,10050,3.109041081266939e-10,9.47494948269947e-10,6.36590840143253e-10
zero_gravity_minus_normal_gravity,time_averaged_total_fluid_force_x_N,10051,5.771842297599593e-08,6.802770703962422e-08,1.0309284063628289e-08
zero_gravity_minus_normal_gravity,time_averaged_total_fluid_force_x_N,10052,1.1266089320640312e-09,3.983167810297628e-09,2.856558878233597e-09
zero_gravity_minus_normal_gravity,time_averaged_total_fluid_force_x_N,10053,8.003658038358325e-08,1.0189407213244567e-07,2.1857491748862414e-08
zero_gravity_minus_normal_gravity,time_averaged_total_fluid_force_x_N,10054,5.799250765682965e-08,7.684549497819057e-10,-5.722405270704774e-08
zero_gravity_minus_normal_gravity,time_averaged_total_fluid_force_x_N,10055,8.599687723115233e-08,5.6302621739532674e-08,-2.9694255491619656e-08
zero_gravity_minus_normal_gravity,time_averaged_total_fluid_force_x_N,10056,1.243803250264117e-09,1.1904866012151859e-09,-5.331664904893125e-11
zero_gravity_minus_normal_gravity,time_averaged_total_fluid_force_x_N,10057,8.332830686063078e-08,1.0560501305061584e-07,2.2276706189985057e-08
zero_gravity_minus_normal_gravity,time_averaged_total_fluid_force_x_N,10058,5.752100709707709e-10,4.2244638087321165e-09,3.6492537377613458e-09
zero_gravity_minus_normal_gravity,time_averaged_total_fluid_force_x_N,10059,6.476378115011924e-08,7.988739968363367e-08,1.5123618533514436e-08
zero_gravity_minus_normal_gravity,time_averaged_total_fluid_force_x_N,10060,7.06061486525293e-08,1.3411836626678424e-09,-6.926496498986146e-08
zero_gravity_minus_normal_gravity,time_averaged_total_fluid_force_x_N,10061,6.85429881990131e-08,4.795945122552653e-10,-6.806339368675782e-08
zero_gravity_minus_normal_gravity,time_averaged_total_fluid_force_x_N,10062,9.591107238680907e-08,1.0898708266348679e-07,1.3076010276677714e-08
zero_gravity_minus_normal_gravity,time_averaged_total_fluid_force_x_N,10063,1.0390470775722089e-07,2.9533015876836937e-10,-1.0360937759845252e-07
zero_gravity_minus_normal_gravity,time_averaged_total_fluid_force_x_N,10064,8.317200555847457e-08,9.355045200991345e-10,-8.223650103837544e-08
zero_gravity_minus_normal_gravity,time_averaged_total_fluid_force_x_N,10065,4.7934503591347134e-08,6.225264235401673e-08,1.4318138762669591e-08
zero_gravity_minus_normal_gravity,time_averaged_total_fluid_force_x_N,10066,7.726116514142348e-08,2.5071385000379664e-09,-7.475402664138551e-08
zero_gravity_minus_normal_gravity,time_averaged_total_fluid_force_x_N,10067,4.4735117426212134e-08,3.940371052464152e-08,-5.331406901570613e-09
zero_gravity_minus_normal_gravity,time_averaged_total_fluid_force_x_N,10068,1.3421100769488795e-07,5.003446786891965e-09,-1.29207560907996e-07
zero_gravity_minus_normal_gravity,time_averaged_total_fluid_force_x_N,10069,4.683203657706415e-09,1.434714193709364e-08,9.663938279387226e-09
zero_gravity_minus_normal_gravity,time_averaged_total_fluid_force_x_N,10070,8.289664686065912e-08,6.174998145153801e-08,-2.114666540912111e-08
zero_gravity_minus_normal_gravity,time_averaged_total_fluid_force_x_N,10071,9.522167921255259e-08,6.956703503478646e-08,-2.5654644177766122e-08
zero_gravity_minus_normal_gravity,time_averaged_total_fluid_force_x_N,10072,2.8990515468180973e-08,7.508629808768735e-08,4.609578261950638e-08
zero_gravity_minus_normal_gravity,time_averaged_total_fluid_force_x_N,10073,2.7787412751402975e-08,2.992645105097769e-08,2.1390382995747175e-09
zero_gravity_minus_normal_gravity,time_averaged_total_fluid_force_x_N,10074,8.311322616074214e-08,8.335874699198134e-09,-7.4777351461544e-08
zero_gravity_minus_normal_gravity,time_averaged_total_fluid_force_x_N,10075,9.301331693550986e-08,9.341030457344782e-08,3.9698763793796004e-10
zero_gravity_minus_normal_gravity,time_averaged_total_fluid_force_x_N,10076,6.776488401166977e-08,2.3842148965938827e-09,-6.53806691150759e-08
zero_gravity_minus_normal_gravity,time_averaged_total_fluid_force_x_N,10077,3.951886819748368e-09,3.779765308691041e-09,-1.7212151105732658e-10
zero_gravity_minus_normal_gravity,time_averaged_total_fluid_force_x_N,10078,7.410961386583057e-08,3.5788575483338203e-09,-7.053075631749675e-08
zero_gravity_minus_normal_gravity,time_averaged_total_fluid_force_x_N,10079,1.0654356424278023e-07,1.1507866018946792e-07,8.535095946687688e-09
zero_gravity_minus_normal_gravity,time_averaged_total_fluid_force_x_N,10080,5.990065520153853e-08,5.508292327446518e-08,-4.817731927073346e-09
zero_gravity_minus_normal_gravity,time_averaged_total_fluid_force_x_N,10081,4.784039412444116e-10,1.4985849474202174e-09,1.0201810061758057e-09
zero_gravity_minus_normal_gravity,time_averaged_total_fluid_force_x_N,10082,6.709353605948032e-09,4.740182775060828e-08,4.069247414466025e-08
zero_gravity_minus_normal_gravity,time_averaged_total_fluid_force_x_N,10083,4.537912876960127e-08,9.986116748816066e-08,5.448203871855939e-08
zero_gravity_minus_normal_gravity,time_averaged_total_fluid_force_x_N,10084,5.388262174385504e-08,4.34054451516837e-08,-1.047717659217134e-08
zero_gravity_minus_normal_gravity,time_averaged_total_fluid_force_x_N,10085,8.41615018243453e-08,8.096917627756585e-08,-3.192325546779455e-09
zero_gravity_minus_normal_gravity,time_averaged_total_fluid_force_x_N,10086,6.687410488017508e-08,6.112380951301511e-08,-5.750295367159977e-09
zero_gravity_minus_normal_gravity,time_averaged_total_fluid_force_x_N,10087,5.1950086379374695e-08,8.914203124857765e-08,3.719194486920295e-08
zero_gravity_minus_normal_gravity,time_averaged_total_fluid_force_x_N,10088,6.24240594181749e-08,5.817581682422518e-08,-4.248242593949724e-09
zero_gravity_minus_normal_gravity,time_averaged_total_fluid_force_x_N,10089,5.570556309175179e-08,1.242534079006128e-09,-5.4463029012745664e-08
zero_gravity_minus_normal_gravity,time_averaged_total_fluid_force_x_N,10090,5.975513128945217e-08,6.487458162875067e-08,5.119450339298501e-09
zero_gravity_minus_normal_gravity,time_averaged_total_fluid_force_x_N,10091,5.975719036733484e-08,6.392929029592701e-08,4.172099928592169e-09
zero_gravity_minus_normal_gravity,time_averaged_total_fluid_force_x_N,10092,3.357488944212545e-09,3.397989427047128e-09,4.050048283458302e-11
zero_gravity_minus_normal_gravity,time_averaged_total_fluid_force_x_N,10093,6.745641859051871e-10,1.1365489314741634e-09,4.619847455689763e-10
zero_gravity_minus_normal_gravity,time_averaged_total_fluid_force_x_N,10094,7.602213799878307e-08,4.967798450845814e-08,-2.6344153490324927e-08
zero_gravity_minus_normal_gravity,time_averaged_total_fluid_force_x_N,10095,6.835142237873478e-08,1.3293689464085592e-07,6.458547226212115e-08
zero_gravity_minus_normal_gravity,time_averaged_total_fluid_force_x_N,10096,4.439126199156031e-09,1.7107192807598927e-09,-2.728406918396138e-09
zero_gravity_minus_normal_gravity,time_averaged_total_fluid_force_x_N,10097,6.941332094531901e-08,6.12671339007834e-08,-8.146187044535605e-09
zero_gravity_minus_normal_gravity,time_averaged_total_fluid_force_x_N,10098,2.129542098031237e-09,5.9045660710918214e-09,3.7750239730605846e-09
zero_gravity_minus_normal_gravity,time_averaged_total_fluid_force_x_N,10099,4.1265551709394043e-08,5.7470015245124604e-08,1.620446353573056e-08
zero_gravity_minus_normal_gravity,time_averaged_total_fluid_force_x_N,10100,6.653341118702219e-08,5.789390877372289e-08,-8.639502413299301e-09
zero_gravity_minus_normal_gravity,time_averaged_mechanical_contact_force_x_N,10001,-4.260419681338455e-08,-6.610524944297277e-08,-2.3501052629588217e-08
zero_gravity_minus_normal_gravity,time_averaged_mechanical_contact_force_x_N,10002,-6.667371709946012e-08,-6.234025119676591e-08,4.3334659026942045e-09
zero_gravity_minus_normal_gravity,time_averaged_mechanical_contact_force_x_N,10003,-7.375081970970892e-08,-4.465822685461756e-08,2.9092592855091364e-08
zero_gravity_minus_normal_gravity,time_averaged_mechanical_contact_force_x_N,10004,-6.365486230454998e-08,-5.207967642112513e-08,1.157518588342485e-08
zero_gravity_minus_normal_gravity,time_averaged_mechanical_contact_force_x_N,10005,-8.516570556360163e-08,-7.229003380922585e-08,1.2875671754375775e-08
zero_gravity_minus_normal_gravity,time_averaged_mechanical_contact_force_x_N,10006,-5.105910966415467e-08,-7.97501284777381e-08,-2.8691018813583425e-08
zero_gravity_minus_normal_gravity,time_averaged_mechanical_contact_force_x_N,10007,-2.99960924433634e-08,-7.884579913815494e-08,-4.884970669479154e-08
zero_gravity_minus_normal_gravity,time_averaged_mechanical_contact_force_x_N,10008,-2.7955177864533475e-09,-2.5576800266964025e-10,2.5397497837837072e-09
zero_gravity_minus_normal_gravity,time_averaged_mechanical_contact_force_x_N,10009,-7.253374855826128e-08,-2.9713212941879546e-10,7.223661642884248e-08
zero_gravity_minus_normal_gravity,time_averaged_mechanical_contact_force_x_N,10010,-6.451498668572947e-08,-5.798727392916702e-08,6.527712756562448e-09
zero_gravity_minus_normal_gravity,time_averaged_mechanical_contact_force_x_N,10011,-3.70888675734021e-08,-5.774888752997069e-08,-2.066001995656859e-08
zero_gravity_minus_normal_gravity,time_averaged_mechanical_contact_force_x_N,10012,-4.7091440409222736e-08,-4.630376082733428e-08,7.876795818884543e-10
zero_gravity_minus_normal_gravity,time_averaged_mechanical_contact_force_x_N,10013,-1.7646211534161798e-09,-2.009578634655439e-09,-2.4495748123925914e-10
zero_gravity_minus_normal_gravity,time_averaged_mechanical_contact_force_x_N,10014,-7.150419397617028e-08,-8.946036610322294e-08,-1.795617212705266e-08
zero_gravity_minus_normal_gravity,time_averaged_mechanical_contact_force_x_N,10015,-7.296986764532268e-08,-3.348963934382889e-09,6.96209037109398e-08
zero_gravity_minus_normal_gravity,time_averaged_mechanical_contact_force_x_N,10016,-4.728412267036381e-08,-6.213391376841898e-08,-1.4849791098055168e-08
zero_gravity_minus_normal_gravity,time_averaged_mechanical_contact_force_x_N,10017,-2.8442209116717148e-08,-5.702057173554564e-08,-2.8578362618828493e-08
zero_gravity_minus_normal_gravity,time_averaged_mechanical_contact_force_x_N,10018,-1.0788897080125871e-07,-3.985319125621593e-08,6.803577954504279e-08
zero_gravity_minus_normal_gravity,time_averaged_mechanical_contact_force_x_N,10019,-7.500210683908886e-08,-7.806947607566854e-08,-3.067369236579676e-09
zero_gravity_minus_normal_gravity,time_averaged_mechanical_contact_force_x_N,10020,-5.584517858097798e-08,-4.4984508988443745e-08,1.0860669592534233e-08
zero_gravity_minus_normal_gravity,time_averaged_mechanical_contact_force_x_N,10021,-5.711640166028839e-08,-4.969771695010902e-08,7.418684710179376e-09
zero_gravity_minus_normal_gravity,time_averaged_mechanical_contact_force_x_N,10022,-1.3780600982643251e-07,-8.58989472527272e-08,5.190706257370532e-08
zero_gravity_minus_normal_gravity,time_averaged_mechanical_contact_force_x_N,10023,-7.931558035672065e-08,-6.276890984977379e-08,1.6546670506946866e-08
zero_gravity_minus_normal_gravity,time_averaged_mechanical_contact_force_x_N,10024,-5.442172706213814e-08,-5.648133231956501e-08,-2.059605257426875e-09
zero_gravity_minus_normal_gravity,time_averaged_mechanical_contact_force_x_N,10025,-4.7306205973501103e-08,-5.5231387564065327e-08,-7.925181590564223e-09
zero_gravity_minus_normal_gravity,time_averaged_mechanical_contact_force_x_N,10026,-7.176513556399429e-08,-3.352935900568767e-10,7.142984197393741e-08
zero_gravity_minus_normal_gravity,time_averaged_mechanical_contact_force_x_N,10027,-2.760997169331931e-09,-1.8865359568245704e-09,8.744612125073607e-10
zero_gravity_minus_normal_gravity,time_averaged_mechanical_contact_force_x_N,10028,-7.50290733340479e-08,-7.510214945305747e-08,-7.307611900957282e-11
zero_gravity_minus_normal_gravity,time_averaged_mechanical_contact_force_x_N,10029,-1.2641339658866094e-09,-1.0925099919032838e-09,1.7162397398332565e-10
zero_gravity_minus_normal_gravity,time_averaged_mechanical_contact_force_x_N,10030,-1.3444480890548772e-08,-4.676918145009024e-08,-3.332470055954147e-08
zero_gravity_minus_normal_gravity,time_averaged_mechanical_contact_force_x_N,10031,-5.2099648086423616e-08,-1.5814527043955654e-08,3.628512104246796e-08
zero_gravity_minus_normal_gravity,time_averaged_mechanical_contact_force_x_N,10032,-5.1257399618842534e-08,-6.057455518114365e-08,-9.317155562301111e-09
zero_gravity_minus_normal_gravity,time_averaged_mechanical_contact_force_x_N,10033,-1.112688198249235e-07,-5.935942186223612e-08,5.1909397962687384e-08
zero_gravity_minus_normal_gravity,time_averaged_mechanical_contact_force_x_N,10034,-5.7274039604475206e-08,-6.628919018470997e-08,-9.01515058023476e-09
zero_gravity_minus_normal_gravity,time_averaged_mechanical_contact_force_x_N,10035,-6.415674802371919e-10,-4.8648003629215835e-08,-4.800643614897864e-08
zero_gravity_minus_normal_gravity,time_averaged_mechanical_contact_force_x_N,10036,-7.334702889212322e-08,-3.4740764013525898e-09,6.987295249077063e-08
zero_gravity_minus_normal_gravity,time_averaged_mechanical_contact_force_x_N,10037,-4.538240367477833e-08,-1.9008009803765666e-09,4.348160269440176e-08
zero_gravity_minus_normal_gravity,time_averaged_mechanical_contact_force_x_N,10038,-5.866163088976639e-08,-6.775052024965817e-08,-9.088889359891783e-09
zero_gravity_minus_normal_gravity,time_averaged_mechanical_contact_force_x_N,10039,-4.7370847987467015e-08,-7.20408710301326e-08,-2.4670023042665585e-08
zero_gravity_minus_normal_gravity,time_averaged_mechanical_contact_force_x_N,10040,-6.352614030547956e-08,-6.634410335924154e-08,-2.817963053761979e-09
zero_gravity_minus_normal_gravity,time_averaged_mechanical_contact_force_x_N,10041,-7.611486888472889e-08,-3.396149899771132e-10,7.577525389475179e-08
zero_gravity_minus_normal_gravity,time_averaged_mechanical_contact_force_x_N,10042,-5.4309374551156914e-08,-5.7269943524288064e-08,-2.9605689731311495e-09
zero_gravity_minus_normal_gravity,time_averaged_mechanical_contact_force_x_N,10043,-4.237445173845705e-08,-4.1124089511038095e-08,1.2503622274189537e-09
zero_gravity_minus_normal_gravity,time_averaged_mechanical_contact_force_x_N,10044,-6.448826469169642e-08,-4.768368322539067e-10,6.401142785944251e-08
zero_gravity_minus_normal_gravity,time_averaged_mechanical_contact_force_x_N,10045,-9.522104908765165e-08,-7.540004819725338e-08,1.982100089039827e-08
zero_gravity_minus_normal_gravity,time_averaged_mechanical_contact_force_x_N,10046,-2.0910721308977293e-09,-4.493422274929446e-08,-4.284315061839673e-08
zero_gravity_minus_normal_gravity,time_averaged_mechanical_contact_force_x_N,10047,-8.55251539968916e-08,-1.1772770037613032e-07,-3.220254637923872e-08
zero_gravity_minus_normal_gravity,time_averaged_mechanical_contact_force_x_N,10048,-1.4805209738431539e-08,-1.0386648999796361e-08,4.418560738635178e-09
zero_gravity_minus_normal_gravity,time_averaged_mechanical_contact_force_x_N,10049,-1.2576465501814446e-07,-1.2935584500073094e-07,-3.5911899825864815e-09
zero_gravity_minus_normal_gravity,time_averaged_mechanical_contact_force_x_N,10050,-2.729281521978029e-10,-9.095174948254147e-10,-6.365893426276118e-10
zero_gravity_minus_normal_gravity,time_averaged_mechanical_contact_force_x_N,10051,-5.743341431972407e-08,-6.735666043043424e-08,-9.923246110710172e-09
zero_gravity_minus_normal_gravity,time_averaged_mechanical_contact_force_x_N,10052,-1.0882053749858222e-09,-3.944769066679396e-09,-2.856563691693574e-09
zero_gravity_minus_normal_gravity,time_averaged_mechanical_contact_force_x_N,10053,-8.003439237396317e-08,-1.0125409544836424e-07,-2.1219703074401067e-08
zero_gravity_minus_normal_gravity,time_averaged_mechanical_contact_force_x_N,10054,-5.7916666793302777e-08,-6.479142186807692e-10,5.7268752574622005e-08
zero_gravity_minus_normal_gravity,time_averaged_mechanical_contact_force_x_N,10055,-8.599691866981796e-08,-5.5747169547397544e-08,3.024974912242042e-08
zero_gravity_minus_normal_gravity,time_averaged_mechanical_contact_force_x_N,10056,-1.2054514345227938e-09,-1.167231069069046e-09,3.822036545374783e-11
zero_gravity_minus_normal_gravity,time_averaged_mechanical_contact_force_x_N,10057,-8.332795291119963e-08,-1.0551038373946012e-07,-2.218243082826049e-08
zero_gravity_minus_normal_gravity,time_averaged_mechanical_contact_force_x_N,10058,-5.176838310793895e-10,-4.224462017585922e-09,-3.706778186506533e-09
zero_gravity_minus_normal_gravity,time_averaged_mechanical_contact_force_x_N,10059,-6.471139311751109e-08,-7.92478963882735e-08,-1.453650327076241e-08
zero_gravity_minus_normal_gravity,time_averaged_mechanical_contact_force_x_N,10060,-7.042289200334176e-08,-1.3379609585064794e-09,6.908493104483528e-08
zero_gravity_minus_normal_gravity,time_averaged_mechanical_contact_force_x_N,10061,-6.77184197509044e-08,-3.1968060668457134e-10,6.739873914421984e-08
zero_gravity_minus_normal_gravity,time_averaged_mechanical_contact_force_x_N,10062,-9.580606476136366e-08,-1.0854631551921305e-07,-1.2740250757849391e-08
zero_gravity_minus_normal_gravity,time_averaged_mechanical_contact_force_x_N,10063,-1.0390469335536136e-07,-1.4871116632085828e-10,1.037559821890405e-07
zero_gravity_minus_normal_gravity,time_averaged_mechanical_contact_force_x_N,10064,-8.260711499963155e-08,-6.07763107652076e-10,8.199935189197947e-08
zero_gravity_minus_normal_gravity,time_averaged_mechanical_contact_force_x_N,10065,-4.7861283553141104e-08,-6.225516835496047e-08,-1.4393884801819367e-08
zero_gravity_minus_normal_gravity,time_averaged_mechanical_contact_force_x_N,10066,-7.726192058210756e-08,-2.5054769115326002e-09,7.475644367057496e-08
zero_gravity_minus_normal_gravity,time_averaged_mechanical_contact_force_x_N,10067,-4.471549638092418e-08,-3.9263258881123597e-08,5.452237499800586e-09
zero_gravity_minus_normal_gravity,time_averaged_mechanical_contact_force_x_N,10068,-1.342101753311599e-07,-5.00428792495264e-09,1.2920588740620726e-07
zero_gravity_minus_normal_gravity,time_averaged_mechanical_contact_force_x_N,10069,-4.6327017505944915e-09,-1.4292544797813967e-08,-9.659843047219474e-09
zero_gravity_minus_normal_gravity,time_averaged_mechanical_contact_force_x_N,10070,-8.289638334752448e-08,-6.147210537996559e-08,2.1424277967558886e-08
zero_gravity_minus_normal_gravity,time_averaged_mechanical_contact_force_x_N,10071,-9.522161954330718e-08,-6.961112633399064e-08,2.5610493209316536e-08
zero_gravity_minus_normal_gravity,time_averaged_mechanical_contact_force_x_N,10072,-2.8958647032879203e-08,-7.470123378569356e-08,-4.574258675281436e-08
zero_gravity_minus_normal_gravity,time_averaged_mechanical_contact_force_x_N,10073,-2.7745571475497636e-08,-2.986210737470106e-08,-2.116535899203426e-09
zero_gravity_minus_normal_gravity,time_averaged_mechanical_contact_force_x_N,10074,-8.311325957318068e-08,-8.305057692053028e-09,7.480820188112766e-08
zero_gravity_minus_normal_gravity,time_averaged_mechanical_contact_force_x_N,10075,-9.301327891504025e-08,-9.34103031956734e-08,-3.970242806331538e-10
zero_gravity_minus_normal_gravity,time_averaged_mechanical_contact_force_x_N,10076,-6.75108132903585e-08,-2.0516194955056203e-09,6.545919379485287e-08
zero_gravity_minus_normal_gravity,time_averaged_mechanical_contact_force_x_N,10077,-3.933440873828191e-09,-3.7451980506484005e-09,1.8824282317979055e-10
zero_gravity_minus_normal_gravity,time_averaged_mechanical_contact_force_x_N,10078,-7.349283776432526e-08,-3.575888628529373e-09,6.991694913579589e-08
zero_gravity_minus_normal_gravity,time_averaged_mechanical_contact_force_x_N,10079,-1.0655151131367057e-07,-1.1507998224659215e-07,-8.528470932921578e-09
zero_gravity_minus_normal_gravity,time_averaged_mechanical_contact_force_x_N,10080,-5.967370368714564e-08,-5.494470854435309e-08,4.728995142792547e-09
zero_gravity_minus_normal_gravity,time_averaged_mechanical_contact_force_x_N,10081,-4.2552795253751104e-10,-1.3587367707365616e-09,-9.332088181990506e-10
zero_gravity_minus_normal_gravity,time_averaged_mechanical_contact_force_x_N,10082,-6.671132938876404e-09,-4.660299315629004e-08,-3.9931860217413636e-08
zero_gravity_minus_normal_gravity,time_averaged_mechanical_contact_force_x_N,10083,-4.532660705567719e-08,-9.992036908092259e-08,-5.4593762025245396e-08
zero_gravity_minus_normal_gravity,time_averaged_mechanical_contact_force_x_N,10084,-5.370793332639304e-08,-4.317797005258397e-08,1.0529963273809065e-08
zero_gravity_minus_normal_gravity,time_averaged_mechanical_contact_force_x_N,10085,-8.416152306345218e-08,-8.09691485112212e-08,3.192374552230978e-09
zero_gravity_minus_normal_gravity,time_averaged_mechanical_contact_force_x_N,10086,-6.613754058333515e-08,-6.046634203291241e-08,5.671198550422737e-09
zero_gravity_minus_normal_gravity,time_averaged_mechanical_contact_force_x_N,10087,-5.1570063813481716e-08,-8.914203138265914e-08,-3.757196756917742e-08
zero_gravity_minus_normal_gravity,time_averaged_mechanical_contact_force_x_N,10088,-6.234872117201138e-08,-5.7855122966750443e-08,4.493598205260936e-09
zero_gravity_minus_normal_gravity,time_averaged_mechanical_contact_force_x_N,10089,-5.5607628712733734e-08,-1.0582082859604763e-09,5.454942042677326e-08
zero_gravity_minus_normal_gravity,time_averaged_mechanical_contact_force_x_N,10090,-5.9277497613438543e-08,-6.476418475466178e-08,-5.48668714122324e-09
zero_gravity_minus_normal_gravity,time_averaged_mechanical_contact_force_x_N,10091,-5.961805259635825e-08,-6.390352025792339e-08,-4.285467661565146e-09
zero_gravity_minus_normal_gravity,time_averaged_mechanical_contact_force_x_N,10092,-3.296759787433075e-09,-3.329044641593872e-09,-3.2284854160796765e-11
zero_gravity_minus_normal_gravity,time_averaged_mechanical_contact_force_x_N,10093,-6.631124441094107e-10,-1.0802607627555188e-09,-4.171483186461081e-10
zero_gravity_minus_normal_gravity,time_averaged_mechanical_contact_force_x_N,10094,-7.603486606011219e-08,-4.8931280275389516e-08,2.7103585784722675e-08
zero_gravity_minus_normal_gravity,time_averaged_mechanical_contact_force_x_N,10095,-6.786144602930635e-08,-1.329368994309929e-07,-6.507545340168654e-08
zero_gravity_minus_normal_gravity,time_averaged_mechanical_contact_force_x_N,10096,-4.4041469362540265e-09,-1.676490913779578e-09,2.7276560224744485e-09
zero_gravity_minus_normal_gravity,time_averaged_mechanical_contact_force_x_N,10097,-6.92422255810612e-08,-6.069050764686384e-08,8.551717934197364e-09
zero_gravity_minus_normal_gravity,time_averaged_mechanical_contact_force_x_N,10098,-2.0761499194026906e-09,-5.848725071874211e-09,-3.77257515247152e-09
zero_gravity_minus_normal_gravity,time_averaged_mechanical_contact_force_x_N,10099,-4.120116620453413e-08,-5.706425547681397e-08,-1.586308927227984e-08
zero_gravity_minus_normal_gravity,time_averaged_mechanical_contact_force_x_N,10100,-6.579792708869723e-08,-5.787065642831387e-08,7.927270660383363e-09
zero_gravity_minus_normal_gravity,time_averaged_total_fluid_force_z_N,10001,3.962486400530111e-09,1.1200163163511939e-10,-3.850484768894992e-09
zero_gravity_minus_normal_gravity,time_averaged_total_fluid_force_z_N,10002,-2.7556876094330607e-09,6.885419097210321e-11,2.824541800405164e-09
zero_gravity_minus_normal_gravity,time_averaged_total_fluid_force_z_N,10003,1.1744053234586504e-08,2.1732876710111772e-09,-9.570765563575327e-09
zero_gravity_minus_normal_gravity,time_averaged_total_fluid_force_z_N,10004,3.774823619429722e-09,-2.2709532052236337e-09,-6.0457768246533555e-09
zero_gravity_minus_normal_gravity,time_averaged_total_fluid_force_z_N,10005,6.617586591045337e-09,1.1653000855334217e-09,-5.452286505511916e-09
zero_gravity_minus_normal_gravity,time_averaged_total_fluid_force_z_N,10006,7.549923407102257e-09,-4.713345583010051e-09,-1.2263268990112308e-08
zero_gravity_minus_normal_gravity,time_averaged_total_fluid_force_z_N,10007,3.0594727270417547e-09,-2.2554207407472903e-09,-5.314893467789045e-09
zero_gravity_minus_normal_gravity,time_averaged_total_fluid_force_z_N,10008,1.0011585751627794e-08,-1.5979188606765556e-10,-1.017137763769545e-08
zero_gravity_minus_normal_gravity,time_averaged_total_fluid_force_z_N,10009,4.655449766928466e-09,-9.792715960097072e-11,-4.7533769265294365e-09
zero_gravity_minus_normal_gravity,time_averaged_total_fluid_force_z_N,10010,5.288815555921826e-09,-3.5024980154314464e-09,-8.791313571353273e-09
zero_gravity_minus_normal_gravity,time_averaged_total_fluid_force_z_N,10011,4.845517835842076e-09,-3.3699274569325935e-09,-8.215445292774669e-09
zero_gravity_minus_normal_gravity,time_averaged_total_fluid_force_z_N,10012,4.974889383662613e-09,-3.734890051911014e-09,-8.709779435573628e-09
zero_gravity_minus_normal_gravity,time_averaged_total_fluid_force_z_N,10013,1.5871680756838e-10,1.969598412994422e-10,3.82430337310622e-11
zero_gravity_minus_normal_gravity,time_averaged_total_fluid_force_z_N,10014,3.4184965872907705e-09,2.4440499860292306e-10,-3.1740915886878475e-09
zero_gravity_minus_normal_gravity,time_averaged_total_fluid_force_z_N,10015,6.584184454628899e-10,-7.447164951518169e-10,-1.4031349406147068e-09
zero_gravity_minus_normal_gravity,time_averaged_total_fluid_force_z_N,10016,7.165891435674043e-09,-2.703004364635155e-09,-9.868895800309197e-09
zero_gravity_minus_normal_gravity,time_averaged_total_fluid_force_z_N,10017,1.84008947945439e-09,-1.0511276741045924e-09,-2.8912171535589824e-09
zero_gravity_minus_normal_gravity,time_averaged_total_fluid_force_z_N,10018,-2.266704367129055e-09,-1.6088423105858918e-09,6.578620565431631e-10
zero_gravity_minus_normal_gravity,time_averaged_total_fluid_force_z_N,10019,6.274073890309346e-09,9.44784458276551e-10,-5.329289432032795e-09
zero_gravity_minus_normal_gravity,time_averaged_total_fluid_force_z_N,10020,3.485616563016392e-09,3.0975065950951152e-09,-3.881099679212768e-10
zero_gravity_minus_normal_gravity,time_averaged_total_fluid_force_z_N,10021,2.09448018268168e-09,-4.0752975597753453e-10,-2.5020099386592145e-09
zero_gravity_minus_normal_gravity,time_averaged_total_fluid_force_z_N,10022,1.8242063298233044e-11,2.3244984292217043e-09,2.306256365923471e-09
zero_gravity_minus_normal_gravity,time_averaged_total_fluid_force_z_N,10023,2.0731752420360823e-09,3.3317051919864106e-10,-1.7400047228374412e-09
zero_gravity_minus_normal_gravity,time_averaged_total_fluid_force_z_N,10024,9.57828652346053e-09,3.2172492195028426e-10,-9.256561601510246e-09
zero_gravity_minus_normal_gravity,time_averaged_total_fluid_force_z_N,10025,7.147354434749403e-09,-2.9017870394603013e-09,-1.0049141474209705e-08
zero_gravity_minus_normal_gravity,time_averaged_total_fluid_force_z_N,10026,4.0081190946285e-09,-3.8638474708103547e-10,-4.394503841709536e-09
zero_gravity_minus_normal_gravity,time_averaged_total_fluid_force_z_N,10027,4.885818846467924e-09,-8.390976603731228e-10,-5.7249165068410465e-09
zero_gravity_minus_normal_gravity,time_averaged_total_fluid_force_z_N,10028,2.9621592490394276e-09,4.67511112657685e-10,-2.4946481363817427e-09
zero_gravity_minus_normal_gravity,time_averaged_total_fluid_force_z_N,10029,1.0668173959544108e-08,7.390712229358362e-10,-9.929102736608271e-09
zero_gravity_minus_normal_gravity,time_averaged_total_fluid_force_z_N,10030,2.952305986843309e-09,9.445785989586334e-10,-2.0077273878846756e-09
zero_gravity_minus_normal_gravity,time_averaged_total_fluid_force_z_N,10031,4.81553293667472e-09,-8.501968565286353e-10,-5.6657297932033555e-09
zero_gravity_minus_normal_gravity,time_averaged_total_fluid_force_z_N,10032,6.17116338370685e-09,-1.8049908410068837e-11,-6.1892132921169185e-09
zero_gravity_minus_normal_gravity,time_averaged_total_fluid_force_z_N,10033,1.874676782338945e-09,-6.652048771695601e-09,-8.526725554034546e-09
zero_gravity_minus_normal_gravity,time_averaged_total_fluid_force_z_N,10034,5.100900852988148e-09,3.6134912514475405e-09,-1.4874096015406076e-09
zero_gravity_minus_normal_gravity,time_averaged_total_fluid_force_z_N,10035,4.841015156329539e-10,-1.3135901548673264e-09,-1.7976916705002803e-09
zero_gravity_minus_normal_gravity,time_averaged_total_fluid_force_z_N,10036,6.24123945533277e-09,-5.505606675045019e-10,-6.791800122837272e-09
zero_gravity_minus_normal_gravity,time_averaged_total_fluid_force_z_N,10037,6.4516639708891875e-09,-5.06756038315562e-10,-6.958420009204749e-09
zero_gravity_minus_normal_gravity,time_averaged_total_fluid_force_z_N,10038,8.957882731414548e-09,3.0157993149752824e-09,-5.942083416439266e-09
zero_gravity_minus_normal_gravity,time_averaged_total_fluid_force_z_N,10039,8.480598212876073e-09,1.8614110739287546e-09,-6.619187138947318e-09
zero_gravity_minus_normal_gravity,time_averaged_total_fluid_force_z_N,10040,3.942127388660608e-09,5.326285836162507e-10,-3.409498805044357e-09
zero_gravity_minus_normal_gravity,time_averaged_total_fluid_force_z_N,10041,4.305485044226689e-09,-4.767776207854745e-10,-4.782262665012164e-09
zero_gravity_minus_normal_gravity,time_averaged_total_fluid_force_z_N,10042,2.785763157913111e-09,-3.570762090293022e-11,-2.8214707788160414e-09
zero_gravity_minus_normal_gravity,time_averaged_total_fluid_force_z_N,10043,4.499212717474144e-09,-1.5075458350325194e-09,-6.006758552506664e-09
zero_gravity_minus_normal_gravity,time_averaged_total_fluid_force_z_N,10044,4.734665176514248e-09,-6.666409486478021e-10,-5.40130612516205e-09
zero_gravity_minus_normal_gravity,time_averaged_total_fluid_force_z_N,10045,2.1589489847739206e-09,-4.354983666769903e-09,-6.513932651543824e-09
zero_gravity_minus_normal_gravity,time_averaged_total_fluid_force_z_N,10046,1.9102513464631367e-09,-3.8933965819934217e-10,-2.299591004662479e-09
zero_gravity_minus_normal_gravity,time_averaged_total_fluid_force_z_N,10047,1.126132627949525e-09,6.349392111437838e-10,-4.911934168057412e-10
zero_gravity_minus_normal_gravity,time_averaged_total_fluid_force_z_N,10048,1.3207281183376604e-09,1.3477788680998131e-09,2.705074976215275e-11
zero_gravity_minus_normal_gravity,time_averaged_total_fluid_force_z_N,10049,4.805334718324811e-10,-1.0395644284751163e-09,-1.5200979003075974e-09
zero_gravity_minus_normal_gravity,time_averaged_total_fluid_force_z_N,10050,4.330488324573936e-10,4.3484406693956517e-10,1.7952344821715517e-12
zero_gravity_minus_normal_gravity,time_averaged_total_fluid_force_z_N,10051,6.421277465667769e-09,-4.373619687420947e-09,-1.0794897153088717e-08
zero_gravity_minus_normal_gravity,time_averaged_total_fluid_force_z_N,10052,1.153066113978711e-09,1.0424003391424911e-09,-1.1066577483621978e-10
zero_gravity_minus_normal_gravity,time_averaged_total_fluid_force_z_N,10053,6.418389408877988e-10,-2.89007581927621e-09,-3.531914760164009e-09
zero_gravity_minus_normal_gravity,time_averaged_total_fluid_force_z_N,10054,1.0506625644796522e-09,-7.352185270661119e-10,-1.7858810915457641e-09
zero_gravity_minus_normal_gravity,time_averaged_total_fluid_force_z_N,10055,1.1642965692199121e-10,2.98852903252688e-09,2.8720993756048885e-09
zero_gravity_minus_normal_gravity,time_averaged_total_fluid_force_z_N,10056,8.5858841529787e-09,-1.6652388643244947e-10,-8.75240803941115e-09
zero_gravity_minus_normal_gravity,time_averaged_total_fluid_force_z_N,10057,5.898993290728563e-09,3.2079094061418067e-09,-2.6910838845867567e-09
zero_gravity_minus_normal_gravity,time_averaged_total_fluid_force_z_N,10058,1.1512189731562474e-08,-3.6567505527735973e-10,-1.1877864786839833e-08
zero_gravity_minus_normal_gravity,time_averaged_total_fluid_force_z_N,10059,4.979284060982986e-09,1.7121249003333862e-09,-3.2671591606496003e-09
zero_gravity_minus_normal_gravity,time_averaged_total_fluid_force_z_N,10060,5.181909969212384e-10,-8.580679172668731e-10,-1.3762589141881115e-09
zero_gravity_minus_normal_gravity,time_averaged_total_fluid_force_z_N,10061,3.4759073856397147e-10,-3.223279935046811e-10,-6.699187320686526e-10
zero_gravity_minus_normal_gravity,time_averaged_total_fluid_force_z_N,10062,-2.4029805354816204e-09,2.202790785131427e-09,4.605771320613048e-09
zero_gravity_minus_normal_gravity,time_averaged_total_fluid_force_z_N,10063,-1.2450488088598246e-09,-2.4076794860110183e-10,1.0042808602587227e-09
zero_gravity_minus_normal_gravity,time_averaged_total_fluid_force_z_N,10064,6.638904598101048e-09,-5.052722476191393e-10,-7.144176845720188e-09
zero_gravity_minus_normal_gravity,time_averaged_total_fluid_force_z_N,10065,4.9448073692094594e-09,-1.7426902863489403e-09,-6.6874976555584e-09
zero_gravity_minus_normal_gravity,time_averaged_total_fluid_force_z_N,10066,8.970031627476475e-10,-3.253668560960443e-10,-1.2223700188436917e-09
zero_gravity_minus_normal_gravity,time_averaged_total_fluid_force_z_N,10067,7.272193642906688e-09,-1.5555926597339325e-09,-8.827786302640621e-09
zero_gravity_minus_normal_gravity,time_averaged_total_fluid_force_z_N,10068,-1.2355105422796036e-09,-7.922880063461528e-10,4.4322253593345085e-10
zero_gravity_minus_normal_gravity,time_averaged_total_fluid_force_z_N,10069,9.63961785505831e-10,1.9890866773186807e-09,1.0251248918128498e-09
zero_gravity_minus_normal_gravity,time_averaged_total_fluid_force_z_N,10070,2.705494944751103e-09,2.544108617442368e-11,-2.6800538585766793e-09
zero_gravity_minus_normal_gravity,time_averaged_total_fluid_force_z_N,10071,-3.110121871030795e-10,-2.553877169255111e-09,-2.2428649821520312e-09
zero_gravity_minus_normal_gravity,time_averaged_total_fluid_force_z_N,10072,3.541757957286132e-09,3.281849833194497e-10,-3.2135729739666825e-09
zero_gravity_minus_normal_gravity,time_averaged_total_fluid_force_z_N,10073,1.772286372625749e-09,1.6432390877809535e-09,-1.2904728484479557e-10
zero_gravity_minus_normal_gravity,time_averaged_total_fluid_force_z_N,10074,1.5484327301029893e-09,-6.352042925464633e-10,-2.1836370226494526e-09
zero_gravity_minus_normal_gravity,time_averaged_total_fluid_force_z_N,10075,-1.4155995678354463e-09,-1.3412004325576143e-09,7.439913527783202e-11
zero_gravity_minus_normal_gravity,time_averaged_total_fluid_force_z_N,10076,1.8643494483027866e-09,-1.1945286022574305e-09,-3.058878050560217e-09
zero_gravity_minus_normal_gravity,time_averaged_total_fluid_force_z_N,10077,1.0367996634837389e-10,1.1149765791160458e-10,7.817691563230688e-12
zero_gravity_minus_normal_gravity,time_averaged_total_fluid_force_z_N,10078,5.655817229013455e-09,1.0746554436861625e-11,-5.6450706745765936e-09
zero_gravity_minus_normal_gravity,time_averaged_total_fluid_force_z_N,10079,-2.542656256260598e-09,-1.746637840562613e-09,7.960184156979849e-10
zero_gravity_minus_normal_gravity,time_averaged_total_fluid_force_z_N,10080,2.3891213375564223e-09,-1.898899054937545e-09,-4.288020392493968e-09
zero_gravity_minus_normal_gravity,time_averaged_total_fluid_force_z_N,10081,2.010141244368169e-09,3.995746033389825e-10,-1.6105666410291867e-09
zero_gravity_minus_normal_gravity,time_averaged_total_fluid_force_z_N,10082,2.4127310188551537e-09,1.2650313621419765e-10,-2.286227882640956e-09
zero_gravity_minus_normal_gravity,time_averaged_total_fluid_force_z_N,10083,2.1957756847577376e-09,-5.224867492418781e-11,-2.2480243596819253e-09
zero_gravity_minus_normal_gravity,time_averaged_total_fluid_force_z_N,10084,2.869550279189723e-09,-2.084447898796858e-09,-4.953998177986581e-09
zero_gravity_minus_normal_gravity,time_averaged_total_fluid_force_z_N,10085,1.7377815520500119e-09,-3.465079223380929e-09,-5.2028607754309415e-09
zero_gravity_minus_normal_gravity,time_averaged_total_fluid_force_z_N,10086,3.889981310885879e-09,-6.073928968949713e-09,-9.963910279835592e-09
zero_gravity_minus_normal_gravity,time_averaged_total_fluid_force_z_N,10087,3.09061741874703e-09,-1.4021593848076862e-09,-4.492776803554716e-09
zero_gravity_minus_normal_gravity,time_averaged_total_fluid_force_z_N,10088,9.937042845249612e-09,-1.456739846417889e-09,-1.1393782691667502e-08
zero_gravity_minus_normal_gravity,time_averaged_total_fluid_force_z_N,10089,4.654755370455472e-10,-8.515023430085751e-10,-1.3169778800541222e-09
zero_gravity_minus_normal_gravity,time_averaged_total_fluid_force_z_N,10090,6.003319978936075e-09,-1.4072328874758165e-09,-7.410552866411892e-09
zero_gravity_minus_normal_gravity,time_averaged_total_fluid_force_z_N,10091,3.5902897493916955e-09,-1.455692653962305e-09,-5.045982403354e-09
zero_gravity_minus_normal_gravity,time_averaged_total_fluid_force_z_N,10092,3.6032429020017702e-09,5.740173804551749e-10,-3.029225521546595e-09
zero_gravity_minus_normal_gravity,time_averaged_total_fluid_force_z_N,10093,8.999291949575691e-11,1.1888816187415709e-10,2.8895242378400174e-11
zero_gravity_minus_normal_gravity,time_averaged_total_fluid_force_z_N,10094,5.53786943427325e-09,-1.539803520194067e-09,-7.077672954467318e-09
zero_gravity_minus_normal_gravity,time_averaged_total_fluid_force_z_N,10095,1.182696162155059e-08,-3.2742872937228227e-09,-1.5101248915273413e-08
zero_gravity_minus_normal_gravity,time_averaged_total_fluid_force_z_N,10096,6.137481473813083e-09,-1.0608891167607279e-10,-6.243570385489156e-09
zero_gravity_minus_normal_gravity,time_averaged_total_fluid_force_z_N,10097,3.0564715534678074e-09,-2.271465216072072e-09,-5.327936769539879e-09
zero_gravity_minus_normal_gravity,time_averaged_total_fluid_force_z_N,10098,2.4083045524380663e-09,2.387858307280855e-09,-2.0446245157211454e-11
zero_gravity_minus_normal_gravity,time_averaged_total_fluid_force_z_N,10099,4.671465601365092e-09,-2.7997525491441245e-09,-7.471218150509216e-09
zero_gravity_minus_normal_gravity,time_averaged_total_fluid_force_z_N,10100,1.483892441740861e-09,-9.120010863630415e-10,-2.3958935281039026e-09
zero_gravity_minus_normal_gravity,time_averaged_gravity_force_z_N,10001,-1.2276244532800158e-08,-0.0,1.2276244532800158e-08
zero_gravity_minus_normal_gravity,time_averaged_gravity_force_z_N,10002,-1.2276244532800158e-08,-0.0,1.2276244532800158e-08
zero_gravity_minus_normal_gravity,time_averaged_gravity_force_z_N,10003,-1.2276244532800158e-08,-0.0,1.2276244532800158e-08
zero_gravity_minus_normal_gravity,time_averaged_gravity_force_z_N,10004,-1.2276244532800158e-08,-0.0,1.2276244532800158e-08
zero_gravity_minus_normal_gravity,time_averaged_gravity_force_z_N,10005,-1.2276244532800158e-08,-0.0,1.2276244532800158e-08
zero_gravity_minus_normal_gravity,time_averaged_gravity_force_z_N,10006,-1.2276244532800158e-08,-0.0,1.2276244532800158e-08
zero_gravity_minus_normal_gravity,time_averaged_gravity_force_z_N,10007,-1.2276244532800158e-08,-0.0,1.2276244532800158e-08
zero_gravity_minus_normal_gravity,time_averaged_gravity_force_z_N,10008,-1.2276244532800158e-08,-0.0,1.2276244532800158e-08
zero_gravity_minus_normal_gravity,time_averaged_gravity_force_z_N,10009,-1.2276244532800158e-08,-0.0,1.2276244532800158e-08
zero_gravity_minus_normal_gravity,time_averaged_gravity_force_z_N,10010,-1.2276244532800158e-08,-0.0,1.2276244532800158e-08
zero_gravity_minus_normal_gravity,time_averaged_gravity_force_z_N,10011,-1.2276244532800158e-08,-0.0,1.2276244532800158e-08
zero_gravity_minus_normal_gravity,time_averaged_gravity_force_z_N,10012,-1.2276244532800158e-08,-0.0,1.2276244532800158e-08
zero_gravity_minus_normal_gravity,time_averaged_gravity_force_z_N,10013,-1.2276244532800158e-08,-0.0,1.2276244532800158e-08
zero_gravity_minus_normal_gravity,time_averaged_gravity_force_z_N,10014,-1.2276244532800158e-08,-0.0,1.2276244532800158e-08
zero_gravity_minus_normal_gravity,time_averaged_gravity_force_z_N,10015,-1.2276244532800158e-08,-0.0,1.2276244532800158e-08
zero_gravity_minus_normal_gravity,time_averaged_gravity_force_z_N,10016,-1.2276244532800158e-08,-0.0,1.2276244532800158e-08
zero_gravity_minus_normal_gravity,time_averaged_gravity_force_z_N,10017,-1.2276244532800158e-08,-0.0,1.2276244532800158e-08
zero_gravity_minus_normal_gravity,time_averaged_gravity_force_z_N,10018,-1.2276244532800158e-08,-0.0,1.2276244532800158e-08
zero_gravity_minus_normal_gravity,time_averaged_gravity_force_z_N,10019,-1.2276244532800158e-08,-0.0,1.2276244532800158e-08
zero_gravity_minus_normal_gravity,time_averaged_gravity_force_z_N,10020,-1.2276244532800158e-08,-0.0,1.2276244532800158e-08
zero_gravity_minus_normal_gravity,time_averaged_gravity_force_z_N,10021,-1.2276244532800158e-08,-0.0,1.2276244532800158e-08
zero_gravity_minus_normal_gravity,time_averaged_gravity_force_z_N,10022,-1.2276244532800158e-08,-0.0,1.2276244532800158e-08
zero_gravity_minus_normal_gravity,time_averaged_gravity_force_z_N,10023,-1.2276244532800158e-08,-0.0,1.2276244532800158e-08
zero_gravity_minus_normal_gravity,time_averaged_gravity_force_z_N,10024,-1.2276244532800158e-08,-0.0,1.2276244532800158e-08
zero_gravity_minus_normal_gravity,time_averaged_gravity_force_z_N,10025,-1.2276244532800158e-08,-0.0,1.2276244532800158e-08
zero_gravity_minus_normal_gravity,time_averaged_gravity_force_z_N,10026,-1.2276244532800158e-08,-0.0,1.2276244532800158e-08
zero_gravity_minus_normal_gravity,time_averaged_gravity_force_z_N,10027,-1.2276244532800158e-08,-0.0,1.2276244532800158e-08
zero_gravity_minus_normal_gravity,time_averaged_gravity_force_z_N,10028,-1.2276244532800158e-08,-0.0,1.2276244532800158e-08
zero_gravity_minus_normal_gravity,time_averaged_gravity_force_z_N,10029,-1.2276244532800158e-08,-0.0,1.2276244532800158e-08
zero_gravity_minus_normal_gravity,time_averaged_gravity_force_z_N,10030,-1.2276244532800158e-08,-0.0,1.2276244532800158e-08
zero_gravity_minus_normal_gravity,time_averaged_gravity_force_z_N,10031,-1.2276244532800158e-08,-0.0,1.2276244532800158e-08
zero_gravity_minus_normal_gravity,time_averaged_gravity_force_z_N,10032,-1.2276244532800158e-08,-0.0,1.2276244532800158e-08
zero_gravity_minus_normal_gravity,time_averaged_gravity_force_z_N,10033,-1.2276244532800158e-08,-0.0,1.2276244532800158e-08
zero_gravity_minus_normal_gravity,time_averaged_gravity_force_z_N,10034,-1.2276244532800158e-08,-0.0,1.2276244532800158e-08
zero_gravity_minus_normal_gravity,time_averaged_gravity_force_z_N,10035,-1.2276244532800158e-08,-0.0,1.2276244532800158e-08
zero_gravity_minus_normal_gravity,time_averaged_gravity_force_z_N,10036,-1.2276244532800158e-08,-0.0,1.2276244532800158e-08
zero_gravity_minus_normal_gravity,time_averaged_gravity_force_z_N,10037,-1.2276244532800158e-08,-0.0,1.2276244532800158e-08
zero_gravity_minus_normal_gravity,time_averaged_gravity_force_z_N,10038,-1.2276244532800158e-08,-0.0,1.2276244532800158e-08
zero_gravity_minus_normal_gravity,time_averaged_gravity_force_z_N,10039,-1.2276244532800158e-08,-0.0,1.2276244532800158e-08
zero_gravity_minus_normal_gravity,time_averaged_gravity_force_z_N,10040,-1.2276244532800158e-08,-0.0,1.2276244532800158e-08
zero_gravity_minus_normal_gravity,time_averaged_gravity_force_z_N,10041,-1.2276244532800158e-08,-0.0,1.2276244532800158e-08
zero_gravity_minus_normal_gravity,time_averaged_gravity_force_z_N,10042,-1.2276244532800158e-08,-0.0,1.2276244532800158e-08
zero_gravity_minus_normal_gravity,time_averaged_gravity_force_z_N,10043,-1.2276244532800158e-08,-0.0,1.2276244532800158e-08
zero_gravity_minus_normal_gravity,time_averaged_gravity_force_z_N,10044,-1.2276244532800158e-08,-0.0,1.2276244532800158e-08
zero_gravity_minus_normal_gravity,time_averaged_gravity_force_z_N,10045,-1.2276244532800158e-08,-0.0,1.2276244532800158e-08
zero_gravity_minus_normal_gravity,time_averaged_gravity_force_z_N,10046,-1.2276244532800158e-08,-0.0,1.2276244532800158e-08
zero_gravity_minus_normal_gravity,time_averaged_gravity_force_z_N,10047,-1.2276244532800158e-08,-0.0,1.2276244532800158e-08
zero_gravity_minus_normal_gravity,time_averaged_gravity_force_z_N,10048,-1.2276244532800158e-08,-0.0,1.2276244532800158e-08
zero_gravity_minus_normal_gravity,time_averaged_gravity_force_z_N,10049,-1.2276244532800158e-08,-0.0,1.2276244532800158e-08
zero_gravity_minus_normal_gravity,time_averaged_gravity_force_z_N,10050,-1.2276244532800158e-08,-0.0,1.2276244532800158e-08
zero_gravity_minus_normal_gravity,time_averaged_gravity_force_z_N,10051,-1.2276244532800158e-08,-0.0,1.2276244532800158e-08
zero_gravity_minus_normal_gravity,time_averaged_gravity_force_z_N,10052,-1.2276244532800158e-08,-0.0,1.2276244532800158e-08
zero_gravity_minus_normal_gravity,time_averaged_gravity_force_z_N,10053,-1.2276244532800158e-08,-0.0,1.2276244532800158e-08
zero_gravity_minus_normal_gravity,time_averaged_gravity_force_z_N,10054,-1.2276244532800158e-08,-0.0,1.2276244532800158e-08
zero_gravity_minus_normal_gravity,time_averaged_gravity_force_z_N,10055,-1.2276244532800158e-08,-0.0,1.2276244532800158e-08
zero_gravity_minus_normal_gravity,time_averaged_gravity_force_z_N,10056,-1.2276244532800158e-08,-0.0,1.2276244532800158e-08
zero_gravity_minus_normal_gravity,time_averaged_gravity_force_z_N,10057,-1.2276244532800158e-08,-0.0,1.2276244532800158e-08
zero_gravity_minus_normal_gravity,time_averaged_gravity_force_z_N,10058,-1.2276244532800158e-08,-0.0,1.2276244532800158e-08
zero_gravity_minus_normal_gravity,time_averaged_gravity_force_z_N,10059,-1.2276244532800158e-08,-0.0,1.2276244532800158e-08
zero_gravity_minus_normal_gravity,time_averaged_gravity_force_z_N,10060,-1.2276244532800158e-08,-0.0,1.2276244532800158e-08
zero_gravity_minus_normal_gravity,time_averaged_gravity_force_z_N,10061,-1.2276244532800158e-08,-0.0,1.2276244532800158e-08
zero_gravity_minus_normal_gravity,time_averaged_gravity_force_z_N,10062,-1.2276244532800158e-08,-0.0,1.2276244532800158e-08
zero_gravity_minus_normal_gravity,time_averaged_gravity_force_z_N,10063,-1.2276244532800158e-08,-0.0,1.2276244532800158e-08
zero_gravity_minus_normal_gravity,time_averaged_gravity_force_z_N,10064,-1.2276244532800158e-08,-0.0,1.2276244532800158e-08
zero_gravity_minus_normal_gravity,time_averaged_gravity_force_z_N,10065,-1.2276244532800158e-08,-0.0,1.2276244532800158e-08
zero_gravity_minus_normal_gravity,time_averaged_gravity_force_z_N,10066,-1.2276244532800158e-08,-0.0,1.2276244532800158e-08
zero_gravity_minus_normal_gravity,time_averaged_gravity_force_z_N,10067,-1.2276244532800158e-08,-0.0,1.2276244532800158e-08
zero_gravity_minus_normal_gravity,time_averaged_gravity_force_z_N,10068,-1.2276244532800158e-08,-0.0,1.2276244532800158e-08
zero_gravity_minus_normal_gravity,time_averaged_gravity_force_z_N,10069,-1.2276244532800158e-08,-0.0,1.2276244532800158e-08
zero_gravity_minus_normal_gravity,time_averaged_gravity_force_z_N,10070,-1.2276244532800158e-08,-0.0,1.2276244532800158e-08
zero_gravity_minus_normal_gravity,time_averaged_gravity_force_z_N,10071,-1.2276244532800158e-08,-0.0,1.2276244532800158e-08
zero_gravity_minus_normal_gravity,time_averaged_gravity_force_z_N,10072,-1.2276244532800158e-08,-0.0,1.2276244532800158e-08
zero_gravity_minus_normal_gravity,time_averaged_gravity_force_z_N,10073,-1.2276244532800158e-08,-0.0,1.2276244532800158e-08
zero_gravity_minus_normal_gravity,time_averaged_gravity_force_z_N,10074,-1.2276244532800158e-08,-0.0,1.2276244532800158e-08
zero_gravity_minus_normal_gravity,time_averaged_gravity_force_z_N,10075,-1.2276244532800158e-08,-0.0,1.2276244532800158e-08
zero_gravity_minus_normal_gravity,time_averaged_gravity_force_z_N,10076,-1.2276244532800158e-08,-0.0,1.2276244532800158e-08
zero_gravity_minus_normal_gravity,time_averaged_gravity_force_z_N,10077,-1.2276244532800158e-08,-0.0,1.2276244532800158e-08
zero_gravity_minus_normal_gravity,time_averaged_gravity_force_z_N,10078,-1.2276244532800158e-08,-0.0,1.2276244532800158e-08
zero_gravity_minus_normal_gravity,time_averaged_gravity_force_z_N,10079,-1.2276244532800158e-08,-0.0,1.2276244532800158e-08
zero_gravity_minus_normal_gravity,time_averaged_gravity_force_z_N,10080,-1.2276244532800158e-08,-0.0,1.2276244532800158e-08
zero_gravity_minus_normal_gravity,time_averaged_gravity_force_z_N,10081,-1.2276244532800158e-08,-0.0,1.2276244532800158e-08
zero_gravity_minus_normal_gravity,time_averaged_gravity_force_z_N,10082,-1.2276244532800158e-08,-0.0,1.2276244532800158e-08
zero_gravity_minus_normal_gravity,time_averaged_gravity_force_z_N,10083,-1.2276244532800158e-08,-0.0,1.2276244532800158e-08
zero_gravity_minus_normal_gravity,time_averaged_gravity_force_z_N,10084,-1.2276244532800158e-08,-0.0,1.2276244532800158e-08
zero_gravity_minus_normal_gravity,time_averaged_gravity_force_z_N,10085,-1.2276244532800158e-08,-0.0,1.2276244532800158e-08
zero_gravity_minus_normal_gravity,time_averaged_gravity_force_z_N,10086,-1.2276244532800158e-08,-0.0,1.2276244532800158e-08
zero_gravity_minus_normal_gravity,time_averaged_gravity_force_z_N,10087,-1.2276244532800158e-08,-0.0,1.2276244532800158e-08
zero_gravity_minus_normal_gravity,time_averaged_gravity_force_z_N,10088,-1.2276244532800158e-08,-0.0,1.2276244532800158e-08
zero_gravity_minus_normal_gravity,time_averaged_gravity_force_z_N,10089,-1.2276244532800158e-08,-0.0,1.2276244532800158e-08
zero_gravity_minus_normal_gravity,time_averaged_gravity_force_z_N,10090,-1.2276244532800158e-08,-0.0,1.2276244532800158e-08
zero_gravity_minus_normal_gravity,time_averaged_gravity_force_z_N,10091,-1.2276244532800158e-08,-0.0,1.2276244532800158e-08
zero_gravity_minus_normal_gravity,time_averaged_gravity_force_z_N,10092,-1.2276244532800158e-08,-0.0,1.2276244532800158e-08
zero_gravity_minus_normal_gravity,time_averaged_gravity_force_z_N,10093,-1.2276244532800158e-08,-0.0,1.2276244532800158e-08
zero_gravity_minus_normal_gravity,time_averaged_gravity_force_z_N,10094,-1.2276244532800158e-08,-0.0,1.2276244532800158e-08
zero_gravity_minus_normal_gravity,time_averaged_gravity_force_z_N,10095,-1.2276244532800158e-08,-0.0,1.2276244532800158e-08
zero_gravity_minus_normal_gravity,time_averaged_gravity_force_z_N,10096,-1.2276244532800158e-08,-0.0,1.2276244532800158e-08
zero_gravity_minus_normal_gravity,time_averaged_gravity_force_z_N,10097,-1.2276244532800158e-08,-0.0,1.2276244532800158e-08
zero_gravity_minus_normal_gravity,time_averaged_gravity_force_z_N,10098,-1.2276244532800158e-08,-0.0,1.2276244532800158e-08
zero_gravity_minus_normal_gravity,time_averaged_gravity_force_z_N,10099,-1.2276244532800158e-08,-0.0,1.2276244532800158e-08
zero_gravity_minus_normal_gravity,time_averaged_gravity_force_z_N,10100,-1.2276244532800158e-08,-0.0,1.2276244532800158e-08
zero_gravity_minus_normal_gravity,time_averaged_mechanical_contact_force_z_N,10001,8.301457162305718e-09,9.831184380587509e-12,-8.291625977925131e-09
zero_gravity_minus_normal_gravity,time_averaged_mechanical_contact_force_z_N,10002,1.503172671811657e-08,-6.246265468708842e-11,-1.5094189372803658e-08
zero_gravity_minus_normal_gravity,time_averaged_mechanical_contact_force_z_N,10003,5.068394303364034e-10,-2.0315200420561243e-09,-2.5383594723925275e-09
zero_gravity_minus_normal_gravity,time_averaged_mechanical_contact_force_z_N,10004,8.49380120311229e-09,2.4040241113277416e-09,-6.089777091784548e-09
zero_gravity_minus_normal_gravity,time_averaged_mechanical_contact_force_z_N,10005,5.658994543960409e-09,-9.93251883696558e-10,-6.652246427656967e-09
zero_gravity_minus_normal_gravity,time_averaged_mechanical_contact_force_z_N,10006,4.600580807318174e-09,4.713486338873287e-09,1.129055315551127e-10
zero_gravity_minus_normal_gravity,time_averaged_mechanical_contact_force_z_N,10007,9.21677180563738e-09,2.1894796388353258e-09,-7.027292166802055e-09
zero_gravity_minus_normal_gravity,time_averaged_mechanical_contact_force_z_N,10008,2.1906054794207654e-09,1.5865795851008772e-10,-2.0319475209106778e-09
zero_gravity_minus_normal_gravity,time_averaged_mechanical_contact_force_z_N,10009,7.568309286840893e-09,9.022903430814944e-11,-7.478080252532743e-09
zero_gravity_minus_normal_gravity,time_averaged_mechanical_contact_force_z_N,10010,6.996718846329689e-09,3.47588343136713e-09,-3.520835414962559e-09
zero_gravity_minus_normal_gravity,time_averaged_mechanical_contact_force_z_N,10011,7.430726696960654e-09,3.3610669100535396e-09,-4.069659786907114e-09
zero_gravity_minus_normal_gravity,time_averaged_mechanical_contact_force_z_N,10012,7.215341304678033e-09,3.741269323573275e-09,-3.474071981104758e-09
zero_gravity_minus_normal_gravity,time_averaged_mechanical_contact_force_z_N,10013,1.2117527725225195e-08,-1.9695984403330792e-10,-1.2314487569258503e-08
zero_gravity_minus_normal_gravity,time_averaged_mechanical_contact_force_z_N,10014,8.786922001488941e-09,-2.563352415383827e-10,-9.043257243027324e-09
zero_gravity_minus_normal_gravity,time_averaged_mechanical_contact_force_z_N,10015,1.176874599660366e-08,7.447164958456646e-10,-1.1024029500757996e-08
zero_gravity_minus_normal_gravity,time_averaged_mechanical_contact_force_z_N,10016,5.224285442682357e-09,2.675665720703061e-09,-2.5486197219792958e-09
zero_gravity_minus_normal_gravity,time_averaged_mechanical_contact_force_z_N,10017,1.0436155061892571e-08,1.3043111161336522e-09,-9.131843945758919e-09
zero_gravity_minus_normal_gravity,time_averaged_mechanical_contact_force_z_N,10018,1.4559870534077564e-08,1.6159052324295925e-09,-1.2943965301647973e-08
zero_gravity_minus_normal_gravity,time_averaged_mechanical_contact_force_z_N,10019,5.7822485017914556e-09,-9.475939665301388e-10,-6.729842468321594e-09
zero_gravity_minus_normal_gravity,time_averaged_mechanical_contact_force_z_N,10020,8.832207111088354e-09,-3.1568384862006785e-09,-1.1989045597289032e-08
zero_gravity_minus_normal_gravity,time_averaged_mechanical_contact_force_z_N,10021,1.0076367254235733e-08,3.7349591568666264e-10,-9.70287133854907e-09
zero_gravity_minus_normal_gravity,time_averaged_mechanical_contact_force_z_N,10022,1.2274241451506507e-08,-2.2891488576716814e-09,-1.4563390309178189e-08
zero_gravity_minus_normal_gravity,time_averaged_mechanical_contact_force_z_N,10023,1.0201685089844766e-08,-2.858978709710467e-10,-1.0487582960815813e-08
zero_gravity_minus_normal_gravity,time_averaged_mechanical_contact_force_z_N,10024,2.7831933209158987e-09,-1.209823987108252e-10,-2.9041757196267237e-09
zero_gravity_minus_normal_gravity,time_averaged_mechanical_contact_force_z_N,10025,5.130170580203796e-09,3.004723637127102e-09,-2.125446943076694e-09
zero_gravity_minus_normal_gravity,time_averaged_mechanical_contact_force_z_N,10026,8.277826773158754e-09,3.8623503054915863e-10,-7.891591742609596e-09
zero_gravity_minus_normal_gravity,time_averaged_mechanical_contact_force_z_N,10027,7.389127110647853e-09,8.391751551340923e-10,-6.5499519555137605e-09
zero_gravity_minus_normal_gravity,time_averaged_mechanical_contact_force_z_N,10028,9.313477604743901e-09,-4.832066092385752e-10,-9.796684213982476e-09
zero_gravity_minus_normal_gravity,time_averaged_mechanical_contact_force_z_N,10029,1.5257966162017883e-09,-7.488502408335838e-10,-2.274646857035372e-09
zero_gravity_minus_normal_gravity,time_averaged_mechanical_contact_force_z_N,10030,9.323938545955188e-09,-9.364991163980725e-10,-1.0260437662353261e-08
zero_gravity_minus_normal_gravity,time_averaged_mechanical_contact_force_z_N,10031,7.4011094850482684e-09,8.505257341960878e-10,-6.55058375085218e-09
zero_gravity_minus_normal_gravity,time_averaged_mechanical_contact_force_z_N,10032,5.998856422667284e-09,-5.337685917643723e-11,-6.0522332818437215e-09
zero_gravity_minus_normal_gravity,time_averaged_mechanical_contact_force_z_N,10033,1.041859338233483e-08,6.538725368517593e-09,-3.879868013817237e-09
zero_gravity_minus_normal_gravity,time_averaged_mechanical_contact_force_z_N,10034,7.184861196260853e-09,-3.5585935339386706e-09,-1.0743454730199524e-08
zero_gravity_minus_normal_gravity,time_averaged_mechanical_contact_force_z_N,10035,1.1792143017171747e-08,1.1213134580070231e-09,-1.0670829559164724e-08
zero_gravity_minus_normal_gravity,time_averaged_mechanical_contact_force_z_N,10036,6.0383154150026795e-09,5.496264129982021e-10,-5.4886890020044775e-09
zero_gravity_minus_normal_gravity,time_averaged_mechanical_contact_force_z_N,10037,5.820176403902928e-09,5.067560075631046e-10,-5.313420396339823e-09
zero_gravity_minus_normal_gravity,time_averaged_mechanical_contact_force_z_N,10038,3.2371916932876636e-09,-3.034413030067953e-09,-6.271604723355616e-09
zero_gravity_minus_normal_gravity,time_averaged_mechanical_contact_force_z_N,10039,3.795646319923527e-09,-1.6511840223529998e-09,-5.446830342276527e-09
zero_gravity_minus_normal_gravity,time_averaged_mechanical_contact_force_z_N,10040,8.263647602777511e-09,-4.791288145602883e-10,-8.742776417337799e-09
zero_gravity_minus_normal_gravity,time_averaged_mechanical_contact_force_z_N,10041,8.099274101328563e-09,4.747323046750565e-10,-7.624541796653507e-09
zero_gravity_minus_normal_gravity,time_averaged_mechanical_contact_force_z_N,10042,9.349779077096246e-09,3.5934934979577154e-11,-9.313844142116668e-09
zero_gravity_minus_normal_gravity,time_averaged_mechanical_contact_force_z_N,10043,7.774891402324242e-09,1.5688453344338416e-09,-6.2060460678904005e-09
zero_gravity_minus_normal_gravity,time_averaged_mechanical_contact_force_z_N,10044,7.54156706498371e-09,6.624709925837042e-10,-6.879096072400005e-09
zero_gravity_minus_normal_gravity,time_averaged_mechanical_contact_force_z_N,10045,1.0078614839931592e-08,4.3549836655376545e-09,-5.723631174393937e-09
zero_gravity_minus_normal_gravity,time_averaged_mechanical_contact_force_z_N,10046,1.0365993186330264e-08,3.501822540514107e-10,-1.0015810932278853e-08
zero_gravity_minus_normal_gravity,time_averaged_mechanical_contact_force_z_N,10047,1.1128292715374387e-08,-7.191672282774493e-10,-1.1847459943651836e-08
zero_gravity_minus_normal_gravity,time_averaged_mechanical_contact_force_z_N,10048,1.0955516414463707e-08,-1.34777886809953e-09,-1.2303295282563237e-08
zero_gravity_minus_normal_gravity,time_averaged_mechanical_contact_force_z_N,10049,1.1795712319924928e-08,1.0430132013820725e-09,-1.0752699118542855e-08
zero_gravity_minus_normal_gravity,time_averaged_mechanical_contact_force_z_N,10050,1.184319570033671e-08,-4.3484406694242644e-10,-1.2278039767279137e-08
zero_gravity_minus_normal_gravity,time_averaged_mechanical_contact_force_z_N,10051,6.006819908982418e-09,4.2922942187666676e-09,-1.7145256902157505e-09
zero_gravity_minus_normal_gravity,time_averaged_mechanical_contact_force_z_N,10052,1.1123178418814869e-08,-1.0424003391484578e-09,-1.2165578757963326e-08
zero_gravity_minus_normal_gravity,time_averaged_mechanical_contact_force_z_N,10053,1.1637796753338127e-08,3.094661276828238e-09,-8.54313547650989e-09
zero_gravity_minus_normal_gravity,time_averaged_mechanical_contact_force_z_N,10054,1.1373902242519527e-08,7.357321551956265e-10,-1.06381700873239e-08
zero_gravity_minus_normal_gravity,time_averaged_mechanical_contact_force_z_N,10055,1.215948652370491e-08,-3.0389371082418938e-09,-1.5198423631946805e-08
zero_gravity_minus_normal_gravity,time_averaged_mechanical_contact_force_z_N,10056,3.611119630742408e-09,1.6425171528391565e-10,-3.446867915458492e-09
zero_gravity_minus_normal_gravity,time_averaged_mechanical_contact_force_z_N,10057,6.362249598201618e-09,-3.3319012759852065e-09,-9.694150874186824e-09
zero_gravity_minus_normal_gravity,time_averaged_mechanical_contact_force_z_N,10058,6.818081559944931e-10,3.6573087083147294e-10,-3.1607728516302015e-10
zero_gravity_minus_normal_gravity,time_averaged_mechanical_contact_force_z_N,10059,7.296960471819121e-09,-1.7258683209614636e-09,-9.022828792780585e-09
zero_gravity_minus_normal_gravity,time_averaged_mechanical_contact_force_z_N,10060,1.1796016756143143e-08,8.580679706071003e-10,-1.0937948785536043e-08
zero_gravity_minus_normal_gravity,time_averaged_mechanical_contact_force_z_N,10061,1.187668107227445e-08,3.2295341468775614e-10,-1.1553727657586694e-08
zero_gravity_minus_normal_gravity,time_averaged_mechanical_contact_force_z_N,10062,1.4579512683851741e-08,-2.1906969662462505e-09,-1.6770209650097993e-08
zero_gravity_minus_normal_gravity,time_averaged_mechanical_contact_force_z_N,10063,1.3521136441797868e-08,2.333606543973942e-10,-1.3287775787400474e-08
zero_gravity_minus_normal_gravity,time_averaged_mechanical_contact_force_z_N,10064,5.575940767534154e-09,5.00780509493243e-10,-5.075160258040912e-09
zero_gravity_minus_normal_gravity,time_averaged_mechanical_contact_force_z_N,10065,7.283023030997902e-09,1.753283913304528e-09,-5.5297391176933735e-09
zero_gravity_minus_normal_gravity,time_averaged_mechanical_contact_force_z_N,10066,1.1378516411463905e-08,3.2536683411021334e-10,-1.1053149577353692e-08
zero_gravity_minus_normal_gravity,time_averaged_mechanical_contact_force_z_N,10067,4.9451462766345516e-09,1.5002396760815307e-09,-3.444906600553021e-09
zero_gravity_minus_normal_gravity,time_averaged_mechanical_contact_force_z_N,10068,1.351531524698971e-08,7.922880462381496e-10,-1.2723027200751561e-08
zero_gravity_minus_normal_gravity,time_averaged_mechanical_contact_force_z_N,10069,1.1312282747288364e-08,-1.9890866773176935e-09,-1.3301369424606057e-08
zero_gravity_minus_normal_gravity,time_averaged_mechanical_contact_force_z_N,10070,9.575545507423287e-09,3.27236469814661e-12,-9.572273142725142e-09
zero_gravity_minus_normal_gravity,time_averaged_mechanical_contact_force_z_N,10071,1.259455082380924e-08,2.52273520417941e-09,-1.007181561962983e-08
zero_gravity_minus_normal_gravity,time_averaged_mechanical_contact_force_z_N,10072,8.734486576870773e-09,-9.752731355953513e-12,-8.744239308226727e-09
zero_gravity_minus_normal_gravity,time_averaged_mechanical_contact_force_z_N,10073,1.0503958160169674e-08,-1.6468853426826326e-09,-1.2150843502852306e-08
zero_gravity_minus_normal_gravity,time_averaged_mechanical_contact_force_z_N,10074,1.0727615464027566e-08,6.325024466445955e-10,-1.009511301738297e-08
zero_gravity_minus_normal_gravity,time_averaged_mechanical_contact_force_z_N,10075,1.3692013227751783e-08,1.3412175690447236e-09,-1.235079565870706e-08
zero_gravity_minus_normal_gravity,time_averaged_mechanical_contact_force_z_N,10076,9.989040540395683e-09,1.1935684032305954e-09,-8.795472137165088e-09
zero_gravity_minus_normal_gravity,time_averaged_mechanical_contact_force_z_N,10077,1.2172564569115509e-08,-1.1122261581161021e-10,-1.228378718492712e-08
zero_gravity_minus_normal_gravity,time_averaged_mechanical_contact_force_z_N,10078,6.610665716824533e-09,-1.0746538164698686e-11,-6.621412254989232e-09
zero_gravity_minus_normal_gravity,time_averaged_mechanical_contact_force_z_N,10079,1.4813589035946246e-08,1.7440182986509441e-09,-1.3069570737295302e-08
zero_gravity_minus_normal_gravity,time_averaged_mechanical_contact_force_z_N,10080,9.7140876987728e-09,1.9054957301696422e-09,-7.808591968603158e-09
zero_gravity_minus_normal_gravity,time_averaged_mechanical_contact_force_z_N,10081,1.026610328843321e-08,-4.0020082949068815e-10,-1.0666304117923897e-08
zero_gravity_minus_normal_gravity,time_averaged_mechanical_contact_force_z_N,10082,9.863513513939979e-09,-9.466466111582749e-11,-9.958178175055806e-09
zero_gravity_minus_normal_gravity,time_averaged_mechanical_contact_force_z_N,10083,1.0080468848039974e-08,1.0863297379741237e-10,-9.97183587424256e-09
zero_gravity_minus_normal_gravity,time_averaged_mechanical_contact_force_z_N,10084,9.385845716395407e-09,1.9042269960911043e-09,-7.481618720304303e-09
zero_gravity_minus_normal_gravity,time_averaged_mechanical_contact_force_z_N,10085,1.053827542899932e-08,3.465435841871392e-09,-7.072839587127927e-09
zero_gravity_minus_normal_gravity,time_averaged_mechanical_contact_force_z_N,10086,8.304060328813762e-09,5.997649902546049e-09,-2.306410426267713e-09
zero_gravity_minus_normal_gravity,time_averaged_mechanical_contact_force_z_N,10087,9.01317256910432e-09,1.402148497081616e-09,-7.611024072022704e-09
zero_gravity_minus_normal_gravity,time_averaged_mechanical_contact_force_z_N,10088,2.3172009738897323e-09,1.2567405155026006e-09,-1.0604604583871317e-09
zero_gravity_minus_normal_gravity,time_averaged_mechanical_contact_force_z_N,10089,1.156736550598121e-08,8.478686083762997e-10,-1.071949689760491e-08
zero_gravity_minus_normal_gravity,time_averaged_mechanical_contact_force_z_N,10090,6.192707555124292e-09,1.4163630103436903e-09,-4.776344544780602e-09
zero_gravity_minus_normal_gravity,time_averaged_mechanical_contact_force_z_N,10091,8.659455857016444e-09,1.391862528403023e-09,-7.267593328613421e-09
zero_gravity_minus_normal_gravity,time_averaged_mechanical_contact_force_z_N,10092,8.673001630797516e-09,-5.647680264862244e-10,-9.23776965728374e-09
zero_gravity_minus_normal_gravity,time_averaged_mechanical_contact_force_z_N,10093,1.2186251599357995e-08,-1.1848861606881408e-10,-1.2304740215426809e-08
zero_gravity_minus_normal_gravity,time_averaged_mechanical_contact_force_z_N,10094,6.656091928220166e-09,1.6749261342969591e-09,-4.981165793923207e-09
zero_gravity_minus_normal_gravity,time_averaged_mechanical_contact_force_z_N,10095,4.1726715285430625e-10,3.2731673450003464e-09,2.85590019214604e-09
zero_gravity_minus_normal_gravity,time_averaged_mechanical_contact_force_z_N,10096,6.06470904961826e-09,1.0698504418789318e-10,-5.957724005430367e-09
zero_gravity_minus_normal_gravity,time_averaged_mechanical_contact_force_z_N,10097,9.266532239068456e-09,2.2355930573414863e-09,-7.03093918172697e-09
zero_gravity_minus_normal_gravity,time_averaged_mechanical_contact_force_z_N,10098,9.867939980357518e-09,-2.387858307273601e-09,-1.225579828763112e-08
zero_gravity_minus_normal_gravity,time_averaged_mechanical_contact_force_z_N,10099,7.604778931437211e-09,2.8134688886313983e-09,-4.791310042805813e-09
zero_gravity_minus_normal_gravity,time_averaged_mechanical_contact_force_z_N,10100,1.074650965847816e-08,9.141461328078637e-10,-9.832363525670296e-09
