condition,case,origin_start_s,lag_s,raw_msd_x_m2,centered_msd_x_m2,centered_displacement_p50_m,centered_displacement_p90_m,centered_displacement_p99_m,non_gaussian_parameter_x,mean_increment_x_m,normalized_velocity_correlation,velocity_autocorrelation,velocity_covariance_m2_s2,velocity_origin_variance_m2_s2,velocity_endpoint_variance_m2_s2,velocity_endpoint_to_origin_variance_ratio,time_origin_particle_pair_count,bed_resident_particle_count,local_centered_msd_exponent,reference_msd,msd_ratio
Local-fluid initial velocity,paper3_rr_posteq_ug010_df010_s20260713_localflow_300ms_20260716,0.15000000000000002,9.99999999999994e-5,6.055544565609584e-11,3.699464559946758e-11,4.269242059787224e-6,9.940023647115444e-6,1.6900566577577312e-5,0.1420009313228623,4.823255258383242e-6,0.9747015555772328,0.9747015555772328,0.00363753587547131,0.00373217765273746,0.00373171908882911,0.9998771323471126,150000,100,1.9805738296889157,3.884387798810653e-11,0.9523932088035815
Local-fluid initial velocity,paper3_rr_posteq_ug010_df010_s20260713_localflow_300ms_20260716,0.15000000000000002,1.9999999999999e-4,2.4095474918371356e-10,1.4673642696446532e-10,8.527215527782475e-6,1.9785343640760363e-5,3.364945685999995e-5,0.13977182608036243,9.645986510001716e-6,0.9515396597380356,0.9515396597380356,0.00355096965012946,0.00373206147728073,0.00373156785556959,0.999867734839272,149900,100,1.978402235767045,1.5415321377661216e-10,0.9518869141262619
Local-fluid initial velocity,paper3_rr_posteq_ug010_df010_s20260713_localflow_300ms_20260716,0.15000000000000002,2.9999999999999e-4,5.394293373127661e-10,3.2748977592998635e-10,1.2781696481769014e-5,2.9518571839114524e-5,5.0247223565808934e-5,0.13697195661778427,1.446828074792353e-5,0.930351352341114,0.930351352341114,0.00347183825752099,0.00373199937879254,0.00373149977464674,0.9998661296278236,149800,100,1.9763210636357176,3.442136740449112e-10,0.9514141959603185
Local-fluid initial velocity,paper3_rr_posteq_ug010_df010_s20260713_localflow_300ms_20260716,0.15000000000000002,3.9999999999999e-4,9.543700778228127e-10,5.776676989964333e-10,1.702640436484014e-5,3.91599430802078e-5,6.654607934189278e-5,0.13365698401895765,1.92903570038709e-5,0.9105637466187768,0.9105637466187768,0.00339796473878834,0.00373199602458187,0.00373143475885193,0.9998496070932988,149700,100,1.97432224546762,6.074467876094051e-10,0.9509766300186279
Local-fluid initial velocity,paper3_rr_posteq_ug010_df010_s20260713_localflow_300ms_20260716,0.15000000000000002,4.9999999999999e-4,1.4842608086613131e-9,8.95782769821091e-10,2.126404421474289e-5,4.870290763520471e-5,8.287531893005074e-5,0.12988257901424505,2.4112160175503912e-5,0.8922507204585575,0.8922507204585575,0.00332956985715345,0.00373199457253976,0.003731310964293,0.999816824962237,149600,100,1.9723992504116512,9.424090460637223e-10,0.9505243753363987
Local-fluid initial velocity,paper3_rr_posteq_ug010_df010_s20260713_localflow_300ms_20260716,0.15000000000000002,5.9999999999999e-4,2.12767069637753e-9,1.2804550987936626e-9,2.5508780026054223e-5,5.816179625915409e-5,9.906833836351816e-5,0.12567336166136325,2.893325427138487e-5,0.8753460421617847,0.8753460421617847,0.00326615081763711,0.00373146481178737,0.00373107152208755,0.999894601793222,149500,100,1.9634476414259152,1.3477434414141595e-9,0.9500733295723608
Local-fluid initial velocity,paper3_rr_posteq_ug010_df010_s20260713_localflow_300ms_20260716,0.15000000000000002,6.9999999999999e-4,2.8832584755477823e-9,1.730393757041854e-9,2.972522511581276e-5,6.75705409506209e-5,1.1496578151633e-4,0.12103067514764664,3.375346007514799e-5,0.8597558666738717,0.8597558666738717,0.00320761723554525,0.003730953445965,0.00373073971879431,0.9999427151333348,149400,100,1.956079717251726,1.8221865041527327e-9,0.9496249440429481
Local-fluid initial velocity,paper3_rr_posteq_ug010_df010_s20260713_localflow_300ms_20260716,0.15000000000000002,7.9999999999999e-4,3.749811749976004e-9,2.244418766088783e-9,3.395894794114064e-5,7.681930654453586e-5,1.3085026045358e-4,0.11594999217439672,3.857287265628466e-5,0.8453520273141232,0.8453520273141232,0.00315350111223947,0.00373044629932727,0.00373035348724892,0.9999751203821472,149300,100,1.949530197870326,2.364563365363025e-9,0.9491895201312159
Local-fluid initial velocity,paper3_rr_posteq_ug010_df010_s20260713_localflow_300ms_20260716,0.15000000000000002,8.9999999999999e-4,4.7262031542213846e-9,2.82143158292161e-9,3.8179791382376705e-5,8.598874494179623e-5,1.4655784142087e-4,0.11045599129223628,4.3391569479101617e-5,0.8321719327897248,0.8321719327897248,0.00310392849591981,0.0037299071830954,0.00372991782089756,1.000002852028655,149200,100,1.943512697850026,2.973772143761105e-9,0.9487719457056919
Local-fluid initial velocity,paper3_rr_posteq_ug010_df010_s20260713_localflow_300ms_20260716,0.15000000000000002,9.9999999999999e-4,5.811360682120442e-9,3.460388459638881e-9,4.242262280802483e-5,9.512284440737298e-5,1.6202340657609e-4,0.10459256279533102,4.820960593907734e-5,0.8186500727573685,0.8186500727573685,0.00305311976563172,0.00372942113130639,0.00372949169938543,1.0000189219925963,149100,100,1.937835237115368,3.6487803576237693e-9,0.9483685287903774
Local-fluid initial velocity,paper3_rr_posteq_ug010_df010_s20260713_localflow_300ms_20260716,0.15000000000000002,0.00109999999999999,7.004210044738403e-9,4.160247090440762e-9,4.6665214040264816e-5,1.0412124188934e-4,1.7735411695147e-4,0.09844090370077609,5.3027003235573795e-5,0.8041834901706828,0.8041834901706828,0.00299884525374529,0.00372898536867825,0.00372912659441725,1.0000378724304435,149000,100,1.9323461918811624,4.388561264161886e-9,0.9479751654407572
Local-fluid initial velocity,paper3_rr_posteq_ug010_df010_s20260713_localflow_300ms_20260716,0.15000000000000002,0.00119999999999999,8.303614299209036e-9,4.919922246312212e-9,5.0905863726625434e-5,1.1305863060832e-4,1.9223740454684e-4,0.09210801441234429,5.784357751809022e-5,0.7894574839223899,0.7894574839223899,0.00294346581349602,0.00372823221796911,0.00372870087660316,1.0001257053226975,148900,100,1.9269136828446096,5.1920567725591875e-9,0.9475863731526881
Local-fluid initial velocity,paper3_rr_posteq_ug010_df010_s20260713_localflow_300ms_20260716,0.15000000000000002,0.00129999999999999,9.708370518971894e-9,5.738269601927272e-9,5.5131344708744944e-5,1.2188361180039e-4,2.0719100454591e-4,0.08569361085327709,6.265917276223897e-5,0.7745118871010171,0.7745118871010171,0.00288724901254495,0.00372747913818903,0.00372818183604273,1.0001885182525905,148800,100,1.921438848088316,6.0581657067013345e-9,0.9471958806903871
Local-fluid initial velocity,paper3_rr_posteq_ug010_df010_s20260713_localflow_300ms_20260716,0.15000000000000002,0.00139999999999999,1.1217242452562365e-8,6.614120476394449e-9,5.9383676647799515e-5,1.3064412213281e-4,2.2185681550634e-4,0.0792760374015391,6.74736225518384e-5,0.7595385838108264,0.7595385838108264,0.0028309063427708,0.00372670705603393,0.00372757221871787,1.000232152050305,148700,100,1.9158621251364671,6.9857585466815404e-9,0.9468006133043875
Local-fluid initial velocity,paper3_rr_posteq_ug010_df010_s20260713_localflow_300ms_20260716,0.15000000000000002,0.00149999999999999,1.2829088274336298e-8,7.546367644755383e-9,6.361695216931018e-5,1.3934017141119e-4,2.363545362103e-4,0.07292040967287683,7.228698979984838e-5,0.7447540411623357,0.7447540411623357,0.00277536256820311,0.00372597327937322,0.00372712518792535,1.0003091564178686,148600,100,1.9101640032336085,7.973707546263155e-9,0.9464063738194106
Local-fluid initial velocity,paper3_rr_posteq_ug010_df010_s20260713_localflow_300ms_20260716,0.15000000000000002,0.00159999999999999,1.454273898299256e-8,8.533902448548114e-9,6.784771152750936e-5,1.4798298654274e-4,2.5093784969805e-4,0.06666918907449082,7.709918243701615e-5,0.7302618239696657,0.7302618239696657,0.00272093787505836,0.00372534098555041,0.00372661069874849,1.0003408314038928,148500,100,1.9043607239350615,9.020888645423815e-9,0.9460157179611409
Local-fluid initial velocity,paper3_rr_posteq_ug010_df010_s20260713_localflow_300ms_20260716,0.15000000000000002,0.00169999999999998,1.6357011874072137e-8,9.575601021822744e-9,7.20657082026791e-5,1.565037223949e-4,2.6527837512927e-4,0.06054115116567082,8.191013480900981e-5,0.7160562771781023,0.7160562771781023,0.00266751024322728,0.00372444998556754,0.00372611052062879,1.0004458470559932,148400,100,1.8984828127894195,1.0126272742506211e-8,0.9456195053514648
Local-fluid initial velocity,paper3_rr_posteq_ug010_df010_s20260713_localflow_300ms_20260716,0.15000000000000002,0.00179999999999998,1.8270726415419488e-8,1.0670358994940928e-8,7.626798972841655e-5,1.6498395915333e-4,2.7967634470336e-4,0.05455193305449191,8.671967808277809e-5,0.702286126670095,0.702286126670095,0.00261574530097075,0.00372366117522367,0.00372556866825961,1.000512262782831,148300,100,1.892560151507534,1.1288932469605716e-8,0.9452053171254029
Local-fluid initial velocity,paper3_rr_posteq_ug010_df010_s20260713_localflow_300ms_20260716,0.15000000000000002,0.00189999999999998,2.0282699016951267e-8,1.1817066608908402e-8,8.046210025513528e-5,1.7335028631993e-4,2.9349803740993e-4,0.04871342598548001,9.152771330916389e-5,0.688697039241285,0.688697039241285,0.00256461122818724,0.00372279195503337,0.00372492797850777,1.0005737692302437,148200,100,1.886617918060936,1.2507854577911944e-8,0.9447716660998419
Local-fluid initial velocity,paper3_rr_posteq_ug010_df010_s20260713_localflow_300ms_20260716,0.15000000000000002,0.00199999999999998,2.2391894148334903e-8,1.3014709158470914e-8,8.467090335923701e-5,1.8178857373887e-4,3.07746585018e-4,0.04302749259579075,9.63343970247166e-5,0.6754982747205016,0.6754982747205016,0.00251497207564963,0.00372202182547825,0.00372425089631974,1.0005988870957794,148100,100,1.8806823623919464,1.3782026964491596e-8,0.9443247493276844
Local-fluid initial velocity,paper3_rr_posteq_ug010_df010_s20260713_localflow_300ms_20260716,0.15000000000000002,0.00209999999999998,2.4597237630402747e-8,1.4262256996087004e-8,8.885438542632855e-5,1.8993250923939e-4,3.2150077897171e-4,0.03749314768979484,1.0113977315234e-4,0.6627295180340258,0.6627295180340258,0.00246696086055342,0.00372134778791046,0.00372350232583837,1.0005789670975958,148000,100,1.874780064473223,1.5110493588256427e-8,0.9438644020981117
Local-fluid initial velocity,paper3_rr_posteq_ug010_df010_s20260713_localflow_300ms_20260716,0.15000000000000002,0.00219999999999998,2.689774395399757e-8,1.5558746559391833e-8,9.303889864410444e-5,1.9817257020728e-4,3.3492494614136e-4,0.03210477750598128,1.0594396281525e-4,0.6502853130456887,0.6502853130456887,0.00242022156953859,0.00372076386563627,0.00372280470942463,1.000548501292226,147900,100,1.8689314111513844,1.6492327916616838e-8,0.9433929908533789
Local-fluid initial velocity,paper3_rr_posteq_ug010_df010_s20260713_localflow_300ms_20260716,0.15000000000000002,0.00229999999999998,2.9292547251772557e-8,1.6903285933796538e-8,9.720935308740373e-5,2.0616238047647e-4,3.4884448946845e-4,0.02684855005290454,1.1074722975203e-4,0.6383517472232656,0.6383517472232656,0.00237540686972783,0.00372021321483915,0.00372210038868521,1.000507275722407,147800,100,1.863147269888343,1.7926647500056514e-8,0.9429139460539541
Local-fluid initial velocity,paper3_rr_posteq_ug010_df010_s20260713_localflow_300ms_20260716,0.15000000000000002,0.00239999999999998,3.1780648156799e-8,1.829491785129722e-8,1.013919050736e-4,2.1437087393967e-4,3.6220585645553e-4,0.02171677020908902,1.1554957357719e-4,0.6266053620262005,0.6266053620262005,0.00233127891155703,0.0037196424452799,0.00372133751859467,1.0004557086708472,147700,100,1.857430547428508,1.9412642751537078e-8,0.9424228367798426
Local-fluid initial velocity,paper3_rr_posteq_ug010_df010_s20260713_localflow_300ms_20260716,0.15000000000000002,0.00249999999999998,3.436106998926959e-8,1.9732740743996725e-8,1.0555536476608e-4,2.2233685754724e-4,3.7570843593632e-4,0.01670432041001124,1.2035084027918e-4,0.6151575960254418,0.6151575960254418,0.00228825971212615,0.00371903218973386,0.00372055654311996,1.0004098790514102,147600,100,1.8517923125434883,2.0949450968264173e-8,0.941921617606561
Local-fluid initial velocity,paper3_rr_posteq_ug010_df010_s20260713_localflow_300ms_20260716,0.15000000000000002,0.00259999999999998,3.7032887447895225e-8,2.1215876846217545e-8,1.0975468224962e-4,2.3029017161166e-4,3.8905819677168e-4,0.01180497537453306,1.2515099835476e-4,0.6042016701756182,0.6042016701756182,0.00224707750634802,0.00371844137086527,0.00371972919683519,1.0003463348864423,147500,100,1.846241391555444,2.2536261161843837e-8,0.9414106756154461
Local-fluid initial velocity,paper3_rr_posteq_ug010_df010_s20260713_localflow_300ms_20260716,0.15000000000000002,0.00269999999999998,3.9795126417697695e-8,2.274342057170124e-8,1.1389811672737e-4,2.3819594224378e-4,4.0201886787045e-4,0.00701774161421941,1.2994996438189e-4,0.5934612639704018,0.5934612639704018,0.00220671394871682,0.00371785689334929,0.00371890133992271,1.0002809270510886,147400,100,1.8407920588995352,2.4172308368323703e-8,0.9408874082338395
Local-fluid initial velocity,paper3_rr_posteq_ug010_df010_s20260713_localflow_300ms_20260716,0.15000000000000002,0.00279999999999998,4.264698285458865e-8,2.4314582123046457e-8,1.1802534805109e-4,2.4593426611504e-4,4.1490350950558e-4,0.00234059840405342,1.347478311328e-4,0.5831717199909827,0.5831717199909827,0.00216807022095536,0.00371723753470513,0.00371820614347943,1.0002605722032183,147300,100,1.8354656907313505,2.5856886586260508e-8,0.9403522748932356
Local-fluid initial velocity,paper3_rr_posteq_ug010_df010_s20260713_localflow_300ms_20260716,0.15000000000000002,0.00289999999999998,4.5587768006743636e-8,2.59286756170054e-8,1.2216257565635e-4,2.5368894769689e-4,4.279789242529e-4,-0.00222238883562453,1.3954470710868e-4,0.573374729973121,0.573374729973121,0.00213129737834401,0.0037167491721833,0.00371747238316448,1.0001945815947415,147200,100,1.8302760257997708,2.758923859516752e-8,0.9398112067343177
Local-fluid initial velocity,paper3_rr_posteq_ug010_df010_s20260713_localflow_300ms_20260716,0.15000000000000002,0.00299999999999998,4.861675036820948e-8,2.758500133993531e-8,1.2628290140598e-4,2.6137088684999e-4,4.4032665271384e-4,-0.00665884269529226,1.4434062095874e-4,0.5641521466606142,0.5641521466606142,0.00209680145063762,0.00371637106182648,0.00371708983290372,1.0001934067038214,147100,100,1.8252324439732497,2.9368715926170334e-8,0.9392648084880837
Local-fluid initial velocity,paper3_rr_posteq_ug010_df010_s20260713_localflow_300ms_20260716,0.15000000000000002,0.00309999999999998,5.1733346140394283e-8,2.928293457919137e-8,1.3041023740029e-4,2.6904551845434e-4,4.530832090587e-4,-0.0109661896451747,1.4913579520027e-4,0.5553894967864939,0.5553894967864939,0.00206405601652746,0.00371610373723051,0.00371671966168785,1.0001657446887635,147000,100,1.8187933274645611,3.119460857202227e-8,0.9387178079693733
Local-fluid initial velocity,paper3_rr_posteq_ug010_df010_s20260713_localflow_300ms_20260716,0.15000000000000002,0.00319999999999998,5.4936902963481435e-8,3.102181936957743e-8,1.3452532783623e-4,2.765925287523e-4,4.6548740535865e-4,-0.01514719831252287,0.00015393033000533001,0.5470416156651781,0.5470416156651781,0.0020328737377344,0.00371594438945087,0.00371630091642586,1.0000959451858322,146900,100,1.8134148551033016,3.3066216077159867e-8,0.9381726441630985
Local-fluid initial velocity,paper3_rr_posteq_ug010_df010_s20260713_localflow_300ms_20260716,0.15000000000000002,0.00329999999999998,5.8226759854455876e-8,3.2800997272153664e-8,1.3866312040487e-4,2.8399033421068e-4,4.7870127459155e-4,-0.01920434459143849,1.5872429544276e-4,0.5386481752808844,0.5386481752808844,0.00200154957865089,0.00371587935830144,0.00371587171969384,0.9999979443338012,146800,100,1.8087061969015357,3.49828813616128e-8,0.9376299491484041
Local-fluid initial velocity,paper3_rr_posteq_ug010_df010_s20260713_localflow_300ms_20260716,0.15000000000000002,0.00339999999999997,6.160228355296724e-8,3.4619842236680584e-8,1.4276426377161e-4,2.9163101939404e-4,4.9149972346249e-4,-0.02314341490759364,1.6351774343772e-4,0.5305778052077078,0.5305778052077078,0.00197145208769754,0.00371592076594645,0.00371541945534881,0.999865091149887,146700,100,1.8044237877751448,3.694408628854447e-8,0.9370875210253994
Local-fluid initial velocity,paper3_rr_posteq_ug010_df010_s20260713_localflow_300ms_20260716,0.15000000000000002,0.00359999999999997,6.860811011101075e-8,3.83742422576261e-8,1.5098713927179e-4,3.0658068642084e-4,5.1696436636796e-4,-0.03069327798679033,1.7310348975317e-4,0.515615407659467,0.515615407659467,0.00191570167062997,0.00371628211366778,0.0037144567664038,0.9995088243550552,146500,100,1.7991820959970442,4.0998404995910784e-8,0.9359935407597827
Local-fluid initial velocity,paper3_rr_posteq_ug010_df010_s20260713_localflow_300ms_20260716,0.15000000000000002,0.00369999999999997,7.223751886543472e-8,4.0308820864522215e-8,1.5510377754637e-4,3.1380119283186e-4,5.300723482512e-4,-0.03430809688610192,1.7789608382531e-4,0.5086547944353857,0.5086547944353857,0.00188984244438592,0.00371660184366635,0.00371414517117627,0.999339000357473,146400,100,1.79464721835644,4.3090437818698194e-8,0.9354470018179079
Local-fluid initial velocity,paper3_rr_posteq_ug010_df010_s20260713_localflow_300ms_20260716,0.15000000000000002,0.00379999999999997,7.595074802648533e-8,4.228104342018405e-8,1.5919824508954e-4,3.2086996398145e-4,5.4265301038233e-4,-0.03782174235146796,1.8268876556788e-4,0.502160061655894,0.502160061655894,0.00186570190539577,0.00371685245166722,0.00371385420835022,0.999193338084848,146300,100,1.7892603079924576,4.5225011487102426e-8,0.9349039840983134
Local-fluid initial velocity,paper3_rr_posteq_ug010_df010_s20260713_localflow_300ms_20260716,0.15000000000000002,0.00389999999999997,7.974738376716766e-8,4.4290451954129e-8,1.633073941795e-4,3.278656529498e-4,5.5507351639908e-4,-0.0412334993621698,1.8748164297265e-4,0.4962473610736165,0.4962473610736165,0.0018437227280488,0.00371693343282006,0.00371372733957403,0.9991374359256152,146200,100,1.7843905419956962,4.74016068574333e-8,0.9343660455928948
Local-fluid initial velocity,paper3_rr_posteq_ug010_df010_s20260713_localflow_300ms_20260716,0.15000000000000002,0.00409999999999997,8.758861859606101e-8,4.841881725875625e-8,1.7139028543127e-4,3.418841049997e-4,5.8039003517694e-4,-0.04774695110703841,1.970674297245e-4,0.4849985293098813,0.4849985293098813,0.00180183392340824,0.00371674823508728,0.00371351798137535,0.9991308925147429,146000,100,1.7783316077097655,5.1878509584890626e-8,0.9333116476587833
Local-fluid initial velocity,paper3_rr_posteq_ug010_df010_s20260713_localflow_300ms_20260716,0.15000000000000002,0.00419999999999997,9.163227827193664e-8,5.05369113983905e-8,1.7542379703742e-4,3.4893670318335e-4,5.9284142665333e-4,-0.05085038553593912,2.0186019451944e-4,0.4797343718011243,0.4797343718011243,0.00178222126772797,0.0037166723673465,0.00371336204074504,0.9991093305316476,145900,100,1.7745422791459708,5.4177691371800825e-8,0.9327992780566259
Local-fluid initial velocity,paper3_rr_posteq_ug010_df010_s20260713_localflow_300ms_20260716,0.15000000000000002,0.00439999999999997,9.996335170815989e-8,5.487859348419493e-8,1.8341567768524e-4,3.62684174533e-4,6.168456166903e-4,-0.05677590837396074,2.1144557548976e-4,0.46995795498401177,0.46995795498401177,0.0017457724409457,0.00371666479280506,0.00371281972270846,0.9989654514703488,145700,100,1.7701619184650232,5.8895387032087024e-8,0.931797824068909
Local-fluid initial velocity,paper3_rr_posteq_ug010_df010_s20260713_localflow_300ms_20260716,0.15000000000000002,0.00449999999999997,1.0425004713848557e-7,5.7101427173498086e-8,1.8742765093643e-4,3.6965977669158e-4,6.2862480335017e-4,-0.05960244053672559,2.1623831497486e-4,0.4652955188220139,0.4652955188220139,0.00172837154815827,0.00371665975115038,0.00371247615191864,0.9988743658252686,145600,100,1.766140352749077,6.13131106210502e-8,0.9313085993372168
Local-fluid initial velocity,paper3_rr_posteq_ug010_df010_s20260713_localflow_300ms_20260716,0.15000000000000002,0.00469999999999997,1.1306359140948229e-7,6.164900032523832e-8,1.9543974497316e-4,3.8317000040064e-4,6.531735189275e-4,-0.06499362868117231,2.2582382389555e-4,0.4563498099299969,0.4563498099299969,0.0016949873002399,0.00371683771499932,0.00371162037314656,0.9985962954928854,145400,100,1.761023868338472,6.626471376254518e-8,0.9303443239210701
Local-fluid initial velocity,paper3_rr_posteq_ug010_df010_s20260713_localflow_300ms_20260716,0.15000000000000002,0.00479999999999997,1.1758977734114233e-7,6.397303974028809e-8,1.9940167853473e-4,3.8973036010763e-4,6.6485263475932e-4,-0.06756359999644967,2.3061669927177e-4,0.45223564374078784,0.45223564374078784,0.00167964146805622,0.00371699943799071,0.00371117217182972,0.9984322660634728,145300,100,1.7567313990893536,6.879783722887441e-8,0.9298699249434929
Local-fluid initial velocity,paper3_rr_posteq_ug010_df010_s20260713_localflow_300ms_20260716,0.15000000000000002,0.00499999999999997,1.2688179421832738e-7,6.872168827012613e-8,2.0721657953301e-4,4.0387373205421e-4,6.9044627794624e-4,-0.0724035019596897,2.4020409943028e-4,0.4453960843307452,0.4453960843307452,0.00165426355349271,0.00371735748023832,0.0037109259364466,0.998269861366332,145100,100,1.7519332941008532,7.397659653100014e-8,0.9289652605378794
Local-fluid initial velocity,paper3_rr_posteq_ug010_df010_s20260713_localflow_300ms_20260716,0.15000000000000002,0.00509999999999996,1.3164713698336182e-7,7.114581088526344e-8,2.1121110441699e-4,4.1045110378471e-4,7.0177323294685e-4,-0.07468847080600227,2.4499856718822e-4,0.44251218395677056,0.44251218395677056,0.00164345467504477,0.0037170148499096,0.0037108269357502,0.9983352463174702,145000,100,1.7481903348760806,7.662141620855912e-8,0.928536881798277
Local-fluid initial velocity,paper3_rr_posteq_ug010_df010_s20260713_localflow_300ms_20260716,0.15000000000000002,0.00529999999999996,1.4141393329626692e-7,7.609161021164957e-8,2.1914586494883e-4,4.2278629909648e-4,7.2494082859919e-4,-0.07901394727615174,2.5458795970944e-4,0.43713852955540394,0.43713852955540394,0.00162330639434891,0.00371620146797116,0.00371076604607729,0.9985373715766704,144800,100,1.7442471265979986,8.202002409014685e-8,0.9277199202967624
Local-fluid initial velocity,paper3_rr_posteq_ug010_df010_s20260713_localflow_300ms_20260716,0.15000000000000002,0.00549999999999996,1.5149373048369858e-7,8.11657444372406e-8,2.2707591888652e-4,4.352137152967e-4,7.4722131290836e-4,-0.08305580001481927,2.6417787785021e-4,0.43276976049002697,0.43276976049002697,0.00160693144618508,0.0037156547752298,0.00371061186071428,0.9986427925034518,144600,100,1.7412299207543565,8.756223713062321e-8,0.9269491860533385
Local-fluid initial velocity,paper3_rr_posteq_ug010_df010_s20260713_localflow_300ms_20260716,0.15000000000000002,0.00569999999999996,1.6188526945802049e-7,8.636685762822822e-8,2.3504393984894e-4,4.4684876478679e-4,7.7050724742023e-4,-0.08686746916238897,2.7376852363857e-4,0.42893316061961567,0.42893316061961567,0.00159260930041372,0.00371521016178883,0.00371070016807229,0.9987860730563988,144400,100,1.7380611109789057,9.324567446605669e-8,0.9262291052403455
Local-fluid initial velocity,paper3_rr_posteq_ug010_df010_s20260713_localflow_300ms_20260716,0.15000000000000002,0.00589999999999996,1.7258751376976802e-7,9.169395943448167e-8,2.4288095026791e-4,4.5874984540299e-4,7.9390541234481e-4,-0.09050097513219069,2.833598242731e-4,0.4256788886341313,0.4256788886341313,0.00158048558483125,0.00371502117682543,0.00371069757471523,0.9988361837242892,144200,100,1.7356109250855782,9.906887163879845e-8,0.9255577248199066
Local-fluid initial velocity,paper3_rr_posteq_ug010_df010_s20260713_localflow_300ms_20260716,0.15000000000000002,0.00609999999999996,1.836000987854025e-7,9.71462989017398e-8,2.5069033437438e-4,4.7020630974265e-4,8.1788301334175e-4,-0.0940049419645771,2.9295241142445e-4,0.42346374192559194,0.42346374192559194,0.00157227233577829,0.00371512354171644,0.00371064856393031,0.9987954699928884,144000,100,1.732931085599282,1.0502966361109187e-7,0.9249415409103573
Local-fluid initial velocity,paper3_rr_posteq_ug010_df010_s20260713_localflow_300ms_20260716,0.15000000000000002,0.00629999999999996,1.9492350861400237e-7,1.0272384331408113e-7,2.5848368148522e-4,4.820654168785e-4,8.4150102224936e-4,-0.0974029840749302,3.0254704517823e-4,0.422129268752977,0.422129268752977,0.00156747616180279,0.00371548636335144,0.00371103702246968,0.9988024876297094,143800,100,1.7304689043216124,1.1112647601211929e-7,0.9243867618269315
Local-fluid initial velocity,paper3_rr_posteq_ug010_df010_s20260713_localflow_300ms_20260716,0.15000000000000002,0.00649999999999996,2.065584836059262e-7,1.0842678917998833e-7,2.6632159861489e-4,4.9417105671586e-4,8.6461658142012e-4,-0.10070766005019673,3.1214440074066e-4,0.4204768046212796,0.4204768046212796,0.00156151989337125,0.00371588071875549,0.00371149766741601,0.9988204542418796,143600,100,1.7285765238866446,1.173591394372895e-7,0.9238887546370077
Local-fluid initial velocity,paper3_rr_posteq_ug010_df010_s20260713_localflow_300ms_20260716,0.15000000000000002,0.00669999999999995,2.185045336442388e-7,1.1425431834309978e-7,2.7415600246403e-4,5.0627631047764e-4,8.8789485535397e-4,-0.103949644051353,3.2174477794863e-4,0.41750293134580846,0.41750293134580846,0.00155072831993328,0.00371633242487726,0.00371225519489415,0.998902888784703,143400,100,1.7269666941056372,1.2372680443619154e-7,0.9234403075691094
Local-fluid initial velocity,paper3_rr_posteq_ug010_df010_s20260713_localflow_300ms_20260716,0.15000000000000002,0.00689999999999995,2.3076083148129326e-7,1.2020556007841826e-7,2.8207576641055e-4,5.1790077610832e-4,9.1234507121309e-4,-0.10715412936365888,3.3134805839584e-4,0.414746963734909,0.414746963734909,0.00154085258860733,0.00371693872867951,0.00371338818991649,0.9990447680141668,143200,100,1.7257722104291582,1.302303199452183e-7,0.923022842368682
Local-fluid initial velocity,paper3_rr_posteq_ug010_df010_s20260713_localflow_300ms_20260716,0.15000000000000002,0.00719999999999995,2.497251821783109e-7,1.2936216601820786e-7,2.9381929442262e-4,5.3613509280779e-4,9.4681497856603e-4,-0.11195084007318012,3.4575861772808e-4,0.41100254688379945,0.41100254688379945,0.00152742926657683,0.00371779066872168,0.00371490965346109,0.9992250732982834,142900,100,1.7247352171331831,1.402410755156431e-7,0.9224270816703644
Local-fluid initial velocity,paper3_rr_posteq_ug010_df010_s20260713_localflow_300ms_20260716,0.15000000000000002,0.00739999999999995,2.627536828958853e-7,1.356188212260766e-7,3.017028041051e-4,5.481893251974e-4,9.6929486930037e-4,-0.11517506710817405,3.5536907492971e-4,0.4091143556351928,0.4091143556351928,0.00152074212457271,0.00371844077928696,0.00371587285135041,0.9993094073325424,142700,100,1.7238502708673311,1.470842264792433e-7,0.9220487095889598
Local-fluid initial velocity,paper3_rr_posteq_ug010_df010_s20260713_localflow_300ms_20260716,0.15000000000000002,0.00769999999999995,2.8287423380428674e-7,1.4523175378097474e-7,3.1311260069213e-4,5.6791788435245e-4,0.00100051401822655,-0.1201020904036586,0.00036978924633570003,0.4069083941335248,0.4069083941335248,0.00151283784863271,0.00371873265040921,0.00371703377726169,0.9995431580306442,142400,100,1.7231348945771958,1.5759983436425936e-7,0.9215222488451456
Local-fluid initial velocity,paper3_rr_posteq_ug010_df010_s20260713_localflow_300ms_20260716,0.15000000000000002,0.00789999999999995,2.966706070286581e-7,1.5179067230165346e-7,3.2096590171878e-4,5.7994290342343e-4,0.00102144227622502,-0.12346079418773737,3.79404382295e-4,0.405608550891416,0.405608550891416,0.00150816764609318,0.00371889610315092,0.00371767131256845,0.99967065748854,142200,100,1.722595633959502,1.647761662779565e-7,0.9211931296277511
Local-fluid initial velocity,paper3_rr_posteq_ug010_df010_s20260713_localflow_300ms_20260716,0.15000000000000002,0.00819999999999995,3.179360221598915e-7,1.6185209227064585e-7,3.3255910708308e-4,5.9802859386366e-4,0.00105120688670898,-0.12861505580888932,3.9382860720454e-4,0.405104005142033,0.405104005142033,0.00150638068455838,0.00371871076948856,0.00371829635844106,0.999888560559508,141900,100,1.7222418087797078,1.757886622086131e-7,0.9207197451595123
Local-fluid initial velocity,paper3_rr_posteq_ug010_df010_s20260713_localflow_300ms_20260716,0.15000000000000002,0.00849999999999994,3.398840741323553e-7,1.721802249469815e-7,3.4409256394926e-4,6.1736101305471e-4,0.00107915066497334,-0.13389517074926582,4.082527823174e-4,0.405571565517251,0.405571565517251,0.00150814034536761,0.00371851971945393,0.00371859113181451,1.000019204513077,141600,100,1.7221781548142825,1.8709889115865555e-7,0.9202632034894137
Local-fluid initial velocity,paper3_rr_posteq_ug010_df010_s20260713_localflow_300ms_20260716,0.15000000000000002,0.00879999999999994,3.625149461583131e-7,1.8277527903590096e-7,3.555846683192e-4,6.3640978087781e-4,0.00110576787002833,-0.13927731115426822,4.2267685355899e-4,0.4060561696242347,0.4060561696242347,0.00150986052659703,0.00371812141227162,0.00371858632668347,1.00012504013729,141300,100,1.7223168657920136,1.987101808304343e-7,0.9198083272435291
Local-fluid initial velocity,paper3_rr_posteq_ug010_df010_s20260713_localflow_300ms_20260716,0.15000000000000002,0.00909999999999994,3.85827547736821e-7,1.9363664595963312e-7,3.6725500888048e-4,6.5492596518612e-4,0.00112949895122949,-0.14470436196329117,4.3710023740427e-4,0.4060351108850146,0.4060351108850146,0.00150962692867633,0.00371780945966064,0.00371813334251663,1.0000871165828984,141000,100,1.722797604213445,2.1062478577655026e-7,0.9193440612685552
Local-fluid initial velocity,paper3_rr_posteq_ug010_df010_s20260713_localflow_300ms_20260716,0.15000000000000002,0.00939999999999994,4.098215475299398e-7,2.047645398474179e-7,3.7861525385437e-4,6.7308100447112e-4,0.00115619290673,-0.15010932460551565,4.51522462903e-4,0.4047521663785668,0.4047521663785668,0.00150475841195293,0.00371816114685827,0.0037172946563017,0.999766957234412,140700,100,1.7234941754656536,2.2284244310597089e-7,0.918875852343998
Local-fluid initial velocity,paper3_rr_posteq_ug010_df010_s20260713_localflow_300ms_20260716,0.15000000000000002,0.00969999999999994,4.344948035040149e-7,2.161575544214458e-7,3.901406272397e-4,6.9015982323645e-4,0.00117988516344674,-0.15548125461591067,4.6594305047404e-4,0.40327082004573866,0.40327082004573866,0.00149917254529983,0.0037190031221897,0.00371606327970057,0.9992095079265756,140400,100,1.7244541276709424,2.353627384032847e-7,0.9184017652406321
Local-fluid initial velocity,paper3_rr_posteq_ug010_df010_s20260713_localflow_300ms_20260716,0.15000000000000002,0.00999999999999994,4.598487194950137e-7,2.2781608799940306e-7,4.0132500678094e-4,7.0936931631645e-4,0.0011997428773613,-0.16082010191373386,4.8036321623981e-4,0.40162536961923806,0.40162536961923806,0.00149306631908057,0.00371959703795867,0.00371552362968654,0.9989048791493912,140100,100,1.7255750569689257,2.481816829784053e-7,0.9179407813880676
Local-fluid initial velocity,paper3_rr_posteq_ug010_df010_s20260713_localflow_300ms_20260716,0.15000000000000002,0.01039999999999993,4.947131823408738e-7,2.437721979961021e-7,4.166114359578e-4,7.3428048346366e-4,0.00123192629349905,-0.16792347806432784,4.9959148790992e-4,0.3989089456344111,0.3989089456344111,0.00148292824467332,0.0037195597897064802,0.00371536237597813,0.9988715294374452,139700,100,1.7267900963129197,2.657346399048003e-7,0.9173519797171861
Local-fluid initial velocity,paper3_rr_posteq_ug010_df010_s20260713_localflow_300ms_20260716,0.15000000000000002,0.01069999999999993,5.216518278831463e-7,2.560451813325822e-7,4.282488810536e-4,7.5372637142498e-4,0.00125656993860953,-0.17323829649671374,5.140121663112e-4,0.3970818810484556,0.3970818810484556,0.00147585310218498,0.00371836462087327,0.00371513115039513,0.9991304052163164,139400,100,1.728087935004922,2.79244471281052e-7,0.9169212201694036
Local-fluid initial velocity,paper3_rr_posteq_ug010_df010_s20260713_localflow_300ms_20260716,0.15000000000000002,0.01109999999999993,5.58618161820551e-7,2.7281373152038004e-7,4.4333486308534e-4,7.7874760933992e-4,0.00129146231331831,-0.1802864458572309,5.3323684462025e-4,0.3951415705185796,0.3951415705185796,0.00146814119248726,0.00371641970213808,0.00371454352127185,0.9994951644279704,139000,100,1.7294767840050718,2.9771783085852984e-7,0.9163499906393454
Local-fluid initial velocity,paper3_rr_posteq_ug010_df010_s20260713_localflow_300ms_20260716,0.15000000000000002,0.01149999999999993,5.967808004302512e-7,2.900434336952745e-7,4.5881559920782e-4,8.0451256624986e-4,0.00132488361652208,-0.1872284008839592,5.5245816412916e-4,0.3928651716242418,0.3928651716242418,0.00145920606697266,0.00371476997686931,0.00371376370723203,0.9997291165688462,138600,100,1.730975413131385,3.1671125644323824e-7,0.9157976794148356
Local-fluid initial velocity,paper3_rr_posteq_ug010_df010_s20260713_localflow_300ms_20260716,0.15000000000000002,0.01189999999999992,6.361376267558279e-7,3.077332568286882e-7,4.7446620608436e-4,8.2760558934021e-4,0.00135664894093572,-0.19402543825520344,5.7167548312625e-4,0.3902499661712396,0.3902499661712396,0.00144940724807412,0.0037138018501839,0.00371429489246101,1.0001327594462486,138200,100,1.7326287719977955,3.3622172887931173e-7,0.9152687955487565
Local-fluid initial velocity,paper3_rr_posteq_ug010_df010_s20260713_localflow_300ms_20260716,0.15000000000000002,0.01229999999999992,6.766965373286676e-7,3.258859683258259e-7,4.9012540919522e-4,8.5036885841747e-4,0.00138723004942875,-0.20066413804863392,5.9089325235339e-4,0.3884251390511772,0.3884251390511772,0.00144281730115542,0.00371368752167822,0.00371537508691007,1.0004544176703072,137800,100,1.7343852004916658,3.562432152429458e-7,0.9147850524074759
Local-fluid initial velocity,paper3_rr_posteq_ug010_df010_s20260713_localflow_300ms_20260716,0.15000000000000002,0.01269999999999992,7.184523196757527e-7,3.444989497149594e-7,5.0564446998882e-4,8.7404443395443e-4,0.0014186439476273,-0.2071006746128624,6.1010935966448e-4,0.38881197325470657,0.38881197325470657,0.00144427788427799,0.00371324653232175,0.00371593815548025,1.0007248705775589,137400,100,1.7363705116383152,3.767784476215504e-7,0.9143276423841162
Local-fluid initial velocity,paper3_rr_posteq_ug010_df010_s20260713_localflow_300ms_20260716,0.15000000000000002,0.01309999999999992,7.613966537614293e-7,3.635702191865371e-7,5.2101263228196e-4,8.9761783005456e-4,0.00145240408508617,-0.21328098381559937,6.2931917237373e-4,0.38978718755633185,0.38978718755633185,0.00144769488881579,0.0037125514961330202,0.00371557880295884,1.0008154248712726,137000,100,1.7382803562436642,3.9782944947344226e-7,0.9138846298778286
Local-fluid initial velocity,paper3_rr_posteq_ug010_df010_s20260713_localflow_300ms_20260716,0.15000000000000002,0.01349999999999991,8.055165865595873e-7,3.830950277878201e-7,5.3637209961453e-4,9.2170837619843e-4,0.00148741566322297,-0.2191804896150996,6.4851722398984e-4,0.3892278011516924,0.3892278011516924,0.00144514162305257,0.00371141472969139,0.00371427133748432,1.0007696816445972,136600,100,1.7400646667236763,4.193967683967804e-7,0.9134429653625367
Local-fluid initial velocity,paper3_rr_posteq_ug010_df010_s20260713_localflow_300ms_20260716,0.15000000000000002,0.01399999999999991,8.623158979564836e-7,4.081343626353689e-7,5.5576786520193e-4,9.5214329481177e-4,0.00153475389209111,-0.2261990828071947,6.7250031452657e-4,0.3881901907652715,0.3881901907652715,0.00144091385329513,0.00371073494375218,0.00371301741103125,1.000615098441057,136100,100,1.7417870968848446,4.470792958133726e-7,0.91289032271747
Local-fluid initial velocity,paper3_rr_posteq_ug010_df010_s20260713_localflow_300ms_20260716,0.15000000000000002,0.01449999999999991,9.209404316608672e-7,4.3387126415331475e-7,5.7553153692466e-4,9.7679576511944e-4,0.0015779439886649,-0.23285888950566216,6.9646805129967e-4,0.3874716999627747,0.3874716999627747,0.00143789928053227,0.00370958009596697,0.00371237811594767,1.0007542686526012,135600,100,1.7436650209288662,4.755704151489331e-7,0.9123176091966118
Local-fluid initial velocity,paper3_rr_posteq_ug010_df010_s20260713_localflow_300ms_20260716,0.15000000000000002,0.01499999999999991,9.813639228088818e-7,4.6029465835731826e-7,5.9532183677082e-4,0.00100227123668486,0.00162210983323316,-0.2391701187615477,7.2041223923524e-4,0.3890363649915153,0.3890363649915153,0.00144323605991223,0.00370948997213859,0.00371005325798036,1.0001518499432538,135100,100,1.7455551706396832,5.048639431812106e-7,0.911720206154839
Local-fluid initial velocity,paper3_rr_posteq_ug010_df010_s20260713_localflow_300ms_20260716,0.15000000000000002,0.0154999999999999,1.0435812350908234e-6,4.874110039331424e-7,6.1417554164359e-4,0.00102706964131281,0.00166251803293685,-0.24508145963651273,7.4432841813713e-4,0.3908592386803521,0.3908592386803521,0.00144961075936903,0.0037104883576897,0.00370707157030818,0.9990791542643052,134600,100,1.7477438111232164,5.349438283178579e-7,0.9111442699803015
Local-fluid initial velocity,paper3_rr_posteq_ug010_df010_s20260713_localflow_300ms_20260716,0.15000000000000002,0.0159999999999999,1.1076200883009824e-6,5.152359692555037e-7,6.3289968456916e-4,0.00105153432814152,0.00170194935758937,-0.25064034150486214,7.6822677092677e-4,0.3917125693577832,0.3917125693577832,0.00145261116750511,0.00371234784407506,0.00370437615308073,0.997852655158096,134100,100,1.75037611843128,5.657987297353759e-7,0.9106347225213453
Local-fluid initial velocity,paper3_rr_posteq_ug010_df010_s20260713_localflow_300ms_20260716,0.15000000000000002,0.0165999999999999,1.1868700099890136e-6,5.495535740921164e-7,6.5512149161663e-4,0.00107740519410576,0.00175719540906887,-0.2569119935912728,7.9688725853706e-4,0.39066863957324144,0.39066863957324144,0.00144843344989803,0.00371420679789841,0.00370095590457093,0.99643237599614,133500,100,1.7532975982613246,6.038610212366708e-7,0.9100663145414883
Local-fluid initial velocity,paper3_rr_posteq_ug010_df010_s20260713_localflow_300ms_20260716,0.15000000000000002,0.01709999999999989,1.2549127911989811e-6,5.789170925848943e-7,6.7327726133145e-4,0.00110054670556448,0.00179826864475943,-0.2619226434625792,8.2076102547342e-4,0.3932105072213375,0.3932105072213375,0.00145742176040243,0.0037134629885273,0.00369948414758522,0.9962356320810858,133000,100,1.7566687042836802,6.364749866483196e-7,0.9095677045118058
Local-fluid initial velocity,paper3_rr_posteq_ug010_df010_s20260713_localflow_300ms_20260716,0.15000000000000002,0.01769999999999989,1.3389790747676972e-6,6.150857150517715e-7,6.955598748233e-4,0.00112793217483626,0.00184449655372691,-0.26769933376180843,8.493970692898e-4,0.3943317274318038,0.3943317274318038,0.0014610415956294,0.00371114295537724,0.00369908264414264,0.9967502434210688,132400,100,1.760143265302893,6.766756728487323e-7,0.9089815693570398
Local-fluid initial velocity,paper3_rr_posteq_ug010_df010_s20260713_localflow_300ms_20260716,0.15000000000000002,0.01829999999999989,1.4257074472025808e-6,6.522908432987824e-7,7.1832177651451e-4,0.00115902396138578,0.00188774949222627,-0.27318648527334477,8.7802454403959e-4,0.39209542241163536,0.39209542241163536,0.0014525059633099,0.00371065531090356,0.0036982961902507,0.9966692889483572,131800,100,1.7639880072910694,7.180402094865911e-7,0.9084321945774869
Local-fluid initial velocity,paper3_rr_posteq_ug010_df010_s20260713_localflow_300ms_20260716,0.15000000000000002,0.01889999999999988,1.5150958832535586e-6,6.905237029997105e-7,7.4092892772425e-4,0.0011910852167,0.0019342310621309,-0.278421406810611,9.0664832565893e-4,0.38755135541223346,0.38755135541223346,0.00143563121567665,0.00371107593507689,0.00369766382584809,0.996385924334766,131200,100,1.768229509369444,7.605927737982987e-7,0.9078757079840865
Local-fluid initial velocity,paper3_rr_posteq_ug010_df010_s20260713_localflow_300ms_20260716,0.15000000000000002,0.01959999999999988,1.6227688327326873e-6,7.364292133807105e-7,7.6813709466426e-4,0.00122167353426148,0.00200266298162564,-0.2842572794218099,9.4004992935619e-4,0.38201213783837895,0.38201213783837895,0.00141576304865284,0.00371384736221417,0.00369830539811455,0.995815131160817,130500,100,1.772664217231105,8.117744394959204e-7,0.9071845300253649
Local-fluid initial velocity,paper3_rr_posteq_ug010_df010_s20260713_localflow_300ms_20260716,0.15000000000000002,0.02019999999999987,1.7179816032680296e-6,7.769052402351672e-7,7.9169506393741e-4,0.00124830400475029,0.00205713303455801,-0.2890440706362325,9.6868913783985e-4,0.3795363434319462,0.3795363434319462,0.00140734778626352,0.00371808542321662,0.00369808395852738,0.9946204935033628,129900,100,1.777241136046998,8.569874129069489e-7,0.9065538519403238
Local-fluid initial velocity,paper3_rr_posteq_ug010_df010_s20260713_localflow_300ms_20260716,0.15000000000000002,0.02089999999999987,1.8325144438425371e-6,8.254609346526978e-7,8.1874696827174e-4,0.00128302990712718,0.00211175908073154,-0.29442268173393715,0.00100212499599163,0.3788245456431669,0.3788245456431669,0.00140587498157943,0.00372324484847954,0.00369909585692296,0.9935139931593714,129200,100,1.7820005798934948,9.113145233971254e-7,0.905791484125163
Local-fluid initial velocity,paper3_rr_posteq_ug010_df010_s20260713_localflow_300ms_20260716,0.15000000000000002,0.02159999999999987,1.9507543032968736e-6,8.754455340970358e-7,8.4557118129194e-4,0.00131305607540163,0.00216188740388077,-0.2996322070673173,0.00103558316053065,0.38043007536819495,0.38043007536819495,0.00141232533131281,0.00372563067488185,0.00369930389699653,0.9929336050234892,128500,100,1.7870839954380993,9.673246780075771e-7,0.9050172646274391
Local-fluid initial velocity,paper3_rr_posteq_ug010_df010_s20260713_localflow_300ms_20260716,0.15000000000000002,0.02239999999999986,2.090415831243559e-6,9.342920888677564e-7,8.7635323846959e-4,0.00135287349925712,0.0022258733556055,-0.3053518690528154,0.00107385430689722,0.3811265199703427,0.3811265199703427,0.00141556138959347,0.00372848505223615,0.00369987176354254,0.9923257601163088,127700,100,1.792919515236549,1.0333429261767391e-6,0.9041452408490757
Local-fluid initial velocity,paper3_rr_posteq_ug010_df010_s20260713_localflow_300ms_20260716,0.15000000000000002,0.02309999999999986,2.2166610685419144e-6,9.87315823097226e-7,9.0329166389126e-4,0.00138844310685672,0.00229012345399639,-0.31011674768538977,0.00110738901345059,0.3810310908747116,0.3810310908747116,0.00141681234360363,0.00373299568090704,0.00370378994280746,0.9921763268441596,127000,100,1.7987043485894794,1.0928610185159832e-6,0.9034230394985823
Local-fluid initial velocity,paper3_rr_posteq_ug010_df010_s20260713_localflow_300ms_20260716,0.15000000000000002,0.02389999999999985,2.3656817485762123e-6,1.0497132341766212e-6,9.3369405073024e-4,0.00143786509218865,0.00235715400015793,-0.31534845522537935,0.00114579461519239,0.37804913504815074,0.37804913504815074,0.00140805784020449,0.00373903071726542,0.00371009866889673,0.992262152799363,126200,100,1.8049475073313712,1.1629111948008945e-6,0.9026598409832539
Local-fluid initial velocity,paper3_rr_posteq_ug010_df010_s20260713_localflow_300ms_20260716,0.15000000000000002,0.02469999999999985,2.519843854324231e-6,1.1140915448700882e-6,9.6311219815848e-4,0.00148630287698414,0.00242695348993214,-0.32028160191977917,0.0011842875260405499,0.3774545316010068,0.3774545316010068,0.00140839707932273,0.00374639476193024,0.00371627125813041,0.991959335383997,125400,100,1.81106001264772,1.2351942266932423e-6,0.9019565674725019
Local-fluid initial velocity,paper3_rr_posteq_ug010_df010_s20260713_localflow_300ms_20260716,0.15000000000000002,0.02559999999999984,2.6994516538133943e-6,1.1889276122774922e-6,9.9590297353903e-4,0.0015358473698915,0.00250412297517759,-0.3254570949826121,0.00122768192943083,0.37332741229891825,0.37332741229891825,0.00139537159506764,0.00375425830048899,0.00372113859975,0.991178097486078,124500,100,1.8169796449424909,1.3191949399880237e-6,0.9012524049616851
Local-fluid initial velocity,paper3_rr_posteq_ug010_df010_s20260713_localflow_300ms_20260716,0.15000000000000002,0.02639999999999984,2.864508293469179e-6,1.2575375180424096e-6,0.00102618394510512,0.00158376582386564,0.0025681204836591,-0.32973142190586735,0.00126631482112433,0.3688193725026877,0.3688193725026877,0.00137998627488434,0.00375894142973455,0.00372440178405963,0.9908113370956808,123700,100,1.8218343072198144,1.3961580627124606e-6,0.9007128573961471
Local-fluid initial velocity,paper3_rr_posteq_ug010_df010_s20260713_localflow_300ms_20260716,0.15000000000000002,0.02729999999999983,3.056128693314063e-6,1.3369696166515606e-6,0.00106057136877663,0.00163558715715831,0.0026208538029703,-0.33415243501849645,0.00130982140034381,0.3654194206909817,0.3654194206909817,0.00136816579031326,0.00376589689052605,0.0037224234865373,0.988456029133959,122800,100,1.8257781556756576,1.4851831876846452e-6,0.9002051920179995
Local-fluid initial velocity,paper3_rr_posteq_ug010_df010_s20260713_localflow_300ms_20260716,0.15000000000000002,0.02819999999999983,3.2538746733320943e-6,1.4186963845763651e-6,0.00109442025612718,0.00168440137514557,0.00269190932321776,-0.33815694894364623,0.00135334677433503,0.3659956090772827,0.3659956090772827,0.00137006996836461,0.00376791742402723,0.00371905299515563,0.9870314491076688,121900,100,1.8284324133968235,1.5768372147631858e-6,0.8997101103993346
Local-fluid initial velocity,paper3_rr_posteq_ug010_df010_s20260713_localflow_300ms_20260716,0.15000000000000002,0.02919999999999982,3.4807313779752667e-6,1.5121700096959429e-6,0.00113100753143515,0.00173689675392924,0.002772659473136,-0.3421193415284689,0.00140171727492643,0.3666264278991037,0.3666264278991037,0.00137313480957071,0.00376935102619775,0.00372145040130767,0.987292076392682,120900,100,1.8299986041785623,1.681790704673347e-6,0.8991428038542112
Local-fluid initial velocity,paper3_rr_posteq_ug010_df010_s20260713_localflow_300ms_20260716,0.15000000000000002,0.03019999999999981,3.7149632487649018e-6,1.6083641365275152e-6,0.00116807388701961,0.00179054315067552,0.00285611104288211,-0.34565852602170843,0.00145007858570347,0.3635749296542206,0.3635749296542206,0.00136222378431086,0.00377276965772143,0.00372090660508244,0.9862533212085078,119900,100,1.8306705060865096,1.7899898256009375e-6,0.898532557852698
Local-fluid initial velocity,paper3_rr_posteq_ug010_df010_s20260713_localflow_300ms_20260716,0.15000000000000002,0.03119999999999981,3.956602154920907e-6,1.7072649902050252e-6,0.00120559467238444,0.00184284183190762,0.0029506340417695,-0.3488753955813968,0.00149845184983949,0.361516025825781,0.361516025825781,0.00135420415972102,0.0037755726384506,0.00371646757990981,0.9843454055316382,118900,100,1.8310421638414156,1.9013179396269705e-6,0.8979376645128496
Local-fluid initial velocity,paper3_rr_posteq_ug010_df010_s20260713_localflow_300ms_20260716,0.15000000000000002,0.0322999999999998,4.230708108170476e-6,1.8190647896871696e-6,0.00124766880724447,0.00189152200602305,0.00305014684119457,-0.3520399342129762,0.00155163388700202,0.3576756279571839,0.3576756279571839,0.00133939680519985,0.00377757271939778,0.00371216257004457,0.982684608818428,117800,100,1.83143298586688,2.027395931637059e-6,0.8972420045345221
Local-fluid initial velocity,paper3_rr_posteq_ug010_df010_s20260713_localflow_300ms_20260716,0.15000000000000002,0.0333999999999998,4.5136831125935704e-6,1.9340903644328313e-6,0.00128779233240455,0.0019457622133194,0.00313729032301128,-0.35499853607503606,0.00160482131406019,0.3610013075803042,0.3610013075803042,0.00135113868461096,0.00377577339488942,0.00371002114693914,0.982585753679161,116700,100,1.8320606341511632,2.1575040056375733e-6,0.8964480989972855
Local-fluid initial velocity,paper3_rr_posteq_ug010_df010_s20260713_localflow_300ms_20260716,0.15000000000000002,0.03449999999999979,4.805345405343386e-6,2.05226990461924e-6,0.00132949753332737,0.00199363285081012,0.00321864623157769,-0.3579208488133394,0.00165798023380233,0.366192205095921,0.366192205095921,0.00136953763900743,0.00377736292363085,0.00370289195963774,0.98028493276957,115600,100,1.833166866787065,2.2916827207661057e-6,0.8955296848130746
Local-fluid initial velocity,paper3_rr_posteq_ug010_df010_s20260713_localflow_300ms_20260716,0.15000000000000002,0.03569999999999979,5.1336591614034495e-6,2.1849487143376717e-6,0.00137624186396212,0.00205232839408801,0.00329550642034645,-0.361125143491309,0.00171596734263634,0.36439437749318354,0.36439437749318354,0.00136285533653996,0.00378039560354387,0.00370014662507973,0.9787723331418228,114400,100,1.834774680635813,2.4426959398827613e-6,0.8944824767844579
Local-fluid initial velocity,paper3_rr_posteq_ug010_df010_s20260713_localflow_300ms_20260716,0.15000000000000002,0.03689999999999978,5.472786679721241e-6,2.321620601209533e-6,0.0014201391205757,0.00212247461121023,0.0033777050867508,-0.3643805341505916,0.00177398977309433,0.36161312373713667,0.36161312373713667,0.00135274614783162,0.00377728550525608,0.00370479713775083,0.9808094020416562,113200,100,1.836456846221129,2.59832568388929e-6,0.8935063897511214
Local-fluid initial velocity,paper3_rr_posteq_ug010_df010_s20260713_localflow_300ms_20260716,0.15000000000000002,0.03809999999999977,5.82270080803042e-6,2.462269943847463e-6,0.00146480363488881,0.00219262492291799,0.00345896567297969,-0.3677208354472128,0.00183203691717383,0.3597598597684929,0.3597598597684929,0.00134602798304362,0.00377659322538139,0.00370665834119965,0.9814820183143562,112000,100,1.8377885988500913,2.758461496318574e-6,0.8926243658407389
Local-fluid initial velocity,paper3_rr_posteq_ug010_df010_s20260713_localflow_300ms_20260716,0.15000000000000002,0.03939999999999976,6.213983814738168e-6,2.619158693254149e-6,0.00151776738720858,0.00226353552709841,0.00354347278178719,-0.3714484366785007,0.00189494944984186,0.35611146837854524,0.35611146837854524,0.00133225465047368,0.00377457074036747,0.00370795965872262,0.9823526736610138,110700,100,1.838691545925662,2.936961247736335e-6,0.8917920504646997
Local-fluid initial velocity,paper3_rr_posteq_ug010_df010_s20260713_localflow_300ms_20260716,0.15000000000000002,0.04079999999999975,6.649367903081806e-6,2.793235878126524e-6,0.00157122160550716,0.00233800383518695,0.00362704292196947,-0.3754828929108088,0.00196270743700016,0.3485526479200027,0.3485526479200027,0.00130286028824627,0.00376657925089658,0.00370946955641422,0.984837782327622,109300,100,1.8389913710975383,3.13505304305973e-6,0.8909692562650865
Local-fluid initial velocity,paper3_rr_posteq_ug010_df010_s20260713_localflow_300ms_20260716,0.15000000000000002,0.04219999999999974,7.098344586068394e-6,2.9720764693019875e-6,0.00162588326388366,0.00240305521387213,0.00373395717002229,-0.37947971503143985,0.00203037213600679,0.34428411917954765,0.34428411917954765,0.00128631224122575,0.00376043124735771,0.00371211285935633,0.98715083860785,107900,100,1.8386383008504896,3.3393878927229967e-6,0.8900063618780456
Local-fluid initial velocity,paper3_rr_posteq_ug010_df010_s20260713_localflow_300ms_20260716,0.15000000000000002,0.04359999999999973,7.561095772699421e-6,3.155732058457579e-6,0.00167926858719264,0.00247373764318669,0.00386418477257235,-0.38335030736630216,0.00209798474702787,0.3400539747584257,0.3400539747584257,0.00127157986448517,0.00376020944223547,0.00371860062365337,0.988934441226933,106500,100,1.8381207487276685,3.549708707493128e-6,0.889011555172429
Local-fluid initial velocity,paper3_rr_posteq_ug010_df010_s20260713_localflow_300ms_20260716,0.15000000000000002,0.04509999999999972,8.072415868350195e-6,3.3580335457432395e-6,0.0017352209487954801,0.0025455387950406,0.00398209782080693,-0.3871952668556098,0.00217038561831558,0.32509524693425534,0.32509524693425534,0.00121526043374414,0.00375831970515211,0.00371812302870074,0.9893046149330323,105000,100,1.838080519005173,3.7814106912042457e-6,0.888037248520558
Local-fluid initial velocity,paper3_rr_posteq_ug010_df010_s20260713_localflow_300ms_20260716,0.15000000000000002,0.04659999999999972,8.599934245136726e-6,3.5659332296136235e-6,0.00179115438647703,0.00261348052372579,0.00408668389640718,-0.39086737828867446,0.00224280907610994,0.321094038046666,0.321094038046666,0.00119827469126287,0.00374852896512211,0.00371524466067622,0.9911207023460196,103500,100,1.8389904330421216,4.019581811656869e-6,0.8871403535741814
Local-fluid initial velocity,paper3_rr_posteq_ug010_df010_s20260713_localflow_300ms_20260716,0.15000000000000002,0.04819999999999971,9.180689675070792e-6,3.7938080534094577e-6,0.00184869185456042,0.00270391690489135,0.00420416700092913,-0.3947612831457694,0.00232014070354457,0.314515826829033,0.314515826829033,0.00117245600976691,0.00374505929808751,0.00371064499459486,0.9908107453705136,101900,100,1.8410096706067252,4.280176376288896e-6,0.8863672241233337
Local-fluid initial velocity,paper3_rr_posteq_ug010_df010_s20260713_localflow_300ms_20260716,0.15000000000000002,0.0497999999999997,9.78123154042394e-6,4.028611387915743e-6,0.00190579219523465,0.00278379215079221,0.00431212074935285,-0.39867067769205977,0.00239765454237952,0.31243480822279923,0.31243480822279923,0.00116519949020777,0.00374559934501926,0.00371330332589238,0.991377609788984,100300,100,1.8437940522173668,4.5478845436044466e-6,0.8858209458243742
Local-fluid initial velocity,paper3_rr_posteq_ug010_df010_s20260713_localflow_300ms_20260716,0.15000000000000002,0.05149999999999968,1.0441866928462544e-5,4.286169988702589e-6,0.00196951377492551,0.00289361711832385,0.00443723736191956,-0.4029089352991969,0.00248027258794043,0.30764738775496747,0.30764738775496747,0.00114936987276897,0.00375555365952212,0.00371654318255021,0.9896125896449391,98600,100,1.8471366356210952,4.840359146590797e-6,0.8855066037241184
Local-fluid initial velocity,paper3_rr_posteq_ug010_df010_s20260713_localflow_300ms_20260716,0.15000000000000002,0.05329999999999968,1.1167310655299584e-5,4.5675644918572195e-6,0.00203874258424071,0.00300091942370167,0.00453962008678133,-0.4076521023276066,0.00256821571974443,0.3035541205888401,0.3035541205888401,0.00113565999653511,0.00375968506286098,0.00372282759228759,0.9901966601039344,96800,100,1.8503012037513031,5.1588148291397706e-6,0.8853902772507263
Local-fluid initial velocity,paper3_rr_posteq_ug010_df010_s20260713_localflow_300ms_20260716,0.15000000000000002,0.05509999999999966,1.19184627651247e-5,4.857636521796799e-6,0.00210553073251485,0.00309898090391621,0.00468672178587916,-0.4120922220222306,0.00265645087911404,0.3032920013110794,0.3032920013110794,0.00113455077979408,0.0037469150228697,0.00373466902631674,0.9967317122277352,95000,100,1.8520738581561056,5.4858945938763255e-6,0.8854775531449648
Local-fluid initial velocity,paper3_rr_posteq_ug010_df010_s20260713_localflow_300ms_20260716,0.15000000000000002,0.05699999999999965,1.273802281051791e-5,5.173071612882726e-6,0.00217606160531948,0.00319852715258932,0.00479086881575937,-0.41614654684255337,0.00274967980001586,0.3104068266451513,0.3104068266451513,0.00116251267247113,0.00374708926520515,0.00374316373397327,0.9989523785119468,93100,100,1.8516284191996455,5.838571043376602e-6,0.8860167281429532
Local-fluid initial velocity,paper3_rr_posteq_ug010_df010_s20260713_localflow_300ms_20260716,0.15000000000000002,0.05889999999999965,1.3585167259577553e-5,5.498407978784999e-6,0.00224664430261001,0.00332315684187488,0.00489659678214642,-0.4195921826294631,0.00284296864747363,0.2983688859199,0.2983688859199,0.00111958119002046,0.00375951783903965,0.00374517375527178,0.996184594838488,91200,100,1.848953704885174,6.198169588188236e-6,0.8871018936402189
Local-fluid initial velocity,paper3_rr_posteq_ug010_df010_s20260713_localflow_300ms_20260716,0.15000000000000002,0.06089999999999963,1.450248011911295e-5,5.849737303349513e-6,0.00232053824223898,0.00341375262114214,0.00502926689764231,-0.422725122105133,0.0029408177517055,0.2913653702243061,0.2913653702243061,0.00109083853172006,0.00375100712676327,0.00373677703073223,0.9962063265810644,89200,100,1.8443604771258455,6.584576957178272e-6,0.888399868570499
Local-fluid initial velocity,paper3_rr_posteq_ug010_df010_s20260713_localflow_300ms_20260716,0.15000000000000002,0.06299999999999961,1.5490770062252994e-5,6.226618247823314e-6,0.00239806778388962,0.00349135976339258,0.00519874604159223,-0.4257693616089724,0.00304298842447231,0.30261994415492155,0.30261994415492155,0.00113084043932539,0.00375499688897194,0.0037187585894184,0.9903493130287352,87100,100,1.8378702603114971,7.00078204792168e-6,0.889417525813678
Local-fluid initial velocity,paper3_rr_posteq_ug010_df010_s20260713_localflow_300ms_20260716,0.15000000000000002,0.0650999999999996,1.650542875726119e-5,6.612129194538934e-6,0.00248032314305977,0.0036106514369902,0.00530607667699612,-0.42856682473778707,0.00314466173120589,0.29340624198840193,0.29340624198840193,0.00109508011213365,0.00374732110204388,0.00371733907704776,0.9919990776931924,85000,100,1.8300150392797363,7.429849966361195e-6,0.889941146116744
Local-fluid initial velocity,paper3_rr_posteq_ug010_df010_s20260713_localflow_300ms_20260716,0.15000000000000002,0.0672999999999996,1.7598278867888037e-5,7.025847192854602e-6,0.0025663666251175,0.00369334760455968,0.00540003060855591,-0.4313330747651709,0.00325084441718978,0.27688605782374615,0.27688605782374615,0.0010323849079446,0.00375200660997823,0.00370525006294416,0.9875382556870428,82800,100,1.8220090638050463,7.893540205643991e-6,0.8900755566977442
Local-fluid initial velocity,paper3_rr_posteq_ug010_df010_s20260713_localflow_300ms_20260716,0.15000000000000002,0.06959999999999958,1.877325787454046e-5,7.468842609694559e-6,0.00264958058528535,0.00376363837739502,0.0054965377273715,-0.43405139211393273,0.00336155393523201,0.26600691840871044,0.26600691840871044,9.9086812557668e-4,0.00375305705872758,0.00369709563641255,0.9850891096406617,80500,100,1.815273717582879,8.39312260383714e-6,0.8898765051138391
Local-fluid initial velocity,paper3_rr_posteq_ug010_df010_s20260713_localflow_300ms_20260716,0.15000000000000002,0.07199999999999956,2.0034245386842795e-5,7.940737020681363e-6,0.00273861412004791,0.00385778877790534,0.00567217674472694,-0.43717521311815855,0.00347696457385756,0.2747656798785453,0.2747656798785453,0.00102305420032457,0.00375052831919672,0.00369640769525284,0.9855698666060292,78100,100,1.8101531764844856,8.92691930454721e-6,0.8895271425425002
Local-fluid initial velocity,paper3_rr_posteq_ug010_df010_s20260713_localflow_300ms_20260716,0.15000000000000002,0.07439999999999955,2.133431183586013e-5,8.423261365059484e-6,0.00282318188682499,0.00393668620707474,0.00581768914714397,-0.4409053643023063,0.00359261886642313,0.2780585888643267,0.2780585888643267,0.00103683472526875,0.00373913936717914,0.00371855994112086,0.99449621315565,75700,100,1.805941264688398,9.475706774253462e-6,0.8889322523092854
Local-fluid initial velocity,paper3_rr_posteq_ug010_df010_s20260713_localflow_300ms_20260716,0.15000000000000002,0.07689999999999954,2.273365267596452e-5,8.939892407073967e-6,0.0029100543111085,0.00399357314511299,0.00588526907941537,-0.4446800562200084,0.00371342890872736,0.2788970953958232,0.2788970953958232,0.00104310062008786,0.0037597984475537,0.0037204875910092,0.9895444244969892,73200,100,1.802023326365595,1.00676497184306e-5,0.887982067026818
Local-fluid initial velocity,paper3_rr_posteq_ug010_df010_s20260713_localflow_300ms_20260716,0.15000000000000002,0.07949999999999952,2.423881661030396e-5,9.493036535510632e-6,0.00301017563438281,0.00404957940189244,0.00601227732131247,-0.4479254749149546,0.00383947026692153,0.27763824532132203,0.27763824532132203,0.00103875817221668,0.00377277463209321,0.00371030372037701,0.9834416529456094,70600,100,1.79719063859652,1.0705661588878592e-5,0.8867304889753215
Local-fluid initial velocity,paper3_rr_posteq_ug010_df010_s20260713_localflow_300ms_20260716,0.15000000000000002,0.0821999999999995,2.5851165411477545e-5,1.0082147272193716e-5,0.00311305807820089,0.00410569405888116,0.00621495884700954,-0.4502977916995087,0.00397047004576223,0.26877136830739123,0.26877136830739123,0.0010047662028906,0.00377193599880468,0.00370509814868977,0.9822802268818738,67900,100,1.790950891469882,1.138730214412998e-5,0.885385067031961
Local-fluid initial velocity,paper3_rr_posteq_ug010_df010_s20260713_localflow_300ms_20260716,0.15000000000000002,0.08499999999999949,2.7570144558470736e-5,1.0706781461521113e-5,0.0032220513502406,0.00421367140278714,0.00641752966213876,-0.4522434603957009,0.00410593313598311,0.2676832046093921,0.2676832046093921,9.9892771178929e-4,0.00375137826176406,0.00371223122451875,0.9895646254486472,65100,100,1.7831669150168044,1.2115320162670311e-5,0.8837390442648653
Local-fluid initial velocity,paper3_rr_posteq_ug010_df010_s20260713_localflow_300ms_20260716,0.15000000000000002,0.08789999999999946,2.939663537411993e-5,1.1368282076608777e-5,0.00332735251282738,0.00435627431349014,0.0065992323339769,-0.4539029776021476,0.00424540096563652,0.26277491175010226,0.26277491175010226,9.7743088650661e-4,0.00374078442395488,0.00369863638762374,0.9887328347334764,62200,100,1.7757375878498989,1.2893442411270582e-5,0.8817103853251315
Local-fluid initial velocity,paper3_rr_posteq_ug010_df010_s20260713_localflow_300ms_20260716,0.15000000000000002,0.09089999999999944,3.1320710768534264e-5,1.2061935448260664e-5,0.00343925531370482,0.00449528228270282,0.00677672771061707,-0.4554934289006816,0.00438788818403719,0.25787533765302595,0.25787533765302595,9.551725538621e-4,0.00371462919631617,0.00369341903027967,0.9942900987109188,59200,100,1.7700343088570594,1.3717313487261072e-5,0.8793219940232673
Local-fluid initial velocity,paper3_rr_posteq_ug010_df010_s20260713_localflow_300ms_20260716,0.15000000000000002,0.09399999999999945,3.334749897293167e-5,1.279089816240653e-5,0.00354955114190348,0.00463539088754716,0.00692024875993557,-0.4571826061066851,0.00453331634697107,0.2647482479010593,0.2647482479010593,9.8419577041884e-4,0.00372129254821865,0.00371366723595513,0.997950896855136,56100,100,1.764284309334487,1.458372460874936e-5,0.8770666277346433
Local-fluid initial velocity,paper3_rr_posteq_ug010_df010_s20260713_localflow_300ms_20260716,0.15000000000000002,0.0971999999999994,3.5496416363869435e-5,1.3560288662404176e-5,0.00365236653044398,0.00477452611041619,0.00712763277296675,-0.45838377947607545,0.00468294036111572,0.25269008057662545,0.25269008057662545,9.3883545077775e-4,0.00375536352193371,0.00367578913326489,0.9788104698242768,52900,100,1.7584995835033834,1.549450544282052e-5,0.8751675690744569
Local-fluid initial velocity,paper3_rr_posteq_ug010_df010_s20260713_localflow_300ms_20260716,0.15000000000000002,0.1004999999999994,3.780295649702483e-5,1.4385044627175596e-5,0.00376213721496064,0.00493567982204693,0.00734021139604529,-0.45892049488984266,0.00483850092867291,0.2597762553386996,0.2597762553386996,9.7075815506706e-4,0.00376910780138885,0.00370496945506963,0.9829831488779408,49600,100,1.7537713424770565,1.6462931966158895e-5,0.873783883499331
Local-fluid initial velocity,paper3_rr_posteq_ug010_df010_s20260713_localflow_300ms_20260716,0.15000000000000002,0.10389999999999935,4.027431316278162e-5,1.526240503004046e-5,0.00386790370928815,0.00509992748750973,0.00747718861646587,-0.45936344762752856,0.00500044178453363,0.26876055369390073,0.26876055369390073,0.00100178132349909,0.00376695832225586,0.00368828092093363,0.9791138115711572,46200,100,1.7487707737782274,1.748724696734998e-5,0.8727734593407717
Local-fluid initial velocity,paper3_rr_posteq_ug010_df010_s20260713_localflow_300ms_20260716,0.15000000000000002,0.10739999999999936,4.288121647255722e-5,1.616906689358401e-5,0.00397874413961696,0.0052648462683971,0.00778945958082913,-0.4609673114748316,0.00516758673462644,0.2395723663080836,0.2395723663080836,8.9101375190315e-4,0.00377833495043615,0.0036609594062437,0.9689345847490584,42700,100,1.7404888495466155,1.8544552230429744e-5,0.8719038719658163
Local-fluid initial velocity,paper3_rr_posteq_ug010_df010_s20260713_localflow_300ms_20260716,0.15000000000000002,0.11109999999999932,4.570123683007093e-5,1.714494782477004e-5,0.00409213965519231,0.00543513040554216,0.00806171842472807,-0.46206184536205774,0.00534302002350556,0.2253160373599084,0.2253160373599084,8.3470182030978e-4,0.00380383538841242,0.00360791915406564,0.948495080795664,39000,100,1.7317554443535774,1.9659294608892145e-5,0.8721039165370239
Local-fluid initial velocity,paper3_rr_posteq_ug010_df010_s20260713_localflow_300ms_20260716,0.15000000000000002,0.1147999999999993,4.860128613400068e-5,1.8149066025696092e-5,0.0042187733778548,0.00559658843815565,0.00826306430742906,-0.46261932399655736,0.00551767324571175,0.23586049064180944,0.23586049064180944,8.7366851971184e-4,0.00383838903851175,0.00357465381387711,0.9312901266681132,35300,100,1.7296991989701926,2.0778005896192873e-5,0.8734748712830773
Local-fluid initial velocity,paper3_rr_posteq_ug010_df010_s20260713_localflow_300ms_20260716,0.15000000000000002,0.11869999999999928,5.172658248733107e-5,1.9218118135392945e-5,0.00434209919312534,0.00576458362955643,0.00848894176463766,-0.4643566182822876,0.00570109035201275,0.24056915811581228,0.24056915811581228,8.8524047223819e-4,0.00379550495236135,0.00356757459991569,0.9399472915181272,31400,100,1.734037518264706,2.1963027594961807e-5,0.8750213536043396
Local-fluid initial velocity,paper3_rr_posteq_ug010_df010_s20260713_localflow_300ms_20260716,0.15000000000000002,0.12279999999999926,5.5063652321531384e-5,2.0345504399285136e-5,0.00446821343404203,0.0059418440726478,0.0086475107363803,-0.4669142580337299,0.0058917973612535,0.27385063546951927,0.27385063546951927,0.00100682929518496,0.00377563891000437,0.00358008821367403,0.9482072568401128,27300,100,1.7392172263775698,2.3224334361889182e-5,0.8760425199816203
Local-fluid initial velocity,paper3_rr_posteq_ug010_df010_s20260713_localflow_300ms_20260716,0.15000000000000002,0.12689999999999924,5.8537130398322266e-5,2.1524941659192624e-5,0.00459387328804238,0.006125031397333,0.00887737460110623,-0.4674339097401097,0.00608345968878304,0.24598114365969592,0.24598114365969592,9.3506253252354e-4,0.00388233094267309,0.00372207504078405,0.9587217307706636,23200,100,1.7451064183311455,2.4513582321255212e-5,0.8780822556696987
Local-fluid initial velocity,paper3_rr_posteq_ug010_df010_s20260713_localflow_300ms_20260716,0.15000000000000002,0.1311999999999992,6.248564346212617e-5,2.287186659206478e-5,0.00474739484906045,0.00631986255059849,0.00915043226078345,-0.4679540099655103,0.00629377038764297,0.176827216199776,0.176827216199776,6.9392987232983e-4,0.00397116679569473,0.00387806263004298,0.9765549596776724,18900,100,1.7514919082761646,2.5933178109141334e-5,0.8819538621840778
Local-fluid initial velocity,paper3_rr_posteq_ug010_df010_s20260713_localflow_300ms_20260716,0.15000000000000002,0.13569999999999918,6.679399651270511e-5,2.4307818312405833e-5,0.00492798908188311,0.00652764515427526,0.00914898654890168,-0.470666285997285,0.00651808706618679,0.14615183161589282,0.14615183161589282,5.7427672674362e-4,0.00391549060516623,0.00394319016140845,1.0070743513483784,14400,100,1.7581107770742213,2.7508502925234893e-5,0.8836474445182214
Local-fluid initial velocity,paper3_rr_posteq_ug010_df010_s20260713_localflow_300ms_20260716,0.15000000000000002,0.14029999999999915,7.11618976346673e-5,2.5741925412632564e-5,0.0051068864377595,0.00675356662058566,0.00923927632325487,-0.4747976405936605,0.00673940657178308,0.21031555189407805,0.21031555189407805,8.2881563360268e-4,0.00396697984896803,0.00391483171849986,0.9868544503744489,9800,100,1.7658933465528572,2.9110142577614832e-5,0.8842940340810159
Local-fluid initial velocity,paper3_rr_posteq_ug010_df010_s20260713_localflow_300ms_20260716,0.15000000000000002,0.14509999999999912,7.589327999444501e-5,2.7302120030993283e-5,0.00522463104038873,0.00697233814799709,0.00946325036161754,-0.47634625252861273,0.00697072296546692,0.23466284340316831,0.23466284340316831,9.9785516554156e-4,0.00434663860229961,0.00415999520146402,0.957060290051066,5000,100,1.7668377375505695,3.0804024950994957e-05,0.886316644478352
Local-fluid initial velocity,paper3_rr_posteq_ug010_df010_s20260713_localflow_300ms_20260716,0.15000000000000002,0.14999999999999908,8.129218292153246e-5,2.894865252460889e-5,0.00541642510732289,0.00723479853284062,0.00967865116156483,-0.482925113104877,0.00723488288757486,0.2525676358827578,0.2525676358827578,9.9712585172022e-4,0.00430683065533887,0.00361898479281038,0.8402895498861055,100,100,1.7544833547099723,3.2626180676543865e-5,0.887282909746807
Debris gravity = 0,paper3_rr_posteq_ug010_df010_s20260713_zero_g000_300ms_20260716,0.15000000000000002,9.99999999999994e-5,6.125995942195074e-11,3.4159317895328884e-11,4.332499126080743e-6,9.289382944618126e-6,1.6515664565777158e-5,0.2149335442795577,5.183795402628117e-6,0.975486526615848,0.975486526615848,0.00336127608216971,0.00344587678085973,0.00344560965792417,0.9999224804157104,150000,100,1.981210275767452,3.884387798810653e-11,0.8794002984405421
Debris gravity = 0,paper3_rr_posteq_ug010_df010_s20260713_zero_g000_300ms_20260716,0.15000000000000002,1.9999999999999e-4,2.439072179668743e-10,1.3552853874780523e-10,8.646395716805405e-6,1.8468949009327025e-5,3.282573488349864e-5,0.21302005517303657,1.0367045233679111e-5,0.9529738942979784,0.9529738942979784,0.00328373847839295,0.00344605943082775,0.0034455007867808902,0.9998378890271424,149900,100,1.9791166994314608,1.5415321377661216e-10,0.8791807541826765
Debris gravity = 0,paper3_rr_posteq_ug010_df010_s20260713_zero_g000_300ms_20260716,0.15000000000000002,2.9999999999999e-4,5.463569880352814e-10,3.0255541025101216e-10,1.2946516216631078e-5,2.757345092283053e-5,4.8947295541394306e-5,0.2106465985318677,1.5549826636748296e-5,0.9323316385035588,0.9323316385035588,0.00321264914032095,0.0034462941535774,0.00344535048822677,0.9997261796850254,149800,100,1.97711565464866,3.442136740449112e-10,0.8789755697257289
Debris gravity = 0,paper3_rr_posteq_ug010_df010_s20260713_zero_g000_300ms_20260716,0.15000000000000002,3.9999999999999e-4,9.671555936942802e-10,5.338159866858318e-10,1.7239347078474965e-5,3.6585996362707146e-5,6.489239817799938e-5,0.207844562180453,2.073218663998541e-5,0.9130197763454396,0.9130197763454396,0.00314622346581671,0.00344646135849661,0.00344544521686205,0.9997051637813796,149700,100,1.975199071746068,6.074467876094051e-10,0.8787864181266875
Debris gravity = 0,paper3_rr_posteq_ug010_df010_s20260713_zero_g000_300ms_20260716,0.15000000000000002,4.9999999999999e-4,1.504978064296276e-9,8.280005720196741e-10,2.1517334224921276e-5,4.556979575289067e-5,8.080228738456843e-5,0.2046183194848854,2.5914363656765477e-5,0.8950626565928488,0.8950626565928488,0.00308445993865595,0.00344667460447102,0.00344549090243989,0.99965656693278,149600,100,1.973359265265875,9.424090460637223e-10,0.8785999831793716
Debris gravity = 0,paper3_rr_posteq_ug010_df010_s20260713_zero_g000_300ms_20260716,0.15000000000000002,5.9999999999999e-4,2.1585586180166063e-9,1.1838707636057275e-9,2.5792287480014396e-5,5.438204528365043e-5,9.650304495919942e-5,0.20093268456269708,3.1096256399133094e-5,0.8784562174076515,0.8784562174076515,0.00302729152829526,0.00344680561859381,0.00344549367452877,0.9996193739333727,149500,100,1.9647692111032573,1.3477434414141595e-9,0.8784095898574852
Debris gravity = 0,paper3_rr_posteq_ug010_df010_s20260713_zero_g000_300ms_20260716,0.15000000000000002,6.9999999999999e-4,2.926748701937484e-9,1.6003007145919031e-9,3.006171987585258e-5,6.316204615754793e-5,1.1207144837692e-4,0.1968085186669286,3.627783843922501e-5,0.8631214092542185,0.8631214092542185,0.00297455282614984,0.00344699545000671,0.00344555259579926,0.9995814168517548,149400,100,1.9577465008539947,1.8221865041527327e-9,0.8782310213278632
Debris gravity = 0,paper3_rr_posteq_ug010_df010_s20260713_zero_g000_300ms_20260716,0.15000000000000002,7.9999999999999e-4,3.8085098993973605e-9,2.0762553139640327e-9,3.432269236094989e-5,7.18923912916168e-5,1.2742000231777e-4,0.19226542349761863,4.14593096976225e-5,0.8491551993342055,0.8491551993342055,0.00292656495124356,0.00344724171697731,0.00344564437056097,0.999536630573808,149300,100,1.9515438073210367,2.364563365363025e-9,0.8780713362888758
Debris gravity = 0,paper3_rr_posteq_ug010_df010_s20260713_zero_g000_300ms_20260716,0.15000000000000002,8.9999999999999e-4,4.802853629810415e-9,2.610763806494406e-9,3.8598979704739886e-5,8.050289274067304e-5,1.4274858189298e-4,0.1873514347269156,4.66406399057312e-5,0.8361294079567524,0.8361294079567524,0.00288180997089077,0.00344752557053658,0.00344568987112535,0.9994675313137844,149200,100,1.9458672627318676,2.973772143761105e-9,0.8779300095240046
Debris gravity = 0,paper3_rr_posteq_ug010_df010_s20260713_zero_g000_300ms_20260716,0.15000000000000002,9.9999999999999e-4,5.908869311438834e-9,3.202930056832147e-9,4.286832074654716e-5,8.907653673086722e-5,1.5797639445494e-4,0.18212427259511377,5.182182365144384e-5,0.8229082995727952,0.8229082995727952,0.00283638395164826,0.00344778837308505,0.00344577212312556,0.9994152048381996,149100,100,1.9405407707838551,3.6487803576237693e-9,0.8778084025090571
Debris gravity = 0,paper3_rr_posteq_ug010_df010_s20260713_zero_g000_300ms_20260716,0.15000000000000002,0.00109999999999999,7.125627889800863e-9,3.851843174551365e-9,4.714201845898703e-5,9.752515489101146e-5,1.7300716102056e-4,0.17666108455247231,5.700281962340381e-5,0.8086891038884613,0.8086891038884613,0.00278748010580539,0.00344803100208357,0.00344579318638244,0.9993509873606768,149000,100,1.9354079120174923,4.388561264161886e-9,0.8777006728848704
Debris gravity = 0,paper3_rr_posteq_ug010_df010_s20260713_zero_g000_300ms_20260716,0.15000000000000002,0.00119999999999999,8.45212704067065e-9,4.556522534754017e-9,5.140794157497916e-5,1.0589934248036e-4,1.8787455518693e-4,0.17106594459168445,6.218358819942371e-5,0.7942416852837005,0.7942416852837005,0.00273781872532714,0.00344832727017003,0.00344584349355171,0.9992797155189398,148900,100,1.9303417039615545,5.1920567725591875e-9,0.8775948981983276
Debris gravity = 0,paper3_rr_posteq_ug010_df010_s20260713_zero_g000_300ms_20260716,0.15000000000000002,0.00129999999999999,9.887382141950697e-9,5.315990358267467e-9,5.567914311253665e-5,1.1423206321046e-4,2.0263523077016e-4,0.16543300750518242,6.736421317684697e-5,0.7798065526428446,0.7798065526428446,0.00268824961266373,0.00344867842452764,0.00344597976852819,0.9992174811138488,148800,100,1.925246475618201,6.0581657067013345e-9,0.8774917385285618
Debris gravity = 0,paper3_rr_posteq_ug010_df010_s20260713_zero_g000_300ms_20260716,0.15000000000000002,0.00139999999999999,1.1430392797913753e-8,6.1292683907978094e-9,5.994489483683967e-5,1.2254877865812e-4,2.1726130431158e-4,0.15983102560867946,7.254465331609534e-5,0.7656387630619483,0.7656387630619483,0.00263956857355688,0.00344902806125565,0.00344604817418725,0.9991360212165624,148700,100,1.920064596253208,6.9857585466815404e-9,0.8773948240323034
Debris gravity = 0,paper3_rr_posteq_ug010_df010_s20260713_zero_g000_300ms_20260716,0.15000000000000002,0.00149999999999999,1.3080142365230074e-8,6.9953797228180785e-9,6.419529763014346e-5,1.3072535618849e-4,2.3203398814745e-4,0.154288414643595,7.772474356486879e-5,0.7514240476229435,0.7514240476229435,0.00259062187048206,0.00344908096169362,0.00344615246163821,0.9991509332231006,148600,100,1.9147828927036952,7.973707546263155e-9,0.8773057805583093
Debris gravity = 0,paper3_rr_posteq_ug010_df010_s20260713_zero_g000_300ms_20260716,0.15000000000000002,0.00159999999999999,1.4835610056772057e-8,7.913343543170554e-9,6.845603721939804e-5,1.3886199392987e-4,2.463596416337e-4,0.1488189415397454,8.290438550731233e-5,0.7374696275612426,0.7374696275612426,0.00254252444687147,0.00344908107204888,0.00344618505445182,0.999160350964052,148500,100,1.9094152146852632,9.020888645423815e-9,0.8772243904357355
Debris gravity = 0,paper3_rr_posteq_ug010_df010_s20260713_zero_g000_300ms_20260716,0.15000000000000002,0.00169999999999998,1.6695765060752794e-8,8.882171546979362e-9,7.271471565073573e-5,1.4682457607639e-4,2.6061924283821e-4,0.14343024215946443,8.808349491260832e-5,0.723801783625791,0.723801783625791,0.00249535876348118,0.0034490372848426,0.00344610733960852,0.9991505034616612,148400,100,1.903975830311628,1.0126272742506211e-8,0.8771412515579805
Debris gravity = 0,paper3_rr_posteq_ug010_df010_s20260713_zero_g000_300ms_20260716,0.15000000000000002,0.00179999999999998,1.865971208839076e-8,9.900959751144977e-9,7.693325216367978e-5,1.5476768110151e-4,2.7513313616065e-4,0.13812603025475423,9.326226254658712e-5,0.7103183579163806,0.7103183579163806,0.00244885730061304,0.00344903753267101,0.00344606098618639,0.9991369921444956,148300,100,1.8984796567692392,1.1288932469605716e-8,0.8770501354138035
Debris gravity = 0,paper3_rr_posteq_ug010_df010_s20260713_zero_g000_300ms_20260716,0.15000000000000002,0.00189999999999998,2.0726444279182287e-8,1.09687419744338e-8,8.117600203591763e-5,1.6262694212436e-4,2.8939534376131e-4,0.13290890754779605,9.844062300439024e-5,0.6970357385538476,0.6970357385538476,0.00240303531785487,0.00344907531207875,0.00344593862651264,0.9990905720280642,148200,100,1.8929421920469336,1.2507854577911944e-8,0.8769483132466126
Debris gravity = 0,paper3_rr_posteq_ug010_df010_s20260713_zero_g000_300ms_20260716,0.15000000000000002,0.00199999999999998,2.2894976801098976e-8,1.2084572571972345e-8,8.535912035910312e-5,1.7046044855026e-4,3.0347293364554e-4,0.12778224520399029,1.0361852588166e-4,0.6841604342943663,0.6841604342943663,0.00235859181317784,0.00344908159953888,0.0034457692778847,0.99903965111912,148100,100,1.8873793580884384,1.3782026964491596e-8,0.8768356500177644
Debris gravity = 0,paper3_rr_posteq_ug010_df010_s20260713_zero_g000_300ms_20260716,0.15000000000000002,0.00209999999999998,2.5164376636373064e-8,1.3247540386035085e-8,8.96055059709749e-5,1.7826316215129e-4,3.1758195064834e-4,0.1227458491166764,1.0879600379695e-4,0.6717084571748068,0.6717084571748068,0.00231559267786017,0.00344912699898787,0.00344551001731774,0.9989513341575446,148000,100,1.8818080405121609,1.5110493588256427e-8,0.8767112939534157
Debris gravity = 0,paper3_rr_posteq_ug010_df010_s20260713_zero_g000_300ms_20260716,0.15000000000000002,0.00219999999999998,2.7533700909540525e-8,1.4456743456687317e-8,9.37583735613614e-5,1.8588949977198e-4,3.3138369218513e-4,0.11780089680950367,1.1397301308404e-4,0.6593748671244992,0.6593748671244992,0.00227298827375821,0.00344921135887581,0.00344516323410638,0.9988263622178418,147900,100,1.8762438723593835,1.6492327916616838e-8,0.8765738548116929
Debris gravity = 0,paper3_rr_posteq_ug010_df010_s20260713_zero_g000_300ms_20260716,0.15000000000000002,0.00229999999999998,3.0002003875428215e-8,1.571130415183431e-8,9.79705941116238e-5,1.9348578038641e-4,3.448743581266e-4,0.11294737018402956,1.1914940278013e-4,0.647445020796027,0.647445020796027,0.00223173858827906,0.00344926751974564,0.00344472039288817,0.9986817123254604,147800,100,1.8707131743749712,1.7926647500056514e-8,0.876421771097177
Debris gravity = 0,paper3_rr_posteq_ug010_df010_s20260713_zero_g000_300ms_20260716,0.15000000000000002,0.00239999999999998,3.2568396890979516e-8,1.701036959753474e-8,1.0211196860173e-4,2.0111416945957e-4,3.5805311547613e-4,0.10818240300564574,1.2432517478982e-4,0.6355868933241205,0.6355868933241205,0.00219074264791869,0.00344937949709694,0.00344422791565745,0.9985065193772326,147700,100,1.86523361037142,1.9412642751537078e-8,0.8762521319354044
Debris gravity = 0,paper3_rr_posteq_ug010_df010_s20260713_zero_g000_300ms_20260716,0.15000000000000002,0.00249999999999998,3.523206459482683e-8,1.8353148091191216e-8,1.0630156295233e-4,2.0880155606808e-4,3.7198521602591e-4,0.1035034096526053,1.2950036414029e-4,0.6242289028028836,0.6242289028028836,0.00215147630576515,0.00344948574753114,0.00344374538004905,0.9983358773155688,147600,100,1.8598249444877533,2.0949450968264173e-8,0.8760682138636456
Debris gravity = 0,paper3_rr_posteq_ug010_df010_s20260713_zero_g000_300ms_20260716,0.15000000000000002,0.00259999999999998,3.799226656667824e-8,1.97388997185319e-8,1.1042203074493e-4,2.1622737260361e-4,3.8531163634507e-4,0.09889712600006152,1.3467506276469e-4,0.6133777196436064,0.6133777196436064,0.00211398283936089,0.00344963806608261,0.00344328832699106,0.9981593028109316,147500,100,1.8545057814974528,2.2536261161843837e-8,0.8758728689189957
Debris gravity = 0,paper3_rr_posteq_ug010_df010_s20260713_zero_g000_300ms_20260716,0.15000000000000002,0.00269999999999998,4.0848281004720114e-8,2.1166879225927968e-8,1.1457973763153e-4,2.2380817027926e-4,3.9872555060493e-4,0.09435059955650704,1.3984944089222e-4,0.6026928232597627,0.6026928232597627,0.00207705854556393,0.0034498450925867,0.00344275281128562,0.9979441739815142,147400,100,1.8492914601163488,2.4172308368323703e-8,0.8756664404325504
Debris gravity = 0,paper3_rr_posteq_ug010_df010_s20260713_zero_g000_300ms_20260716,0.15000000000000002,0.00279999999999998,4.3799302546841226e-8,2.2636302774468623e-8,1.1866602808509e-4,2.3112618599935e-4,4.120823774018e-4,0.0898518642026569,1.4502349716243e-4,0.5925325766301467,0.5925325766301467,0.00204190052348645,0.00344988424611042,0.00344223228046984,0.9977819645255622,147300,100,1.8441886402854648,2.5856886586260508e-8,0.8754458004428423
Debris gravity = 0,paper3_rr_posteq_ug010_df010_s20260713_zero_g000_300ms_20260716,0.15000000000000002,0.00289999999999998,4.684477624043027e-8,2.41465575309192e-8,1.2283116944802e-4,2.3863462434008e-4,4.2488850436302e-4,0.08538574107685504,1.5019746019129e-4,0.5826767491193012,0.5826767491193012,0.00200789584345045,0.00345000179559758,0.00344197461636758,0.997673282593578,147200,100,1.8391946796897536,2.758923859516752e-8,0.875216525009453
Debris gravity = 0,paper3_rr_posteq_ug010_df010_s20260713_zero_g000_300ms_20260716,0.15000000000000002,0.00299999999999998,4.99840927916923e-8,2.5696994710919553e-8,1.2691734284954e-4,2.4589946247143e-4,4.3793128908982e-4,0.08094237691708961,1.5537147599816e-4,0.5734539448433744,0.5734539448433744,0.00197608015684266,0.00344995441608259,0.00344190332764667,0.9976663203437144,147100,100,1.8343078401187427,2.9368715926170334e-8,0.8749784898842334
Debris gravity = 0,paper3_rr_posteq_ug010_df010_s20260713_zero_g000_300ms_20260716,0.15000000000000002,0.00309999999999998,5.321664240680456e-8,2.728700158198536e-8,1.3103064972419e-4,2.5316704847549e-4,4.5076484720659e-4,0.07652276442992734,1.6054556263133e-4,0.5645805408669082,0.5645805408669082,0.00194547039986901,0.00344993303408788,0.00344180910264336,0.9976451915546628,147000,100,1.8279916281658823,3.119460857202227e-8,0.8747345400723652
Debris gravity = 0,paper3_rr_posteq_ug010_df010_s20260713_zero_g000_300ms_20260716,0.15000000000000002,0.00319999999999998,5.654171452274657e-8,2.8915916517364556e-8,1.3511917448513e-4,2.6037465127167e-4,4.6401399304448e-4,0.07212456316340243,1.6571960005547e-4,0.5562269137352416,0.5562269137352416,0.00191659996985938,0.00344977741500698,0.00344165934339917,0.9976467839424936,146900,100,1.822679500850416,3.3066216077159867e-8,0.8744851981215327
Debris gravity = 0,paper3_rr_posteq_ug010_df010_s20260713_zero_g000_300ms_20260716,0.15000000000000002,0.00329999999999998,5.995856717990698e-8,3.058308734838626e-8,1.3926763317661e-4,2.6744437250529e-4,4.7695982468641e-4,0.06775028094498237,1.7089334950809e-4,0.5482709370156155,0.5482709370156155,0.00188907422858176,0.00344949514344543,0.00344153395086445,0.9976920702160992,146800,100,1.8179926026590416,3.49828813616128e-8,0.8742300850594172
Debris gravity = 0,paper3_rr_posteq_ug010_df010_s20260713_zero_g000_300ms_20260716,0.15000000000000002,0.00339999999999997,6.346664871569877e-8,3.2287961490639535e-8,1.4336450136254e-4,2.7461713828973e-4,4.9039502028171e-4,0.06340471216234222,1.7606684735311e-4,0.5407725417179113,0.5407725417179113,0.00186313516424265,0.00344910364675801,0.00344154312987001,0.997807976314337,146700,100,1.813697438874433,3.694408628854447e-8,0.8739683325353023
Debris gravity = 0,paper3_rr_posteq_ug010_df010_s20260713_zero_g000_300ms_20260716,0.15000000000000002,0.00359999999999997,7.075409695868763e-8,3.580854768954358e-8,1.5149175891161e-4,2.8878813233041e-4,5.1644255798601e-4,0.05482284798211245,1.8641295004707e-4,0.5261620014605662,0.5261620014605662,0.00181259767505962,0.00344837780706855,0.00344150998616426,0.9980083908177888,146500,100,1.8083948961293304,4.0998404995910784e-8,0.8734131899305633
Debris gravity = 0,paper3_rr_posteq_ug010_df010_s20260713_zero_g000_300ms_20260716,0.15000000000000002,0.00369999999999997,7.453247327344643e-8,3.7623289536757144e-8,1.5557809044832e-4,2.9574058432074e-4,5.2902028184739e-4,0.05059786556570866,1.9158556927217e-4,0.5192190916777917,0.5192190916777917,0.00178858190030006,0.00344796838222413,0.00344154206549367,0.99813620195487,146400,100,1.8037923904665825,4.3090437818698194e-8,0.8731238632351818
Debris gravity = 0,paper3_rr_posteq_ug010_df010_s20260713_zero_g000_300ms_20260716,0.15000000000000002,0.00379999999999997,7.840000027950131e-8,3.947368885085644e-8,1.5961881551492e-4,3.0292343001212e-4,5.4139693620074e-4,0.04641788212978115,1.9675799869656e-4,0.5125662238792063,0.5125662238792063,0.00176559945919828,0.00344760430914271,0.00344165228204797,0.9982735759208352,146300,100,1.7983277950221668,4.5225011487102426e-8,0.8728287191726599
Debris gravity = 0,paper3_rr_posteq_ug010_df010_s20260713_zero_g000_300ms_20260716,0.15000000000000002,0.00389999999999997,8.235621422974471e-8,4.135931889196238e-8,1.6360710537182e-4,3.0963415394668e-4,5.543886963914e-4,0.04228914658829708,2.0193015796873e-4,0.5062336488901081,0.5062336488901081,0.00174371017131999,0.00344719247947329,0.00344176370339599,0.9984251601529004,146200,100,1.7933898897450151,4.74016068574333e-8,0.8725298915784879
Debris gravity = 0,paper3_rr_posteq_ug010_df010_s20260713_zero_g000_300ms_20260716,0.15000000000000002,0.00409999999999997,9.053283029106684e-8,4.5234522945674296e-8,1.7153677396388e-4,3.233272193477e-4,5.8002497150508e-4,0.03421172263269767,2.1227348419547e-4,0.4948189005383887,0.4948189005383887,0.00170422465747287,0.00344609702727216,0.00344218040555918,0.9988634615676844,146000,100,1.7872791931579226,5.1878509584890626e-8,0.8719318135316794
Debris gravity = 0,paper3_rr_posteq_ug010_df010_s20260713_zero_g000_300ms_20260716,0.15000000000000002,0.00419999999999997,9.47524897813667e-8,4.7223341037608334e-8,1.7546218502012e-4,3.3022339087303e-4,5.912191544675e-4,0.03027492432935696,2.1744471557418e-4,0.48931527170350514,0.48931527170350514,0.00168521809152116,0.00344552987609719,0.00344253738038285,0.9991314846128314,145900,100,1.783488680111156,5.4177691371800825e-8,0.871638119711166
Debris gravity = 0,paper3_rr_posteq_ug010_df010_s20260713_zero_g000_300ms_20260716,0.15000000000000002,0.00439999999999997,1.0345289844329941e-7,5.1301639565063024e-8,1.8335253674488e-4,3.4349150849072e-4,6.1511206481972e-4,0.02261659037515806,2.2778674664329e-4,0.4785103453542276,0.4785103453542276,0.00164794372629524,0.00344460784545811,0.00344320043997289,0.9995914177902484,145700,100,1.779100537418124,5.8895387032087024e-8,0.8710637988865441
Debris gravity = 0,paper3_rr_posteq_ug010_df010_s20260713_zero_g000_300ms_20260716,0.15000000000000002,0.00449999999999997,1.0793283955089037e-7,5.3390332011417935e-8,1.8730531506246e-4,3.4999554131557e-4,6.2612476321925e-4,0.01889815661768845,2.3295755062958e-4,0.4739245442492571,0.4739245442492571,0.00163212021104047,0.00344418648144002,0.00344349316762559,0.9997987002683618,145600,100,1.7750537550581764,6.13131106210502e-8,0.8707816561681313
Debris gravity = 0,paper3_rr_posteq_ug010_df010_s20260713_zero_g000_300ms_20260716,0.15000000000000002,0.00469999999999997,1.171504155792645e-7,5.766511802926237e-8,1.9515411239871e-4,3.6335845028049e-4,6.4891531070056e-4,0.01169079471746137,0.00024329860628714001,0.4654359695651145,0.4654359695651145,0.00160281988460811,0.00344344644213276,0.00344394513745372,1.000144824474357,145400,100,1.7698302519760032,6.626471376254518e-8,0.8702236040119506
Debris gravity = 0,paper3_rr_posteq_ug010_df010_s20260713_zero_g000_300ms_20260716,0.15000000000000002,0.00479999999999997,1.2188732654915285e-7,5.985054523459836e-8,1.9906647613203e-4,3.7021971105434e-4,6.6090298902674e-4,0.00820469301271154,2.4846878354521e-4,0.4613686768217092,0.4613686768217092,0.00158876844374472,0.00344309360172806,0.00344410330016496,1.000293253263979,145300,100,1.765331195643291,6.879783722887441e-8,0.8699480629818276
Debris gravity = 0,paper3_rr_posteq_ug010_df010_s20260713_zero_g000_300ms_20260716,0.15000000000000002,0.00499999999999997,1.3161593698217508e-7,6.431608458206535e-8,2.0694588021449e-4,3.8338105559657e-4,6.8382883543858e-4,0.00145881805899317,2.5880835950128e-4,0.4539228237923617,0.4539228237923617,0.00156300423525501,0.00344220579057024,0.00344444645981842,1.0006509399450538,145100,100,1.7602003719240813,7.397659653100014e-8,0.8694112408255154
Debris gravity = 0,paper3_rr_posteq_ug010_df010_s20260713_zero_g000_300ms_20260716,0.15000000000000002,0.00509999999999996,1.3660701162148942e-7,6.659558977387937e-8,2.1085830936365e-4,3.8970352557399e-4,6.9500081074564e-4,-0.00180376124627634,2.6397773201716e-4,0.4502975948973588,0.4502975948973588,0.00155042938916942,0.00344168982615843,0.00344455403056971,1.000832208756729,145000,100,1.75605936631538,7.662141620855912e-8,0.8691511207859951
Debris gravity = 0,paper3_rr_posteq_ug010_df010_s20260713_zero_g000_300ms_20260716,0.15000000000000002,0.00529999999999996,1.4684079124566054e-7,7.12464583699817e-8,2.1858222290501e-4,4.0270224026407e-4,7.1795392435759e-4,-0.00812152604591476,2.7431518301858e-4,0.4438961052802465,0.4438961052802465,0.00152815917041724,0.00344053993755407,0.00344467228878072,1.001201076372214,144800,100,1.7516012887820136,8.202002409014685e-8,0.868647128068091
Debris gravity = 0,paper3_rr_posteq_ug010_df010_s20260713_zero_g000_300ms_20260716,0.15000000000000002,0.00549999999999996,1.5740784078186345e-7,7.601813752848493e-8,2.2632698938509e-4,4.154126532165e-4,7.3998208899162e-4,-0.01419568032390017,2.8465000412857e-4,0.43857072362150007,0.43857072362150007,0.00150958942066281,0.00343949837342681,0.00344463574546142,1.001493639908163,144600,100,1.7480560556426032,8.756223713062321e-8,0.8681612076114835
Debris gravity = 0,paper3_rr_posteq_ug010_df010_s20260713_zero_g000_300ms_20260716,0.15000000000000002,0.00569999999999996,1.6830615562021325e-7,8.090875367865716e-8,2.3394710074383e-4,4.2807182429723e-4,7.6339667618655e-4,-0.02005499375623831,2.9498224201734e-4,0.433845490313108,0.433845490313108,0.00149311137671898,0.00343871105021785,0.00344443941291548,1.0016658458980638,144400,100,1.7442169433917585,9.324567446605669e-8,0.8676944441868946
Debris gravity = 0,paper3_rr_posteq_ug010_df010_s20260713_zero_g000_300ms_20260716,0.15000000000000002,0.00589999999999996,1.795345535560141e-7,8.59169796050085e-8,2.4155997928358e-4,4.4037123602088e-4,7.8490686471164e-4,-0.02572268213203943,3.0531235332225e-4,0.4296747010908514,0.4296747010908514,0.00147854789429405,0.00343763163365998,0.003444545215837,1.0020111468923305,144200,100,1.741059959766356,9.906887163879845e-8,0.8672449598321733
Debris gravity = 0,paper3_rr_posteq_ug010_df010_s20260713_zero_g000_300ms_20260716,0.15000000000000002,0.00609999999999996,1.910917324830925e-7,9.104171877115825e-8,2.4930932563604e-4,4.5256917931789e-4,8.0523488632438e-4,-0.03121997730931258,3.1564014846638e-4,0.4258180162528669,0.4258180162528669,0.00146507358096548,0.00343672197377916,0.00344450174801437,1.0022637194089494,144000,100,1.7374197032784875,1.0502966361109187e-7,0.8668191027276946
Debris gravity = 0,paper3_rr_posteq_ug010_df010_s20260713_zero_g000_300ms_20260716,0.15000000000000002,0.00629999999999996,2.029760589724097e-7,9.628157827924169e-8,2.5717012931548e-4,4.6481836531985e-4,8.2457883936702e-4,-0.03657326250140225,3.2596546972675e-4,0.4222871601905341,0.4222871601905341,0.00145277505033458,0.00343612823058639,0.003444384525696,1.0024027901625197,143800,100,1.7336577659557486,1.1112647601211929e-7,0.8664143931707271
Debris gravity = 0,paper3_rr_posteq_ug010_df010_s20260713_zero_g000_300ms_20260716,0.15000000000000002,0.00649999999999996,2.151865558986715e-7,1.016357964573136e-7,2.6497727927825e-4,4.7677637499472e-4,8.4311696274864e-4,-0.04179994263801889,3.3628819006846e-4,0.4186843805189579,0.4186843805189579,0.00144025880579635,0.00343568161465073,0.00344424985516708,1.0024938982936622,143600,100,1.7304582059844535,1.173591394372895e-7,0.8660237024967483
Debris gravity = 0,paper3_rr_posteq_ug010_df010_s20260713_zero_g000_300ms_20260716,0.15000000000000002,0.00669999999999995,2.2772141506485594e-7,1.0710287127653865e-7,2.7269809427207e-4,4.8898581207662e-4,8.6203939552016e-4,-0.04691576064185399,3.4660810858066e-4,0.4151367453827381,0.4151367453827381,0.00142789638547705,0.00343527270802482,0.00344389432689087,1.0025097334618904,143400,100,1.7273453240445706,1.2372680443619154e-7,0.8656400022985626
Debris gravity = 0,paper3_rr_posteq_ug010_df010_s20260713_zero_g000_300ms_20260716,0.15000000000000002,0.00689999999999995,2.4057899476679776e-7,1.1268136372214288e-7,2.8034954319972e-4,5.0104200276316e-4,8.8008923305925e-4,-0.05194010199548549,3.5692520973198e-4,0.412483890032766,0.412483890032766,0.00141863075968594,0.00343519115229809,0.00344329199715057,1.0023581933270471,143200,100,1.7247888907737126,1.302303199452183e-7,0.8652467702570537
Debris gravity = 0,paper3_rr_posteq_ug010_df010_s20260713_zero_g000_300ms_20260716,0.15000000000000002,0.00719999999999995,2.604687154662769e-7,1.2125630391922196e-7,2.9163066527643e-4,5.1775339179523e-4,9.0591960931358e-4,-0.0593118845685614,3.7239601968524e-4,0.4092206032855501,0.4092206032855501,0.00140722489676878,0.0034354119814174,0.00344217710505559,1.0019692321255174,142900,100,1.7223977357357496,1.402410755156431e-7,0.8646275955413398
Debris gravity = 0,paper3_rr_posteq_ug010_df010_s20260713_zero_g000_300ms_20260716,0.15000000000000002,0.00739999999999995,2.741291634527131e-7,1.2710964909976616e-7,2.9910580390697e-4,5.2823334401557e-4,9.2299922270822e-4,-0.06413322166494018,3.8270671847471e-4,0.40723466035104366,0.40723466035104366,0.00140023703723237,0.00343550323164001,0.00344130599932694,1.0016890590098968,142700,100,1.7202919841223754,1.470842264792433e-7,0.8641963325530629
Debris gravity = 0,paper3_rr_posteq_ug010_df010_s20260713_zero_g000_300ms_20260716,0.15000000000000002,0.00769999999999995,2.952206443501479e-7,1.3609417633514137e-7,3.1044979502002e-4,5.449503205585e-4,9.5266439785822e-4,-0.07123749819132685,3.981689819936e-4,0.4054242537891148,0.4054242537891148,0.00139390577904672,0.00343563546435554,0.00344064850949802,1.001459131853334,142400,100,1.7185278750397004,1.5759983436425936e-7,0.8635426355879784
Debris gravity = 0,paper3_rr_posteq_ug010_df010_s20260713_zero_g000_300ms_20260716,0.15000000000000002,0.00789999999999995,3.096804023079477e-7,1.4221920465376325e-7,3.1782331258277e-4,5.5643602771385e-4,9.7294319592001e-4,-0.07588894359980003,4.0847393762824e-4,0.4042085467041967,0.4042085467041967,0.00138958057753654,0.00343562272360073,0.00343994120477553,1.0012569718860955,142200,100,1.7170906358681477,1.647761662779565e-7,0.8631054348834497
Debris gravity = 0,paper3_rr_posteq_ug010_df010_s20260713_zero_g000_300ms_20260716,0.15000000000000002,0.00819999999999995,3.319703632308083e-7,1.5161059024257445e-7,3.2907974668275e-4,5.7332869990866e-4,0.00100290238764814,-0.08276112107571976,4.239283603318e-4,0.4038286154696567,0.4038286154696567,0.0013882257292227,0.00343572021513116,0.00343960212369997,1.0011298674879603,141900,100,1.715937378042344,1.757886622086131e-7,0.8624594347424642
Debris gravity = 0,paper3_rr_posteq_ug010_df010_s20260713_zero_g000_300ms_20260716,0.15000000000000002,0.00849999999999994,3.5498059527052613e-7,1.61246759909475e-7,3.4051317447149e-4,5.902096196214e-4,0.00103196356908001,-0.0895105213708075,4.3937906583434e-4,0.4043865246075065,0.4043865246075065,0.00139012186114882,0.00343587983844254,0.00343933460151467,1.0010054958946697,141600,100,1.7153560442120752,1.8709889115865555e-7,0.8618263791458897
Debris gravity = 0,paper3_rr_posteq_ug010_df010_s20260713_zero_g000_300ms_20260716,0.15000000000000002,0.00879999999999994,3.787105343543898e-7,1.7112709101358808e-7,3.5182167698647e-4,6.0855588582958e-4,0.00106090775553413,-0.09613259748252712,4.5482644003452e-4,0.403831175559644,0.403831175559644,0.001388179072242,0.0034358103806763,0.00343923705837973,1.0009973419146474,141300,100,1.715054120197468,1.987101808304343e-7,0.86118934771448
Debris gravity = 0,paper3_rr_posteq_ug010_df010_s20260713_zero_g000_300ms_20260716,0.15000000000000002,0.00909999999999994,4.031580093975991e-7,1.8125013780609328e-7,3.6327649423377e-4,6.2426957970945e-4,0.00108579866848279,-0.10262202674588206,4.7026999002342e-4,0.4034624557427642,0.4034624557427642,0.00138678125597562,0.00343547133836039,0.00343893004278452,1.0010067627069152,141000,100,1.7152508569922935,2.1062478577655026e-7,0.8605356541389186
Debris gravity = 0,paper3_rr_posteq_ug010_df010_s20260713_zero_g000_300ms_20260716,0.15000000000000002,0.00939999999999994,4.283240881694526e-7,1.9161582149730845e-7,3.7448987399974e-4,6.400891497348e-4,0.00111591881760139,-0.1089717613137654,4.8571109487334e-4,0.40394166490075023,0.40394166490075023,0.00138825685148247,0.00343537556580227,0.00343817617369435,1.0008152261196586,140700,100,1.7157867735628352,2.2284244310597089e-7,0.8598713011155918
Debris gravity = 0,paper3_rr_posteq_ug010_df010_s20260713_zero_g000_300ms_20260716,0.15000000000000002,0.00969999999999994,4.542106745933818e-7,2.022253583106046e-7,3.8503086073398e-4,6.5680292461194e-4,0.00114678856226121,-0.1151140468916998,5.011506594636e-4,0.40458309459176856,0.40458309459176856,0.00139028541708052,0.00343533665465075,0.00343734534836048,1.0005847152438485,140400,100,1.7168587161717808,2.353627384032847e-7,0.8592071951682491
Debris gravity = 0,paper3_rr_posteq_ug010_df010_s20260713_zero_g000_300ms_20260716,0.15000000000000002,0.00999999999999994,4.808162058827526e-7,2.1307842465752245e-7,3.9549082850063e-4,6.720556905277e-4,0.00117131902271528,-0.12103548085104364,5.1658780230827e-4,0.4038835015021661,0.4038835015021661,0.0013877080312915,0.00343536970119138,0.00343645370033805,1.0003155407542583,140100,100,1.7184034380222604,2.481816829784053e-7,0.8585582227519294
Debris gravity = 0,paper3_rr_posteq_ug010_df010_s20260713_zero_g000_300ms_20260716,0.15000000000000002,0.01039999999999993,5.174156589599972e-7,2.279321931761056e-7,4.0974527740892e-4,6.9412231411339e-4,0.00119685497401206,-0.12856913915000645,5.371696957645e-4,0.4030159670616584,0.4030159670616584,0.0013848311025636,0.00343579603848784,0.0034365426474086,1.000217303039062,139700,100,1.7203354432214704,2.657346399048003e-7,0.8577436244584542
Debris gravity = 0,paper3_rr_posteq_ug010_df010_s20260713_zero_g000_300ms_20260716,0.15000000000000002,0.01069999999999993,5.457122208977892e-7,2.3936288924061537e-7,4.2014175728391e-4,7.1213593782967e-4,0.00122216113672289,-0.13393377170726495,5.5260527910344e-4,0.40431259944934816,0.40431259944934816,0.00138932176951596,0.00343614403922439,0.00343636882409616,1.0000654177674757,139400,100,1.722558511104157,2.79244471281052e-7,0.8571804059092833
Debris gravity = 0,paper3_rr_posteq_ug010_df010_s20260713_zero_g000_300ms_20260716,0.15000000000000002,0.01109999999999993,5.845674298364709e-7,2.549904084471906e-7,4.3400235012806e-4,7.3591598829587e-4,0.00125694523797849,-0.1407137383822089,5.7318325034777e-4,0.40320448980007106,0.40320448980007106,0.00138557121978105,0.00343696793772296,0.00343582873922931,0.9996685454987384,139000,100,1.725021511103882,2.9771783085852984e-7,0.8564834955026844
Debris gravity = 0,paper3_rr_posteq_ug010_df010_s20260713_zero_g000_300ms_20260716,0.15000000000000002,0.01149999999999993,6.247070388826682e-7,2.710580893753939e-7,4.4865745694503e-4,7.606259566106e-4,0.00128862002105705,-0.14709403888563088,5.9375767506625e-4,0.40198141531321663,0.40198141531321663,0.00138149612884418,0.00343894240576173,0.00343449186665125,0.998705840754116,138600,100,1.7277508619274202,3.1671125644323824e-7,0.8558524013938026
Debris gravity = 0,paper3_rr_posteq_ug010_df010_s20260713_zero_g000_300ms_20260716,0.15000000000000002,0.01189999999999992,6.661376647517345e-7,2.875673355087878e-7,4.6323653640261e-4,7.8208697457426e-4,0.00131885207416102,-0.1531260383507882,6.1433321949641e-4,0.3999570287287391,0.3999570287287391,0.00137470571995753,0.00344122963444925,0.00343304233089619,0.9976208203395968,138200,100,1.730834263734213,3.3622172887931173e-7,0.8552907525260254
Debris gravity = 0,paper3_rr_posteq_ug010_df010_s20260713_zero_g000_300ms_20260716,0.15000000000000002,0.01229999999999992,7.088658495770868e-7,3.04517776163062e-7,4.7807798886926e-4,8.0393836687826e-4,0.00135276546484961,-0.15887691303054674,6.3491500477545e-4,0.3990010153891742,0.3990010153891742,0.00137195309211525,0.00344353269739596,0.00343341509981915,0.997061855232429,137800,100,1.7342164783711236,3.562432152429458e-7,0.8548030197722957
Debris gravity = 0,paper3_rr_posteq_ug010_df010_s20260713_zero_g000_300ms_20260716,0.15000000000000002,0.01269999999999992,7.528988499716523e-7,3.219114581722783e-7,4.9267221648556e-4,8.2546012287706e-4,0.00139427351647988,-0.16436391896138114,6.5550642333204e-4,0.3992429365363156,0.3992429365363156,0.00137339531251163,0.00344627029617404,0.00343373916627044,0.9963638574961698,137400,100,1.7382639129216084,3.767784476215504e-7,0.8543786413590662
Debris gravity = 0,paper3_rr_posteq_ug010_df010_s20260713_zero_g000_300ms_20260716,0.15000000000000002,0.01309999999999992,7.982430085301213e-7,3.397529777964705e-7,5.0744302028615e-4,8.4720529078627e-4,0.00143669952528007,-0.16951437021542415,6.7610788950867e-4,0.4000326839369195,0.4000326839369195,0.00137672607679552,0.00344828961390909,0.00343479159078963,0.99608558890616,137000,100,1.742553556376825,3.9782944947344226e-7,0.854016660270273
Debris gravity = 0,paper3_rr_posteq_ug010_df010_s20260713_zero_g000_300ms_20260716,0.15000000000000002,0.01349999999999991,8.449039229326553e-7,3.580463250293762e-7,5.2239517340313e-4,8.6732006046652e-4,0.00147697060932839,-0.17431429905792006,6.9671957138988e-4,0.3992172886418449,0.3992172886418449,0.00137465155451499,0.00345066003858456,0.0034360889603436,0.995777306927363,136600,100,1.746910005913482,4.193967683967804e-7,0.8537174151295268
Debris gravity = 0,paper3_rr_posteq_ug010_df010_s20260713_zero_g000_300ms_20260716,0.15000000000000002,0.01399999999999991,9.050835088360552e-7,3.815487968784611e-7,5.4047687175566e-4,8.9362763999799e-4,0.00152187332573015,-0.17990311952847415,7.2249866628128e-4,0.4026194601993324,0.4026194601993324,0.00138712054730711,0.00345392930552768,0.00343657195153312,0.9949746064672532,136100,100,1.7511727930721992,4.470792958133726e-7,0.8534253329363157
Debris gravity = 0,paper3_rr_posteq_ug010_df010_s20260713_zero_g000_300ms_20260716,0.15000000000000002,0.01449999999999991,9.673258976436725e-7,4.057626835894644e-7,5.5793331063471e-4,9.2190914961951e-4,0.00156476798567392,-0.1850628238141271,7.4829155674788e-4,0.4047463551131495,0.4047463551131495,0.00139482447000098,0.00345566661410366,0.00343669812078499,0.9945109018210104,135600,100,1.755486022829131,4.755704151489331e-7,0.8532126277501783
Debris gravity = 0,paper3_rr_posteq_ug010_df010_s20260713_zero_g000_300ms_20260716,0.15000000000000002,0.01499999999999991,1.0316208037319751e-6,4.306876814207903e-7,5.7618906120506e-4,9.4794597236794e-4,0.00160790729885033,-0.18980474862191055,7.7409040951277e-4,0.4037863899709177,0.4037863899709177,0.00139165681477464,0.00345681849229348,0.00343624698382452,0.9940490053166462,135100,100,1.759455368036157,5.048639431812106e-7,0.8530767293599412
Debris gravity = 0,paper3_rr_posteq_ug010_df010_s20260713_zero_g000_300ms_20260716,0.15000000000000002,0.0154999999999999,1.097947854141433e-6,4.563146234989977e-7,5.9458533135582e-4,9.7224019147101e-4,0.00165205113579892,-0.19419270070451256,7.9988762600916e-4,0.4026208606674788,0.4026208606674788,0.00138749993827152,0.0034578788847377,0.0034345007972487,0.993239182669993,134600,100,1.763346883884266,5.349438283178579e-7,0.8530140910941783
Debris gravity = 0,paper3_rr_posteq_ug010_df010_s20260713_zero_g000_300ms_20260716,0.15000000000000002,0.0159999999999999,1.166286895574907e-6,4.826306071952681e-7,6.1238260232918e-4,9.9248719111309e-4,0.00169225672250584,-0.19829296998099633,8.2567938559374e-4,0.4019738180402923,0.4019738180402923,0.00138468151434402,0.00345812312509172,0.00343134039407731,0.9922551250937016,134100,100,1.767116217833163,5.657987297353759e-7,0.8530075834935057
Debris gravity = 0,paper3_rr_posteq_ug010_df010_s20260713_zero_g000_300ms_20260716,0.15000000000000002,0.0165999999999999,1.2509295525133911e-6,5.151137741460187e-7,6.3422552589802e-4,0.00101464419206128,0.00174175896493227,-0.20287413294489687,8.5661484771431e-4,0.3979158279643713,0.3979158279643713,0.0013705952088524,0.00345857735344687,0.00343035049539154,0.991838592817016,133500,100,1.770360856963574,6.038610212366708e-7,0.8530336551465052
Debris gravity = 0,paper3_rr_posteq_ug010_df010_s20260713_zero_g000_300ms_20260716,0.15000000000000002,0.01709999999999989,1.323665201154438e-6,5.42940533616582e-7,6.5197600121114e-4,0.0010371018360064,0.00178365642142958,-0.20640524131227356,8.8238311661308e-4,0.3950025039566705,0.3950025039566705,0.00136019822608943,0.00345849231911244,0.00342860848365085,0.9913592881798684,133000,100,1.773254176089775,6.364749866483196e-7,0.853043002484213
Debris gravity = 0,paper3_rr_posteq_ug010_df010_s20260713_zero_g000_300ms_20260716,0.15000000000000002,0.01769999999999989,1.413539174312022e-6,5.772189845072055e-7,6.7297096554394e-4,0.00106132808541916,0.00182857110027051,-0.21033345393502556,9.1327912059021e-4,0.3919538541458183,0.3919538541458183,0.001349374161593,0.0034581243355328,0.00342731717246221,0.9910913662779456,132400,100,1.7757436900977188,6.766756728487323e-7,0.8530216286292299
Debris gravity = 0,paper3_rr_posteq_ug010_df010_s20260713_zero_g000_300ms_20260716,0.15000000000000002,0.01829999999999989,1.5062254420590503e-6,6.124478898042883e-7,6.9391497460946e-4,0.00108727463373261,0.00187269907286713,-0.2140428767933303,9.4415049333529e-4,0.3930543581045962,0.3930543581045962,0.001353105456329,0.00345857045587675,0.00342658438399025,0.990751649476404,131800,100,1.778108472249926,7.180402094865911e-7,0.8529437233636222
Debris gravity = 0,paper3_rr_posteq_ug010_df010_s20260713_zero_g000_300ms_20260716,0.15000000000000002,0.01889999999999988,1.6017274465875949e-6,6.486314849441048e-7,7.142610070791e-4,0.00111404197093726,0.00192307898658677,-0.21755369963035895,9.749985822178e-4,0.39506104522068913,0.39506104522068913,0.00135967950032724,0.00345914900890433,0.00342432843660989,0.989933774981996,131200,100,1.7805359535600769,7.605927737982987e-7,0.8527973276749999
Debris gravity = 0,paper3_rr_posteq_ug010_df010_s20260713_zero_g000_300ms_20260716,0.15000000000000002,0.01959999999999988,1.716693163784952e-6,6.920398748337039e-7,7.3939144768002e-4,0.00114950446320879,0.00197868282146607,-0.2214244491907873,0.00101096169309332,0.39464035161449385,0.39464035161449385,0.00135795364616627,0.00346005458433389,0.00342203117880789,0.989010749801995,130500,100,1.7830328772920203,8.117744394959204e-7,0.852502667198333
Debris gravity = 0,paper3_rr_posteq_ug010_df010_s20260713_zero_g000_300ms_20260716,0.15000000000000002,0.02019999999999987,1.8182781120251804e-6,7.302768167496343e-7,7.6155574983506e-4,0.00118025737468569,0.00203108877269531,-0.22452664033903705,0.00104176509222959,0.3938524167708194,0.3938524167708194,0.00135498935519475,0.00346108511652308,0.0034197350334598,0.9880528557746606,129900,100,1.785648374415841,8.569874129069489e-7,0.8521441572548829
Debris gravity = 0,paper3_rr_posteq_ug010_df010_s20260713_zero_g000_300ms_20260716,0.15000000000000002,0.02089999999999987,1.940339292669013e-6,7.760851230936318e-7,7.8684803108677e-4,0.00120758649138985,0.00210136471469034,-0.22806073411937855,0.00107767870399066,0.3931168203251456,0.3931168203251456,0.0013526096682398,0.00346431277138392,0.00341731196385828,0.9864328625539016,129200,100,1.7883267864014123,9.113145233971254e-7,0.8516106164978077
Debris gravity = 0,paper3_rr_posteq_ug010_df010_s20260713_zero_g000_300ms_20260716,0.15000000000000002,0.02159999999999987,2.0663321244308963e-6,8.232305967902973e-7,8.1123511742724e-4,0.00124124593011445,0.00215351350847138,-0.23154820715365243,0.00111359836148138,0.3938872515910465,0.3938872515910465,0.00135565804776396,0.00346756067854251,0.00341611430511634,0.9851635261224048,128500,100,1.790951429189617,9.673246780075771e-7,0.8510385556232537
Debris gravity = 0,paper3_rr_posteq_ug010_df010_s20260713_zero_g000_300ms_20260716,0.15000000000000002,0.02239999999999986,2.215100834059507e-6,8.787158176357599e-7,8.3919069288064e-4,0.00127941890296817,0.00220393437234236,-0.23548189682924617,0.00115465503200369,0.3922543901102585,0.3922543901102585,0.00134985331460418,0.00346905558708487,0.00341370721368339,0.9840451177526413,127700,100,1.7936085554082082,1.0333429261767391e-6,0.8503622518488771
Debris gravity = 0,paper3_rr_posteq_ug010_df010_s20260713_zero_g000_300ms_20260716,0.15000000000000002,0.02309999999999986,2.349404175106636e-6,9.286384883202704e-7,8.6201419864782e-4,0.00131337520920997,0.00224771573824856,-0.2389323111421444,0.00119057745411043,0.3875309034794464,0.3875309034794464,0.00133386380528311,0.00347063522947918,0.0034135111319842,0.9835407371510024,127000,100,1.7958900646480431,1.0928610185159832e-6,0.8497315510267593
Debris gravity = 0,paper3_rr_posteq_ug010_df010_s20260713_zero_g000_300ms_20260716,0.15000000000000002,0.02389999999999985,2.5076218823404766e-6,9.872353897632936e-7,8.8911870265721e-4,0.00135313871624856,0.00230891126234408,-0.24306904279972508,0.00123164330763974,0.38102656699972576,0.38102656699972576,0.00131211007971903,0.00347464992587725,0.00341286392162188,0.9822180635248398,126200,100,1.7980327869526176,1.1629111948008945e-6,0.848934462216026
Debris gravity = 0,paper3_rr_posteq_ug010_df010_s20260713_zero_g000_300ms_20260716,0.15000000000000002,0.02469999999999985,2.6709228693652304e-6,1.047476003862755e-6,9.1790145927932e-4,0.00138611814650799,0.00237224037268068,-0.24753191577396616,0.00127273756540218,0.37227386548372376,0.37227386548372376,0.00128253814578238,0.0034776754973455,0.00341292251865748,0.981380385048162,125400,100,1.799906200026366,1.2351942266932423e-6,0.8480253398422767
Debris gravity = 0,paper3_rr_posteq_ug010_df010_s20260713_zero_g000_300ms_20260716,0.15000000000000002,0.02559999999999984,2.860786381399335e-6,1.1172231392030326e-6,9.5022689689312e-4,0.00142765184803616,0.00244374861343767,-0.2529078998041505,0.00131902054949245,0.36984361252092224,0.36984361252092224,0.00127512890465137,0.00347832144090718,0.00341745041590869,0.9824998850644998,124500,100,1.8017563583771803,1.3191949399880237e-6,0.8468976838352452
Debris gravity = 0,paper3_rr_posteq_ug010_df010_s20260713_zero_g000_300ms_20260716,0.15000000000000002,0.02639999999999984,3.034998783533088e-6,1.1809507142962745e-6,9.7822045095749e-4,0.00147111101483918,0.00252181325701306,-0.2578590247253505,0.0013602038001487,0.3728207591343152,0.3728207591343152,0.00128568554397643,0.00347735998616511,0.00341994952491189,0.9834902162900488,123700,100,1.803588818119968,1.3961580627124606e-6,0.845857461154448
Debris gravity = 0,paper3_rr_posteq_ug010_df010_s20260713_zero_g000_300ms_20260716,0.15000000000000002,0.02729999999999983,3.2370389570103108e-6,1.2545659049269825e-6,0.00100743670217598,0.00151985469591524,0.00262026126932432,-0.2633695731018606,0.00140656110853927,0.3748316891143242,0.3748316891143242,0.00129367596714102,0.0034771141294462,0.00342578004053054,0.9852365821182186,122800,100,1.8056705071289465,1.4851831876846452e-6,0.8447213214706611
Debris gravity = 0,paper3_rr_posteq_ug010_df010_s20260713_zero_g000_300ms_20260716,0.15000000000000002,0.02819999999999983,3.4455441369050012e-6,1.330256901323885e-6,0.00103632572838636,0.00156734527368738,0.00272889843880618,-0.2685573733253107,0.00145294971972566,0.38072154312883943,0.38072154312883943,0.0013148570437988,0.00347817986739228,0.00342917882603296,0.9859118725231252,121900,100,1.8082235542363232,1.5768372147631858e-6,0.843623481783227
Debris gravity = 0,paper3_rr_posteq_ug010_df010_s20260713_zero_g000_300ms_20260716,0.15000000000000002,0.02919999999999982,3.6847169258463794e-6,1.4167777433767706e-6,0.0010677355809771,0.00161446924092137,0.00284083835134324,-0.2737525901000556,0.00150450558211992,0.3847373884983426,0.3847373884983426,0.00132908058805436,0.00348230353824551,0.00342694567736071,0.984103091451732,120900,100,1.8115018071622704,1.681790704673347e-6,0.8424221512461922
Debris gravity = 0,paper3_rr_posteq_ug010_df010_s20260713_zero_g000_300ms_20260716,0.15000000000000002,0.03019999999999981,3.9317975959610165e-6,1.5058607251546667e-6,0.00109682105626174,0.00166221641752111,0.00292510218579293,-0.278320281508991,0.00155607473668165,0.3877436963267342,0.3877436963267342,0.00133945397009428,0.00348544024205729,0.00342380052597925,0.9823150845238248,119900,100,1.8154114296411927,1.7899898256009375e-6,0.8412677567310292
Debris gravity = 0,paper3_rr_posteq_ug010_df010_s20260713_zero_g000_300ms_20260716,0.15000000000000002,0.03119999999999981,4.186842607209302e-6,1.5975797301451384e-6,0.00113129110258289,0.00171708344103477,0.0029991479186135,-0.28225616856999725,0.0016076495842271,0.3927656450356285,0.3927656450356285,0.00135676369237621,0.00348818297185645,0.00342091420173155,0.9807152403794074,118900,100,1.8198995031704188,1.9013179396269705e-6,0.8402485964333645
Debris gravity = 0,paper3_rr_posteq_ug010_df010_s20260713_zero_g000_300ms_20260716,0.15000000000000002,0.0322999999999998,4.476799074648347e-6,1.701631169460939e-6,0.00116723689590988,0.00177408303340368,0.00304847591043985,-0.2860248702829735,0.00166441322025806,0.38976642140411105,0.38976642140411105,0.00134634528651205,0.00349362349720545,0.00341529297835164,0.9775790038862338,117800,100,1.8242037827107476,2.027395931637059e-6,0.839318626868766
Debris gravity = 0,paper3_rr_posteq_ug010_df010_s20260713_zero_g000_300ms_20260716,0.15000000000000002,0.0333999999999998,4.776950095241983e-6,1.809126016388376e-6,0.00120693319020088,0.00183008787903781,0.00312000755528106,-0.2895966611416422,0.00172126724337578,0.38689189881307934,0.38689189881307934,0.00133753488221979,0.00350192134896087,0.00341290794235915,0.9745815517449792,116700,100,1.8278064207221452,2.1575040056375733e-6,0.8385273036161772
Debris gravity = 0,paper3_rr_posteq_ug010_df010_s20260713_zero_g000_300ms_20260716,0.15000000000000002,0.03449999999999979,5.087204074873441e-6,1.919976424720608e-6,0.00124785491698901,0.00188841587034888,0.00319792912817805,-0.2932451242538515,0.00177820116069961,0.3782786053243984,0.3782786053243984,0.00130802545919611,0.00350164532186021,0.00341457519551698,0.9751345101116726,115600,100,1.8302575580787783,2.2916827207661057e-6,0.8378020252641095
Debris gravity = 0,paper3_rr_posteq_ug010_df010_s20260713_zero_g000_300ms_20260716,0.15000000000000002,0.03569999999999979,5.436660143281982e-6,2.0444089876856956e-6,0.00129163267214005,0.00195435598769053,0.00326356421954145,-0.297334694371744,0.00184033577242129,0.3744561157504079,0.3744561157504079,0.00129491644558771,0.00350003959700717,0.00341671440942959,0.9761930728872796,114400,100,1.831788550145428,2.4426959398827613e-6,0.8369477978433199
Debris gravity = 0,paper3_rr_posteq_ug010_df010_s20260713_zero_g000_300ms_20260716,0.15000000000000002,0.03689999999999978,5.797024223202618e-6,2.1722232028151572e-6,0.00133656463245772,0.00201778378387514,0.00332334501437278,-0.3013736974595629,0.00190242071954094,0.3731638576579141,0.3731638576579141,0.00128916134373148,0.00349435608803625,0.0034154524361932,0.9774196876748782,113200,100,1.8329559094495391,2.59832568388929e-6,0.8360088253308093
Debris gravity = 0,paper3_rr_posteq_ug010_df010_s20260713_zero_g000_300ms_20260716,0.15000000000000002,0.03809999999999977,6.1676940276507795e-6,2.303223712746081e-6,0.00137871300007684,0.00208141663033259,0.00340096088748335,-0.30525756493940237,0.00196435682926722,0.37551690720667485,0.37551690720667485,0.00129533422691609,0.00349003320014493,0.00340937783322089,0.9768897995237746,112000,100,1.834203843270746,2.758461496318574e-6,0.8349667797864676
Debris gravity = 0,paper3_rr_posteq_ug010_df010_s20260713_zero_g000_300ms_20260716,0.15000000000000002,0.03939999999999976,6.580959660548079e-6,2.448900056049612e-6,0.00142840639828164,0.00215073898257347,0.00346495330127805,-0.3093595039749787,0.00203128069437067,0.3759628135617828,0.3759628135617828,0.00129586870779662,0.00348975423831382,0.00340437490219894,0.9755342839969914,110700,100,1.836010059578471,2.936961247736335e-6,0.8338210311549407
Debris gravity = 0,paper3_rr_posteq_ug010_df010_s20260713_zero_g000_300ms_20260716,0.15000000000000002,0.04079999999999975,7.040814667296955e-6,2.610723996109632e-6,0.00148066247194622,0.00222451389109923,0.00355640300596447,-0.31349409212723145,0.00210330909577509,0.3820416566556517,0.3820416566556517,0.00131772891403362,0.0034856246943904,0.003413108449201,0.9791956244439892,109300,100,1.838384103866333,3.13505304305973e-6,0.832752735041967
Debris gravity = 0,paper3_rr_posteq_ug010_df010_s20260713_zero_g000_300ms_20260716,0.15000000000000002,0.04219999999999974,7.516655649371852e-6,2.777988654972388e-6,0.00153319779370517,0.00229572135132622,0.00364488821405195,-0.3172475043070222,0.00217536899840642,0.38601332411998496,0.38601332411998496,0.00133258247386843,0.00348761251994091,0.00341708179797159,0.9797767895469908,107900,100,1.8409048804569417,3.3393878927229967e-6,0.8318855862854453
Debris gravity = 0,paper3_rr_posteq_ug010_df010_s20260713_zero_g000_300ms_20260716,0.15000000000000002,0.04359999999999973,8.008570309883014e-6,2.9506641320164687e-6,0.00158259339758962,0.00236742707277684,0.00373551213283199,-0.32072548290699066,0.00224749100321119,0.3811859468704233,0.3811859468704233,0.00131628920184042,0.00348858188588395,0.00341806213589141,0.9797855540447848,106500,100,1.8431634962457393,3.549708707493128e-6,0.8312412017887191
Debris gravity = 0,paper3_rr_posteq_ug010_df010_s20260713_zero_g000_300ms_20260716,0.15000000000000002,0.04509999999999972,8.552513876908628e-6,3.141231258711189e-6,0.00164373307561835,0.00244201112366983,0.0038308010197004,-0.3242561835924116,0.00232472437742253,0.36615262835009166,0.36615262835009166,0.00126394729205478,0.00349057465419403,0.00341378907930403,0.978002024738896,105000,100,1.8447554063656628,3.7814106912042457e-6,0.8307035429972875
Debris gravity = 0,paper3_rr_posteq_ug010_df010_s20260713_zero_g000_300ms_20260716,0.15000000000000002,0.04659999999999972,9.113144964424366e-6,3.3370865654574766e-6,0.00170236799250778,0.00252090587299634,0.00393664907465393,-0.3278484563977945,0.00240185364107238,0.35464017837067013,0.35464017837067013,0.00122363948854504,0.00349741413508036,0.00340395674896837,0.9732781470817048,103500,100,1.845304289512838,4.019581811656869e-6,0.8302074001280079
Debris gravity = 0,paper3_rr_posteq_ug010_df010_s20260713_zero_g000_300ms_20260716,0.15000000000000002,0.04819999999999971,9.728940060740957e-6,3.5513727586802353e-6,0.00175876127015293,0.00259557701708141,0.00405134366411038,-0.3316708882584597,0.00248398732208051,0.35164185403920806,0.35164185403920806,0.00121159052059611,0.00349759493883766,0.00339422868419309,0.9704464763781572,101900,100,1.844649781229302,4.280176376288896e-6,0.8297257978325263
Debris gravity = 0,paper3_rr_posteq_ug010_df010_s20260713_zero_g000_300ms_20260716,0.15000000000000002,0.0497999999999997,1.0363676162805106e-5,3.771559448827589e-6,0.00181162562416497,0.00267667890196031,0.00412980339433963,-0.3351362658669931,0.0025660351437824,0.3502724521214134,0.3502724521214134,0.00120686842477746,0.00350591201274977,0.00338615529828489,0.9658414945870396,100300,100,1.8428160157361488,4.5478845436044466e-6,0.8292997354410458
Debris gravity = 0,paper3_rr_posteq_ug010_df010_s20260713_zero_g000_300ms_20260716,0.15000000000000002,0.05149999999999968,1.1059027482111468e-5,4.012166127798936e-6,0.00187541370174637,0.00276234313561378,0.0042037048278962,-0.3385073432676825,0.00265313165616639,0.34801532624242193,0.34801532624242193,0.00119879715540239,0.00351719354016842,0.00337363738085689,0.9591844583836422,98600,100,1.8397541754609343,4.840359146590797e-6,0.8288984363122763
Debris gravity = 0,paper3_rr_posteq_ug010_df010_s20260713_zero_g000_300ms_20260716,0.15000000000000002,0.05329999999999968,1.1819077518045556e-5,4.274464383519771e-6,0.00193414958375716,0.00285541114552306,0.00433795222155419,-0.3422433632038048,0.00274530755695445,0.35297544827499366,0.35297544827499366,0.00121380605879889,0.00351458030723433,0.00336462086483927,0.957332190678248,96800,100,1.8359002354349976,5.1588148291397706e-6,0.8285748810706074
Debris gravity = 0,paper3_rr_posteq_ug010_df010_s20260713_zero_g000_300ms_20260716,0.15000000000000002,0.05509999999999966,1.2602129597832127e-5,4.543776255680336e-6,0.00197791346691041,0.00293463176259912,0.00451605267955928,-0.34594478714726173,0.00283730241962828,0.3490633613851014,0.3490633613851014,0.00119925758829746,0.00351461230526102,0.00335845081235213,0.955567932009134,95000,100,1.8321307757719396,5.4858945938763255e-6,0.8282653226243836
Debris gravity = 0,paper3_rr_posteq_ug010_df010_s20260713_zero_g000_300ms_20260716,0.15000000000000002,0.05699999999999965,1.3452983641385494e-5,4.834796560473868e-6,0.00202694992265424,0.0030195093308336,0.00463776669625217,-0.3500531355818428,0.00293427949352063,0.3403400274160252,0.3403400274160252,0.0011662769205808,0.00352271171785185,0.00333349800776557,0.9462874838359844,93100,100,1.8295133971252784,5.838571043376602e-6,0.8280787412801224
Debris gravity = 0,paper3_rr_posteq_ug010_df010_s20260713_zero_g000_300ms_20260716,0.15000000000000002,0.05889999999999965,1.4326874954350286e-5,5.131867851036187e-6,0.00208518483955338,0.00311022082347433,0.00475884098603732,-0.35447844252559635,0.00303097015712676,0.34092847286141337,0.34092847286141337,0.00116469110660831,0.003517019576621,0.00331833468535228,0.9435075958662704,91200,100,1.8282878459283949,6.198169588188236e-6,0.8279650593646091
Debris gravity = 0,paper3_rr_posteq_ug010_df010_s20260713_zero_g000_300ms_20260716,0.15000000000000002,0.06089999999999963,1.5273806932610775e-5,5.452501255387657e-6,0.00214578727098212,0.00320141074234493,0.00486999575964872,-0.3589440481941779,0.00313257227292137,0.34059490456262015,0.34059490456262015,0.00116517104685126,0.00351935722571381,0.00332536808631294,0.9448793836603152,89200,100,1.8282283571677076,6.584576957178272e-6,0.8280716120180711
Debris gravity = 0,paper3_rr_posteq_ug010_df010_s20260713_zero_g000_300ms_20260716,0.15000000000000002,0.06299999999999961,1.630267308869733e-5,5.799962257599494e-6,0.00221540288078587,0.00330710232961897,0.00501409358689381,-0.3637588037599559,0.00323948102628054,0.34316224143227153,0.34316224143227153,0.00117848177240293,0.00352965338274513,0.00334129398240388,0.9466351565108216,87100,100,1.8295858873423592,7.00078204792168e-6,0.8284734788053182
Debris gravity = 0,paper3_rr_posteq_ug010_df010_s20260713_zero_g000_300ms_20260716,0.15000000000000002,0.0650999999999996,1.7369903203237827e-5,6.160109138609718e-6,0.00228198707836697,0.00341603430396905,0.00516031553472053,-0.3685773866913459,0.00334679982950189,0.3550619332968317,0.3550619332968317,0.00122094603394469,0.00352592070852089,0.00335360700738953,0.9511294452212324,85000,100,1.8325012391718176,7.429849966361195e-6,0.8291027633801146
Debris gravity = 0,paper3_rr_posteq_ug010_df010_s20260713_zero_g000_300ms_20260716,0.15000000000000002,0.0672999999999996,1.8524171078534332e-5,6.549018022747294e-6,0.00235031378680554,0.00352820495650589,0.00534706496952098,-0.3731646569483548,0.00345921996019086,0.3480859181183457,0.3480859181183457,0.00119282279009158,0.00351655664304187,0.00333934531392249,0.9496065762313192,82800,100,1.836087586365456,7.893540205643991e-6,0.8296680389446366
Debris gravity = 0,paper3_rr_posteq_ug010_df010_s20260713_zero_g000_300ms_20260716,0.15000000000000002,0.06959999999999958,1.9765724609326908e-5,6.966123816359572e-6,0.00242873109723391,0.00363259739112841,0.0054642515300294,-0.3773808543062014,0.00357638616191249,0.32669354274655293,0.32669354274655293,0.0011192789216554,0.00352024606766865,0.00333443708357421,0.9472170466147286,80500,100,1.8390459225954352,8.39312260383714e-6,0.8299799901856341
Debris gravity = 0,paper3_rr_posteq_ug010_df010_s20260713_zero_g000_300ms_20260716,0.15000000000000002,0.07199999999999956,2.1103930712153164e-5,7.413974837703375e-6,0.00249853682857487,0.00375579337342975,0.00564395432284907,-0.3810960455934318,0.00369876843194841,0.3228236534257979,0.3228236534257979,0.00111007949752541,0.00354343998058405,0.00333697064206287,0.9417319498418176,78100,100,1.8411413866328523,8.92691930454721e-6,0.8305188592806964
Debris gravity = 0,paper3_rr_posteq_ug010_df010_s20260713_zero_g000_300ms_20260716,0.15000000000000002,0.07439999999999955,2.2491533284385024e-5,7.876225483653937e-6,0.00256809657430603,0.00387753355918865,0.00581256397296296,-0.3842900319785403,0.00382179760277528,0.32197552433012866,0.32197552433012866,0.00110905488829695,0.00354039934448908,0.00335125990703197,0.9465768070058204,75700,100,1.84163027243585,9.475706774253462e-6,0.8312019009552415
Debris gravity = 0,paper3_rr_posteq_ug010_df010_s20260713_zero_g000_300ms_20260716,0.15000000000000002,0.07689999999999954,2.3984981453696183e-5,8.370817781802912e-6,0.00266658710665774,0.00400711315104969,0.00596266755042878,-0.3873079403101344,0.00395028483652484,0.31663299962689745,0.31663299962689745,0.00109133067616193,0.00355477160233176,0.00334186324093169,0.9401063175872096,73200,100,1.841635397996327,1.00676497184306e-5,0.8314569950202638
Debris gravity = 0,paper3_rr_posteq_ug010_df010_s20260713_zero_g000_300ms_20260716,0.15000000000000002,0.07949999999999952,2.5592398924719167e-5,8.899296794336121e-6,0.00276130069740671,0.00413831864783862,0.00619480923240833,-0.39065964451259216,0.00408455890732751,0.30309277344182123,0.30309277344182123,0.00104839207196637,0.00357237437017329,0.00334918646854353,0.9375239326837592,70600,100,1.8430705348111496,1.0705661588878592e-5,0.8312701387442524
Debris gravity = 0,paper3_rr_posteq_ug010_df010_s20260713_zero_g000_300ms_20260716,0.15000000000000002,0.0821999999999995,2.7324233110583755e-5,9.465946404542988e-6,0.00283684967808061,0.00427602120233001,0.00642020857998632,-0.3941144783504945,0.00422478487866959,0.2808139225187153,0.2808139225187153,9.7356529107948e-4,0.00357667859042588,0.00336057024414535,0.9395784829928504,67900,100,1.8453636751117075,1.138730214412998e-5,0.8312720857611187
Debris gravity = 0,paper3_rr_posteq_ug010_df010_s20260713_zero_g000_300ms_20260716,0.15000000000000002,0.08499999999999949,2.917184613627761e-5,1.0066649007266137e-5,0.00290636410150347,0.00442305611925838,0.0066179835789986,-0.3978660250654603,0.0043698615285355,0.2904946175238228,0.2904946175238228,0.00100271790697821,0.00356608690070761,0.00334109973333179,0.9369092303019388,65100,100,1.848081893462329,1.2115320162670311e-5,0.8309024336214792
Debris gravity = 0,paper3_rr_posteq_ug010_df010_s20260713_zero_g000_300ms_20260716,0.15000000000000002,0.08789999999999946,3.115015103874018e-5,1.0706961095991814e-5,0.00298909824454683,0.00456822330785181,0.00676241890228359,-0.40217529653699513,0.00452035574621628,0.30336526774701106,0.30336526774701106,0.00105097075807202,0.00360013990577238,0.00333372807717654,0.9259995901357404,62200,100,1.8509814998750251,1.2893442411270582e-5,0.8304191196163802
Debris gravity = 0,paper3_rr_posteq_ug010_df010_s20260713_zero_g000_300ms_20260716,0.15000000000000002,0.09089999999999944,3.328427430571764e-5,1.1396970435795264e-5,0.0030804347437754,0.00472065551329823,0.00687470028833792,-0.4061761877481689,0.00467737822892861,0.28503759890071967,0.28503759890071967,9.9369211836732e-4,0.00364204091018566,0.00333698741365159,0.9162410571279048,59200,100,1.85402369939212,1.3717313487261072e-5,0.8308456642315091
Debris gravity = 0,paper3_rr_posteq_ug010_df010_s20260713_zero_g000_300ms_20260716,0.15000000000000002,0.09399999999999945,3.556331273594418e-5,1.2131734199910796e-5,0.0031679281626913,0.00488607874019741,0.00701038400634264,-0.4092606694577767,0.00483968983835029,0.2994172224748947,0.2994172224748947,0.00103665542179255,0.00361357892736254,0.00331724652037826,0.9179947600589524,56100,100,1.856324370730344,1.458372460874936e-5,0.8318680258561989
Debris gravity = 0,paper3_rr_posteq_ug010_df010_s20260713_zero_g000_300ms_20260716,0.15000000000000002,0.0971999999999994,3.798798404161265e-5,1.2912300383298372e-5,0.00324011690588289,0.0050384135307996,0.00727732214250534,-0.41148986157317013,0.00500669941009048,0.30409875606163767,0.30409875606163767,0.0010494482245764,0.00359189990641058,0.00331564878584689,0.9230905293127312,52900,100,1.8582942678092471,1.549450544282052e-5,0.8333470487940853
Debris gravity = 0,paper3_rr_posteq_ug010_df010_s20260713_zero_g000_300ms_20260716,0.15000000000000002,0.1004999999999994,4.056367213313781e-5,1.3738123187545156e-5,0.00335271457557697,0.00520609706044477,0.00753788773830901,-0.4133735970479034,0.00517855480159125,0.30762103049921535,0.30762103049921535,0.00105913752766323,0.00356454143367566,0.00332559225543893,0.9329649598180342,49600,100,1.8572805870004023,1.6462931966158895e-5,0.8344882440008353
Debris gravity = 0,paper3_rr_posteq_ug010_df010_s20260713_zero_g000_300ms_20260716,0.15000000000000002,0.10389999999999935,4.330307511356591e-5,1.461583722192596e-5,0.00346585255137285,0.00536493341744951,0.00773952036594688,-0.4151046278028867,0.0053553337735377,0.29621150419773334,0.29621150419773334,0.00101605638248338,0.00353057931798374,0.00333262003316136,0.9439300842742612,46200,100,1.8511147197950129,1.748724696734998e-5,0.8357997830770527
Debris gravity = 0,paper3_rr_posteq_ug010_df010_s20260713_zero_g000_300ms_20260716,0.15000000000000002,0.10739999999999936,4.620018548041198e-5,1.5542065517428754e-5,0.00357608398050613,0.00554285527171588,0.00802524339480641,-0.4171463568102915,0.00553631360739076,0.2696447498466244,0.2696447498466244,9.2338797202085e-4,0.00351555924551027,0.00333572367762646,0.948845815039678,42700,100,1.8443965774601163,1.8544552230429744e-5,0.8380933292056407
Debris gravity = 0,paper3_rr_posteq_ug010_df010_s20260713_zero_g000_300ms_20260716,0.15000000000000002,0.11109999999999932,4.936619065860192e-5,1.6550063027834636e-5,0.00369603277158672,0.00572216340868857,0.00822191901752121,-0.4193661265695994,0.00572792569155697,0.2664871597073189,0.2664871597073189,9.1639221810313e-4,0.00356213690062129,0.00331970584209847,0.9319422399289212,39000,100,1.8406328108044865,1.9659294608892145e-5,0.8418441941629399
Debris gravity = 0,paper3_rr_posteq_ug010_df010_s20260713_zero_g000_300ms_20260716,0.15000000000000002,0.1147999999999993,5.2597956701876105e-5,1.7573223549994433e-5,0.00379656468912474,0.00591012429583986,0.00844065268270496,-0.4209288693427802,0.00591764912824687,0.28283842008363774,0.28283842008363774,9.6175430793779e-4,0.00353758209828186,0.00326847334673616,0.9239286201509216,35300,100,1.842628245464579,2.0778005896192873e-5,0.845760831804093
Debris gravity = 0,paper3_rr_posteq_ug010_df010_s20260713_zero_g000_300ms_20260716,0.15000000000000002,0.11869999999999928,5.607461975333617e-5,1.8660215595875273e-5,0.00386108563537671,0.00611421984528372,0.00870437975993812,-0.4220705052188406,0.00611632242637399,0.314024790405315,0.314024790405315,0.00107098879774309,0.00354341054053307,0.00328261927251047,0.9264010576704544,31400,100,1.845262877500802,2.1963027594961807e-5,0.8496194577543499
Debris gravity = 0,paper3_rr_posteq_ug010_df010_s20260713_zero_g000_300ms_20260716,0.15000000000000002,0.12279999999999926,5.988856966695566e-5,1.9854547403493295e-5,0.00393891490690582,0.00631498630754661,0.00895382228536543,-0.42203420413899495,0.00632694886918034,0.32521034674092153,0.32521034674092153,0.0011116468296166,0.00353564336582509,0.00330473398418248,0.9346909861230532,27300,100,1.850745228692807,2.3224334361889182e-5,0.854902753900854
Debris gravity = 0,paper3_rr_posteq_ug010_df010_s20260713_zero_g000_300ms_20260716,0.15000000000000002,0.12689999999999924,6.388902326060747e-5,2.111049294420868e-5,0.00402936594459607,0.00651861615407916,0.00923141218696227,-0.42172375511241655,0.00654032513803394,0.27578116812999437,0.27578116812999437,9.5445474677717e-4,0.00362146839290698,0.00330747653344606,0.9132970868734082,23200,100,1.862110561208291,2.4513582321255212e-5,0.8611753544443895
Debris gravity = 0,paper3_rr_posteq_ug010_df010_s20260713_zero_g000_300ms_20260716,0.15000000000000002,0.1311999999999992,6.830945091897145e-5,2.2498666484562052e-5,0.00411641247233759,0.00674428422321125,0.0093776642567496,-0.4219846117929094,0.00676824412629505,0.3031801312906007,0.3031801312906007,0.00105251602532095,0.00359454825296073,0.00335283084105437,0.9327544395301248,18900,100,1.874289532695064,2.5933178109141334e-5,0.8675630264009705
Debris gravity = 0,paper3_rr_posteq_ug010_df010_s20260713_zero_g000_300ms_20260716,0.15000000000000002,0.13569999999999918,7.299256441663907e-5,2.3949874661453292e-5,0.00425871871608291,0.00698625201255785,0.00948783472966582,-0.4242199866084735,0.00700299051049563,0.3376188075880843,0.3376188075880843,0.00116243790720143,0.00353275973494279,0.0033556152745738,0.9498566351351782,14400,100,1.8831045102345372,2.7508502925234893e-5,0.8706353350651773
Debris gravity = 0,paper3_rr_posteq_ug010_df010_s20260713_zero_g000_300ms_20260716,0.15000000000000002,0.14029999999999915,7.803766373854542e-5,2.549940125518423e-5,0.00439635128637681,0.00723695141561137,0.00951994473829105,-0.4295662069226607,0.00724830832761842,0.3217397551725719,0.3217397551725719,0.00115259476056825,0.00356960506175173,0.00359520500198998,1.0071716449846395,9800,100,1.889636092139185,2.9110142577614832e-5,0.8759627743902844
Debris gravity = 0,paper3_rr_posteq_ug010_df010_s20260713_zero_g000_300ms_20260716,0.15000000000000002,0.14509999999999912,8.36272295340279e-5,2.7217637237072246e-5,0.004603211957698,0.0074932969513857,0.00963523264688723,-0.43434000590647304,0.0075106185927272,0.30461216553820364,0.30461216553820364,0.00107110657499474,0.00348393430890444,0.00354895853048658,1.0186640205631723,5000,100,1.8925387431647676,3.0804024950994957e-05,0.8835740550259854
Debris gravity = 0,paper3_rr_posteq_ug010_df010_s20260713_zero_g000_300ms_20260716,0.15000000000000002,0.14999999999999908,8.943698758320204e-5,2.8975584336508108e-5,0.00472045062575531,0.00777067057697998,0.00985293164995014,-0.4368971706790049,0.00777569310394217,0.29626513552149547,0.29626513552149547,0.00102742303981486,0.00367404175550148,0.00327335735215511,0.8909417938034077,100,100,1.893343660220306,3.2626180676543865e-5,0.8881083760239119
