release_seed,metric,contrast,condition,value
20260713,mean_dx_dp,gas_velocity_0p20_minus_0p10,df_over_dp=0.05,5.8423359303250315
20260713,mean_dx_dp,gas_velocity_0p20_minus_0p10,df_over_dp=0.10,5.1383696078867125
20260713,mean_dx_dp,df_over_dp_0p10_minus_0p05,gas_velocity=0.10,-2.349631559326273
20260713,mean_dx_dp,df_over_dp_0p10_minus_0p05,gas_velocity=0.20,-3.053597881764592
20260713,mean_dx_dp,velocity_size_interaction,difference_of_differences,-0.703966322438319
20260713,mean_dz_dp,gas_velocity_0p20_minus_0p10,df_over_dp=0.05,0.2065146338719081
20260713,mean_dz_dp,gas_velocity_0p20_minus_0p10,df_over_dp=0.10,0.9845514896850385
20260713,mean_dz_dp,df_over_dp_0p10_minus_0p05,gas_velocity=0.10,-1.7153145821565903
20260713,mean_dz_dp,df_over_dp_0p10_minus_0p05,gas_velocity=0.20,-0.93727772634346
20260713,mean_dz_dp,velocity_size_interaction,difference_of_differences,0.7780368558131303
20260713,outlet_fraction,gas_velocity_0p20_minus_0p10,df_over_dp=0.05,0.28
20260713,outlet_fraction,gas_velocity_0p20_minus_0p10,df_over_dp=0.10,0.07
20260713,outlet_fraction,df_over_dp_0p10_minus_0p05,gas_velocity=0.10,-0.05
20260713,outlet_fraction,df_over_dp_0p10_minus_0p05,gas_velocity=0.20,-0.26
20260713,outlet_fraction,velocity_size_interaction,difference_of_differences,-0.21000000000000002
20260713,bed_resident_fraction,gas_velocity_0p20_minus_0p10,df_over_dp=0.05,-0.28
20260713,bed_resident_fraction,gas_velocity_0p20_minus_0p10,df_over_dp=0.10,-0.07000000000000006
20260713,bed_resident_fraction,df_over_dp_0p10_minus_0p05,gas_velocity=0.10,0.050000000000000044
20260713,bed_resident_fraction,df_over_dp_0p10_minus_0p05,gas_velocity=0.20,0.26
20260713,bed_resident_fraction,velocity_size_interaction,difference_of_differences,0.20999999999999996
20260713,pressure_gradient_tail_mean_Pa_m,gas_velocity_0p20_minus_0p10,df_over_dp=0.05,1294.2955804444446
20260713,pressure_gradient_tail_mean_Pa_m,gas_velocity_0p20_minus_0p10,df_over_dp=0.10,1294.758352
20260713,pressure_gradient_tail_mean_Pa_m,df_over_dp_0p10_minus_0p05,gas_velocity=0.10,0.23470222222226766
20260713,pressure_gradient_tail_mean_Pa_m,df_over_dp_0p10_minus_0p05,gas_velocity=0.20,0.6974737777777591
20260713,pressure_gradient_tail_mean_Pa_m,velocity_size_interaction,difference_of_differences,0.46277155555549143
20260713,cfd_to_ergun_pressure_drop_ratio,gas_velocity_0p20_minus_0p10,df_over_dp=0.05,-0.004717445436003387
20260713,cfd_to_ergun_pressure_drop_ratio,gas_velocity_0p20_minus_0p10,df_over_dp=0.10,-0.004650537754141482
20260713,cfd_to_ergun_pressure_drop_ratio,df_over_dp_0p10_minus_0p05,gas_velocity=0.10,0.00014471815618488648
20260713,cfd_to_ergun_pressure_drop_ratio,df_over_dp_0p10_minus_0p05,gas_velocity=0.20,0.0002116258380467917
20260713,cfd_to_ergun_pressure_drop_ratio,velocity_size_interaction,difference_of_differences,6.690768186190521e-05
20260713,fpt_5dp_reached_fraction,gas_velocity_0p20_minus_0p10,df_over_dp=0.05,0.030000000000000027
20260713,fpt_5dp_reached_fraction,gas_velocity_0p20_minus_0p10,df_over_dp=0.10,0.12
20260713,fpt_5dp_reached_fraction,df_over_dp_0p10_minus_0p05,gas_velocity=0.10,-0.05999999999999994
20260713,fpt_5dp_reached_fraction,df_over_dp_0p10_minus_0p05,gas_velocity=0.20,0.030000000000000027
20260713,fpt_5dp_reached_fraction,velocity_size_interaction,difference_of_differences,0.08999999999999997
20260713,fpt_5dp_p50_s,gas_velocity_0p20_minus_0p10,df_over_dp=0.05,-0.02243007785136481
20260713,fpt_5dp_p50_s,gas_velocity_0p20_minus_0p10,df_over_dp=0.10,-0.021305537610666912
20260713,fpt_5dp_p50_s,df_over_dp_0p10_minus_0p05,gas_velocity=0.10,0.014788197162240994
20260713,fpt_5dp_p50_s,df_over_dp_0p10_minus_0p05,gas_velocity=0.20,0.015912737402938894
20260713,fpt_5dp_p50_s,velocity_size_interaction,difference_of_differences,0.0011245402406978994
20260713,late_origin_local_alpha_p50,gas_velocity_0p20_minus_0p10,df_over_dp=0.05,-0.12450326691953939
20260713,late_origin_local_alpha_p50,gas_velocity_0p20_minus_0p10,df_over_dp=0.10,0.025072863241583088
20260713,late_origin_local_alpha_p50,df_over_dp_0p10_minus_0p05,gas_velocity=0.10,-0.01448228629952597
20260713,late_origin_local_alpha_p50,df_over_dp_0p10_minus_0p05,gas_velocity=0.20,0.1350938438615965
20260713,late_origin_local_alpha_p50,velocity_size_interaction,difference_of_differences,0.14957613016112248
20260713,centered_msd_exponent,gas_velocity_0p20_minus_0p10,df_over_dp=0.05,-0.07256729039912169
20260713,centered_msd_exponent,gas_velocity_0p20_minus_0p10,df_over_dp=0.10,0.060741958820829556
20260713,centered_msd_exponent,df_over_dp_0p10_minus_0p05,gas_velocity=0.10,-0.09787503838424705
20260713,centered_msd_exponent,df_over_dp_0p10_minus_0p05,gas_velocity=0.20,0.035434210835704194
20260713,centered_msd_exponent,velocity_size_interaction,difference_of_differences,0.13330924921995124
20260713,centered_msd_bootstrap_fraction_above_one,gas_velocity_0p20_minus_0p10,df_over_dp=0.05,0.0
20260713,centered_msd_bootstrap_fraction_above_one,gas_velocity_0p20_minus_0p10,df_over_dp=0.10,0.0
20260713,centered_msd_bootstrap_fraction_above_one,df_over_dp_0p10_minus_0p05,gas_velocity=0.10,0.0
20260713,centered_msd_bootstrap_fraction_above_one,df_over_dp_0p10_minus_0p05,gas_velocity=0.20,0.0
20260713,centered_msd_bootstrap_fraction_above_one,velocity_size_interaction,difference_of_differences,0.0
20260713,inertial_local_final_centered_msd_x_m2,gas_velocity_0p20_minus_0p10,df_over_dp=0.05,0.0011716408144060973
20260713,inertial_local_final_centered_msd_x_m2,gas_velocity_0p20_minus_0p10,df_over_dp=0.10,0.0011392028062091526
20260713,inertial_local_final_centered_msd_x_m2,df_over_dp_0p10_minus_0p05,gas_velocity=0.10,-1.0696268008541121e-05
20260713,inertial_local_final_centered_msd_x_m2,df_over_dp_0p10_minus_0p05,gas_velocity=0.20,-4.3134276205485794e-05
20260713,inertial_local_final_centered_msd_x_m2,velocity_size_interaction,difference_of_differences,-3.243800819694473e-05
20260713,inertial_local_final_mean_dx_dp,gas_velocity_0p20_minus_0p10,df_over_dp=0.05,39.04578946171706
20260713,inertial_local_final_mean_dx_dp,gas_velocity_0p20_minus_0p10,df_over_dp=0.10,38.59377525352528
20260713,inertial_local_final_mean_dx_dp,df_over_dp_0p10_minus_0p05,gas_velocity=0.10,-0.447864477396017
20260713,inertial_local_final_mean_dx_dp,df_over_dp_0p10_minus_0p05,gas_velocity=0.20,-0.8998786855877938
20260713,inertial_local_final_mean_dx_dp,velocity_size_interaction,difference_of_differences,-0.45201420819177685
20260713,inertial_local_fpt_5dp_reached_fraction,gas_velocity_0p20_minus_0p10,df_over_dp=0.05,0.0
20260713,inertial_local_fpt_5dp_reached_fraction,gas_velocity_0p20_minus_0p10,df_over_dp=0.10,0.0
20260713,inertial_local_fpt_5dp_reached_fraction,df_over_dp_0p10_minus_0p05,gas_velocity=0.10,0.0
20260713,inertial_local_fpt_5dp_reached_fraction,df_over_dp_0p10_minus_0p05,gas_velocity=0.20,0.0
20260713,inertial_local_fpt_5dp_reached_fraction,velocity_size_interaction,difference_of_differences,0.0
20260713,inertial_permuted_final_centered_msd_x_m2,gas_velocity_0p20_minus_0p10,df_over_dp=0.05,0.001171640814406097
20260713,inertial_permuted_final_centered_msd_x_m2,gas_velocity_0p20_minus_0p10,df_over_dp=0.10,0.0011392028062091526
20260713,inertial_permuted_final_centered_msd_x_m2,df_over_dp_0p10_minus_0p05,gas_velocity=0.10,-1.0696268008541176e-05
20260713,inertial_permuted_final_centered_msd_x_m2,df_over_dp_0p10_minus_0p05,gas_velocity=0.20,-4.313427620548558e-05
20260713,inertial_permuted_final_centered_msd_x_m2,velocity_size_interaction,difference_of_differences,-3.243800819694451e-05
20260713,inertial_permuted_final_mean_dx_dp,gas_velocity_0p20_minus_0p10,df_over_dp=0.05,39.04578946171705
20260713,inertial_permuted_final_mean_dx_dp,gas_velocity_0p20_minus_0p10,df_over_dp=0.10,38.59377525352527
20260713,inertial_permuted_final_mean_dx_dp,df_over_dp_0p10_minus_0p05,gas_velocity=0.10,-0.447864477396017
20260713,inertial_permuted_final_mean_dx_dp,df_over_dp_0p10_minus_0p05,gas_velocity=0.20,-0.8998786855877938
20260713,inertial_permuted_final_mean_dx_dp,velocity_size_interaction,difference_of_differences,-0.45201420819177685
20260713,inertial_permuted_fpt_5dp_reached_fraction,gas_velocity_0p20_minus_0p10,df_over_dp=0.05,0.0
20260713,inertial_permuted_fpt_5dp_reached_fraction,gas_velocity_0p20_minus_0p10,df_over_dp=0.10,0.0
20260713,inertial_permuted_fpt_5dp_reached_fraction,df_over_dp_0p10_minus_0p05,gas_velocity=0.10,0.0
20260713,inertial_permuted_fpt_5dp_reached_fraction,df_over_dp_0p10_minus_0p05,gas_velocity=0.20,0.0
20260713,inertial_permuted_fpt_5dp_reached_fraction,velocity_size_interaction,difference_of_differences,0.0
20260713,inertial_uniform_final_centered_msd_x_m2,gas_velocity_0p20_minus_0p10,df_over_dp=0.05,-4.81482486096809e-35
20260713,inertial_uniform_final_centered_msd_x_m2,gas_velocity_0p20_minus_0p10,df_over_dp=0.10,-4.81482486096809e-35
20260713,inertial_uniform_final_centered_msd_x_m2,df_over_dp_0p10_minus_0p05,gas_velocity=0.10,0.0
20260713,inertial_uniform_final_centered_msd_x_m2,df_over_dp_0p10_minus_0p05,gas_velocity=0.20,0.0
20260713,inertial_uniform_final_centered_msd_x_m2,velocity_size_interaction,difference_of_differences,0.0
20260713,inertial_uniform_final_mean_dx_dp,gas_velocity_0p20_minus_0p10,df_over_dp=0.05,39.08202463073779
20260713,inertial_uniform_final_mean_dx_dp,gas_velocity_0p20_minus_0p10,df_over_dp=0.10,38.73826970018259
20260713,inertial_uniform_final_mean_dx_dp,df_over_dp_0p10_minus_0p05,gas_velocity=0.10,-0.34089619648070624
20260713,inertial_uniform_final_mean_dx_dp,df_over_dp_0p10_minus_0p05,gas_velocity=0.20,-0.6846511270359059
20260713,inertial_uniform_final_mean_dx_dp,velocity_size_interaction,difference_of_differences,-0.3437549305551997
20260713,inertial_uniform_fpt_5dp_reached_fraction,gas_velocity_0p20_minus_0p10,df_over_dp=0.05,0.0
20260713,inertial_uniform_fpt_5dp_reached_fraction,gas_velocity_0p20_minus_0p10,df_over_dp=0.10,0.0
20260713,inertial_uniform_fpt_5dp_reached_fraction,df_over_dp_0p10_minus_0p05,gas_velocity=0.10,0.0
20260713,inertial_uniform_fpt_5dp_reached_fraction,df_over_dp_0p10_minus_0p05,gas_velocity=0.20,0.0
20260713,inertial_uniform_fpt_5dp_reached_fraction,velocity_size_interaction,difference_of_differences,0.0
20260713,fractional_fpt_alpha,gas_velocity_0p20_minus_0p10,df_over_dp=0.05,0.0159100317993639
20260713,fractional_fpt_alpha,gas_velocity_0p20_minus_0p10,df_over_dp=0.10,-0.03839023801320107
20260713,fractional_fpt_alpha,df_over_dp_0p10_minus_0p05,gas_velocity=0.10,-0.02949128382496058
20260713,fractional_fpt_alpha,df_over_dp_0p10_minus_0p05,gas_velocity=0.20,-0.08379155363752555
20260713,fractional_fpt_alpha,velocity_size_interaction,difference_of_differences,-0.05430026981256497
20260713,fractional_fpt_residual_bic_improvement,gas_velocity_0p20_minus_0p10,df_over_dp=0.05,-10.675512796672592
20260713,fractional_fpt_residual_bic_improvement,gas_velocity_0p20_minus_0p10,df_over_dp=0.10,12.711379227725047
20260713,fractional_fpt_residual_bic_improvement,df_over_dp_0p10_minus_0p05,gas_velocity=0.10,-14.805737095033692
20260713,fractional_fpt_residual_bic_improvement,df_over_dp_0p10_minus_0p05,gas_velocity=0.20,8.581154929363947
20260713,fractional_fpt_residual_bic_improvement,velocity_size_interaction,difference_of_differences,23.38689202439764
20260713,non_gaussian_parameter_20ms,gas_velocity_0p20_minus_0p10,df_over_dp=0.05,0.2661489833286841
20260713,non_gaussian_parameter_20ms,gas_velocity_0p20_minus_0p10,df_over_dp=0.10,0.0391965309691471
20260713,non_gaussian_parameter_20ms,df_over_dp_0p10_minus_0p05,gas_velocity=0.10,-0.1616326531772173
20260713,non_gaussian_parameter_20ms,df_over_dp_0p10_minus_0p05,gas_velocity=0.20,-0.3885851055367543
20260713,non_gaussian_parameter_20ms,velocity_size_interaction,difference_of_differences,-0.22695245235953698
20260713,non_gaussian_parameter_50ms,gas_velocity_0p20_minus_0p10,df_over_dp=0.05,0.6289139077554261
20260713,non_gaussian_parameter_50ms,gas_velocity_0p20_minus_0p10,df_over_dp=0.10,-0.02914414606728366
20260713,non_gaussian_parameter_50ms,df_over_dp_0p10_minus_0p05,gas_velocity=0.10,-0.042647375951279654
20260713,non_gaussian_parameter_50ms,df_over_dp_0p10_minus_0p05,gas_velocity=0.20,-0.7007054297739894
20260713,non_gaussian_parameter_50ms,velocity_size_interaction,difference_of_differences,-0.6580580538227098
20260713,variance_top10_observed_share,gas_velocity_0p20_minus_0p10,df_over_dp=0.05,-0.05621251941972985
20260713,variance_top10_observed_share,gas_velocity_0p20_minus_0p10,df_over_dp=0.10,-0.05211380888917372
20260713,variance_top10_observed_share,df_over_dp_0p10_minus_0p05,gas_velocity=0.10,0.011428167376275944
20260713,variance_top10_observed_share,df_over_dp_0p10_minus_0p05,gas_velocity=0.20,0.015526877906832076
20260713,variance_top10_observed_share,velocity_size_interaction,difference_of_differences,0.004098710530556132
20260713,variance_top10_gaussian_null_p50,gas_velocity_0p20_minus_0p10,df_over_dp=0.05,0.0
20260713,variance_top10_gaussian_null_p50,gas_velocity_0p20_minus_0p10,df_over_dp=0.10,0.0
20260713,variance_top10_gaussian_null_p50,df_over_dp_0p10_minus_0p05,gas_velocity=0.10,0.0
20260713,variance_top10_gaussian_null_p50,df_over_dp_0p10_minus_0p05,gas_velocity=0.20,0.0
20260713,variance_top10_gaussian_null_p50,velocity_size_interaction,difference_of_differences,0.0
20260713,variance_top10_outlet_capped_null_p50,gas_velocity_0p20_minus_0p10,df_over_dp=0.05,-0.013763175444566955
20260713,variance_top10_outlet_capped_null_p50,gas_velocity_0p20_minus_0p10,df_over_dp=0.10,-0.048245622621032935
20260713,variance_top10_outlet_capped_null_p50,df_over_dp_0p10_minus_0p05,gas_velocity=0.10,0.030332844785673108
20260713,variance_top10_outlet_capped_null_p50,df_over_dp_0p10_minus_0p05,gas_velocity=0.20,-0.0041496023907928725
20260713,variance_top10_outlet_capped_null_p50,velocity_size_interaction,difference_of_differences,-0.03448244717646598
20260713,variance_top10_observed_to_null_mean_ratio,gas_velocity_0p20_minus_0p10,df_over_dp=0.05,-0.13010708508307067
20260713,variance_top10_observed_to_null_mean_ratio,gas_velocity_0p20_minus_0p10,df_over_dp=0.10,-0.12062038558561361
20260713,variance_top10_observed_to_null_mean_ratio,df_over_dp_0p10_minus_0p05,gas_velocity=0.10,0.02645114576819385
20260713,variance_top10_observed_to_null_mean_ratio,df_over_dp_0p10_minus_0p05,gas_velocity=0.20,0.035937845265650914
20260713,variance_top10_observed_to_null_mean_ratio,velocity_size_interaction,difference_of_differences,0.009486699497457063
20260713,variance_top10_observed_to_outlet_capped_null_mean_ratio,gas_velocity_0p20_minus_0p10,df_over_dp=0.05,-0.12130671101150536
20260713,variance_top10_observed_to_outlet_capped_null_mean_ratio,gas_velocity_0p20_minus_0p10,df_over_dp=0.10,-0.05396325028301052
20260713,variance_top10_observed_to_outlet_capped_null_mean_ratio,df_over_dp_0p10_minus_0p05,gas_velocity=0.10,-0.02090045085586245
20260713,variance_top10_observed_to_outlet_capped_null_mean_ratio,df_over_dp_0p10_minus_0p05,gas_velocity=0.20,0.04644300987263239
20260713,variance_top10_observed_to_outlet_capped_null_mean_ratio,velocity_size_interaction,difference_of_differences,0.06734346072849484
20260713,variance_top10_null_upper_p,gas_velocity_0p20_minus_0p10,df_over_dp=0.05,0.0
20260713,variance_top10_null_upper_p,gas_velocity_0p20_minus_0p10,df_over_dp=0.10,4.99975001250208e-05
20260713,variance_top10_null_upper_p,df_over_dp_0p10_minus_0p05,gas_velocity=0.10,-4.99975001250208e-05
20260713,variance_top10_null_upper_p,df_over_dp_0p10_minus_0p05,gas_velocity=0.20,0.0
20260713,variance_top10_null_upper_p,velocity_size_interaction,difference_of_differences,4.99975001250208e-05
20260713,variance_top10_outlet_capped_null_upper_p,gas_velocity_0p20_minus_0p10,df_over_dp=0.05,0.0
20260713,variance_top10_outlet_capped_null_upper_p,gas_velocity_0p20_minus_0p10,df_over_dp=0.10,4.99975001250208e-05
20260713,variance_top10_outlet_capped_null_upper_p,df_over_dp_0p10_minus_0p05,gas_velocity=0.10,-4.99975001250208e-05
20260713,variance_top10_outlet_capped_null_upper_p,df_over_dp_0p10_minus_0p05,gas_velocity=0.20,0.0
20260713,variance_top10_outlet_capped_null_upper_p,velocity_size_interaction,difference_of_differences,4.99975001250208e-05
20260713,velocity_positive_integral_time_s,gas_velocity_0p20_minus_0p10,df_over_dp=0.05,0.0016424395651791351
20260713,velocity_positive_integral_time_s,gas_velocity_0p20_minus_0p10,df_over_dp=0.10,0.010755625715670222
20260713,velocity_positive_integral_time_s,df_over_dp_0p10_minus_0p05,gas_velocity=0.10,-0.01951527193505606
20260713,velocity_positive_integral_time_s,df_over_dp_0p10_minus_0p05,gas_velocity=0.20,-0.010402085784564974
20260713,velocity_positive_integral_time_s,velocity_size_interaction,difference_of_differences,0.009113186150491087
20260713,velocity_variance_ratio_20ms,gas_velocity_0p20_minus_0p10,df_over_dp=0.05,-0.038983821626105586
20260713,velocity_variance_ratio_20ms,gas_velocity_0p20_minus_0p10,df_over_dp=0.10,-0.039489330585501525
20260713,velocity_variance_ratio_20ms,df_over_dp_0p10_minus_0p05,gas_velocity=0.10,0.08387706565552877
20260713,velocity_variance_ratio_20ms,df_over_dp_0p10_minus_0p05,gas_velocity=0.20,0.08337155669613283
20260713,velocity_variance_ratio_20ms,velocity_size_interaction,difference_of_differences,-0.0005055089593959394
20260713,velocity_variance_ratio_50ms,gas_velocity_0p20_minus_0p10,df_over_dp=0.05,-0.03415767233106459
20260713,velocity_variance_ratio_50ms,gas_velocity_0p20_minus_0p10,df_over_dp=0.10,-0.05860278963813026
20260713,velocity_variance_ratio_50ms,df_over_dp_0p10_minus_0p05,gas_velocity=0.10,0.16417111593114664
20260713,velocity_variance_ratio_50ms,df_over_dp_0p10_minus_0p05,gas_velocity=0.20,0.13972599862408097
20260713,velocity_variance_ratio_50ms,velocity_size_interaction,difference_of_differences,-0.024445117307065667
20260713,velocity_variance_ratio_max_abs_log_10_100ms,gas_velocity_0p20_minus_0p10,df_over_dp=0.05,0.03327912099831065
20260713,velocity_variance_ratio_max_abs_log_10_100ms,gas_velocity_0p20_minus_0p10,df_over_dp=0.10,0.1284711143894154
20260713,velocity_variance_ratio_max_abs_log_10_100ms,df_over_dp_0p10_minus_0p05,gas_velocity=0.10,-0.44253099248763383
20260713,velocity_variance_ratio_max_abs_log_10_100ms,df_over_dp_0p10_minus_0p05,gas_velocity=0.20,-0.3473389990965291
20260713,velocity_variance_ratio_max_abs_log_10_100ms,velocity_size_interaction,difference_of_differences,0.09519199339110473
20260713,ever_contacted_fraction,gas_velocity_0p20_minus_0p10,df_over_dp=0.05,0.010000000000000009
20260713,ever_contacted_fraction,gas_velocity_0p20_minus_0p10,df_over_dp=0.10,-0.010000000000000009
20260713,ever_contacted_fraction,df_over_dp_0p10_minus_0p05,gas_velocity=0.10,0.010000000000000009
20260713,ever_contacted_fraction,df_over_dp_0p10_minus_0p05,gas_velocity=0.20,-0.010000000000000009
20260713,ever_contacted_fraction,velocity_size_interaction,difference_of_differences,-0.020000000000000018
20260713,mean_sampled_contact_fraction,gas_velocity_0p20_minus_0p10,df_over_dp=0.05,-0.028392233545246115
20260713,mean_sampled_contact_fraction,gas_velocity_0p20_minus_0p10,df_over_dp=0.10,-0.012397134523613962
20260713,mean_sampled_contact_fraction,df_over_dp_0p10_minus_0p05,gas_velocity=0.10,-0.1073940557043277
20260713,mean_sampled_contact_fraction,df_over_dp_0p10_minus_0p05,gas_velocity=0.20,-0.09139895668269554
20260713,mean_sampled_contact_fraction,velocity_size_interaction,difference_of_differences,0.015995099021632153
20260713,p90_particle_maximum_contact_force_N,gas_velocity_0p20_minus_0p10,df_over_dp=0.05,2.637384396414202e-05
20260713,p90_particle_maximum_contact_force_N,gas_velocity_0p20_minus_0p10,df_over_dp=0.10,0.00014813699398495006
20260713,p90_particle_maximum_contact_force_N,df_over_dp_0p10_minus_0p05,gas_velocity=0.10,9.822701615771502e-05
20260713,p90_particle_maximum_contact_force_N,df_over_dp_0p10_minus_0p05,gas_velocity=0.20,0.00021999016617852308
20260713,p90_particle_maximum_contact_force_N,velocity_size_interaction,difference_of_differences,0.00012176315002080804
20260713,p90_particle_maximum_contact_force_over_debris_weight,gas_velocity_0p20_minus_0p10,df_over_dp=0.05,17186.913404128005
20260713,p90_particle_maximum_contact_force_over_debris_weight,gas_velocity_0p20_minus_0p10,df_over_dp=0.10,12066.963442211643
20260713,p90_particle_maximum_contact_force_over_debris_weight,df_over_dp_0p10_minus_0p05,gas_velocity=0.10,-45396.64213649345
20260713,p90_particle_maximum_contact_force_over_debris_weight,df_over_dp_0p10_minus_0p05,gas_velocity=0.20,-50516.59209840982
20260713,p90_particle_maximum_contact_force_over_debris_weight,velocity_size_interaction,difference_of_differences,-5119.949961916362
20260713,p90_particle_maximum_contact_equal_sphere_hertz_overlap_over_df,gas_velocity_0p20_minus_0p10,df_over_dp=0.05,1.9980771102863333e-05
20260713,p90_particle_maximum_contact_equal_sphere_hertz_overlap_over_df,gas_velocity_0p20_minus_0p10,df_over_dp=0.10,3.3019941780611345e-05
20260713,p90_particle_maximum_contact_equal_sphere_hertz_overlap_over_df,df_over_dp_0p10_minus_0p05,gas_velocity=0.10,-3.996461131393437e-05
20260713,p90_particle_maximum_contact_equal_sphere_hertz_overlap_over_df,df_over_dp_0p10_minus_0p05,gas_velocity=0.20,-2.6925440636186356e-05
20260713,p90_particle_maximum_contact_equal_sphere_hertz_overlap_over_df,velocity_size_interaction,difference_of_differences,1.3039170677748012e-05
20260713,early_contact_vs_later_dx_spearman_r,gas_velocity_0p20_minus_0p10,df_over_dp=0.05,-0.03238245005054563
20260713,early_contact_vs_later_dx_spearman_r,gas_velocity_0p20_minus_0p10,df_over_dp=0.10,-0.042808659963810725
20260713,early_contact_vs_later_dx_spearman_r,df_over_dp_0p10_minus_0p05,gas_velocity=0.10,0.19431340966105165
20260713,early_contact_vs_later_dx_spearman_r,df_over_dp_0p10_minus_0p05,gas_velocity=0.20,0.18388719974778656
20260713,early_contact_vs_later_dx_spearman_r,velocity_size_interaction,difference_of_differences,-0.010426209913265094
20260713,early_contact_vs_later_dx_geometry_adjusted_r,gas_velocity_0p20_minus_0p10,df_over_dp=0.05,-0.15542757849440675
20260713,early_contact_vs_later_dx_geometry_adjusted_r,gas_velocity_0p20_minus_0p10,df_over_dp=0.10,-0.07147275248679091
20260713,early_contact_vs_later_dx_geometry_adjusted_r,df_over_dp_0p10_minus_0p05,gas_velocity=0.10,0.18016883243183007
20260713,early_contact_vs_later_dx_geometry_adjusted_r,df_over_dp_0p10_minus_0p05,gas_velocity=0.20,0.2641236584394459
20260713,early_contact_vs_later_dx_geometry_adjusted_r,velocity_size_interaction,difference_of_differences,0.08395482600761583
20260713,early_contact_later_dx_difference_dp,gas_velocity_0p20_minus_0p10,df_over_dp=0.05,-0.783261765707211
20260713,early_contact_later_dx_difference_dp,gas_velocity_0p20_minus_0p10,df_over_dp=0.10,-1.8843886142834148
20260713,early_contact_later_dx_difference_dp,df_over_dp_0p10_minus_0p05,gas_velocity=0.10,-0.8564003177040647
20260713,early_contact_later_dx_difference_dp,df_over_dp_0p10_minus_0p05,gas_velocity=0.20,-1.9575271662802685
20260713,early_contact_later_dx_difference_dp,velocity_size_interaction,difference_of_differences,-1.1011268485762038
20260713,mean_drag_impulse_x_N_s,gas_velocity_0p20_minus_0p10,df_over_dp=0.05,5.804366848019112e-09
20260713,mean_drag_impulse_x_N_s,gas_velocity_0p20_minus_0p10,df_over_dp=0.10,1.3743562604153367e-08
20260713,mean_drag_impulse_x_N_s,df_over_dp_0p10_minus_0p05,gas_velocity=0.10,9.267103410874668e-09
20260713,mean_drag_impulse_x_N_s,df_over_dp_0p10_minus_0p05,gas_velocity=0.20,1.7206299167008922e-08
20260713,mean_drag_impulse_x_N_s,velocity_size_interaction,difference_of_differences,7.939195756134253e-09
20260713,mean_total_fluid_impulse_x_N_s,gas_velocity_0p20_minus_0p10,df_over_dp=0.05,5.804366848019112e-09
20260713,mean_total_fluid_impulse_x_N_s,gas_velocity_0p20_minus_0p10,df_over_dp=0.10,1.3743562604153367e-08
20260713,mean_total_fluid_impulse_x_N_s,df_over_dp_0p10_minus_0p05,gas_velocity=0.10,9.267103410874668e-09
20260713,mean_total_fluid_impulse_x_N_s,df_over_dp_0p10_minus_0p05,gas_velocity=0.20,1.7206299167008922e-08
20260713,mean_total_fluid_impulse_x_N_s,velocity_size_interaction,difference_of_differences,7.939195756134253e-09
20260713,mean_total_fluid_impulse_z_N_s,gas_velocity_0p20_minus_0p10,df_over_dp=0.05,-3.142361517518698e-11
20260713,mean_total_fluid_impulse_z_N_s,gas_velocity_0p20_minus_0p10,df_over_dp=0.10,-3.4331381805828903e-10
20260713,mean_total_fluid_impulse_z_N_s,df_over_dp_0p10_minus_0p05,gas_velocity=0.10,9.941605328512991e-10
20260713,mean_total_fluid_impulse_z_N_s,df_over_dp_0p10_minus_0p05,gas_velocity=0.20,6.82270329968197e-10
20260713,mean_total_fluid_impulse_z_N_s,velocity_size_interaction,difference_of_differences,-3.1189020288310205e-10
20260713,mean_gravity_impulse_z_N_s,gas_velocity_0p20_minus_0p10,df_over_dp=0.05,3.8737689623250985e-11
20260713,mean_gravity_impulse_z_N_s,gas_velocity_0p20_minus_0p10,df_over_dp=0.10,1.349159274154701e-11
20260713,mean_gravity_impulse_z_N_s,df_over_dp_0p10_minus_0p05,gas_velocity=0.10,-3.228374562093888e-09
20260713,mean_gravity_impulse_z_N_s,df_over_dp_0p10_minus_0p05,gas_velocity=0.20,-3.2536206589755916e-09
20260713,mean_gravity_impulse_z_N_s,velocity_size_interaction,difference_of_differences,-2.5246096881703976e-11
20260713,mean_mechanical_contact_impulse_x_N_s,gas_velocity_0p20_minus_0p10,df_over_dp=0.05,-5.7949003985496724e-09
20260713,mean_mechanical_contact_impulse_x_N_s,gas_velocity_0p20_minus_0p10,df_over_dp=0.10,-1.3723499304873876e-08
20260713,mean_mechanical_contact_impulse_x_N_s,df_over_dp_0p10_minus_0p05,gas_velocity=0.10,-9.224498497051358e-09
20260713,mean_mechanical_contact_impulse_x_N_s,df_over_dp_0p10_minus_0p05,gas_velocity=0.20,-1.715309740337556e-08
20260713,mean_mechanical_contact_impulse_x_N_s,velocity_size_interaction,difference_of_differences,-7.928598906324203e-09
20260713,mean_mechanical_contact_impulse_z_N_s,gas_velocity_0p20_minus_0p10,df_over_dp=0.05,-8.128687952244815e-12
20260713,mean_mechanical_contact_impulse_z_N_s,gas_velocity_0p20_minus_0p10,df_over_dp=0.10,3.3505817579735425e-10
20260713,mean_mechanical_contact_impulse_z_N_s,df_over_dp_0p10_minus_0p05,gas_velocity=0.10,2.2271368965369307e-09
20260713,mean_mechanical_contact_impulse_z_N_s,df_over_dp_0p10_minus_0p05,gas_velocity=0.20,2.57032376028653e-09
20260713,mean_mechanical_contact_impulse_z_N_s,velocity_size_interaction,difference_of_differences,3.4318686374959907e-10
20260713,mean_time_averaged_total_fluid_force_x_N,gas_velocity_0p20_minus_0p10,df_over_dp=0.05,2.3070985675537347e-08
20260713,mean_time_averaged_total_fluid_force_x_N,gas_velocity_0p20_minus_0p10,df_over_dp=0.10,4.621688989462114e-08
20260713,mean_time_averaged_total_fluid_force_x_N,df_over_dp_0p10_minus_0p05,gas_velocity=0.10,3.0674797370965616e-08
20260713,mean_time_averaged_total_fluid_force_x_N,df_over_dp_0p10_minus_0p05,gas_velocity=0.20,5.3820701590049414e-08
20260713,mean_time_averaged_total_fluid_force_x_N,velocity_size_interaction,difference_of_differences,2.3145904219083795e-08
20260713,mean_time_averaged_mechanical_contact_force_x_N,gas_velocity_0p20_minus_0p10,df_over_dp=0.05,-2.3019290480295212e-08
20260713,mean_time_averaged_mechanical_contact_force_x_N,gas_velocity_0p20_minus_0p10,df_over_dp=0.10,-4.614702858316807e-08
20260713,mean_time_averaged_mechanical_contact_force_x_N,df_over_dp_0p10_minus_0p05,gas_velocity=0.10,-3.053550582172429e-08
20260713,mean_time_averaged_mechanical_contact_force_x_N,df_over_dp_0p10_minus_0p05,gas_velocity=0.20,-5.366324392459715e-08
20260713,mean_time_averaged_mechanical_contact_force_x_N,velocity_size_interaction,difference_of_differences,-2.3127738102872856e-08
20260713,mean_time_averaged_total_fluid_force_z_N,gas_velocity_0p20_minus_0p10,df_over_dp=0.05,-5.530560089788166e-11
20260713,mean_time_averaged_total_fluid_force_z_N,gas_velocity_0p20_minus_0p10,df_over_dp=0.10,-1.1302928851750494e-09
20260713,mean_time_averaged_total_fluid_force_z_N,df_over_dp_0p10_minus_0p05,gas_velocity=0.10,3.3003927421396427e-09
20260713,mean_time_averaged_total_fluid_force_z_N,df_over_dp_0p10_minus_0p05,gas_velocity=0.20,2.225405457862475e-09
20260713,mean_time_averaged_total_fluid_force_z_N,velocity_size_interaction,difference_of_differences,-1.0749872842771676e-09
20260713,mean_time_averaged_gravity_force_z_N,gas_velocity_0p20_minus_0p10,df_over_dp=0.05,0.0
20260713,mean_time_averaged_gravity_force_z_N,gas_velocity_0p20_minus_0p10,df_over_dp=0.10,0.0
20260713,mean_time_averaged_gravity_force_z_N,df_over_dp_0p10_minus_0p05,gas_velocity=0.10,-1.074171396620014e-08
20260713,mean_time_averaged_gravity_force_z_N,df_over_dp_0p10_minus_0p05,gas_velocity=0.20,-1.074171396620014e-08
20260713,mean_time_averaged_gravity_force_z_N,velocity_size_interaction,difference_of_differences,0.0
20260713,mean_time_averaged_mechanical_contact_force_z_N,gas_velocity_0p20_minus_0p10,df_over_dp=0.05,5.094101990295313e-11
20260713,mean_time_averaged_mechanical_contact_force_z_N,gas_velocity_0p20_minus_0p10,df_over_dp=0.10,1.1475892740605287e-09
20260713,mean_time_averaged_mechanical_contact_force_z_N,df_over_dp_0p10_minus_0p05,gas_velocity=0.10,7.417839719112626e-09
20260713,mean_time_averaged_mechanical_contact_force_z_N,df_over_dp_0p10_minus_0p05,gas_velocity=0.20,8.514487973270202e-09
20260713,mean_time_averaged_mechanical_contact_force_z_N,velocity_size_interaction,difference_of_differences,1.0966482541575756e-09
20260713,mean_drag_work_x_J,gas_velocity_0p20_minus_0p10,df_over_dp=0.05,2.9604404858309254e-10
20260713,mean_drag_work_x_J,gas_velocity_0p20_minus_0p10,df_over_dp=0.10,1.1590612379622712e-09
20260713,mean_drag_work_x_J,df_over_dp_0p10_minus_0p05,gas_velocity=0.10,5.109514242050436e-10
20260713,mean_drag_work_x_J,df_over_dp_0p10_minus_0p05,gas_velocity=0.20,1.3739686135842222e-09
20260713,mean_drag_work_x_J,velocity_size_interaction,difference_of_differences,8.630171893791787e-10
20260713,mean_explicit_fluid_work_J,gas_velocity_0p20_minus_0p10,df_over_dp=0.05,2.1834310616368305e-17
20260713,mean_explicit_fluid_work_J,gas_velocity_0p20_minus_0p10,df_over_dp=0.10,8.284661664427356e-16
20260713,mean_explicit_fluid_work_J,df_over_dp_0p10_minus_0p05,gas_velocity=0.10,-1.8783701850313874e-15
20260713,mean_explicit_fluid_work_J,df_over_dp_0p10_minus_0p05,gas_velocity=0.20,-1.0717383292050201e-15
20260713,mean_explicit_fluid_work_J,velocity_size_interaction,difference_of_differences,8.066318558263673e-16
20260713,mean_total_fluid_work_J,gas_velocity_0p20_minus_0p10,df_over_dp=0.05,2.0698317370983324e-10
20260713,mean_total_fluid_work_J,gas_velocity_0p20_minus_0p10,df_over_dp=0.10,9.69494552148407e-10
20260713,mean_total_fluid_work_J,df_over_dp_0p10_minus_0p05,gas_velocity=0.10,4.0036261920367595e-10
20260713,mean_total_fluid_work_J,df_over_dp_0p10_minus_0p05,gas_velocity=0.20,1.1628739976422496e-09
20260713,mean_total_fluid_work_J,velocity_size_interaction,difference_of_differences,7.625113784385738e-10
20260713,mean_gravity_work_J,gas_velocity_0p20_minus_0p10,df_over_dp=0.05,-3.165959390569415e-13
20260713,mean_gravity_work_J,gas_velocity_0p20_minus_0p10,df_over_dp=0.10,-1.2086024123621395e-11
20260713,mean_gravity_work_J,df_over_dp_0p10_minus_0p05,gas_velocity=0.10,2.7369815572540772e-11
20260713,mean_gravity_work_J,df_over_dp_0p10_minus_0p05,gas_velocity=0.20,1.5600387387976316e-11
20260713,mean_gravity_work_J,velocity_size_interaction,difference_of_differences,-1.1769428184564454e-11
20260713,mean_wall_contact_sample_fraction,gas_velocity_0p20_minus_0p10,df_over_dp=0.05,0.040863045651449506
20260713,mean_wall_contact_sample_fraction,gas_velocity_0p20_minus_0p10,df_over_dp=0.10,0.07155614795068313
20260713,mean_wall_contact_sample_fraction,df_over_dp_0p10_minus_0p05,gas_velocity=0.10,0.07575141619460178
20260713,mean_wall_contact_sample_fraction,df_over_dp_0p10_minus_0p05,gas_velocity=0.20,0.1064445184938354
20260713,mean_wall_contact_sample_fraction,velocity_size_interaction,difference_of_differences,0.030693102299233624
20260713,mean_bottom_wall_contact_sample_fraction,gas_velocity_0p20_minus_0p10,df_over_dp=0.05,0.006697767410863052
20260713,mean_bottom_wall_contact_sample_fraction,gas_velocity_0p20_minus_0p10,df_over_dp=0.10,0.013042319226924337
20260713,mean_bottom_wall_contact_sample_fraction,df_over_dp_0p10_minus_0p05,gas_velocity=0.10,0.08767077640786405
20260713,mean_bottom_wall_contact_sample_fraction,df_over_dp_0p10_minus_0p05,gas_velocity=0.20,0.09401532822392533
20260713,mean_bottom_wall_contact_sample_fraction,velocity_size_interaction,difference_of_differences,0.006344551816061285
20260713,mean_mechanical_contact_net_work_J,gas_velocity_0p20_minus_0p10,df_over_dp=0.05,-2.0502918012935676e-10
20260713,mean_mechanical_contact_net_work_J,gas_velocity_0p20_minus_0p10,df_over_dp=0.10,-9.548822600907461e-10
20260713,mean_mechanical_contact_net_work_J,df_over_dp_0p10_minus_0p05,gas_velocity=0.10,-4.249380673875188e-10
20260713,mean_mechanical_contact_net_work_J,df_over_dp_0p10_minus_0p05,gas_velocity=0.20,-1.1747911473489083e-09
20260713,mean_mechanical_contact_net_work_J,velocity_size_interaction,difference_of_differences,-7.498530799613894e-10
20260713,all_lower_clipped_fraction,gas_velocity_0p20_minus_0p10,df_over_dp=0.05,-0.05801700767008666
20260713,all_lower_clipped_fraction,gas_velocity_0p20_minus_0p10,df_over_dp=0.10,-0.004483000000000015
20260713,all_lower_clipped_fraction,df_over_dp_0p10_minus_0p05,gas_velocity=0.10,0.021828658996579986
20260713,all_lower_clipped_fraction,df_over_dp_0p10_minus_0p05,gas_velocity=0.20,0.07536266666666663
20260713,all_lower_clipped_fraction,velocity_size_interaction,difference_of_differences,0.05353400767008665
20260714,mean_dx_dp,gas_velocity_0p20_minus_0p10,df_over_dp=0.05,2.1671275020019394
20260714,mean_dx_dp,gas_velocity_0p20_minus_0p10,df_over_dp=0.10,7.428539044570396
20260714,mean_dx_dp,df_over_dp_0p10_minus_0p05,gas_velocity=0.10,-3.1786067214304055
20260714,mean_dx_dp,df_over_dp_0p10_minus_0p05,gas_velocity=0.20,2.082804821138051
20260714,mean_dx_dp,velocity_size_interaction,difference_of_differences,5.261411542568457
20260714,mean_dz_dp,gas_velocity_0p20_minus_0p10,df_over_dp=0.05,0.1759559330826151
20260714,mean_dz_dp,gas_velocity_0p20_minus_0p10,df_over_dp=0.10,0.7123108207800588
20260714,mean_dz_dp,df_over_dp_0p10_minus_0p05,gas_velocity=0.10,-1.8903386724305267
20260714,mean_dz_dp,df_over_dp_0p10_minus_0p05,gas_velocity=0.20,-1.3539837847330831
20260714,mean_dz_dp,velocity_size_interaction,difference_of_differences,0.5363548876974438
20260714,outlet_fraction,gas_velocity_0p20_minus_0p10,df_over_dp=0.05,0.22000000000000003
20260714,outlet_fraction,gas_velocity_0p20_minus_0p10,df_over_dp=0.10,0.06
20260714,outlet_fraction,df_over_dp_0p10_minus_0p05,gas_velocity=0.10,-0.06
20260714,outlet_fraction,df_over_dp_0p10_minus_0p05,gas_velocity=0.20,-0.22000000000000003
20260714,outlet_fraction,velocity_size_interaction,difference_of_differences,-0.16000000000000003
20260714,bed_resident_fraction,gas_velocity_0p20_minus_0p10,df_over_dp=0.05,-0.21999999999999997
20260714,bed_resident_fraction,gas_velocity_0p20_minus_0p10,df_over_dp=0.10,-0.06000000000000005
20260714,bed_resident_fraction,df_over_dp_0p10_minus_0p05,gas_velocity=0.10,0.06000000000000005
20260714,bed_resident_fraction,df_over_dp_0p10_minus_0p05,gas_velocity=0.20,0.21999999999999997
20260714,bed_resident_fraction,velocity_size_interaction,difference_of_differences,0.15999999999999992
20260714,pressure_gradient_tail_mean_Pa_m,gas_velocity_0p20_minus_0p10,df_over_dp=0.05,1294.4632977777778
20260714,pressure_gradient_tail_mean_Pa_m,gas_velocity_0p20_minus_0p10,df_over_dp=0.10,1294.752739555556
20260714,pressure_gradient_tail_mean_Pa_m,df_over_dp_0p10_minus_0p05,gas_velocity=0.10,0.09497422222216301
20260714,pressure_gradient_tail_mean_Pa_m,df_over_dp_0p10_minus_0p05,gas_velocity=0.20,0.3844160000003285
20260714,pressure_gradient_tail_mean_Pa_m,velocity_size_interaction,difference_of_differences,0.2894417777781655
20260714,cfd_to_ergun_pressure_drop_ratio,gas_velocity_0p20_minus_0p10,df_over_dp=0.05,-0.004647427383725478
20260714,cfd_to_ergun_pressure_drop_ratio,gas_velocity_0p20_minus_0p10,df_over_dp=0.10,-0.004589350208876297
20260714,cfd_to_ergun_pressure_drop_ratio,df_over_dp_0p10_minus_0p05,gas_velocity=0.10,5.856141537541326e-05
20260714,cfd_to_ergun_pressure_drop_ratio,df_over_dp_0p10_minus_0p05,gas_velocity=0.20,0.00011663859022459366
20260714,cfd_to_ergun_pressure_drop_ratio,velocity_size_interaction,difference_of_differences,5.80771748491804e-05
20260714,fpt_5dp_reached_fraction,gas_velocity_0p20_minus_0p10,df_over_dp=0.05,-0.020000000000000018
20260714,fpt_5dp_reached_fraction,gas_velocity_0p20_minus_0p10,df_over_dp=0.10,0.04999999999999993
20260714,fpt_5dp_reached_fraction,df_over_dp_0p10_minus_0p05,gas_velocity=0.10,0.050000000000000044
20260714,fpt_5dp_reached_fraction,df_over_dp_0p10_minus_0p05,gas_velocity=0.20,0.12
20260714,fpt_5dp_reached_fraction,velocity_size_interaction,difference_of_differences,0.06999999999999995
20260714,fpt_5dp_p50_s,gas_velocity_0p20_minus_0p10,df_over_dp=0.05,-0.020166431701142493
20260714,fpt_5dp_p50_s,gas_velocity_0p20_minus_0p10,df_over_dp=0.10,-0.021189018343981993
20260714,fpt_5dp_p50_s,df_over_dp_0p10_minus_0p05,gas_velocity=0.10,0.019007868736179767
20260714,fpt_5dp_p50_s,df_over_dp_0p10_minus_0p05,gas_velocity=0.20,0.017985282093340268
20260714,fpt_5dp_p50_s,velocity_size_interaction,difference_of_differences,-0.0010225866428394993
20260714,late_origin_local_alpha_p50,gas_velocity_0p20_minus_0p10,df_over_dp=0.05,-0.20550152209939254
20260714,late_origin_local_alpha_p50,gas_velocity_0p20_minus_0p10,df_over_dp=0.10,0.06431586104636833
20260714,late_origin_local_alpha_p50,df_over_dp_0p10_minus_0p05,gas_velocity=0.10,-0.14562001546131143
20260714,late_origin_local_alpha_p50,df_over_dp_0p10_minus_0p05,gas_velocity=0.20,0.12419736768444944
20260714,late_origin_local_alpha_p50,velocity_size_interaction,difference_of_differences,0.26981738314576087
20260714,centered_msd_exponent,gas_velocity_0p20_minus_0p10,df_over_dp=0.05,-0.0994820905571383
20260714,centered_msd_exponent,gas_velocity_0p20_minus_0p10,df_over_dp=0.10,0.022990239405233037
20260714,centered_msd_exponent,df_over_dp_0p10_minus_0p05,gas_velocity=0.10,-0.13638646855113534
20260714,centered_msd_exponent,df_over_dp_0p10_minus_0p05,gas_velocity=0.20,-0.013914138588764002
20260714,centered_msd_exponent,velocity_size_interaction,difference_of_differences,0.12247232996237134
20260714,centered_msd_bootstrap_fraction_above_one,gas_velocity_0p20_minus_0p10,df_over_dp=0.05,0.0
20260714,centered_msd_bootstrap_fraction_above_one,gas_velocity_0p20_minus_0p10,df_over_dp=0.10,0.0
20260714,centered_msd_bootstrap_fraction_above_one,df_over_dp_0p10_minus_0p05,gas_velocity=0.10,0.0
20260714,centered_msd_bootstrap_fraction_above_one,df_over_dp_0p10_minus_0p05,gas_velocity=0.20,0.0
20260714,centered_msd_bootstrap_fraction_above_one,velocity_size_interaction,difference_of_differences,0.0
20260714,inertial_local_final_centered_msd_x_m2,gas_velocity_0p20_minus_0p10,df_over_dp=0.05,0.0013135218524761838
20260714,inertial_local_final_centered_msd_x_m2,gas_velocity_0p20_minus_0p10,df_over_dp=0.10,0.0012823609376343258
20260714,inertial_local_final_centered_msd_x_m2,df_over_dp_0p10_minus_0p05,gas_velocity=0.10,-1.0435376391803024e-05
20260714,inertial_local_final_centered_msd_x_m2,df_over_dp_0p10_minus_0p05,gas_velocity=0.20,-4.1596291233660966e-05
20260714,inertial_local_final_centered_msd_x_m2,velocity_size_interaction,difference_of_differences,-3.1160914841857996e-05
20260714,inertial_local_final_mean_dx_dp,gas_velocity_0p20_minus_0p10,df_over_dp=0.05,41.08078387035321
20260714,inertial_local_final_mean_dx_dp,gas_velocity_0p20_minus_0p10,df_over_dp=0.10,40.575218782965806
20260714,inertial_local_final_mean_dx_dp,df_over_dp_0p10_minus_0p05,gas_velocity=0.10,-0.5007859364201224
20260714,inertial_local_final_mean_dx_dp,df_over_dp_0p10_minus_0p05,gas_velocity=0.20,-1.0063510238075253
20260714,inertial_local_final_mean_dx_dp,velocity_size_interaction,difference_of_differences,-0.5055650873874029
20260714,inertial_local_fpt_5dp_reached_fraction,gas_velocity_0p20_minus_0p10,df_over_dp=0.05,0.0
20260714,inertial_local_fpt_5dp_reached_fraction,gas_velocity_0p20_minus_0p10,df_over_dp=0.10,0.0
20260714,inertial_local_fpt_5dp_reached_fraction,df_over_dp_0p10_minus_0p05,gas_velocity=0.10,0.0
20260714,inertial_local_fpt_5dp_reached_fraction,df_over_dp_0p10_minus_0p05,gas_velocity=0.20,0.0
20260714,inertial_local_fpt_5dp_reached_fraction,velocity_size_interaction,difference_of_differences,0.0
20260714,inertial_permuted_final_centered_msd_x_m2,gas_velocity_0p20_minus_0p10,df_over_dp=0.05,0.0013135218524761838
20260714,inertial_permuted_final_centered_msd_x_m2,gas_velocity_0p20_minus_0p10,df_over_dp=0.10,0.0012823609376343258
20260714,inertial_permuted_final_centered_msd_x_m2,df_over_dp_0p10_minus_0p05,gas_velocity=0.10,-1.0435376391802916e-05
20260714,inertial_permuted_final_centered_msd_x_m2,df_over_dp_0p10_minus_0p05,gas_velocity=0.20,-4.1596291233660966e-05
20260714,inertial_permuted_final_centered_msd_x_m2,velocity_size_interaction,difference_of_differences,-3.1160914841857996e-05
20260714,inertial_permuted_final_mean_dx_dp,gas_velocity_0p20_minus_0p10,df_over_dp=0.05,41.08078387035321
20260714,inertial_permuted_final_mean_dx_dp,gas_velocity_0p20_minus_0p10,df_over_dp=0.10,40.575218782965806
20260714,inertial_permuted_final_mean_dx_dp,df_over_dp_0p10_minus_0p05,gas_velocity=0.10,-0.5007859364201224
20260714,inertial_permuted_final_mean_dx_dp,df_over_dp_0p10_minus_0p05,gas_velocity=0.20,-1.0063510238075253
20260714,inertial_permuted_final_mean_dx_dp,velocity_size_interaction,difference_of_differences,-0.5055650873874029
20260714,inertial_permuted_fpt_5dp_reached_fraction,gas_velocity_0p20_minus_0p10,df_over_dp=0.05,0.0
20260714,inertial_permuted_fpt_5dp_reached_fraction,gas_velocity_0p20_minus_0p10,df_over_dp=0.10,0.0
20260714,inertial_permuted_fpt_5dp_reached_fraction,df_over_dp_0p10_minus_0p05,gas_velocity=0.10,0.0
20260714,inertial_permuted_fpt_5dp_reached_fraction,df_over_dp_0p10_minus_0p05,gas_velocity=0.20,0.0
20260714,inertial_permuted_fpt_5dp_reached_fraction,velocity_size_interaction,difference_of_differences,0.0
20260714,inertial_uniform_final_centered_msd_x_m2,gas_velocity_0p20_minus_0p10,df_over_dp=0.05,0.0
20260714,inertial_uniform_final_centered_msd_x_m2,gas_velocity_0p20_minus_0p10,df_over_dp=0.10,1.925929944387236e-34
20260714,inertial_uniform_final_centered_msd_x_m2,df_over_dp_0p10_minus_0p05,gas_velocity=0.10,0.0
20260714,inertial_uniform_final_centered_msd_x_m2,df_over_dp_0p10_minus_0p05,gas_velocity=0.20,1.925929944387236e-34
20260714,inertial_uniform_final_centered_msd_x_m2,velocity_size_interaction,difference_of_differences,1.925929944387236e-34
20260714,inertial_uniform_final_mean_dx_dp,gas_velocity_0p20_minus_0p10,df_over_dp=0.05,41.12600061800219
20260714,inertial_uniform_final_mean_dx_dp,gas_velocity_0p20_minus_0p10,df_over_dp=0.10,40.75582347191264
20260714,inertial_uniform_final_mean_dx_dp,df_over_dp_0p10_minus_0p05,gas_velocity=0.10,-0.36690224612310374
20260714,inertial_uniform_final_mean_dx_dp,df_over_dp_0p10_minus_0p05,gas_velocity=0.20,-0.7370793922126495
20260714,inertial_uniform_final_mean_dx_dp,velocity_size_interaction,difference_of_differences,-0.37017714608954577
20260714,inertial_uniform_fpt_5dp_reached_fraction,gas_velocity_0p20_minus_0p10,df_over_dp=0.05,0.0
20260714,inertial_uniform_fpt_5dp_reached_fraction,gas_velocity_0p20_minus_0p10,df_over_dp=0.10,0.0
20260714,inertial_uniform_fpt_5dp_reached_fraction,df_over_dp_0p10_minus_0p05,gas_velocity=0.10,0.0
20260714,inertial_uniform_fpt_5dp_reached_fraction,df_over_dp_0p10_minus_0p05,gas_velocity=0.20,0.0
20260714,inertial_uniform_fpt_5dp_reached_fraction,velocity_size_interaction,difference_of_differences,0.0
20260714,fractional_fpt_alpha,gas_velocity_0p20_minus_0p10,df_over_dp=0.05,-0.01781723823060788
20260714,fractional_fpt_alpha,gas_velocity_0p20_minus_0p10,df_over_dp=0.10,-0.020976045873215887
20260714,fractional_fpt_alpha,df_over_dp_0p10_minus_0p05,gas_velocity=0.10,0.018889602406159667
20260714,fractional_fpt_alpha,df_over_dp_0p10_minus_0p05,gas_velocity=0.20,0.01573079476355166
20260714,fractional_fpt_alpha,velocity_size_interaction,difference_of_differences,-0.003158807642608008
20260714,fractional_fpt_residual_bic_improvement,gas_velocity_0p20_minus_0p10,df_over_dp=0.05,-71.88348607195707
20260714,fractional_fpt_residual_bic_improvement,gas_velocity_0p20_minus_0p10,df_over_dp=0.10,-10.632416998927226
20260714,fractional_fpt_residual_bic_improvement,df_over_dp_0p10_minus_0p05,gas_velocity=0.10,62.65342623813444
20260714,fractional_fpt_residual_bic_improvement,df_over_dp_0p10_minus_0p05,gas_velocity=0.20,123.90449531116428
20260714,fractional_fpt_residual_bic_improvement,velocity_size_interaction,difference_of_differences,61.25106907302984
20260714,non_gaussian_parameter_20ms,gas_velocity_0p20_minus_0p10,df_over_dp=0.05,0.6121419674967944
20260714,non_gaussian_parameter_20ms,gas_velocity_0p20_minus_0p10,df_over_dp=0.10,-0.0214145252191007
20260714,non_gaussian_parameter_20ms,df_over_dp_0p10_minus_0p05,gas_velocity=0.10,-0.04329487283034439
20260714,non_gaussian_parameter_20ms,df_over_dp_0p10_minus_0p05,gas_velocity=0.20,-0.6768513655462395
20260714,non_gaussian_parameter_20ms,velocity_size_interaction,difference_of_differences,-0.6335564927158951
20260714,non_gaussian_parameter_50ms,gas_velocity_0p20_minus_0p10,df_over_dp=0.05,0.7439153815656582
20260714,non_gaussian_parameter_50ms,gas_velocity_0p20_minus_0p10,df_over_dp=0.10,0.0024631925589245762
20260714,non_gaussian_parameter_50ms,df_over_dp_0p10_minus_0p05,gas_velocity=0.10,-0.14027521445280888
20260714,non_gaussian_parameter_50ms,df_over_dp_0p10_minus_0p05,gas_velocity=0.20,-0.8817274034595425
20260714,non_gaussian_parameter_50ms,velocity_size_interaction,difference_of_differences,-0.7414521890067336
20260714,variance_top10_observed_share,gas_velocity_0p20_minus_0p10,df_over_dp=0.05,-0.03258114465728984
20260714,variance_top10_observed_share,gas_velocity_0p20_minus_0p10,df_over_dp=0.10,-0.019363727105980222
20260714,variance_top10_observed_share,df_over_dp_0p10_minus_0p05,gas_velocity=0.10,0.062020028087121176
20260714,variance_top10_observed_share,df_over_dp_0p10_minus_0p05,gas_velocity=0.20,0.0752374456384308
20260714,variance_top10_observed_share,velocity_size_interaction,difference_of_differences,0.013217417551309618
20260714,variance_top10_gaussian_null_p50,gas_velocity_0p20_minus_0p10,df_over_dp=0.05,0.0
20260714,variance_top10_gaussian_null_p50,gas_velocity_0p20_minus_0p10,df_over_dp=0.10,0.0
20260714,variance_top10_gaussian_null_p50,df_over_dp_0p10_minus_0p05,gas_velocity=0.10,0.0
20260714,variance_top10_gaussian_null_p50,df_over_dp_0p10_minus_0p05,gas_velocity=0.20,0.0
20260714,variance_top10_gaussian_null_p50,velocity_size_interaction,difference_of_differences,0.0
20260714,variance_top10_outlet_capped_null_p50,gas_velocity_0p20_minus_0p10,df_over_dp=0.05,-0.004490557616195157
20260714,variance_top10_outlet_capped_null_p50,gas_velocity_0p20_minus_0p10,df_over_dp=0.10,-0.05351878855741116
20260714,variance_top10_outlet_capped_null_p50,df_over_dp_0p10_minus_0p05,gas_velocity=0.10,0.04917865178868819
20260714,variance_top10_outlet_capped_null_p50,df_over_dp_0p10_minus_0p05,gas_velocity=0.20,0.00015042084747218798
20260714,variance_top10_outlet_capped_null_p50,velocity_size_interaction,difference_of_differences,-0.049028230941216
20260714,variance_top10_observed_to_null_mean_ratio,gas_velocity_0p20_minus_0p10,df_over_dp=0.05,-0.07541091920071447
20260714,variance_top10_observed_to_null_mean_ratio,gas_velocity_0p20_minus_0p10,df_over_dp=0.10,-0.044818451763235956
20260714,variance_top10_observed_to_null_mean_ratio,df_over_dp_0p10_minus_0p05,gas_velocity=0.10,0.14354889541480514
20260714,variance_top10_observed_to_null_mean_ratio,df_over_dp_0p10_minus_0p05,gas_velocity=0.20,0.17414136285228365
20260714,variance_top10_observed_to_null_mean_ratio,velocity_size_interaction,difference_of_differences,0.03059246743747851
20260714,variance_top10_observed_to_outlet_capped_null_mean_ratio,gas_velocity_0p20_minus_0p10,df_over_dp=0.05,-0.07969328972360323
20260714,variance_top10_observed_to_outlet_capped_null_mean_ratio,gas_velocity_0p20_minus_0p10,df_over_dp=0.10,0.037542194616905666
20260714,variance_top10_observed_to_outlet_capped_null_mean_ratio,df_over_dp_0p10_minus_0p05,gas_velocity=0.10,0.08212951825435821
20260714,variance_top10_observed_to_outlet_capped_null_mean_ratio,df_over_dp_0p10_minus_0p05,gas_velocity=0.20,0.1993650025948671
20260714,variance_top10_observed_to_outlet_capped_null_mean_ratio,velocity_size_interaction,difference_of_differences,0.1172354843405089
20260714,variance_top10_null_upper_p,gas_velocity_0p20_minus_0p10,df_over_dp=0.05,0.0
20260714,variance_top10_null_upper_p,gas_velocity_0p20_minus_0p10,df_over_dp=0.10,0.0
20260714,variance_top10_null_upper_p,df_over_dp_0p10_minus_0p05,gas_velocity=0.10,0.0
20260714,variance_top10_null_upper_p,df_over_dp_0p10_minus_0p05,gas_velocity=0.20,0.0
20260714,variance_top10_null_upper_p,velocity_size_interaction,difference_of_differences,0.0
20260714,variance_top10_outlet_capped_null_upper_p,gas_velocity_0p20_minus_0p10,df_over_dp=0.05,0.0
20260714,variance_top10_outlet_capped_null_upper_p,gas_velocity_0p20_minus_0p10,df_over_dp=0.10,0.0
20260714,variance_top10_outlet_capped_null_upper_p,df_over_dp_0p10_minus_0p05,gas_velocity=0.10,0.0
20260714,variance_top10_outlet_capped_null_upper_p,df_over_dp_0p10_minus_0p05,gas_velocity=0.20,0.0
20260714,variance_top10_outlet_capped_null_upper_p,velocity_size_interaction,difference_of_differences,0.0
20260714,velocity_positive_integral_time_s,gas_velocity_0p20_minus_0p10,df_over_dp=0.05,0.010863970156055641
20260714,velocity_positive_integral_time_s,gas_velocity_0p20_minus_0p10,df_over_dp=0.10,-0.0017528076662658293
20260714,velocity_positive_integral_time_s,df_over_dp_0p10_minus_0p05,gas_velocity=0.10,-0.030726501247671192
20260714,velocity_positive_integral_time_s,df_over_dp_0p10_minus_0p05,gas_velocity=0.20,-0.04334327906999266
20260714,velocity_positive_integral_time_s,velocity_size_interaction,difference_of_differences,-0.01261677782232147
20260714,velocity_variance_ratio_20ms,gas_velocity_0p20_minus_0p10,df_over_dp=0.05,-0.09424376350406327
20260714,velocity_variance_ratio_20ms,gas_velocity_0p20_minus_0p10,df_over_dp=0.10,-0.011667356491000369
20260714,velocity_variance_ratio_20ms,df_over_dp_0p10_minus_0p05,gas_velocity=0.10,0.05419496607580976
20260714,velocity_variance_ratio_20ms,df_over_dp_0p10_minus_0p05,gas_velocity=0.20,0.13677137308887266
20260714,velocity_variance_ratio_20ms,velocity_size_interaction,difference_of_differences,0.0825764070130629
20260714,velocity_variance_ratio_50ms,gas_velocity_0p20_minus_0p10,df_over_dp=0.05,-0.1393993251463036
20260714,velocity_variance_ratio_50ms,gas_velocity_0p20_minus_0p10,df_over_dp=0.10,0.01641663923603187
20260714,velocity_variance_ratio_50ms,df_over_dp_0p10_minus_0p05,gas_velocity=0.10,0.04384843461730625
20260714,velocity_variance_ratio_50ms,df_over_dp_0p10_minus_0p05,gas_velocity=0.20,0.19966439899964172
20260714,velocity_variance_ratio_50ms,velocity_size_interaction,difference_of_differences,0.15581596438233547
20260714,velocity_variance_ratio_max_abs_log_10_100ms,gas_velocity_0p20_minus_0p10,df_over_dp=0.05,0.008383173426621648
20260714,velocity_variance_ratio_max_abs_log_10_100ms,gas_velocity_0p20_minus_0p10,df_over_dp=0.10,-0.038257335536341475
20260714,velocity_variance_ratio_max_abs_log_10_100ms,df_over_dp_0p10_minus_0p05,gas_velocity=0.10,-0.14315765974090422
20260714,velocity_variance_ratio_max_abs_log_10_100ms,df_over_dp_0p10_minus_0p05,gas_velocity=0.20,-0.18979816870386734
20260714,velocity_variance_ratio_max_abs_log_10_100ms,velocity_size_interaction,difference_of_differences,-0.04664050896296312
20260714,ever_contacted_fraction,gas_velocity_0p20_minus_0p10,df_over_dp=0.05,0.0
20260714,ever_contacted_fraction,gas_velocity_0p20_minus_0p10,df_over_dp=0.10,0.010000000000000009
20260714,ever_contacted_fraction,df_over_dp_0p10_minus_0p05,gas_velocity=0.10,0.0
20260714,ever_contacted_fraction,df_over_dp_0p10_minus_0p05,gas_velocity=0.20,0.010000000000000009
20260714,ever_contacted_fraction,velocity_size_interaction,difference_of_differences,0.010000000000000009
20260714,mean_sampled_contact_fraction,gas_velocity_0p20_minus_0p10,df_over_dp=0.05,0.00031663059811049
20260714,mean_sampled_contact_fraction,gas_velocity_0p20_minus_0p10,df_over_dp=0.10,0.017275090532420878
20260714,mean_sampled_contact_fraction,df_over_dp_0p10_minus_0p05,gas_velocity=0.10,-0.18688276726737785
20260714,mean_sampled_contact_fraction,df_over_dp_0p10_minus_0p05,gas_velocity=0.20,-0.16992430733306746
20260714,mean_sampled_contact_fraction,velocity_size_interaction,difference_of_differences,0.016958459934310388
20260714,p90_particle_maximum_contact_force_N,gas_velocity_0p20_minus_0p10,df_over_dp=0.05,3.3586508486914385e-05
20260714,p90_particle_maximum_contact_force_N,gas_velocity_0p20_minus_0p10,df_over_dp=0.10,0.0002066608219911093
20260714,p90_particle_maximum_contact_force_N,df_over_dp_0p10_minus_0p05,gas_velocity=0.10,0.00013426950966223251
20260714,p90_particle_maximum_contact_force_N,df_over_dp_0p10_minus_0p05,gas_velocity=0.20,0.00030734382316642745
20260714,p90_particle_maximum_contact_force_N,velocity_size_interaction,difference_of_differences,0.0001730743135041949
20260714,p90_particle_maximum_contact_force_over_debris_weight,gas_velocity_0p20_minus_0p10,df_over_dp=0.05,21887.155080481905
20260714,p90_particle_maximum_contact_force_over_debris_weight,gas_velocity_0p20_minus_0p10,df_over_dp=0.10,16834.20539880455
20260714,p90_particle_maximum_contact_force_over_debris_weight,df_over_dp_0p10_minus_0p05,gas_velocity=0.10,-37598.13271405234
20260714,p90_particle_maximum_contact_force_over_debris_weight,df_over_dp_0p10_minus_0p05,gas_velocity=0.20,-42651.082395729696
20260714,p90_particle_maximum_contact_force_over_debris_weight,velocity_size_interaction,difference_of_differences,-5052.9496816773535
20260714,p90_particle_maximum_contact_equal_sphere_hertz_overlap_over_df,gas_velocity_0p20_minus_0p10,df_over_dp=0.05,2.587140638231831e-05
20260714,p90_particle_maximum_contact_equal_sphere_hertz_overlap_over_df,gas_velocity_0p20_minus_0p10,df_over_dp=0.10,4.327290309533121e-05
20260714,p90_particle_maximum_contact_equal_sphere_hertz_overlap_over_df,df_over_dp_0p10_minus_0p05,gas_velocity=0.10,-2.6470031266229727e-05
20260714,p90_particle_maximum_contact_equal_sphere_hertz_overlap_over_df,df_over_dp_0p10_minus_0p05,gas_velocity=0.20,-9.068534553216824e-06
20260714,p90_particle_maximum_contact_equal_sphere_hertz_overlap_over_df,velocity_size_interaction,difference_of_differences,1.7401496713012902e-05
20260714,early_contact_vs_later_dx_spearman_r,gas_velocity_0p20_minus_0p10,df_over_dp=0.05,-0.1561048755295975
20260714,early_contact_vs_later_dx_spearman_r,gas_velocity_0p20_minus_0p10,df_over_dp=0.10,-0.20902386529858566
20260714,early_contact_vs_later_dx_spearman_r,df_over_dp_0p10_minus_0p05,gas_velocity=0.10,0.46593972293893404
20260714,early_contact_vs_later_dx_spearman_r,df_over_dp_0p10_minus_0p05,gas_velocity=0.20,0.4130207331699459
20260714,early_contact_vs_later_dx_spearman_r,velocity_size_interaction,difference_of_differences,-0.05291898976898815
20260714,early_contact_vs_later_dx_geometry_adjusted_r,gas_velocity_0p20_minus_0p10,df_over_dp=0.05,-0.1890373303634877
20260714,early_contact_vs_later_dx_geometry_adjusted_r,gas_velocity_0p20_minus_0p10,df_over_dp=0.10,-0.2545335705413874
20260714,early_contact_vs_later_dx_geometry_adjusted_r,df_over_dp_0p10_minus_0p05,gas_velocity=0.10,0.46614248121117546
20260714,early_contact_vs_later_dx_geometry_adjusted_r,df_over_dp_0p10_minus_0p05,gas_velocity=0.20,0.40064624103327573
20260714,early_contact_vs_later_dx_geometry_adjusted_r,velocity_size_interaction,difference_of_differences,-0.06549624017789973
20260714,early_contact_later_dx_difference_dp,gas_velocity_0p20_minus_0p10,df_over_dp=0.05,-3.3778172281631162
20260714,early_contact_later_dx_difference_dp,gas_velocity_0p20_minus_0p10,df_over_dp=0.10,1.5181837205312512
20260714,early_contact_later_dx_difference_dp,df_over_dp_0p10_minus_0p05,gas_velocity=0.10,-1.663331996022638
20260714,early_contact_later_dx_difference_dp,df_over_dp_0p10_minus_0p05,gas_velocity=0.20,3.2326689526717294
20260714,early_contact_later_dx_difference_dp,velocity_size_interaction,difference_of_differences,4.896000948694367
20260714,mean_drag_impulse_x_N_s,gas_velocity_0p20_minus_0p10,df_over_dp=0.05,7.367712091205278e-09
20260714,mean_drag_impulse_x_N_s,gas_velocity_0p20_minus_0p10,df_over_dp=0.10,1.5187901794691765e-08
20260714,mean_drag_impulse_x_N_s,df_over_dp_0p10_minus_0p05,gas_velocity=0.10,8.065630002569567e-09
20260714,mean_drag_impulse_x_N_s,df_over_dp_0p10_minus_0p05,gas_velocity=0.20,1.5885819706056055e-08
20260714,mean_drag_impulse_x_N_s,velocity_size_interaction,difference_of_differences,7.820189703486488e-09
20260714,mean_total_fluid_impulse_x_N_s,gas_velocity_0p20_minus_0p10,df_over_dp=0.05,7.367712091205278e-09
20260714,mean_total_fluid_impulse_x_N_s,gas_velocity_0p20_minus_0p10,df_over_dp=0.10,1.5187901794691765e-08
20260714,mean_total_fluid_impulse_x_N_s,df_over_dp_0p10_minus_0p05,gas_velocity=0.10,8.065630002569567e-09
20260714,mean_total_fluid_impulse_x_N_s,df_over_dp_0p10_minus_0p05,gas_velocity=0.20,1.5885819706056055e-08
20260714,mean_total_fluid_impulse_x_N_s,velocity_size_interaction,difference_of_differences,7.820189703486488e-09
20260714,mean_total_fluid_impulse_z_N_s,gas_velocity_0p20_minus_0p10,df_over_dp=0.05,-1.203545068334389e-10
20260714,mean_total_fluid_impulse_z_N_s,gas_velocity_0p20_minus_0p10,df_over_dp=0.10,-1.6570640480679527e-10
20260714,mean_total_fluid_impulse_z_N_s,df_over_dp_0p10_minus_0p05,gas_velocity=0.10,1.0728832929300252e-09
20260714,mean_total_fluid_impulse_z_N_s,df_over_dp_0p10_minus_0p05,gas_velocity=0.20,1.0275313949566687e-09
20260714,mean_total_fluid_impulse_z_N_s,velocity_size_interaction,difference_of_differences,-4.535189797335636e-11
20260714,mean_gravity_impulse_z_N_s,gas_velocity_0p20_minus_0p10,df_over_dp=0.05,3.326862268388845e-11
20260714,mean_gravity_impulse_z_N_s,gas_velocity_0p20_minus_0p10,df_over_dp=0.10,2.1434322954268743e-11
20260714,mean_gravity_impulse_z_N_s,df_over_dp_0p10_minus_0p05,gas_velocity=0.10,-3.2282640758930927e-09
20260714,mean_gravity_impulse_z_N_s,df_over_dp_0p10_minus_0p05,gas_velocity=0.20,-3.2400983756227122e-09
20260714,mean_gravity_impulse_z_N_s,velocity_size_interaction,difference_of_differences,-1.1834299729619706e-11
20260714,mean_mechanical_contact_impulse_x_N_s,gas_velocity_0p20_minus_0p10,df_over_dp=0.05,-7.3599507986893905e-09
20260714,mean_mechanical_contact_impulse_x_N_s,gas_velocity_0p20_minus_0p10,df_over_dp=0.10,-1.5164708530219507e-08
20260714,mean_mechanical_contact_impulse_x_N_s,df_over_dp_0p10_minus_0p05,gas_velocity=0.10,-8.028385350375891e-09
20260714,mean_mechanical_contact_impulse_x_N_s,df_over_dp_0p10_minus_0p05,gas_velocity=0.20,-1.5833143081906008e-08
20260714,mean_mechanical_contact_impulse_x_N_s,velocity_size_interaction,difference_of_differences,-7.804757731530116e-09
20260714,mean_mechanical_contact_impulse_z_N_s,gas_velocity_0p20_minus_0p10,df_over_dp=0.05,8.621347144058638e-11
20260714,mean_mechanical_contact_impulse_z_N_s,gas_velocity_0p20_minus_0p10,df_over_dp=0.10,1.409265158269359e-10
20260714,mean_mechanical_contact_impulse_z_N_s,df_over_dp_0p10_minus_0p05,gas_velocity=0.10,2.1505417130942575e-09
20260714,mean_mechanical_contact_impulse_z_N_s,df_over_dp_0p10_minus_0p05,gas_velocity=0.20,2.205254757480607e-09
20260714,mean_mechanical_contact_impulse_z_N_s,velocity_size_interaction,difference_of_differences,5.471304438634953e-11
20260714,mean_time_averaged_total_fluid_force_x_N,gas_velocity_0p20_minus_0p10,df_over_dp=0.05,2.8412105723842054e-08
20260714,mean_time_averaged_total_fluid_force_x_N,gas_velocity_0p20_minus_0p10,df_over_dp=0.10,5.16803340320482e-08
20260714,mean_time_averaged_total_fluid_force_x_N,df_over_dp_0p10_minus_0p05,gas_velocity=0.10,2.6648819486186897e-08
20260714,mean_time_averaged_total_fluid_force_x_N,df_over_dp_0p10_minus_0p05,gas_velocity=0.20,4.991704779439304e-08
20260714,mean_time_averaged_total_fluid_force_x_N,velocity_size_interaction,difference_of_differences,2.3268228308206143e-08
20260714,mean_time_averaged_mechanical_contact_force_x_N,gas_velocity_0p20_minus_0p10,df_over_dp=0.05,-2.8369334648607586e-08
20260714,mean_time_averaged_mechanical_contact_force_x_N,gas_velocity_0p20_minus_0p10,df_over_dp=0.10,-5.159779269680308e-08
20260714,mean_time_averaged_mechanical_contact_force_x_N,df_over_dp_0p10_minus_0p05,gas_velocity=0.10,-2.652718439115649e-08
20260714,mean_time_averaged_mechanical_contact_force_x_N,df_over_dp_0p10_minus_0p05,gas_velocity=0.20,-4.9755642439351984e-08
20260714,mean_time_averaged_mechanical_contact_force_x_N,velocity_size_interaction,difference_of_differences,-2.3228458048195495e-08
20260714,mean_time_averaged_total_fluid_force_z_N,gas_velocity_0p20_minus_0p10,df_over_dp=0.05,-3.0127299595322044e-10
20260714,mean_time_averaged_total_fluid_force_z_N,gas_velocity_0p20_minus_0p10,df_over_dp=0.10,-5.284726332008083e-10
20260714,mean_time_averaged_total_fluid_force_z_N,df_over_dp_0p10_minus_0p05,gas_velocity=0.10,3.565941632129814e-09
20260714,mean_time_averaged_total_fluid_force_z_N,df_over_dp_0p10_minus_0p05,gas_velocity=0.20,3.338741994882226e-09
20260714,mean_time_averaged_total_fluid_force_z_N,velocity_size_interaction,difference_of_differences,-2.271996372475879e-10
20260714,mean_time_averaged_gravity_force_z_N,gas_velocity_0p20_minus_0p10,df_over_dp=0.05,0.0
20260714,mean_time_averaged_gravity_force_z_N,gas_velocity_0p20_minus_0p10,df_over_dp=0.10,0.0
20260714,mean_time_averaged_gravity_force_z_N,df_over_dp_0p10_minus_0p05,gas_velocity=0.10,-1.074171396620014e-08
20260714,mean_time_averaged_gravity_force_z_N,df_over_dp_0p10_minus_0p05,gas_velocity=0.20,-1.074171396620014e-08
20260714,mean_time_averaged_gravity_force_z_N,velocity_size_interaction,difference_of_differences,0.0
20260714,mean_time_averaged_mechanical_contact_force_z_N,gas_velocity_0p20_minus_0p10,df_over_dp=0.05,2.9649105727934366e-10
20260714,mean_time_averaged_mechanical_contact_force_z_N,gas_velocity_0p20_minus_0p10,df_over_dp=0.10,5.163996200650354e-10
20260714,mean_time_averaged_mechanical_contact_force_z_N,df_over_dp_0p10_minus_0p05,gas_velocity=0.10,7.159742181243767e-09
20260714,mean_time_averaged_mechanical_contact_force_z_N,df_over_dp_0p10_minus_0p05,gas_velocity=0.20,7.379650744029458e-09
20260714,mean_time_averaged_mechanical_contact_force_z_N,velocity_size_interaction,difference_of_differences,2.1990856278569172e-10
20260714,mean_drag_work_x_J,gas_velocity_0p20_minus_0p10,df_over_dp=0.05,2.390486382556544e-10
20260714,mean_drag_work_x_J,gas_velocity_0p20_minus_0p10,df_over_dp=0.10,1.504868254103137e-09
20260714,mean_drag_work_x_J,df_over_dp_0p10_minus_0p05,gas_velocity=0.10,4.791211768126688e-10
20260714,mean_drag_work_x_J,df_over_dp_0p10_minus_0p05,gas_velocity=0.20,1.7449407926601516e-09
20260714,mean_drag_work_x_J,velocity_size_interaction,difference_of_differences,1.2658196158474826e-09
20260714,mean_explicit_fluid_work_J,gas_velocity_0p20_minus_0p10,df_over_dp=0.05,1.8355814958053418e-17
20260714,mean_explicit_fluid_work_J,gas_velocity_0p20_minus_0p10,df_over_dp=0.10,6.004660000377334e-16
20260714,mean_explicit_fluid_work_J,df_over_dp_0p10_minus_0p05,gas_velocity=0.10,-2.0437326707377337e-15
20260714,mean_explicit_fluid_work_J,df_over_dp_0p10_minus_0p05,gas_velocity=0.20,-1.4616224856580538e-15
20260714,mean_explicit_fluid_work_J,velocity_size_interaction,difference_of_differences,5.8211018507968e-16
20260714,mean_total_fluid_work_J,gas_velocity_0p20_minus_0p10,df_over_dp=0.05,1.687570035889862e-10
20260714,mean_total_fluid_work_J,gas_velocity_0p20_minus_0p10,df_over_dp=0.10,1.254360375613692e-09
20260714,mean_total_fluid_work_J,df_over_dp_0p10_minus_0p05,gas_velocity=0.10,3.743907653995658e-10
20260714,mean_total_fluid_work_J,df_over_dp_0p10_minus_0p05,gas_velocity=0.20,1.4599941374242715e-09
20260714,mean_total_fluid_work_J,velocity_size_interaction,difference_of_differences,1.0856033720247059e-09
20260714,mean_gravity_work_J,gas_velocity_0p20_minus_0p10,df_over_dp=0.05,-2.6960229032846523e-13
20260714,mean_gravity_work_J,gas_velocity_0p20_minus_0p10,df_over_dp=0.10,-8.742588958972855e-12
20260714,mean_gravity_work_J,df_over_dp_0p10_minus_0p05,gas_velocity=0.10,2.9775801657822535e-11
20260714,mean_gravity_work_J,df_over_dp_0p10_minus_0p05,gas_velocity=0.20,2.1302814989178145e-11
20260714,mean_gravity_work_J,velocity_size_interaction,difference_of_differences,-8.47298666864439e-12
20260714,mean_wall_contact_sample_fraction,gas_velocity_0p20_minus_0p10,df_over_dp=0.05,0.03378207264245253
20260714,mean_wall_contact_sample_fraction,gas_velocity_0p20_minus_0p10,df_over_dp=0.10,0.05621792735754744
20260714,mean_wall_contact_sample_fraction,df_over_dp_0p10_minus_0p05,gas_velocity=0.10,0.08924691769410198
20260714,mean_wall_contact_sample_fraction,df_over_dp_0p10_minus_0p05,gas_velocity=0.20,0.11168277240919688
20260714,mean_wall_contact_sample_fraction,velocity_size_interaction,difference_of_differences,0.022435854715094905
20260714,mean_bottom_wall_contact_sample_fraction,gas_velocity_0p20_minus_0p10,df_over_dp=0.05,0.00207264245251583
20260714,mean_bottom_wall_contact_sample_fraction,gas_velocity_0p20_minus_0p10,df_over_dp=0.10,-0.01659446851049648
20260714,mean_bottom_wall_contact_sample_fraction,df_over_dp_0p10_minus_0p05,gas_velocity=0.10,0.11124958347217592
20260714,mean_bottom_wall_contact_sample_fraction,df_over_dp_0p10_minus_0p05,gas_velocity=0.20,0.09258247250916361
20260714,mean_bottom_wall_contact_sample_fraction,velocity_size_interaction,difference_of_differences,-0.01866711096301231
20260714,mean_mechanical_contact_net_work_J,gas_velocity_0p20_minus_0p10,df_over_dp=0.05,-1.6722981928455838e-10
20260714,mean_mechanical_contact_net_work_J,gas_velocity_0p20_minus_0p10,df_over_dp=0.10,-1.2417699356174932e-09
20260714,mean_mechanical_contact_net_work_J,df_over_dp_0p10_minus_0p05,gas_velocity=0.10,-4.0183801960742515e-10
20260714,mean_mechanical_contact_net_work_J,df_over_dp_0p10_minus_0p05,gas_velocity=0.20,-1.47637813594036e-09
20260714,mean_mechanical_contact_net_work_J,velocity_size_interaction,difference_of_differences,-1.0745401163329349e-09
20260714,all_lower_clipped_fraction,gas_velocity_0p20_minus_0p10,df_over_dp=0.05,-0.04963909649559872
20260714,all_lower_clipped_fraction,gas_velocity_0p20_minus_0p10,df_over_dp=0.10,-0.004024333333333352
20260714,all_lower_clipped_fraction,df_over_dp_0p10_minus_0p05,gas_velocity=0.10,-0.039715096495598734
20260714,all_lower_clipped_fraction,df_over_dp_0p10_minus_0p05,gas_velocity=0.20,0.005899666666666636
20260714,all_lower_clipped_fraction,velocity_size_interaction,difference_of_differences,0.04561476316226537
20260715,mean_dx_dp,gas_velocity_0p20_minus_0p10,df_over_dp=0.05,2.997350618250568
20260715,mean_dx_dp,gas_velocity_0p20_minus_0p10,df_over_dp=0.10,7.0770372940504025
20260715,mean_dx_dp,df_over_dp_0p10_minus_0p05,gas_velocity=0.10,-4.036133718533684
20260715,mean_dx_dp,df_over_dp_0p10_minus_0p05,gas_velocity=0.20,0.04355295726615083
20260715,mean_dx_dp,velocity_size_interaction,difference_of_differences,4.0796866757998345
20260715,mean_dz_dp,gas_velocity_0p20_minus_0p10,df_over_dp=0.05,0.3136583470860848
20260715,mean_dz_dp,gas_velocity_0p20_minus_0p10,df_over_dp=0.10,0.6738229504469817
20260715,mean_dz_dp,df_over_dp_0p10_minus_0p05,gas_velocity=0.10,-1.3967049069915458
20260715,mean_dz_dp,df_over_dp_0p10_minus_0p05,gas_velocity=0.20,-1.0365403036306489
20260715,mean_dz_dp,velocity_size_interaction,difference_of_differences,0.3601646033608969
20260715,outlet_fraction,gas_velocity_0p20_minus_0p10,df_over_dp=0.05,0.24
20260715,outlet_fraction,gas_velocity_0p20_minus_0p10,df_over_dp=0.10,0.05
20260715,outlet_fraction,df_over_dp_0p10_minus_0p05,gas_velocity=0.10,-0.11
20260715,outlet_fraction,df_over_dp_0p10_minus_0p05,gas_velocity=0.20,-0.3
20260715,outlet_fraction,velocity_size_interaction,difference_of_differences,-0.19
20260715,bed_resident_fraction,gas_velocity_0p20_minus_0p10,df_over_dp=0.05,-0.24
20260715,bed_resident_fraction,gas_velocity_0p20_minus_0p10,df_over_dp=0.10,-0.050000000000000044
20260715,bed_resident_fraction,df_over_dp_0p10_minus_0p05,gas_velocity=0.10,0.10999999999999999
20260715,bed_resident_fraction,df_over_dp_0p10_minus_0p05,gas_velocity=0.20,0.29999999999999993
20260715,bed_resident_fraction,velocity_size_interaction,difference_of_differences,0.18999999999999995
20260715,pressure_gradient_tail_mean_Pa_m,gas_velocity_0p20_minus_0p10,df_over_dp=0.05,1294.769722666667
20260715,pressure_gradient_tail_mean_Pa_m,gas_velocity_0p20_minus_0p10,df_over_dp=0.10,1294.8552942222225
20260715,pressure_gradient_tail_mean_Pa_m,df_over_dp_0p10_minus_0p05,gas_velocity=0.10,0.32603199999971366
20260715,pressure_gradient_tail_mean_Pa_m,df_over_dp_0p10_minus_0p05,gas_velocity=0.20,0.4116035555553026
20260715,pressure_gradient_tail_mean_Pa_m,velocity_size_interaction,difference_of_differences,0.08557155555558893
20260715,cfd_to_ergun_pressure_drop_ratio,gas_velocity_0p20_minus_0p10,df_over_dp=0.05,-0.004481495172344863
20260715,cfd_to_ergun_pressure_drop_ratio,gas_velocity_0p20_minus_0p10,df_over_dp=0.10,-0.004557639793771218
20260715,cfd_to_ergun_pressure_drop_ratio,df_over_dp_0p10_minus_0p05,gas_velocity=0.10,0.00020103239522195615
20260715,cfd_to_ergun_pressure_drop_ratio,df_over_dp_0p10_minus_0p05,gas_velocity=0.20,0.00012488777379560112
20260715,cfd_to_ergun_pressure_drop_ratio,velocity_size_interaction,difference_of_differences,-7.614462142635503e-05
20260715,fpt_5dp_reached_fraction,gas_velocity_0p20_minus_0p10,df_over_dp=0.05,-0.040000000000000036
20260715,fpt_5dp_reached_fraction,gas_velocity_0p20_minus_0p10,df_over_dp=0.10,0.08000000000000007
20260715,fpt_5dp_reached_fraction,df_over_dp_0p10_minus_0p05,gas_velocity=0.10,-0.030000000000000027
20260715,fpt_5dp_reached_fraction,df_over_dp_0p10_minus_0p05,gas_velocity=0.20,0.09000000000000008
20260715,fpt_5dp_reached_fraction,velocity_size_interaction,difference_of_differences,0.1200000000000001
20260715,fpt_5dp_p50_s,gas_velocity_0p20_minus_0p10,df_over_dp=0.05,-0.021801012980030864
20260715,fpt_5dp_p50_s,gas_velocity_0p20_minus_0p10,df_over_dp=0.10,-0.027249086083960795
20260715,fpt_5dp_p50_s,df_over_dp_0p10_minus_0p05,gas_velocity=0.10,0.019862281389145066
20260715,fpt_5dp_p50_s,df_over_dp_0p10_minus_0p05,gas_velocity=0.20,0.014414208285215134
20260715,fpt_5dp_p50_s,velocity_size_interaction,difference_of_differences,-0.005448073103929932
20260715,late_origin_local_alpha_p50,gas_velocity_0p20_minus_0p10,df_over_dp=0.05,-0.23649035787520156
20260715,late_origin_local_alpha_p50,gas_velocity_0p20_minus_0p10,df_over_dp=0.10,-0.0005696967912141027
20260715,late_origin_local_alpha_p50,df_over_dp_0p10_minus_0p05,gas_velocity=0.10,-0.07480887564065397
20260715,late_origin_local_alpha_p50,df_over_dp_0p10_minus_0p05,gas_velocity=0.20,0.1611117854433335
20260715,late_origin_local_alpha_p50,velocity_size_interaction,difference_of_differences,0.23592066108398746
20260715,centered_msd_exponent,gas_velocity_0p20_minus_0p10,df_over_dp=0.05,-0.09676934422372852
20260715,centered_msd_exponent,gas_velocity_0p20_minus_0p10,df_over_dp=0.10,0.020118284486640103
20260715,centered_msd_exponent,df_over_dp_0p10_minus_0p05,gas_velocity=0.10,-0.1282688916204191
20260715,centered_msd_exponent,df_over_dp_0p10_minus_0p05,gas_velocity=0.20,-0.011381262910050483
20260715,centered_msd_exponent,velocity_size_interaction,difference_of_differences,0.11688762871036862
20260715,centered_msd_bootstrap_fraction_above_one,gas_velocity_0p20_minus_0p10,df_over_dp=0.05,0.0
20260715,centered_msd_bootstrap_fraction_above_one,gas_velocity_0p20_minus_0p10,df_over_dp=0.10,0.0
20260715,centered_msd_bootstrap_fraction_above_one,df_over_dp_0p10_minus_0p05,gas_velocity=0.10,0.0
20260715,centered_msd_bootstrap_fraction_above_one,df_over_dp_0p10_minus_0p05,gas_velocity=0.20,0.0
20260715,centered_msd_bootstrap_fraction_above_one,velocity_size_interaction,difference_of_differences,0.0
20260715,inertial_local_final_centered_msd_x_m2,gas_velocity_0p20_minus_0p10,df_over_dp=0.05,0.0012353140959770249
20260715,inertial_local_final_centered_msd_x_m2,gas_velocity_0p20_minus_0p10,df_over_dp=0.10,0.0011928215460344184
20260715,inertial_local_final_centered_msd_x_m2,df_over_dp_0p10_minus_0p05,gas_velocity=0.10,-1.4489202406959428e-05
20260715,inertial_local_final_centered_msd_x_m2,df_over_dp_0p10_minus_0p05,gas_velocity=0.20,-5.6981752349565895e-05
20260715,inertial_local_final_centered_msd_x_m2,velocity_size_interaction,difference_of_differences,-4.249254994260652e-05
20260715,inertial_local_final_mean_dx_dp,gas_velocity_0p20_minus_0p10,df_over_dp=0.05,41.377076443289056
20260715,inertial_local_final_mean_dx_dp,gas_velocity_0p20_minus_0p10,df_over_dp=0.10,40.83130345955306
20260715,inertial_local_final_mean_dx_dp,df_over_dp_0p10_minus_0p05,gas_velocity=0.10,-0.5452646947867592
20260715,inertial_local_final_mean_dx_dp,df_over_dp_0p10_minus_0p05,gas_velocity=0.20,-1.0910376785227527
20260715,inertial_local_final_mean_dx_dp,velocity_size_interaction,difference_of_differences,-0.5457729837359935
20260715,inertial_local_fpt_5dp_reached_fraction,gas_velocity_0p20_minus_0p10,df_over_dp=0.05,0.0
20260715,inertial_local_fpt_5dp_reached_fraction,gas_velocity_0p20_minus_0p10,df_over_dp=0.10,0.0
20260715,inertial_local_fpt_5dp_reached_fraction,df_over_dp_0p10_minus_0p05,gas_velocity=0.10,0.0
20260715,inertial_local_fpt_5dp_reached_fraction,df_over_dp_0p10_minus_0p05,gas_velocity=0.20,0.0
20260715,inertial_local_fpt_5dp_reached_fraction,velocity_size_interaction,difference_of_differences,0.0
20260715,inertial_permuted_final_centered_msd_x_m2,gas_velocity_0p20_minus_0p10,df_over_dp=0.05,0.0012353140959770249
20260715,inertial_permuted_final_centered_msd_x_m2,gas_velocity_0p20_minus_0p10,df_over_dp=0.10,0.0011928215460344184
20260715,inertial_permuted_final_centered_msd_x_m2,df_over_dp_0p10_minus_0p05,gas_velocity=0.10,-1.4489202406959482e-05
20260715,inertial_permuted_final_centered_msd_x_m2,df_over_dp_0p10_minus_0p05,gas_velocity=0.20,-5.6981752349565895e-05
20260715,inertial_permuted_final_centered_msd_x_m2,velocity_size_interaction,difference_of_differences,-4.249254994260652e-05
20260715,inertial_permuted_final_mean_dx_dp,gas_velocity_0p20_minus_0p10,df_over_dp=0.05,41.37707644328907
20260715,inertial_permuted_final_mean_dx_dp,gas_velocity_0p20_minus_0p10,df_over_dp=0.10,40.83130345955305
20260715,inertial_permuted_final_mean_dx_dp,df_over_dp_0p10_minus_0p05,gas_velocity=0.10,-0.545264694786745
20260715,inertial_permuted_final_mean_dx_dp,df_over_dp_0p10_minus_0p05,gas_velocity=0.20,-1.091037678522767
20260715,inertial_permuted_final_mean_dx_dp,velocity_size_interaction,difference_of_differences,-0.5457729837360219
20260715,inertial_permuted_fpt_5dp_reached_fraction,gas_velocity_0p20_minus_0p10,df_over_dp=0.05,0.0
20260715,inertial_permuted_fpt_5dp_reached_fraction,gas_velocity_0p20_minus_0p10,df_over_dp=0.10,0.0
20260715,inertial_permuted_fpt_5dp_reached_fraction,df_over_dp_0p10_minus_0p05,gas_velocity=0.10,0.0
20260715,inertial_permuted_fpt_5dp_reached_fraction,df_over_dp_0p10_minus_0p05,gas_velocity=0.20,0.0
20260715,inertial_permuted_fpt_5dp_reached_fraction,velocity_size_interaction,difference_of_differences,0.0
20260715,inertial_uniform_final_centered_msd_x_m2,gas_velocity_0p20_minus_0p10,df_over_dp=0.05,1.6851887013388314e-33
20260715,inertial_uniform_final_centered_msd_x_m2,gas_velocity_0p20_minus_0p10,df_over_dp=0.10,1.4444474582904269e-34
20260715,inertial_uniform_final_centered_msd_x_m2,df_over_dp_0p10_minus_0p05,gas_velocity=0.10,0.0
20260715,inertial_uniform_final_centered_msd_x_m2,df_over_dp_0p10_minus_0p05,gas_velocity=0.20,-1.5407439555097887e-33
20260715,inertial_uniform_final_centered_msd_x_m2,velocity_size_interaction,difference_of_differences,-1.5407439555097887e-33
20260715,inertial_uniform_final_mean_dx_dp,gas_velocity_0p20_minus_0p10,df_over_dp=0.05,41.41938496770512
20260715,inertial_uniform_final_mean_dx_dp,gas_velocity_0p20_minus_0p10,df_over_dp=0.10,41.00003993407335
20260715,inertial_uniform_final_mean_dx_dp,df_over_dp_0p10_minus_0p05,gas_velocity=0.10,-0.4197668892260964
20260715,inertial_uniform_final_mean_dx_dp,df_over_dp_0p10_minus_0p05,gas_velocity=0.20,-0.8391119228578674
20260715,inertial_uniform_final_mean_dx_dp,velocity_size_interaction,difference_of_differences,-0.419345033631771
20260715,inertial_uniform_fpt_5dp_reached_fraction,gas_velocity_0p20_minus_0p10,df_over_dp=0.05,0.0
20260715,inertial_uniform_fpt_5dp_reached_fraction,gas_velocity_0p20_minus_0p10,df_over_dp=0.10,0.0
20260715,inertial_uniform_fpt_5dp_reached_fraction,df_over_dp_0p10_minus_0p05,gas_velocity=0.10,0.0
20260715,inertial_uniform_fpt_5dp_reached_fraction,df_over_dp_0p10_minus_0p05,gas_velocity=0.20,0.0
20260715,inertial_uniform_fpt_5dp_reached_fraction,velocity_size_interaction,difference_of_differences,0.0
20260715,fractional_fpt_alpha,gas_velocity_0p20_minus_0p10,df_over_dp=0.05,-0.04387548866057944
20260715,fractional_fpt_alpha,gas_velocity_0p20_minus_0p10,df_over_dp=0.10,0.023553110945427336
20260715,fractional_fpt_alpha,df_over_dp_0p10_minus_0p05,gas_velocity=0.10,-0.03304071232106598
20260715,fractional_fpt_alpha,df_over_dp_0p10_minus_0p05,gas_velocity=0.20,0.0343878872849408
20260715,fractional_fpt_alpha,velocity_size_interaction,difference_of_differences,0.06742859960600678
20260715,fractional_fpt_residual_bic_improvement,gas_velocity_0p20_minus_0p10,df_over_dp=0.05,-85.686514866003
20260715,fractional_fpt_residual_bic_improvement,gas_velocity_0p20_minus_0p10,df_over_dp=0.10,34.2174408666811
20260715,fractional_fpt_residual_bic_improvement,df_over_dp_0p10_minus_0p05,gas_velocity=0.10,2.3021340834479815
20260715,fractional_fpt_residual_bic_improvement,df_over_dp_0p10_minus_0p05,gas_velocity=0.20,122.20608981613208
20260715,fractional_fpt_residual_bic_improvement,velocity_size_interaction,difference_of_differences,119.9039557326841
20260715,non_gaussian_parameter_20ms,gas_velocity_0p20_minus_0p10,df_over_dp=0.05,0.6667874056296728
20260715,non_gaussian_parameter_20ms,gas_velocity_0p20_minus_0p10,df_over_dp=0.10,0.04237545211593041
20260715,non_gaussian_parameter_20ms,df_over_dp_0p10_minus_0p05,gas_velocity=0.10,-0.0071064571769490215
20260715,non_gaussian_parameter_20ms,df_over_dp_0p10_minus_0p05,gas_velocity=0.20,-0.6315184106906914
20260715,non_gaussian_parameter_20ms,velocity_size_interaction,difference_of_differences,-0.6244119535137423
20260715,non_gaussian_parameter_50ms,gas_velocity_0p20_minus_0p10,df_over_dp=0.05,1.0966553787672606
20260715,non_gaussian_parameter_50ms,gas_velocity_0p20_minus_0p10,df_over_dp=0.10,-0.03494548406161857
20260715,non_gaussian_parameter_50ms,df_over_dp_0p10_minus_0p05,gas_velocity=0.10,-0.0035916065634934435
20260715,non_gaussian_parameter_50ms,df_over_dp_0p10_minus_0p05,gas_velocity=0.20,-1.1351924693923725
20260715,non_gaussian_parameter_50ms,velocity_size_interaction,difference_of_differences,-1.1316008628288792
20260715,variance_top10_observed_share,gas_velocity_0p20_minus_0p10,df_over_dp=0.05,-0.034752720749591265
20260715,variance_top10_observed_share,gas_velocity_0p20_minus_0p10,df_over_dp=0.10,-0.004877732593220441
20260715,variance_top10_observed_share,df_over_dp_0p10_minus_0p05,gas_velocity=0.10,0.08091290630286144
20260715,variance_top10_observed_share,df_over_dp_0p10_minus_0p05,gas_velocity=0.20,0.11078789445923226
20260715,variance_top10_observed_share,velocity_size_interaction,difference_of_differences,0.029874988156370824
20260715,variance_top10_gaussian_null_p50,gas_velocity_0p20_minus_0p10,df_over_dp=0.05,0.0
20260715,variance_top10_gaussian_null_p50,gas_velocity_0p20_minus_0p10,df_over_dp=0.10,0.0
20260715,variance_top10_gaussian_null_p50,df_over_dp_0p10_minus_0p05,gas_velocity=0.10,0.0
20260715,variance_top10_gaussian_null_p50,df_over_dp_0p10_minus_0p05,gas_velocity=0.20,0.0
20260715,variance_top10_gaussian_null_p50,velocity_size_interaction,difference_of_differences,0.0
20260715,variance_top10_outlet_capped_null_p50,gas_velocity_0p20_minus_0p10,df_over_dp=0.05,0.003946744471057473
20260715,variance_top10_outlet_capped_null_p50,gas_velocity_0p20_minus_0p10,df_over_dp=0.10,-0.05109265436500343
20260715,variance_top10_outlet_capped_null_p50,df_over_dp_0p10_minus_0p05,gas_velocity=0.10,0.049793394743976926
20260715,variance_top10_outlet_capped_null_p50,df_over_dp_0p10_minus_0p05,gas_velocity=0.20,-0.005246004092083978
20260715,variance_top10_outlet_capped_null_p50,velocity_size_interaction,difference_of_differences,-0.055039398836060904
20260715,variance_top10_observed_to_null_mean_ratio,gas_velocity_0p20_minus_0p10,df_over_dp=0.05,-0.08043715603055235
20260715,variance_top10_observed_to_null_mean_ratio,gas_velocity_0p20_minus_0p10,df_over_dp=0.10,-0.011289790531890942
20260715,variance_top10_observed_to_null_mean_ratio,df_over_dp_0p10_minus_0p05,gas_velocity=0.10,0.18727754054321855
20260715,variance_top10_observed_to_null_mean_ratio,df_over_dp_0p10_minus_0p05,gas_velocity=0.20,0.25642490604187995
20260715,variance_top10_observed_to_null_mean_ratio,velocity_size_interaction,difference_of_differences,0.0691473654986614
20260715,variance_top10_observed_to_outlet_capped_null_mean_ratio,gas_velocity_0p20_minus_0p10,df_over_dp=0.05,-0.09664752273696697
20260715,variance_top10_observed_to_outlet_capped_null_mean_ratio,gas_velocity_0p20_minus_0p10,df_over_dp=0.10,0.08911603828783254
20260715,variance_top10_observed_to_outlet_capped_null_mean_ratio,df_over_dp_0p10_minus_0p05,gas_velocity=0.10,0.11443410678835819
20260715,variance_top10_observed_to_outlet_capped_null_mean_ratio,df_over_dp_0p10_minus_0p05,gas_velocity=0.20,0.3001976678131577
20260715,variance_top10_observed_to_outlet_capped_null_mean_ratio,velocity_size_interaction,difference_of_differences,0.18576356102479952
20260715,variance_top10_null_upper_p,gas_velocity_0p20_minus_0p10,df_over_dp=0.05,0.0
20260715,variance_top10_null_upper_p,gas_velocity_0p20_minus_0p10,df_over_dp=0.10,0.0010999450027499025
20260715,variance_top10_null_upper_p,df_over_dp_0p10_minus_0p05,gas_velocity=0.10,-0.002449877506124687
20260715,variance_top10_null_upper_p,df_over_dp_0p10_minus_0p05,gas_velocity=0.20,-0.0013499325033747844
20260715,variance_top10_null_upper_p,velocity_size_interaction,difference_of_differences,0.0010999450027499025
20260715,variance_top10_outlet_capped_null_upper_p,gas_velocity_0p20_minus_0p10,df_over_dp=0.05,0.0
20260715,variance_top10_outlet_capped_null_upper_p,gas_velocity_0p20_minus_0p10,df_over_dp=0.10,-0.0689965501724914
20260715,variance_top10_outlet_capped_null_upper_p,df_over_dp_0p10_minus_0p05,gas_velocity=0.10,-0.0024998750062497077
20260715,variance_top10_outlet_capped_null_upper_p,df_over_dp_0p10_minus_0p05,gas_velocity=0.20,-0.07149642517874111
20260715,variance_top10_outlet_capped_null_upper_p,velocity_size_interaction,difference_of_differences,-0.0689965501724914
20260715,velocity_positive_integral_time_s,gas_velocity_0p20_minus_0p10,df_over_dp=0.05,0.005243880436115789
20260715,velocity_positive_integral_time_s,gas_velocity_0p20_minus_0p10,df_over_dp=0.10,0.0028414630022469967
20260715,velocity_positive_integral_time_s,df_over_dp_0p10_minus_0p05,gas_velocity=0.10,-0.027311862831364747
20260715,velocity_positive_integral_time_s,df_over_dp_0p10_minus_0p05,gas_velocity=0.20,-0.02971428026523354
20260715,velocity_positive_integral_time_s,velocity_size_interaction,difference_of_differences,-0.002402417433868792
20260715,velocity_variance_ratio_20ms,gas_velocity_0p20_minus_0p10,df_over_dp=0.05,-0.13419308596338975
20260715,velocity_variance_ratio_20ms,gas_velocity_0p20_minus_0p10,df_over_dp=0.10,-0.05097962415125257
20260715,velocity_variance_ratio_20ms,df_over_dp_0p10_minus_0p05,gas_velocity=0.10,0.0785359391146786
20260715,velocity_variance_ratio_20ms,df_over_dp_0p10_minus_0p05,gas_velocity=0.20,0.16174940092681578
20260715,velocity_variance_ratio_20ms,velocity_size_interaction,difference_of_differences,0.08321346181213718
20260715,velocity_variance_ratio_50ms,gas_velocity_0p20_minus_0p10,df_over_dp=0.05,-0.21232483017107062
20260715,velocity_variance_ratio_50ms,gas_velocity_0p20_minus_0p10,df_over_dp=0.10,-0.09598406583594277
20260715,velocity_variance_ratio_50ms,df_over_dp_0p10_minus_0p05,gas_velocity=0.10,0.12902348825038445
20260715,velocity_variance_ratio_50ms,df_over_dp_0p10_minus_0p05,gas_velocity=0.20,0.2453642525855123
20260715,velocity_variance_ratio_50ms,velocity_size_interaction,difference_of_differences,0.11634076433512786
20260715,velocity_variance_ratio_max_abs_log_10_100ms,gas_velocity_0p20_minus_0p10,df_over_dp=0.05,0.5324917632794903
20260715,velocity_variance_ratio_max_abs_log_10_100ms,gas_velocity_0p20_minus_0p10,df_over_dp=0.10,0.187324168122864
20260715,velocity_variance_ratio_max_abs_log_10_100ms,df_over_dp_0p10_minus_0p05,gas_velocity=0.10,-0.22932035015899527
20260715,velocity_variance_ratio_max_abs_log_10_100ms,df_over_dp_0p10_minus_0p05,gas_velocity=0.20,-0.5744879453156216
20260715,velocity_variance_ratio_max_abs_log_10_100ms,velocity_size_interaction,difference_of_differences,-0.3451675951566263
20260715,ever_contacted_fraction,gas_velocity_0p20_minus_0p10,df_over_dp=0.05,0.0
20260715,ever_contacted_fraction,gas_velocity_0p20_minus_0p10,df_over_dp=0.10,0.0
20260715,ever_contacted_fraction,df_over_dp_0p10_minus_0p05,gas_velocity=0.10,0.010000000000000009
20260715,ever_contacted_fraction,df_over_dp_0p10_minus_0p05,gas_velocity=0.20,0.010000000000000009
20260715,ever_contacted_fraction,velocity_size_interaction,difference_of_differences,0.0
20260715,mean_sampled_contact_fraction,gas_velocity_0p20_minus_0p10,df_over_dp=0.05,0.014686828775040572
20260715,mean_sampled_contact_fraction,gas_velocity_0p20_minus_0p10,df_over_dp=0.10,-0.026658365406671325
20260715,mean_sampled_contact_fraction,df_over_dp_0p10_minus_0p05,gas_velocity=0.10,-0.08471200535710266
20260715,mean_sampled_contact_fraction,df_over_dp_0p10_minus_0p05,gas_velocity=0.20,-0.12605719953881456
20260715,mean_sampled_contact_fraction,velocity_size_interaction,difference_of_differences,-0.0413451941817119
20260715,p90_particle_maximum_contact_force_N,gas_velocity_0p20_minus_0p10,df_over_dp=0.05,3.946808643474923e-05
20260715,p90_particle_maximum_contact_force_N,gas_velocity_0p20_minus_0p10,df_over_dp=0.10,0.00013583013960534094
20260715,p90_particle_maximum_contact_force_N,df_over_dp_0p10_minus_0p05,gas_velocity=0.10,0.0002022098805606628
20260715,p90_particle_maximum_contact_force_N,df_over_dp_0p10_minus_0p05,gas_velocity=0.20,0.0002985719337312545
20260715,p90_particle_maximum_contact_force_N,velocity_size_interaction,difference_of_differences,9.63620531705917e-05
20260715,p90_particle_maximum_contact_force_over_debris_weight,gas_velocity_0p20_minus_0p10,df_over_dp=0.05,25719.974104000175
20260715,p90_particle_maximum_contact_force_over_debris_weight,gas_velocity_0p20_minus_0p10,df_over_dp=0.10,11064.470021139168
20260715,p90_particle_maximum_contact_force_over_debris_weight,df_over_dp_0p10_minus_0p05,gas_velocity=0.10,-32108.279733146766
20260715,p90_particle_maximum_contact_force_over_debris_weight,df_over_dp_0p10_minus_0p05,gas_velocity=0.20,-46763.78381600777
20260715,p90_particle_maximum_contact_force_over_debris_weight,velocity_size_interaction,difference_of_differences,-14655.504082861007
20260715,p90_particle_maximum_contact_equal_sphere_hertz_overlap_over_df,gas_velocity_0p20_minus_0p10,df_over_dp=0.05,3.0126296801703917e-05
20260715,p90_particle_maximum_contact_equal_sphere_hertz_overlap_over_df,gas_velocity_0p20_minus_0p10,df_over_dp=0.10,2.7402377117456206e-05
20260715,p90_particle_maximum_contact_equal_sphere_hertz_overlap_over_df,df_over_dp_0p10_minus_0p05,gas_velocity=0.10,-1.1196297589533398e-05
20260715,p90_particle_maximum_contact_equal_sphere_hertz_overlap_over_df,df_over_dp_0p10_minus_0p05,gas_velocity=0.20,-1.3920217273781109e-05
20260715,p90_particle_maximum_contact_equal_sphere_hertz_overlap_over_df,velocity_size_interaction,difference_of_differences,-2.7239196842477107e-06
20260715,early_contact_vs_later_dx_spearman_r,gas_velocity_0p20_minus_0p10,df_over_dp=0.05,-0.24014608201146165
20260715,early_contact_vs_later_dx_spearman_r,gas_velocity_0p20_minus_0p10,df_over_dp=0.10,0.1665306615620274
20260715,early_contact_vs_later_dx_spearman_r,df_over_dp_0p10_minus_0p05,gas_velocity=0.10,0.18644714574221816
20260715,early_contact_vs_later_dx_spearman_r,df_over_dp_0p10_minus_0p05,gas_velocity=0.20,0.5931238893157071
20260715,early_contact_vs_later_dx_spearman_r,velocity_size_interaction,difference_of_differences,0.40667674357348904
20260715,early_contact_vs_later_dx_geometry_adjusted_r,gas_velocity_0p20_minus_0p10,df_over_dp=0.05,-0.2518759792122352
20260715,early_contact_vs_later_dx_geometry_adjusted_r,gas_velocity_0p20_minus_0p10,df_over_dp=0.10,0.08066218422741682
20260715,early_contact_vs_later_dx_geometry_adjusted_r,df_over_dp_0p10_minus_0p05,gas_velocity=0.10,0.15171624060549704
20260715,early_contact_vs_later_dx_geometry_adjusted_r,df_over_dp_0p10_minus_0p05,gas_velocity=0.20,0.4842544040451491
20260715,early_contact_vs_later_dx_geometry_adjusted_r,velocity_size_interaction,difference_of_differences,0.33253816343965203
20260715,early_contact_later_dx_difference_dp,gas_velocity_0p20_minus_0p10,df_over_dp=0.05,-4.626043759204665
20260715,early_contact_later_dx_difference_dp,gas_velocity_0p20_minus_0p10,df_over_dp=0.10,-0.20367922638956237
20260715,early_contact_later_dx_difference_dp,df_over_dp_0p10_minus_0p05,gas_velocity=0.10,-2.483662402878334
20260715,early_contact_later_dx_difference_dp,df_over_dp_0p10_minus_0p05,gas_velocity=0.20,1.9387021299367682
20260715,early_contact_later_dx_difference_dp,velocity_size_interaction,difference_of_differences,4.422364532815102
20260715,mean_drag_impulse_x_N_s,gas_velocity_0p20_minus_0p10,df_over_dp=0.05,7.940672193947946e-09
20260715,mean_drag_impulse_x_N_s,gas_velocity_0p20_minus_0p10,df_over_dp=0.10,1.7221954312348315e-08
20260715,mean_drag_impulse_x_N_s,df_over_dp_0p10_minus_0p05,gas_velocity=0.10,1.0044748716153788e-08
20260715,mean_drag_impulse_x_N_s,df_over_dp_0p10_minus_0p05,gas_velocity=0.20,1.9326030834554157e-08
20260715,mean_drag_impulse_x_N_s,velocity_size_interaction,difference_of_differences,9.281282118400369e-09
20260715,mean_total_fluid_impulse_x_N_s,gas_velocity_0p20_minus_0p10,df_over_dp=0.05,7.940672193947946e-09
20260715,mean_total_fluid_impulse_x_N_s,gas_velocity_0p20_minus_0p10,df_over_dp=0.10,1.7221954312348315e-08
20260715,mean_total_fluid_impulse_x_N_s,df_over_dp_0p10_minus_0p05,gas_velocity=0.10,1.0044748716153788e-08
20260715,mean_total_fluid_impulse_x_N_s,df_over_dp_0p10_minus_0p05,gas_velocity=0.20,1.9326030834554157e-08
20260715,mean_total_fluid_impulse_x_N_s,velocity_size_interaction,difference_of_differences,9.281282118400369e-09
20260715,mean_total_fluid_impulse_z_N_s,gas_velocity_0p20_minus_0p10,df_over_dp=0.05,-1.5320293384664004e-10
20260715,mean_total_fluid_impulse_z_N_s,gas_velocity_0p20_minus_0p10,df_over_dp=0.10,-2.428540095356906e-10
20260715,mean_total_fluid_impulse_z_N_s,df_over_dp_0p10_minus_0p05,gas_velocity=0.10,7.966590778525001e-10
20260715,mean_total_fluid_impulse_z_N_s,df_over_dp_0p10_minus_0p05,gas_velocity=0.20,7.070080021634495e-10
20260715,mean_total_fluid_impulse_z_N_s,velocity_size_interaction,difference_of_differences,-8.965107568905058e-11
20260715,mean_gravity_impulse_z_N_s,gas_velocity_0p20_minus_0p10,df_over_dp=0.05,4.445228145326934e-11
20260715,mean_gravity_impulse_z_N_s,gas_velocity_0p20_minus_0p10,df_over_dp=0.10,1.5492620600393748e-11
20260715,mean_gravity_impulse_z_N_s,df_over_dp_0p10_minus_0p05,gas_velocity=0.10,-3.228346940543689e-09
20260715,mean_gravity_impulse_z_N_s,df_over_dp_0p10_minus_0p05,gas_velocity=0.20,-3.2573066013965645e-09
20260715,mean_gravity_impulse_z_N_s,velocity_size_interaction,difference_of_differences,-2.895966085287559e-11
20260715,mean_mechanical_contact_impulse_x_N_s,gas_velocity_0p20_minus_0p10,df_over_dp=0.05,-7.93319284793613e-09
20260715,mean_mechanical_contact_impulse_x_N_s,gas_velocity_0p20_minus_0p10,df_over_dp=0.10,-1.7204890093475372e-08
20260715,mean_mechanical_contact_impulse_x_N_s,df_over_dp_0p10_minus_0p05,gas_velocity=0.10,-9.995369236336939e-09
20260715,mean_mechanical_contact_impulse_x_N_s,df_over_dp_0p10_minus_0p05,gas_velocity=0.20,-1.926706648187618e-08
20260715,mean_mechanical_contact_impulse_x_N_s,velocity_size_interaction,difference_of_differences,-9.271697245539242e-09
20260715,mean_mechanical_contact_impulse_z_N_s,gas_velocity_0p20_minus_0p10,df_over_dp=0.05,1.087651833321947e-10
20260715,mean_mechanical_contact_impulse_z_N_s,gas_velocity_0p20_minus_0p10,df_over_dp=0.10,2.2825855571239076e-10
20260715,mean_mechanical_contact_impulse_z_N_s,df_over_dp_0p10_minus_0p05,gas_velocity=0.10,2.426798059213219e-09
20260715,mean_mechanical_contact_impulse_z_N_s,df_over_dp_0p10_minus_0p05,gas_velocity=0.20,2.546291431593415e-09
20260715,mean_mechanical_contact_impulse_z_N_s,velocity_size_interaction,difference_of_differences,1.1949337238019607e-10
20260715,mean_time_averaged_total_fluid_force_x_N,gas_velocity_0p20_minus_0p10,df_over_dp=0.05,3.1013260079547436e-08
20260715,mean_time_averaged_total_fluid_force_x_N,gas_velocity_0p20_minus_0p10,df_over_dp=0.10,5.809752826157428e-08
20260715,mean_time_averaged_total_fluid_force_x_N,df_over_dp_0p10_minus_0p05,gas_velocity=0.10,3.320181804700429e-08
20260715,mean_time_averaged_total_fluid_force_x_N,df_over_dp_0p10_minus_0p05,gas_velocity=0.20,6.028608622903113e-08
20260715,mean_time_averaged_total_fluid_force_x_N,velocity_size_interaction,difference_of_differences,2.7084268182026843e-08
20260715,mean_time_averaged_mechanical_contact_force_x_N,gas_velocity_0p20_minus_0p10,df_over_dp=0.05,-3.096328267981703e-08
20260715,mean_time_averaged_mechanical_contact_force_x_N,gas_velocity_0p20_minus_0p10,df_over_dp=0.10,-5.8036413942718514e-08
20260715,mean_time_averaged_mechanical_contact_force_x_N,df_over_dp_0p10_minus_0p05,gas_velocity=0.10,-3.3039126335521254e-08
20260715,mean_time_averaged_mechanical_contact_force_x_N,df_over_dp_0p10_minus_0p05,gas_velocity=0.20,-6.011225759842274e-08
20260715,mean_time_averaged_mechanical_contact_force_x_N,velocity_size_interaction,difference_of_differences,-2.7073131262901483e-08
20260715,mean_time_averaged_total_fluid_force_z_N,gas_velocity_0p20_minus_0p10,df_over_dp=0.05,-4.3460022320761335e-10
20260715,mean_time_averaged_total_fluid_force_z_N,gas_velocity_0p20_minus_0p10,df_over_dp=0.10,-7.9307753660688e-10
20260715,mean_time_averaged_total_fluid_force_z_N,df_over_dp_0p10_minus_0p05,gas_velocity=0.10,2.6477152807450326e-09
20260715,mean_time_averaged_total_fluid_force_z_N,df_over_dp_0p10_minus_0p05,gas_velocity=0.20,2.2892379673457657e-09
20260715,mean_time_averaged_total_fluid_force_z_N,velocity_size_interaction,difference_of_differences,-3.5847731339926667e-10
20260715,mean_time_averaged_gravity_force_z_N,gas_velocity_0p20_minus_0p10,df_over_dp=0.05,0.0
20260715,mean_time_averaged_gravity_force_z_N,gas_velocity_0p20_minus_0p10,df_over_dp=0.10,0.0
20260715,mean_time_averaged_gravity_force_z_N,df_over_dp_0p10_minus_0p05,gas_velocity=0.10,-1.074171396620014e-08
20260715,mean_time_averaged_gravity_force_z_N,df_over_dp_0p10_minus_0p05,gas_velocity=0.20,-1.074171396620014e-08
20260715,mean_time_averaged_gravity_force_z_N,velocity_size_interaction,difference_of_differences,0.0
20260715,mean_time_averaged_mechanical_contact_force_z_N,gas_velocity_0p20_minus_0p10,df_over_dp=0.05,4.3355136198843784e-10
20260715,mean_time_averaged_mechanical_contact_force_z_N,gas_velocity_0p20_minus_0p10,df_over_dp=0.10,7.955118082074738e-10
20260715,mean_time_averaged_mechanical_contact_force_z_N,df_over_dp_0p10_minus_0p05,gas_velocity=0.10,8.077791350263037e-09
20260715,mean_time_averaged_mechanical_contact_force_z_N,df_over_dp_0p10_minus_0p05,gas_velocity=0.20,8.439751796482072e-09
20260715,mean_time_averaged_mechanical_contact_force_z_N,velocity_size_interaction,difference_of_differences,3.61960446219036e-10
20260715,mean_drag_work_x_J,gas_velocity_0p20_minus_0p10,df_over_dp=0.05,3.051949780924935e-10
20260715,mean_drag_work_x_J,gas_velocity_0p20_minus_0p10,df_over_dp=0.10,1.501161923866195e-09
20260715,mean_drag_work_x_J,df_over_dp_0p10_minus_0p05,gas_velocity=0.10,4.796332216847572e-10
20260715,mean_drag_work_x_J,df_over_dp_0p10_minus_0p05,gas_velocity=0.20,1.6756001674584586e-09
20260715,mean_drag_work_x_J,velocity_size_interaction,difference_of_differences,1.1959669457737014e-09
20260715,mean_explicit_fluid_work_J,gas_velocity_0p20_minus_0p10,df_over_dp=0.05,3.238116506387603e-17
20260715,mean_explicit_fluid_work_J,gas_velocity_0p20_minus_0p10,df_over_dp=0.10,5.681750016807007e-16
20260715,mean_explicit_fluid_work_J,df_over_dp_0p10_minus_0p05,gas_velocity=0.10,-1.6078487715720177e-15
20260715,mean_explicit_fluid_work_J,df_over_dp_0p10_minus_0p05,gas_velocity=0.20,-1.072054934955193e-15
20260715,mean_explicit_fluid_work_J,velocity_size_interaction,difference_of_differences,5.357938366168246e-16
20260715,mean_total_fluid_work_J,gas_velocity_0p20_minus_0p10,df_over_dp=0.05,2.2060241744946553e-10
20260715,mean_total_fluid_work_J,gas_velocity_0p20_minus_0p10,df_over_dp=0.10,1.2519353530490246e-09
20260715,mean_total_fluid_work_J,df_over_dp_0p10_minus_0p05,gas_velocity=0.10,3.795818307450446e-10
20260715,mean_total_fluid_work_J,df_over_dp_0p10_minus_0p05,gas_velocity=0.20,1.4109147663446037e-09
20260715,mean_total_fluid_work_J,velocity_size_interaction,difference_of_differences,1.031332935599559e-09
20260715,mean_gravity_work_J,gas_velocity_0p20_minus_0p10,df_over_dp=0.05,-4.810729188926988e-13
20260715,mean_gravity_work_J,gas_velocity_0p20_minus_0p10,df_over_dp=0.10,-8.270947706670393e-12
20260715,mean_gravity_work_J,df_over_dp_0p10_minus_0p05,gas_velocity=0.10,2.3433518865854985e-11
20260715,mean_gravity_work_J,df_over_dp_0p10_minus_0p05,gas_velocity=0.20,1.564364407807729e-11
20260715,mean_gravity_work_J,velocity_size_interaction,difference_of_differences,-7.789874787777694e-12
20260715,mean_wall_contact_sample_fraction,gas_velocity_0p20_minus_0p10,df_over_dp=0.05,0.05426191269576809
20260715,mean_wall_contact_sample_fraction,gas_velocity_0p20_minus_0p10,df_over_dp=0.10,0.06273575474841721
20260715,mean_wall_contact_sample_fraction,df_over_dp_0p10_minus_0p05,gas_velocity=0.10,0.058157280906364545
20260715,mean_wall_contact_sample_fraction,df_over_dp_0p10_minus_0p05,gas_velocity=0.20,0.06663112295901366
20260715,mean_wall_contact_sample_fraction,velocity_size_interaction,difference_of_differences,0.008473842052649116
20260715,mean_bottom_wall_contact_sample_fraction,gas_velocity_0p20_minus_0p10,df_over_dp=0.05,0.005721426191269571
20260715,mean_bottom_wall_contact_sample_fraction,gas_velocity_0p20_minus_0p10,df_over_dp=0.10,0.027224258580473157
20260715,mean_bottom_wall_contact_sample_fraction,df_over_dp_0p10_minus_0p05,gas_velocity=0.10,0.04968343885371544
20260715,mean_bottom_wall_contact_sample_fraction,df_over_dp_0p10_minus_0p05,gas_velocity=0.20,0.07118627124291903
20260715,mean_bottom_wall_contact_sample_fraction,velocity_size_interaction,difference_of_differences,0.021502832389203586
20260715,mean_mechanical_contact_net_work_J,gas_velocity_0p20_minus_0p10,df_over_dp=0.05,-2.1868784679882006e-10
20260715,mean_mechanical_contact_net_work_J,gas_velocity_0p20_minus_0p10,df_over_dp=0.10,-1.241116020256251e-09
20260715,mean_mechanical_contact_net_work_J,df_over_dp_0p10_minus_0p05,gas_velocity=0.10,-3.99463837762642e-10
20260715,mean_mechanical_contact_net_work_J,df_over_dp_0p10_minus_0p05,gas_velocity=0.20,-1.4218920112200732e-09
20260715,mean_mechanical_contact_net_work_J,velocity_size_interaction,difference_of_differences,-1.022428173457431e-09
20260715,all_lower_clipped_fraction,gas_velocity_0p20_minus_0p10,df_over_dp=0.05,-0.037134999999999974
20260715,all_lower_clipped_fraction,gas_velocity_0p20_minus_0p10,df_over_dp=0.10,-0.04568399999999995
20260715,all_lower_clipped_fraction,df_over_dp_0p10_minus_0p05,gas_velocity=0.10,0.015543333333333353
20260715,all_lower_clipped_fraction,df_over_dp_0p10_minus_0p05,gas_velocity=0.20,0.00699433333333338
20260715,all_lower_clipped_fraction,velocity_size_interaction,difference_of_differences,-0.008548999999999973
